"gene_id"	"logFC.x"	"AveExpr"	"t"	"P.Value"	"adj.P.Val"	"B"	"contrast"	"gene.x"	"genename"	"entrez.x"	"type.x"	"baseMean"	"log2FoldChange"	"lfcSE"	"stat"	"pvalue"	"padj"	"gene.y"	"entrez.y"	"type.y"	"tx_id"	"Length"	"EffectiveLength"	"Overdispersion"	"logFC.y"	"logCPM"	"F"	"PValue"	"FDR"	"Results"	"tx_version"	"NIF_dEJ"	"NIF_uORF"	"NIF_long_3utr"	"NIF|__|GC(cds[-10:termination_codon])"	"GC_5utr"	"GC_cds"	"GC_3utr"	"GC_exons"	"GC_introns"	"LENGTH_5utr"	"LENGTH_cds"	"LENGTH_3utr"	"LENGTH_exons"	"LENGTH_introns"	"EXONS_count"	"dEJs|__|penultimate-exon>=55(nts)"	"uORFs|__|count"	"uORFs|__|gc-content"	"uORFs|__|lengths"	"uORFs|__|max-length"	"nif_feature"	"tx_biotype"	"nif"	"mgis"
"1"	"ENSMUSG00000029816"	1.56968746789359	6.6942531181949	33.4400087893585	5.92037408661431e-16	2.14633295220058e-12	26.5242749020565	"UPF3B_vs_Control"	"Gpnmb"	"glycoprotein (transmembrane) nmb"	"93695"	"protein-coding"	10355.3663976019	0.812192228238898	0.0577057225772265	14.0747259017848	5.43150735256961e-45	1.34755697417252e-41	"Gpnmb"	"93695"	"protein-coding"	"ENSMUST00000031840"	3701	3428.094	1.74658283817395	1.57593126141763	7.95997405955609	1357.76141526442	1.60071942400466e-23	6.55222481827828e-19	1	"ENSMUST00000031840.10"	"0"	"0"	"1"	0.4	0.583333333333333	0.533913043478261	0.455032119914347	"[0.5955056179775281, 0.5228758169934641, 0.5208333333333334, 0.5517241379310345, 0.4779874213836478, 0.5218579234972678, 0.42424242424242425, 0.5825242718446602, 0.5885167464114832, 0.5425531914893617, 0.4619188921859545]"	"[0.46267157683294274, 0.4735376044568245, 0.468213058419244, 0.39614325068870526, 0.5335689045936396, 0.4324090121317158, 0.49320388349514566, 0.44138929088277856, 0.46688925987757374, 0.36771300448430494]"	108	1725	1868	"[178, 153, 144, 174, 159, 366, 99, 103, 209, 94, 2022]"	"[5974, 1077, 1164, 1815, 283, 2308, 515, 691, 3594, 446]"	11	NA	0	""	""	NA	"One"	"protein_coding"	"NIF+"	"MGI:MGI:1934765"
"2"	"ENSMUSG00000028221"	0.843495083314344	4.78833000550491	22.0594424344145	3.43996490260962e-13	6.23550971346371e-10	20.5137991582797	"UPF3B_vs_Control"	"Pip4p2"	"phosphatidylinositol-4,5-bisphosphate 4-phosphatase 2"	"72519"	"protein-coding"	1535.7209437605	0.858992802185338	0.0835504059093681	10.2811326029599	8.57143463554433e-25	1.21518453318774e-21	"Pip4p2"	"72519"	"protein-coding"	"ENSMUST00000029875"	2339	2066.094	1.00217270673678	0.849523445540019	5.95115084095887	317.330032439717	7.72588301669384e-16	1.53628856074871e-12	1	"ENSMUST00000029875.4"	"0"	"1"	"1"	0.3	0.7265625	0.501291989664083	0.349121466768526	"[0.6933701657458563, 0.4899328859060403, 0.4485981308411215, 0.5483870967741935, 0.4339622641509434, 0.5054945054945055, 0.35925671025464556]"	"[0.417270094134685, 0.39719789842381786, 0.35764235764235763, 0.39257503949447076, 0.38172260412454506, 0.4063280599500416]"	256	774	1309	"[362, 149, 107, 124, 53, 91, 1453]"	"[22096, 5710, 1001, 8862, 9892, 1201]"	7	NA	1	"[0.7466666666666667]"	"[75]"	75	"Two"	"protein_coding"	"NIF+"	"MGI:MGI:1919769"
"3"	"ENSMUSG00000034993"	0.799343945451837	7.29964314299325	21.4520527531957	5.25011932827349e-13	8.15718540204321e-10	20.1922245512614	"UPF3B_vs_Control"	"Vat1"	"vesicle amine transport 1"	"26949"	"protein-coding"	7130.50559126642	0.549915774539232	0.0822020918120156	6.68980268527485	2.23471705226861e-11	4.34849647582621e-09	"Vat1"	"26949"	"protein-coding"	"ENSMUST00000040430"	2766	2493.094	1	0.805409704759883	8.76050213960536	376.432619500343	1.02494913949879e-16	3.22724947131568e-13	1	"ENSMUST00000040430.8"	"0"	"0"	"1"	0.6	0.65979381443299	0.620802620802621	0.573895027624309	"[0.7112810707456979, 0.5480769230769231, 0.5847953216374269, 0.5555555555555556, 0.5909090909090909, 0.5704960835509139]"	"[0.5171748359706677, 0.5172413793103449, 0.5980392156862745, 0.4604179860671311, 0.59]"	97	1221	1448	"[523, 208, 171, 90, 242, 1532]"	"[2591, 348, 102, 1579, 100]"	6	NA	0	""	""	NA	"One"	"protein_coding"	"NIF+"	"MGI:MGI:1349450"
"4"	"ENSMUSG00000031776"	0.687888203632799	6.06541228204085	20.8156196828507	8.27699092582666e-13	1.12525691636613e-09	19.7369622705307	"UPF3B_vs_Control"	"Arl2bp"	"ADP-ribosylation factor-like 2 binding protein"	"107566"	"protein-coding"	1336.4014489099	0.490404520454027	0.0999493254497489	4.90653156734495	9.27010747866754e-07	5.47598491775575e-05	"Arl2bp"	"107566"	"protein-coding"	"ENSMUST00000034228"	2063	1790.094	1.08771877531238	0.710307446060629	6.8458851016319	254.401231970466	1.01681429456583e-14	1.34262127482139e-11	1	"ENSMUST00000034228.16"	"0"	"0"	"1"	0.7	0.776515151515151	0.475609756097561	0.48814078041316	"[0.7483443708609272, 0.45161290322580644, 0.34579439252336447, 0.5348837209302325, 0.4948453608247423, 0.49112845990063875]"	"[0.5223021582733813, 0.4436513899323817, 0.45674740484429066, 0.5139500734214391, 0.45454545454545453]"	264	492	1307	"[302, 62, 107, 86, 97, 1409]"	"[695, 2662, 867, 681, 858]"	6	NA	0	""	""	NA	"One"	"protein_coding"	"NIF+"	"MGI:MGI:1349429"
"5"	"ENSMUSG00000045362"	0.799698943619126	5.73007044855448	20.2292897351895	1.2737269749426e-12	1.38530545794757e-09	19.3049092360671	"UPF3B_vs_Control"	"Tnfrsf26"	"tumor necrosis factor receptor superfamily, member 26"	"244237"	"protein-coding"	3811.12182704963	0.46781377167952	0.0854439352017715	5.47509627892023	4.37273799737172e-08	3.70897879366811e-06	"Tnfrsf26"	"244237"	"protein-coding"	"ENSMUST00000055723"	3107	2834.094	1.13682786752403	0.806109146549733	7.20219484624241	288.347347901308	2.37322929363317e-15	4.22362585549072e-12	1	"ENSMUST00000055723.9"	"0"	"0"	"1"	0.3	0.432432432432432	0.47479674796748	0.431331373372533	"[0.4807692307692308, 0.4431818181818182, 0.4728682170542636, 0.5178571428571429, 0.5324675324675324, 0.3953488372093023, 0.3888888888888889, 0.4316096747289408]"	"[0.43014222540934627, 0.504424778761062, 0.5042016806722689, 0.453516295025729, 0.4536634325861492, 0.44329896907216493, 0.4758842443729904]"	111	615	2381	"[156, 88, 129, 112, 77, 129, 18, 2398]"	"[8367, 904, 357, 2915, 2989, 97, 1555]"	8	NA	0	""	""	NA	"One"	"protein_coding"	"NIF+"	"MGI:MGI:2651928"
"6"	"ENSMUSG00000041895"	1.11879542598579	3.59292836054681	19.8770133525752	1.65957319401606e-12	1.64086527801079e-09	18.8334898431804	"UPF3B_vs_Control"	"Wipi1"	"WD repeat domain, phosphoinositide interacting 1"	"52639"	"protein-coding"	3354.59422425361	0.469504331379626	0.0955832546937733	4.91199355874426	9.0155015414276e-07	5.35747528725315e-05	"Wipi1"	"52639"	"protein-coding"	"ENSMUST00000047186"	3338	3065.094	1.56155024025701	1.04148017250675	2.769472625557	69.3913299759727	1.01025617599418e-08	1.64098476396705e-06	1	"ENSMUST00000047186.10"	"0"	"0"	"1"	0.4	0.791666666666667	0.531202435312024	0.490546218487395	"[0.735, 0.5060240963855421, 0.4764705882352941, 0.44329896907216493, 0.5, 0.5806451612903226, 0.5070422535211268, 0.5277777777777778, 0.5818181818181818, 0.5370370370370371, 0.5126050420168067, 0.4950641658440276]"	"[0.47863247863247865, 0.455435847208619, 0.4926618260466553, 0.4706129303106633, 0.511326860841424, 0.47206385404789053, 0.5625965996908809, 0.5205426356589147, 0.46742671009771986, 0.4807370184254606, 0.539568345323741]"	120	1314	1904	"[200, 83, 170, 97, 98, 93, 71, 108, 165, 108, 119, 2026]"	"[5265, 2042, 6473, 11910, 927, 877, 647, 2580, 1228, 597, 417]"	12	NA	0	""	""	NA	"One"	"protein_coding"	"NIF+"	"MGI:MGI:1261864"
"7"	"ENSMUSG00000031983"	0.822261411755183	5.010918928072	17.3647543514374	1.2551846900009e-11	6.71946616343296e-09	17.0459227038202	"UPF3B_vs_Control"	"2310022B05Rik"	"RIKEN cDNA 2310022B05 gene"	"69551"	"protein-coding"	1867.10997101908	0.855282666372768	0.160843331783845	5.31748911743614	1.05208974918189e-07	8.22121155187485e-06	"2310022B05Rik"	"69551"	"protein-coding"	"ENSMUST00000034464"	3307	3034.094	1	0.831552069564149	6.73196200579462	286.815188872872	2.52550672763707e-15	4.30735695343201e-12	1	"ENSMUST00000034464.8"	"0"	"0"	"1"	0.4	0.801075268817204	0.637770897832817	0.520446096654275	"[0.7509578544061303, 0.5490196078431373, 0.6152380952380953, 0.5178813942960616]"	"[0.49308594433747593, 0.5040408336877924, 0.5470692717584369]"	186	969	2152	"[522, 51, 525, 2209]"	"[11426, 11755, 1126]"	4	NA	0	""	""	NA	"One"	"protein_coding"	"NIF+"	"MGI:MGI:1916801"
"8"	"ENSMUSG00000030830"	0.954398419471037	3.74128223984834	16.1447994952875	3.6986418995634e-11	1.60905717198606e-08	15.939783163107	"UPF3B_vs_Control"	"Itgal"	"integrin alpha L"	"16408"	"protein-coding"	1838.4214877534	0.315497942558841	0.0814400385356097	3.87399058536656	0.000107067550562114	0.00298465834769218	"Itgal"	"16408"	"protein-coding"	"ENSMUST00000118405"	3909	3636.094	1.14865609181702	0.973663697736659	5.46123532868519	282.44312446903	3.02104257524085e-15	4.94641342929335e-12	1	"ENSMUST00000118405.2"	"0"	"0"	"1"	0.4	0.464285714285714	0.558311575282855	0.490504256712508	"[0.4854368932038835, 0.5921052631578947, 0.5362318840579711, 0.5909090909090909, 0.6030534351145038, 0.5900621118012422, 0.5789473684210527, 0.4482758620689655, 0.5555555555555556, 0.49295774647887325, 0.5774647887323944, 0.5495495495495496, 0.525, 0.5172413793103449, 0.5, 0.5614035087719298, 0.6140350877192983, 0.5588235294117647, 0.5729166666666666, 0.5495495495495496, 0.49466192170818507]"	"[0.49822695035460995, 0.5397923875432526, 0.4955947136563877, 0.5354330708661418, 0.46708595387840673, 0.5978260869565217, 0.45147529328119446, 0.4948135069521077, 0.6116504854368932, 0.5335195530726257, 0.46409989594172735, 0.5519125683060109, 0.6, 0.523298969072165, 0.47512437810945274, 0.5202020202020202, 0.6082474226804123, 0.4761194029850746, 0.5773026315789473, 0.463574097135741]"	84	2298	1527	"[103, 152, 138, 198, 131, 161, 152, 87, 54, 71, 142, 111, 80, 87, 76, 114, 57, 102, 96, 111, 1686]"	"[564, 289, 454, 127, 2385, 92, 2813, 4531, 103, 358, 1922, 366, 95, 2425, 402, 198, 97, 670, 608, 3212]"	21	NA	0	""	""	NA	"One"	"protein_coding"	"NIF+"	"MGI:MGI:96606"
"9"	"ENSMUSG00000030830"	0.954398419471037	3.74128223984834	16.1447994952875	3.6986418995634e-11	1.60905717198606e-08	15.939783163107	"UPF3B_vs_Control"	"Itgal"	"integrin alpha L"	"16408"	"protein-coding"	1838.4214877534	0.315497942558841	0.0814400385356097	3.87399058536656	0.000107067550562114	0.00298465834769218	"Itgal"	"16408"	"protein-coding"	"ENSMUST00000106306"	5195	4922.094	3.65489643132405	0.843342738659382	0.173210365853879	10.7394086643492	0.0030410647095736	0.0419548019001091	1	"ENSMUST00000106306.9"	"0"	"0"	"1"	0.4	0.601123595505618	0.546288334766409	0.490183246073298	"[0.5879828326180258, 0.54, 0.6210526315789474, 0.5147058823529411, 0.559322033898305, 0.4351145038167939, 0.48322147651006714, 0.5488721804511278, 0.423841059602649, 0.5405405405405406, 0.6165413533834586, 0.5921052631578947, 0.5362318840579711, 0.5909090909090909, 0.6030534351145038, 0.5900621118012422, 0.5789473684210527, 0.45555555555555555, 0.5555555555555556, 0.49295774647887325, 0.5774647887323944, 0.5495495495495496, 0.525, 0.5172413793103449, 0.5, 0.5614035087719298, 0.6140350877192983, 0.5588235294117647, 0.5729166666666666, 0.5495495495495496, 0.4943687018375815]"	"[0.556672760511883, 0.46806167400881055, 0.5963302752293578, 0.466789667896679, 0.49137931034482757, 0.4894179894179894, 0.5005409304002885, 0.5642857142857143, 0.4694035631293571, 0.5978260869565217, 0.48672019765287217, 0.5397923875432526, 0.4955947136563877, 0.5354330708661418, 0.46708595387840673, 0.5978260869565217, 0.45147529328119446, 0.49469964664310956, 0.6116504854368932, 0.5335195530726257, 0.46409989594172735, 0.5519125683060109, 0.6, 0.523298969072165, 0.47512437810945274, 0.5202020202020202, 0.6082474226804123, 0.4761194029850746, 0.5773026315789473, 0.463574097135741]"	178	3489	1528	"[233, 100, 95, 68, 118, 131, 149, 133, 151, 74, 133, 152, 138, 198, 131, 161, 152, 90, 54, 71, 142, 111, 80, 87, 76, 114, 57, 102, 96, 111, 1687]"	"[1094, 1816, 109, 1084, 116, 756, 2773, 140, 1291, 92, 3238, 289, 454, 127, 2385, 92, 2813, 4528, 103, 358, 1922, 366, 95, 2425, 402, 198, 97, 670, 608, 3212]"	31	NA	0	""	""	NA	"One"	"protein_coding"	"NIF+"	"MGI:MGI:96606"
"10"	"ENSMUSG00000025212"	0.739997535241124	5.16089256792285	15.394445127528	7.46005876318786e-11	2.89769996815826e-08	15.270564113027	"UPF3B_vs_Control"	"Sfxn3"	"sideroflexin 3"	"94280"	"protein-coding"	2137.77511810155	0.417157282575235	0.102963782195963	4.05149532853495	5.08913423923665e-05	0.00158321530376754	"Sfxn3"	"94280"	"protein-coding"	"ENSMUST00000062213"	2867	2594.094	1.95107098037901	0.773106931510406	5.38755054891273	170.91145783229	9.22523208175962e-13	5.39452035432381e-10	1	"ENSMUST00000062213.13"	"0"	"1"	"1"	0.6	0.627272727272727	0.564182194616977	0.491374182034503	"[0.631336405529954, 0.524390243902439, 0.5672514619883041, 0.5050505050505051, 0.5921052631578947, 0.627906976744186, 0.578125, 0.5, 0.74, 0.5625, 0.4932508436445444]"	"[0.5185490519373455, 0.5273109243697479, 0.4952076677316294, 0.5386996904024768, 0.52, 0.47354497354497355, 0.5989304812834224, 0.49379652605459057, 0.46735395189003437, 0.6078431372549019]"	220	966	1681	"[217, 164, 171, 99, 76, 86, 128, 50, 50, 48, 1778]"	"[1213, 476, 313, 323, 150, 1134, 187, 1209, 582, 255]"	11	NA	1	"[0.6111111111111112]"	"[54]"	54	"Two"	"protein_coding"	"NIF+"	"MGI:MGI:2137679"
"11"	"ENSMUSG00000025212"	0.739997535241124	5.16089256792285	15.394445127528	7.46005876318786e-11	2.89769996815826e-08	15.270564113027	"UPF3B_vs_Control"	"Sfxn3"	"sideroflexin 3"	"94280"	"protein-coding"	2137.77511810155	0.417157282575235	0.102963782195963	4.05149532853495	5.08913423923665e-05	0.00158321530376754	"Sfxn3"	"94280"	"protein-coding"	"ENSMUST00000111954"	2867	2594.094	4.2318844873782	0.631922354068876	2.12739255201024	28.4925191511204	1.4985354256409e-05	0.000730232744973321	1	"ENSMUST00000111954.11"	"0"	"1"	"1"	0.6	0.625786163522013	0.570934256055363	0.491082045184304	"[0.6285714285714286, 0.524390243902439, 0.5672514619883041, 0.5921052631578947, 0.627906976744186, 0.578125, 0.5, 0.74, 0.5625, 0.492973580663294]"	"[0.5185490519373455, 0.5273109243697479, 0.5156462585034014, 0.52, 0.47354497354497355, 0.5989304812834224, 0.49379652605459057, 0.46735395189003437, 0.6078431372549019]"	318	867	1682	"[315, 164, 171, 76, 86, 128, 50, 50, 48, 1779]"	"[1213, 476, 735, 150, 1134, 187, 1209, 582, 255]"	10	NA	1	"[0.6111111111111112]"	"[54]"	54	"Two"	"protein_coding"	"NIF+"	"MGI:MGI:2137679"
"12"	"ENSMUSG00000029403"	1.24104918892599	2.81342816561955	14.8466956823704	1.26934200499876e-10	4.06040107246073e-08	14.5983546136574	"UPF3B_vs_Control"	"Cdkl2"	"cyclin-dependent kinase-like 2 (CDC2-related kinase)"	"53886"	"protein-coding"	945.838938772752	0.586319218439476	0.14138372422099	4.14700646534835	3.36850554003948e-05	0.00113704248229088	"Cdkl2"	"53886"	"protein-coding"	"ENSMUST00000086978"	4066	3793.094	36.4910756375776	1.82306950990749	-1.08053850220149	27.3668931774435	1.97492270816018e-05	0.000899215920056958	1	"ENSMUST00000086978.12"	"0"	"1"	"1"	0.5	0.643636363636364	0.42530755711775	0.386756238003839	"[0.6885245901639344, 0.3969849246231156, 0.3384615384615385, 0.49162011173184356, 0.4336283185840708, 0.4383561643835616, 0.47191011235955055, 0.3384615384615385, 0.4391891891891892, 0.3723404255319149, 0.4435483870967742, 0.4485981308411215, 0.4943820224719101, 0.38670548277535177]"	"[0.4015466983938132, 0.3968, 0.3932551319648094, 0.391812865497076, 0.36791979949874687, 0.4159113796576032, 0.4335923048464669, 0.3856903297931806, 0.3596330275229358, 0.43726641751201284, 0.2679738562091503, 0.40344571145265246, 0.3819277108433735]"	275	1707	2084	"[244, 199, 195, 179, 113, 146, 89, 130, 296, 94, 124, 107, 89, 2061]"	"[3362, 1875, 3410, 342, 1995, 5958, 2703, 1789, 545, 1873, 153, 8068, 830]"	14	NA	1	"[0.6166666666666667]"	"[120]"	120	"Two"	"protein_coding"	"NIF+"	"MGI:MGI:1858227"
"13"	"ENSMUSG00000037523"	0.779511616871836	4.86159009761132	14.5486475776522	1.70741664842143e-10	4.8679616810919e-08	14.4462545527451	"UPF3B_vs_Control"	"Mavs"	"mitochondrial antiviral signaling protein"	"228607"	"protein-coding"	1693.33678773156	0.570736859861479	0.0862638504676934	6.61617649533538	3.68608249046885e-11	6.53226475632373e-09	"Mavs"	"228607"	"protein-coding"	"ENSMUST00000110199"	3057	2784.094	6.43636472357791	1.08050842347639	2.13500523015821	41.9279861559897	8.29433088730318e-07	6.67017379587389e-05	1	"ENSMUST00000110199.3"	"0"	"1"	"1"	0.7	0.614886731391586	0.552910052910053	0.504045307443366	"[0.6135458167330677, 0.5257142857142857, 0.601123595505618, 0.5882352941176471, 0.5909090909090909, 0.5246252676659529, 0.5174488567990373]"	"[0.4748858447488584, 0.51994301994302, 0.49026676279740444, 0.4424695977549111, 0.46217616580310883, 0.5201729106628242]"	309	1512	1236	"[251, 175, 178, 170, 154, 467, 1662]"	"[4380, 1404, 1387, 1069, 1930, 694]"	7	NA	2	"[0.7555555555555555, 0.6222222222222222]"	"[45, 45]"	45	"Two"	"protein_coding"	"NIF+"	"MGI:MGI:2444773"
"14"	"ENSMUSG00000037523"	0.779511616871836	4.86159009761132	14.5486475776522	1.70741664842143e-10	4.8679616810919e-08	14.4462545527451	"UPF3B_vs_Control"	"Mavs"	"mitochondrial antiviral signaling protein"	"228607"	"protein-coding"	1693.33678773156	0.570736859861479	0.0862638504676934	6.61617649533538	3.68608249046885e-11	6.53226475632373e-09	"Mavs"	"228607"	"protein-coding"	"ENSMUST00000041362"	2867	2594.094	4.260843819207	0.625847165195443	3.58864007118623	35.1187053825882	3.30652341480724e-06	0.000207585771377768	1	"ENSMUST00000041362.12"	"0"	"0"	"1"	0.7	0.588235294117647	0.552910052910053	0.504045307443366	"[0.5573770491803278, 0.5257142857142857, 0.601123595505618, 0.5882352941176471, 0.5909090909090909, 0.5246252676659529, 0.5174488567990373]"	"[0.482421875, 0.51994301994302, 0.49026676279740444, 0.4424695977549111, 0.46217616580310883, 0.5201729106628242]"	119	1512	1236	"[61, 175, 178, 170, 154, 467, 1662]"	"[4608, 1404, 1387, 1069, 1930, 694]"	7	NA	0	""	""	NA	"One"	"protein_coding"	"NIF+"	"MGI:MGI:2444773"
"15"	"ENSMUSG00000037523"	0.779511616871836	4.86159009761132	14.5486475776522	1.70741664842143e-10	4.8679616810919e-08	14.4462545527451	"UPF3B_vs_Control"	"Mavs"	"mitochondrial antiviral signaling protein"	"228607"	"protein-coding"	1693.33678773156	0.570736859861479	0.0862638504676934	6.61617649533538	3.68608249046885e-11	6.53226475632373e-09	"Mavs"	"228607"	"protein-coding"	"ENSMUST00000130597"	2959	2686.094	7.23462764437155	0.960227655052433	-0.476820211316377	12.0229159841314	0.0018914462607622	0.0299622948110601	1	"ENSMUST00000130597.8"	"1"	"0"	"1"	0.4	0.585365853658537	0.523809523809524	0.533891850723534	"[0.5538461538461539, 0.5257142857142857, 0.5824175824175825, 0.601123595505618, 0.5882352941176471, 0.5909090909090909, 0.5246252676659529, 0.5183845690174804]"	"[0.482421875, 0.5397412199630314, 0.49870466321243523, 0.49026676279740444, 0.4424695977549111, 0.46217616580310883, 0.5201729106628242]"	123	210	2626	"[65, 175, 91, 178, 170, 154, 467, 1659]"	"[4608, 541, 772, 1387, 1069, 1930, 694]"	8	967	0	""	""	NA	"Two"	"nonsense_mediated_decay"	"NIF+"	"MGI:MGI:2444773"
"16"	"ENSMUSG00000019278"	0.801545308332194	4.55556906523723	14.3405224230332	2.10679482531785e-10	5.58865866345292e-08	14.2397979058542	"UPF3B_vs_Control"	"Dpep1"	"dipeptidase 1"	"13479"	"protein-coding"	3281.32791464387	0.406513176569561	0.0843676594839441	4.81835313502947	1.44748013615674e-06	8.20845306926825e-05	"Dpep1"	"13479"	"protein-coding"	"ENSMUST00000019422"	2236	1963.094	1.56391958892216	0.807768752084762	5.03696196510501	190.589333609487	2.73448906303624e-13	1.83493181667643e-10	1	"ENSMUST00000019422.6"	"0"	"1"	"0"	0.4	0.592	0.54176804541768	0.50863213811421	"[0.585, 0.5844155844155844, 0.518796992481203, 0.46616541353383456, 0.5827814569536424, 0.5714285714285714, 0.5819209039548022, 0.5058823529411764, 0.5526315789473685, 0.5220588235294118, 0.5146579804560261]"	"[0.49519167435120537, 0.4970178926441352, 0.5606060606060606, 0.5517241379310345, 0.536723163841808, 0.5381526104417671, 0.6179775280898876, 0.5333333333333333, 0.49230769230769234, 0.5847457627118644]"	250	1233	753	"[200, 154, 133, 133, 151, 70, 177, 85, 76, 136, 921]"	"[7591, 4527, 198, 116, 177, 249, 89, 75, 195, 118]"	11	NA	1	"[0.5072463768115942]"	"[69]"	69	"One"	"protein_coding"	"NIF+"	"MGI:MGI:94917"
"17"	"ENSMUSG00000025417"	0.603526790594132	5.28107401506019	14.2610509698031	2.28445008930275e-10	5.64674526619471e-08	14.1400551438793	"UPF3B_vs_Control"	"Pip4k2c"	"phosphatidylinositol-5-phosphate 4-kinase, type II, gamma"	"117150"	"protein-coding"	2847.97479451526	0.47277293948543	0.0815730416552185	5.79570075961713	6.80364836958424e-09	7.10730593892148e-07	"Pip4k2c"	"117150"	"protein-coding"	"ENSMUST00000013970"	3307	3034.094	1	0.611154796383942	7.00546352880637	205.435210047474	1.17369349204225e-13	9.80465218566640e-11	1	"ENSMUST00000013970.9"	"0"	"0"	"1"	0.4	0.727272727272727	0.531595576619273	0.531797696544817	"[0.6834862385321101, 0.47959183673469385, 0.44329896907216493, 0.5277777777777778, 0.46258503401360546, 0.5641025641025641, 0.38596491228070173, 0.5970149253731343, 0.5288461538461539, 0.5307988450433109]"	"[0.5177215189873418, 0.4682723483094025, 0.4880503144654088, 0.46157273334818444, 0.4875, 0.5055350553505535, 0.5351681957186545, 0.5523255813953488, 0.5654761904761905]"	44	1266	1997	"[218, 98, 97, 144, 147, 39, 114, 268, 104, 2078]"	"[2370, 2159, 795, 4489, 160, 542, 327, 172, 168]"	10	NA	0	""	""	NA	"One"	"protein_coding"	"NIF+"	"MGI:MGI:2152214"
"18"	"ENSMUSG00000035891"	0.599724440807332	4.4387220729494	14.0842573351673	2.73911471645543e-10	6.62013592359317e-08	13.9850802867412	"UPF3B_vs_Control"	"Cerk"	"ceramide kinase"	"223753"	"protein-coding"	1930.17324144178	0.288520461029466	0.0859995877291833	3.35490516463904	0.000793921967790002	0.0141788672299999	"Cerk"	"223753"	"protein-coding"	"ENSMUST00000044332"	4518	4245.094	7.08660014039435	0.621839685128795	2.96386307867886	34.6577154915478	3.65207182132643e-06	0.000224459843637169	1	"ENSMUST00000044332.16"	"0"	"0"	"1"	0.3	0.709939148073022	0.566416040100251	0.515438452037876	"[0.7228346456692913, 0.5263157894736842, 0.6422764227642277, 0.49206349206349204, 0.453125, 0.636986301369863, 0.48, 0.5294117647058824, 0.5566037735849056, 0.5584415584415584, 0.558252427184466, 0.507177033492823, 0.5169082125603864]"	"[0.5069746052833274, 0.53077975376197, 0.4848643006263048, 0.47665847665847666, 0.5129427792915532, 0.5098097502972652, 0.48811787072243346, 0.5410460685833045, 0.49583333333333335, 0.5, 0.46413243408951566, 0.568755846585594]"	493	1596	2429	"[635, 114, 123, 126, 64, 146, 75, 153, 106, 77, 206, 209, 2484]"	"[19571, 731, 5748, 2442, 1468, 3364, 2104, 2887, 720, 760, 1631, 1069]"	13	NA	0	""	""	NA	"One"	"protein_coding"	"NIF+"	"MGI:MGI:2386052"
"19"	"ENSMUSG00000038708"	1.05123783942473	2.92982378867215	13.9692962625637	3.085520661076e-10	6.99127556455471e-08	13.806547566048	"UPF3B_vs_Control"	"Golga4"	"golgi autoantigen, golgin subfamily a, 4"	"54214"	"protein-coding"	4952.51238910127	0.845942660304088	0.0683203305426386	12.382004793963	3.27069296733258e-35	6.4916714015617e-32	"Golga4"	"54214"	"protein-coding"	"ENSMUST00000084820"	7583	7310.094	3.75654585975479	1.06101330516983	4.05790981231649	201.584797594557	1.4537511778724e-13	1.11158502971479e-10	1	"ENSMUST00000084820.6"	"0"	"1"	"0"	0.4	0.789954337899543	0.503200833705523	0.397217928902628	"[0.7353951890034365, 0.4888888888888889, 0.45454545454545453, 0.5512820512820513, 0.4375, 0.3508771929824561, 0.4444444444444444, 0.5714285714285714, 0.5351351351351351, 0.38095238095238093, 0.46621621621621623, 0.5195530726256983, 0.5606060606060606, 0.42948717948717946, 0.5077178817383045, 0.5163934426229508, 0.4961832061068702, 0.5675675675675675, 0.38095238095238093, 0.5217391304347826, 0.39473684210526316, 0.4423076923076923, 0.42528735632183906, 0.4008941877794337]"	"[0.45709787457360274, 0.41561590688651795, 0.4539087211929507, 0.43360433604336046, 0.4239423942394239, 0.40727816550348955, 0.43238993710691825, 0.4322429906542056, 0.47315436241610737, 0.4152159896840748, 0.4215461554490519, 0.4389438943894389, 0.37933378653976885, 0.4873864783047427, 0.49613899613899615, 0.49056603773584906, 0.4754483347566183, 0.4608830364058869, 0.42786069651741293, 0.396732788798133, 0.45874161939143887, 0.42597087378640774, 0.4253246753246753]"	219	6717	647	"[291, 90, 66, 312, 48, 57, 99, 133, 185, 84, 148, 179, 132, 156, 4211, 122, 131, 111, 21, 69, 76, 104, 87, 671]"	"[7622, 8248, 4426, 2952, 2222, 2006, 636, 1284, 298, 1551, 9598, 3030, 1471, 1982, 518, 318, 4684, 1291, 201, 1714, 3878, 4120, 4620]"	24	NA	1	"[0.7847222222222222]"	"[144]"	144	"One"	"protein_coding"	"NIF+"	"MGI:MGI:1859646"
"20"	"ENSMUSG00000041112"	0.920354984828126	3.06537498372697	13.6826339666684	4.16776004298633e-10	9.06571164550387e-08	13.5638256306117	"UPF3B_vs_Control"	"Elmo1"	"engulfment and cell motility 1"	"140580"	"protein-coding"	1582.49664319685	0.489040310624907	0.0901274970147262	5.42609444202141	5.76004896487619e-08	4.76356049395261e-06	"Elmo1"	"140580"	"protein-coding"	"ENSMUST00000072519"	5464	5191.094	1.10107671515645	0.941655486476221	4.70819012078187	207.7237545118	1.03526826796824e-13	8.82846583598835e-11	1	"ENSMUST00000072519.7"	"0"	"0"	"1"	0.4	0.672566371681416	0.483058608058608	0.444662737393582	"[0.7320261437908496, 0.5629139072847682, 0.4146341463414634, 0.4246575342465753, 0.39215686274509803, 0.5117647058823529, 0.4444444444444444, 0.47, 0.4934210526315789, 0.43037974683544306, 0.43137254901960786, 0.5040650406504065, 0.42424242424242425, 0.5333333333333333, 0.5412844036697247, 0.4306569343065693, 0.5, 0.504424778761062, 0.48148148148148145, 0.4819277108433735, 0.4230769230769231, 0.44946236559139785]"	"[0.44408026897295466, 0.4282115869017632, 0.45435684647302904, 0.42050616482803377, 0.423773987206823, 0.4182798805740152, 0.3905005028235476, 0.42344961240310075, 0.4040041067761807, 0.41458836149101636, 0.43839285714285714, 0.44846678023850084, 0.43019624474688667, 0.4292855042634519, 0.41369184179131874, 0.4246932074518582, 0.41665592368183574, 0.4194242393197418, 0.4221675550088834, 0.4294460920309959, 0.3984713902086346]"	226	2184	3054	"[153, 151, 41, 73, 51, 170, 36, 100, 152, 79, 51, 123, 132, 105, 109, 137, 164, 113, 108, 83, 78, 3255]"	"[94582, 22629, 964, 32361, 9380, 10383, 12927, 6192, 1948, 3729, 1120, 2348, 51874, 30609, 76279, 114817, 7757, 9761, 7317, 10453, 4841]"	22	NA	0	""	""	NA	"One"	"protein_coding"	"NIF+"	"MGI:MGI:2153044"
"21"	"ENSMUSG00000041112"	0.920354984828126	3.06537498372697	13.6826339666684	4.16776004298633e-10	9.06571164550387e-08	13.5638256306117	"UPF3B_vs_Control"	"Elmo1"	"engulfment and cell motility 1"	"140580"	"protein-coding"	1582.49664319685	0.489040310624907	0.0901274970147262	5.42609444202141	5.76004896487619e-08	4.76356049395261e-06	"Elmo1"	"140580"	"protein-coding"	"ENSMUST00000180626"	2020	1747.094	1.7100038826621	0.93012824200732	2.00786808890875	43.042427967932	6.70673282827027e-07	5.55722054371633e-05	1	"ENSMUST00000180626.2"	"0"	"1"	"0"	0.6	0.525423728813559	0.476642913697546	0.319767441860465	"[0.5205882352941177, 0.5629139072847682, 0.4146341463414634, 0.4246575342465753, 0.39215686274509803, 0.5117647058823529, 0.4444444444444444, 0.47, 0.4934210526315789, 0.43037974683544306, 0.43137254901960786, 0.5040650406504065, 0.42424242424242425, 0.3838771593090211]"	"[0.4414573753095154, 0.4282115869017632, 0.45435684647302904, 0.42050616482803377, 0.423773987206823, 0.4182798805740152, 0.3905005028235476, 0.42344961240310075, 0.4040041067761807, 0.41458836149101636, 0.43839285714285714, 0.44846678023850084, 0.43019624474688667]"	413	1263	344	"[340, 151, 41, 73, 51, 170, 36, 100, 152, 79, 51, 123, 132, 521]"	"[73502, 22629, 964, 32361, 9380, 10383, 12927, 6192, 1948, 3729, 1120, 2348, 51874]"	14	NA	4	"[0.5555555555555556, 0.48717948717948717, 0.494949494949495, 0.5166666666666667]"	"[81, 117, 99, 60]"	117	"One"	"retained_intron"	"NIF+"	"MGI:MGI:2153044"
"22"	"ENSMUSG00000036022"	0.998424588513815	3.46413439998611	13.6388541025544	4.36566387150409e-10	9.30999220911342e-08	13.5198881968167	"UPF3B_vs_Control"	"Fam122b"	"family with sequence similarity 122, member B"	"78755"	"protein-coding"	2854.116761553	0.361835571285274	0.108741602868729	3.32748057541579	0.00087635098522698	0.0152310108185509	"Fam122b"	"78755"	"protein-coding"	"ENSMUST00000114838"	3536	3263.094	2.10460398621144	1.08101762097578	3.72739575535436	149.537498130891	4.0057804291299e-12	1.90661174773923e-09	1	"ENSMUST00000114838.8"	"0"	"0"	"1"	0.5	0.617021276595745	0.489583333333333	0.360529217199559	"[0.5724137931034483, 0.45569620253164556, 0.38636363636363635, 0.5636363636363636, 0.4117647058823529, 0.4883720930232558, 0.532258064516129, 0.4948453608247423, 0.3677599441730635]"	"[0.4415820029027576, 0.39344262295081966, 0.43820224719101125, 0.39357429718875503, 0.3843283582089552, 0.38321167883211676, 0.38308457711442784, 0.3983214977404777]"	47	768	2721	"[145, 79, 44, 55, 102, 86, 62, 97, 2866]"	"[2756, 5307, 89, 249, 268, 822, 4824, 7745]"	9	NA	0	""	""	NA	"One"	"protein_coding"	"NIF+"	"MGI:MGI:1926005"
"23"	"ENSMUSG00000036022"	0.998424588513815	3.46413439998611	13.6388541025544	4.36566387150409e-10	9.30999220911342e-08	13.5198881968167	"UPF3B_vs_Control"	"Fam122b"	"family with sequence similarity 122, member B"	"78755"	"protein-coding"	2854.116761553	0.361835571285274	0.108741602868729	3.32748057541579	0.00087635098522698	0.0152310108185509	"Fam122b"	"78755"	"protein-coding"	"ENSMUST00000114841"	3074	2801.094	3.80785026855318	0.791932789161704	0.628354714407426	15.2949482010724	0.000611665542779208	0.0132683124867946	1	"ENSMUST00000114841.2"	"0"	"1"	"1"	0.4	0.579393939393939	0.480519480519481	0.370822622107969	"[0.5763813651137595, 0.45569620253164556, 0.38636363636363635, 0.5636363636363636, 0.4117647058823529, 0.4883720930232558, 0.532258064516129, 0.4948453608247423, 0.37330873308733087]"	"[0.4415820029027576, 0.39344262295081966, 0.43820224719101125, 0.39357429718875503, 0.3843283582089552, 0.38321167883211676, 0.38308457711442784, 0.3979686057248384]"	825	693	1556	"[923, 79, 44, 55, 102, 86, 62, 97, 1626]"	"[2756, 5307, 89, 249, 268, 822, 4824, 8664]"	9	NA	3	"[0.6296296296296297, 0.6296296296296297, 0.5362318840579711]"	"[135, 108, 207]"	207	"Two"	"protein_coding"	"NIF+"	"MGI:MGI:1926005"
"24"	"ENSMUSG00000020328"	0.731149577063029	7.32156942054038	13.4966161872428	5.08032927374671e-10	1.00593244669596e-07	13.2845809446225	"UPF3B_vs_Control"	"Nudcd2"	"NudC domain containing 2"	"52653"	"protein-coding"	3713.37147579718	0.853897005278484	0.0600577038396718	14.2179429229932	7.09067543866754e-46	2.34559543511122e-42	"Nudcd2"	"52653"	"protein-coding"	"ENSMUST00000020578"	1577	1304.094	1.35184885913935	0.885412799427335	6.24454408172083	173.334991728003	7.89093754651206e-13	4.74999627340262e-10	1	"ENSMUST00000020578.11"	"0"	"1"	"0"	0.3	0.568561872909699	0.527426160337553	0.337064676616915	"[0.6086065573770492, 0.40816326530612246, 0.4342105263157895, 0.34684684684684686]"	"[0.42619431025228127, 0.36619718309859156, 0.40771678599840894]"	299	474	804	"[488, 49, 152, 888]"	"[1863, 426, 2514]"	4	NA	1	"[0.5217391304347826]"	"[69]"	69	"One"	"protein_coding"	"NIF+"	"MGI:MGI:1277103"
"25"	"ENSMUSG00000022023"	1.00378314164589	3.5957201636335	13.373131610043	5.80141035182421e-10	1.126716767615e-07	13.2449824817247	"UPF3B_vs_Control"	"Wbp4"	"WW domain binding protein 4"	"22380"	"protein-coding"	2146.89160635789	0.797236749369041	0.0892779840676872	8.92982472324426	4.26684283238151e-19	3.25724217450416e-16	"Wbp4"	"22380"	"protein-coding"	"ENSMUST00000022601"	3704	3431.094	1.63930054919447	1.00102223214705	4.7904239465954	204.62011566413	1.22771479827391e-13	1.00508099675492e-10	1	"ENSMUST00000022601.7"	"0"	"1"	"1"	0.6	0.744897959183674	0.442086648983201	0.401007556675063	"[0.7423728813559322, 0.4657534246575342, 0.42857142857142855, 0.5076923076923077, 0.47126436781609193, 0.40425531914893614, 0.4342105263157895, 0.4816753926701571, 0.3413173652694611, 0.40401276789785684]"	"[0.5917525773195876, 0.4130966952264382, 0.5963302752293578, 0.45288753799392095, 0.39493201483312734, 0.44664031620553357, 0.39113971980310486, 0.41386782231852653, 0.3752775721687639]"	588	1131	1985	"[590, 73, 63, 130, 174, 47, 76, 191, 167, 2193]"	"[485, 3268, 109, 4277, 1618, 506, 2641, 923, 4053]"	10	NA	1	"[0.7246376811594203]"	"[69]"	69	"Two"	"protein_coding"	"NIF+"	"MGI:MGI:109568"
"26"	"ENSMUSG00000021054"	0.893227101329005	4.67237883908378	13.1026589921611	7.78722117897582e-10	1.3233408991022e-07	12.925503794309	"UPF3B_vs_Control"	"Sgpp1"	"sphingosine-1-phosphate phosphatase 1"	"81535"	"protein-coding"	1674.98391439654	1.09780265179021	0.126074794997642	8.70755056005243	3.10511728952528e-18	1.92594899882805e-15	"Sgpp1"	"81535"	"protein-coding"	"ENSMUST00000021450"	3323	3050.094	1.02099509799408	0.897645514231154	6.36970699994518	262.862131234872	6.96332918887458e-15	1.01796412031501e-11	1	"ENSMUST00000021450.6"	"0"	"0"	"1"	0.3	0.789156626506024	0.566125290023202	0.357296137339056	"[0.6976744186046512, 0.43333333333333335, 0.38079470198675497]"	"[0.42560184044039107, 0.4150659762819442]"	166	1293	1864	"[817, 90, 2416]"	"[12171, 5987]"	3	NA	0	""	""	NA	"One"	"protein_coding"	"NIF+"	"MGI:MGI:2135760"
"27"	"ENSMUSG00000039157"	0.737608271608492	3.56916228693539	12.9676309048617	9.03741962389039e-10	1.48925720953685e-07	12.8050625254147	"UPF3B_vs_Control"	"Fam102a"	"family with sequence similarity 102, member A"	"98952"	"protein-coding"	1233.79234133504	0.760828498559348	0.117501431194726	6.47505728928939	9.47759746577574e-11	1.51702705242514e-08	"Fam102a"	"98952"	"protein-coding"	"ENSMUST00000048375"	4223	3950.094	1.02022431036502	0.731422891667847	5.62901200935481	170.437522106791	9.51358062629818e-13	5.48478022220089e-10	1	"ENSMUST00000048375.6"	"0"	"1"	"1"	0.6	0.695054945054945	0.572519083969466	0.540587219343696	"[0.6613272311212814, 0.5702479338842975, 0.5333333333333333, 0.5641025641025641, 0.5531914893617021, 0.6518987341772152, 0.6, 0.6082949308755761, 0.5081967213114754, 0.5857142857142857, 0.5406435224386114]"	"[0.5002294209415435, 0.5647058823529412, 0.5511531638083974, 0.48299111247318416, 0.5220588235294118, 0.5118829981718465, 0.6463414634146342, 0.5129310344827587, 0.6082474226804123, 0.5232974910394266]"	728	1179	2316	"[874, 121, 30, 117, 47, 158, 105, 217, 122, 70, 2362]"	"[21794, 170, 1691, 3263, 136, 1641, 82, 464, 97, 837]"	11	NA	1	"[0.7058823529411765]"	"[102]"	102	"Two"	"protein_coding"	"NIF+"	"MGI:MGI:2138935"
"28"	"ENSMUSG00000031387"	0.990130748464623	5.40566467087206	11.8820829768741	3.14284792001926e-09	4.11826674435295e-07	11.4729913408153	"UPF3B_vs_Control"	"Renbp"	"renin binding protein"	"19703"	"protein-coding"	2336.62869186732	0.355888042933157	0.0839038222549038	4.24161895571279	2.2191321952059e-05	0.00083104407189522	"Renbp"	"19703"	"protein-coding"	"ENSMUST00000165359"	514	242.65	2.21749433405056	1.44900623969088	-0.813511458294331	19.894501541343	0.00014716945482849	0.00444254225257711	1	"ENSMUST00000165359.3"	"1"	"0"	"0"	0.7	0.5	0.517006802721088	0.564383561643836	"[0.4375, 0.5363636363636364, 0.5375722543352601, 0.5879396984924623]"	"[0.5459183673469388, 0.5036101083032491, 0.5264705882352941]"	2	147	365	"[32, 110, 173, 199]"	"[196, 554, 340]"	4	166	0	""	""	NA	"One"	"nonsense_mediated_decay"	"NIF+"	"MGI:MGI:105940"
"29"	"ENSMUSG00000037348"	0.742594745762365	4.28316885624955	11.5791944390579	4.52449390993034e-09	5.34873867004374e-07	11.174903555794	"UPF3B_vs_Control"	"Paqr7"	"progestin and adipoQ receptor family member VII"	"71904"	"protein-coding"	714.851910072529	0.502505114162281	0.124024999929347	4.05164373673486	5.08590664321849e-05	0.00158321530376754	"Paqr7"	"71904"	"protein-coding"	"ENSMUST00000081525"	2351	2078.094	1.19236565689357	0.775407209942956	4.94909167228737	163.549272874532	1.50099985757449e-12	8.08426673290746e-10	1	"ENSMUST00000081525.4"	"0"	"1"	"0"	0.5	0.617250673854447	0.590558766859345	0.537154989384289	"[0.6176470588235294, 0.5658876181004475]"	"[0.48535736227728854]"	371	1038	942	"[340, 2011]"	"[9766]"	2	NA	1	"[0.6060606060606061]"	"[33]"	33	"One"	"protein_coding"	"NIF+"	"MGI:MGI:1919154"
"30"	"ENSMUSG00000037348"	0.742594745762365	4.28316885624955	11.5791944390579	4.52449390993034e-09	5.34873867004374e-07	11.174903555794	"UPF3B_vs_Control"	"Paqr7"	"progestin and adipoQ receptor family member VII"	"71904"	"protein-coding"	714.851910072529	0.502505114162281	0.124024999929347	4.05164373673486	5.08590664321849e-05	0.00158321530376754	"Paqr7"	"71904"	"protein-coding"	"ENSMUST00000095074"	3550	3277.094	2.57185313387696	0.949632333629809	-0.552124030096917	10.2317657313979	0.0036902179755168	0.0481977320969462	1	"ENSMUST00000095074.4"	"0"	"0"	"1"	0.5	0.614864864864865	0.590558766859345	0.487309644670051	"[0.5757575757575758, 0.6309523809523809, 0.5196621031168075]"	"[0.5068762278978389, 0.47082856675927437]"	148	1038	2364	"[33, 84, 3433]"	"[3563, 6119]"	3	NA	0	""	""	NA	"One"	"protein_coding"	"NIF+"	"MGI:MGI:1919154"
"31"	"ENSMUSG00000059714"	0.616048916009891	5.78449223327941	11.5887292039788	4.4723711128588e-09	5.34522068389586e-07	11.0885348499264	"UPF3B_vs_Control"	"Flot1"	"flotillin 1"	"14251"	"protein-coding"	1539.74704431398	0.466842882663981	0.101105830276446	4.61736856705026	3.88636669368438e-06	0.000187224772175358	"Flot1"	"14251"	"protein-coding"	"ENSMUST00000001569"	1825	1552.094	1.30595476666063	0.645574683977929	5.50585319908619	141.868442839353	7.09301623685723e-12	3.22598259581419e-09	1	"ENSMUST00000001569.15"	"0"	"1"	"0"	0.6	0.692307692307692	0.572649572649573	0.547619047619048	"[0.6985294117647058, 0.5263157894736842, 0.6052631578947368, 0.5384615384615384, 0.5833333333333334, 0.45, 0.53125, 0.5620915032679739, 0.6703296703296703, 0.6304347826086957, 0.6086956521739131, 0.5818181818181818, 0.5333333333333333]"	"[0.6262295081967213, 0.5855513307984791, 0.5, 0.5867346938775511, 0.5284552845528455, 0.5146443514644351, 0.6066350710900474, 0.4668522267206478, 0.5957446808510638, 0.5214723926380368, 0.5629139072847682, 0.4767691208005718]"	286	1287	252	"[272, 57, 76, 91, 144, 120, 96, 153, 182, 46, 138, 165, 285]"	"[305, 263, 76, 196, 123, 478, 211, 3952, 94, 489, 151, 1399]"	13	NA	1	"[0.6111111111111112]"	"[36]"	36	"One"	"protein_coding"	"NIF+"	"MGI:MGI:1100500"
"32"	"ENSMUSG00000059714"	0.616048916009891	5.78449223327941	11.5887292039788	4.4723711128588e-09	5.34522068389586e-07	11.0885348499264	"UPF3B_vs_Control"	"Flot1"	"flotillin 1"	"14251"	"protein-coding"	1539.74704431398	0.466842882663981	0.101105830276446	4.61736856705026	3.88636669368438e-06	0.000187224772175358	"Flot1"	"14251"	"protein-coding"	"ENSMUST00000173628"	948	675.134	2.43646898551329	0.79827810494797	2.07212465505837	26.209065873471	2.64070933665956e-05	0.00112713404877462	1	"ENSMUST00000173628.8"	"1"	"0"	"0"	0.6	0.656716417910448	0.569105691056911	0.571635311143271	"[0.6666666666666666, 0.5263157894736842, 0.6052631578947368, 0.5833333333333334, 0.45, 0.53125, 0.5620915032679739, 0.6703296703296703]"	"[0.6262295081967213, 0.5855513307984791, 0.5564738292011019, 0.5284552845528455, 0.5146443514644351, 0.6066350710900474, 0.4668522267206478]"	134	123	691	"[120, 57, 76, 144, 120, 96, 153, 182]"	"[305, 263, 363, 123, 478, 211, 3952]"	8	509	0	""	""	NA	"One"	"nonsense_mediated_decay"	"NIF+"	"MGI:MGI:1100500"
"33"	"ENSMUSG00000032359"	0.818341826796996	3.48505248952407	11.2442270978858	6.83123676106929e-09	7.35609217954353e-07	10.8068693732835	"UPF3B_vs_Control"	"Ctsh"	"cathepsin H"	"13036"	"protein-coding"	356.77462392639	0.66687773667604	0.191534354853226	3.48176564557869	0.000498119431678501	0.0102772083991215	"Ctsh"	"13036"	"protein-coding"	"ENSMUST00000034915"	1617	1344.094	10.1189268031453	0.81976492236902	0.577195523944348	17.2121590980828	0.000330860576865904	0.00832909962660027	1	"ENSMUST00000034915.15"	"0"	"1"	"0"	0.3	0.607773851590106	0.49500998003992	0.481927710843373	"[0.6277173913043478, 0.3125, 0.46226415094339623, 0.39436619718309857, 0.4857142857142857, 0.5862068965517241, 0.5535714285714286, 0.5121951219512195, 0.42028985507246375, 0.4672897196261682, 0.4603174603174603, 0.4852941176470588]"	"[0.4433607118412047, 0.47619047619047616, 0.4734432234432234, 0.4725274725274725, 0.5381526104417671, 0.5125313283208021, 0.5041165294490184, 0.49691358024691357, 0.49177877428998507, 0.4751869476546567, 0.4752906976744186]"	283	1002	332	"[368, 32, 106, 71, 105, 87, 56, 82, 69, 107, 126, 408]"	"[5844, 1008, 1092, 1365, 249, 798, 1579, 1296, 3345, 2942, 688]"	12	NA	3	"[0.5454545454545454, 0.5833333333333334, 0.5897435897435898]"	"[99, 60, 39]"	99	"One"	"protein_coding"	"NIF+"	"MGI:MGI:107285"
"34"	"ENSMUSG00000029186"	0.632222528163715	4.57596957013254	11.0236962703412	9.00796900342226e-09	8.82618656587572e-07	10.4432426749616	"UPF3B_vs_Control"	"Pi4k2b"	"phosphatidylinositol 4-kinase type 2 beta"	"67073"	"protein-coding"	2733.87649279879	0.313953360280917	0.0908830656503191	3.45447590301236	0.000551363485745181	0.01105400248997	"Pi4k2b"	"67073"	"protein-coding"	"ENSMUST00000031081"	3139	2866.094	1.18128974451622	0.530513151971976	5.71196119965266	77.4960741712314	3.52697989958301e-09	7.14702317968472e-07	1	"ENSMUST00000031081.11"	"0"	"1"	"1"	0.6	0.772413793103448	0.486524822695035	0.347853535353535	"[0.7518987341772152, 0.34306569343065696, 0.48756218905472637, 0.4318181818181818, 0.42207792207792205, 0.35294117647058826, 0.35, 0.373134328358209, 0.43333333333333335, 0.36973833902161546]"	"[0.41640625, 0.37678401522359656, 0.4061990212071778, 0.3852140077821012, 0.44556596971881757, 0.3868579361406756, 0.4337256908904811, 0.39115168539325845, 0.4242781378903948]"	145	1410	1584	"[395, 137, 201, 132, 154, 68, 100, 134, 60, 1758]"	"[6400, 2102, 613, 1542, 1387, 2161, 3908, 1424, 5091]"	10	NA	1	"[0.7222222222222222]"	"[36]"	36	"Two"	"protein_coding"	"NIF+"	"MGI:MGI:1914323"
"35"	"ENSMUSG00000029186"	0.632222528163715	4.57596957013254	11.0236962703412	9.00796900342226e-09	8.82618656587572e-07	10.4432426749616	"UPF3B_vs_Control"	"Pi4k2b"	"phosphatidylinositol 4-kinase type 2 beta"	"67073"	"protein-coding"	2733.87649279879	0.313953360280917	0.0908830656503191	3.45447590301236	0.000551363485745181	0.01105400248997	"Pi4k2b"	"67073"	"protein-coding"	"ENSMUST00000131526"	656	383.58	3.03087897877326	1.75496054914243	-1.3833264341148	14.6621251221481	0.000754607152870454	0.0155139802051463	1	"ENSMUST00000131526.2"	"1"	"1"	"0"	0.4	0.734513274336283	0.703703703703704	0.47985347985348	"[0.7382920110192838, 0.48756218905472637, 0.41304347826086957]"	"[0.4056025002893853, 0.4061990212071778]"	113	270	273	"[363, 201, 92]"	"[8639, 613]"	3	181	1	"[0.7222222222222222]"	"[36]"	36	"Two"	"processed_transcript"	"NIF+"	"MGI:MGI:1914323"
"36"	"ENSMUSG00000022186"	0.716876051228311	7.78588583991355	10.6285542149212	1.49508650210346e-08	1.30084486375018e-06	9.81236625294113	"UPF3B_vs_Control"	"Oxct1"	"3-oxoacid CoA transferase 1"	"67041"	"protein-coding"	11598.0174231211	0.575715085060254	0.0841393813248107	6.84239741242891	7.78786748392371e-12	1.68014775892302e-09	"Oxct1"	"67041"	"protein-coding"	"ENSMUST00000110690"	3527	3254.094	1.34426088295327	0.723782218552337	8.92632296375539	203.176751200494	1.33007207801199e-13	1.06752628175029e-10	1	"ENSMUST00000110690.9"	"0"	"0"	"1"	0.3	0.7146529562982	0.486884197056942	0.408888888888889	"[0.7109207708779444, 0.46788990825688076, 0.42857142857142855, 0.4485294117647059, 0.56, 0.4953271028037383, 0.47540983606557374, 0.39814814814814814, 0.5478260869565217, 0.4631578947368421, 0.5306122448979592, 0.4794520547945205, 0.4605263157894737, 0.4888888888888889, 0.41975308641975306, 0.47058823529411764, 0.40940012368583795]"	"[0.4351961950059453, 0.4094076655052265, 0.42594573568024896, 0.42966961072947335, 0.426130389064143, 0.4337962962962963, 0.4161881235764011, 0.452863436123348, 0.3834788448623237, 0.3899237933954276, 0.4485453755970473, 0.4271523178807947, 0.40283445870742746, 0.4299826939717335, 0.4264705882352941, 0.41214321069130505]"	389	1563	1575	"[467, 109, 91, 136, 150, 107, 61, 108, 115, 95, 49, 73, 76, 90, 81, 102, 1617]"	"[8410, 1722, 10283, 6114, 3804, 2160, 31171, 1135, 1489, 2362, 4606, 604, 26954, 13868, 4692, 6061]"	17	NA	0	""	""	NA	"One"	"protein_coding"	"NIF+"	"MGI:MGI:1914291"
"37"	"ENSMUSG00000005125"	0.782173070816659	5.19563083199914	10.4609381160193	1.86176112464717e-08	1.51108313370617e-06	9.64117436545593	"UPF3B_vs_Control"	"Ndrg1"	"N-myc downstream regulated gene 1"	"17988"	"protein-coding"	2477.36708779007	0.345380837854581	0.0961311458517039	3.59280891530597	0.00032713248253024	0.00731185305547321	"Ndrg1"	"17988"	"protein-coding"	"ENSMUST00000005256"	2889	2616.094	1.02817759454776	0.787647152420678	6.58768838893742	245.649085708482	1.52288029431555e-14	1.78103025963481e-11	1	"ENSMUST00000005256.14"	"0"	"0"	"1"	0.5	0.567741935483871	0.572995780590717	0.48030987734022	"[0.5766423357664233, 0.5555555555555556, 0.5, 0.5754716981132075, 0.5537190082644629, 0.49206349206349204, 0.6065573770491803, 0.5517241379310345, 0.5964912280701754, 0.5192307692307693, 0.5789473684210527, 0.5961538461538461, 0.4791666666666667, 0.5555555555555556, 0.5576923076923077, 0.503070910106086]"	"[0.5126801474695565, 0.4813780260707635, 0.487634458030707, 0.44468784227820374, 0.4632768361581921, 0.5203938115330521, 0.47183098591549294, 0.4859437751004016, 0.47138810198300285, 0.5169785169785169, 0.44751381215469616, 0.5217391304347826, 0.5093509350935094, 0.47282841249465124, 0.4413793103448276]"	155	1185	1549	"[137, 81, 36, 106, 121, 63, 61, 87, 57, 104, 57, 52, 48, 36, 52, 1791]"	"[8951, 1074, 10877, 1826, 1593, 711, 852, 996, 1765, 1443, 724, 621, 909, 2337, 2755]"	16	NA	0	""	""	NA	"One"	"protein_coding"	"NIF+"	"MGI:MGI:1341799"
"38"	"ENSMUSG00000017446"	0.715937905406966	3.03773694272859	10.1280715038938	2.90138313264529e-08	2.14662877215307e-06	9.38254797129632	"UPF3B_vs_Control"	"C1qtnf1"	"C1q and tumor necrosis factor related protein 1"	"56745"	"protein-coding"	398.995453127292	0.892088906643753	0.2173627238565	4.10414854403784	4.0580667076422e-05	0.00131506266614356	"C1qtnf1"	"56745"	"protein-coding"	"ENSMUST00000017590"	2532	2259.094	1.14307074404111	0.715282900102779	4.15893942000773	87.3953685974086	1.08743819174582e-09	2.50068019678269e-07	1	"ENSMUST00000017590.9"	"0"	"0"	"1"	0.6	0.608108108108108	0.566193853427896	0.540942928039702	"[0.6142857142857143, 0.5911949685534591, 0.55, 0.5464632454923717]"	"[0.5187462804999008, 0.49924528301886795, 0.5043103448275862]"	74	846	1612	"[70, 159, 140, 2163]"	"[15123, 2650, 1160]"	4	NA	0	""	""	NA	"One"	"protein_coding"	"NIF+"	"MGI:MGI:1919254"
"39"	"ENSMUSG00000030256"	0.719957901948579	3.20775775999452	9.9599962824502	3.64516532562932e-08	2.5413344924067e-06	9.13517957750946	"UPF3B_vs_Control"	"Bhlhe41"	"basic helix-loop-helix family, member e41"	"79362"	"protein-coding"	1136.07991944264	0.544331890827878	0.118356081560393	4.59910368484212	4.24312572900842e-06	0.000201477414998467	"Bhlhe41"	"79362"	"protein-coding"	"ENSMUST00000032386"	6133	5860.094	1.00914134137502	0.762184331754708	5.43498204911951	181.696600440458	4.66948558699902e-13	2.89600081110047e-10	1	"ENSMUST00000032386.11"	"0"	"0"	"1"	0.8	0.632302405498282	0.640713706407137	0.420915599913213	"[0.5949008498583569, 0.421875, 0.3888888888888889, 0.4107142857142857, 0.4710698689956332]"	"[0.5103448275862069, 0.43450479233226835, 0.4774774774774775, 0.5994897959183674]"	291	1233	4609	"[353, 64, 108, 112, 5496]"	"[145, 313, 333, 392]"	5	NA	0	""	""	NA	"One"	"protein_coding"	"NIF+"	"MGI:MGI:1930704"
"40"	"ENSMUSG00000002996"	0.647367396014129	5.01764476901357	9.96891303070392	3.60103904413822e-08	2.52676778348692e-06	8.98492359264176	"UPF3B_vs_Control"	"Hbp1"	"high mobility group box transcription factor 1"	"73389"	"protein-coding"	4081.50978895031	0.483933970692428	0.0782686145340619	6.1829888464657	6.28991600890858e-10	7.90140841422895e-08	"Hbp1"	"73389"	"protein-coding"	"ENSMUST00000172314"	3142	2869.094	1.35713958981094	0.618773301523927	5.39554436810633	134.234004742456	1.28681705730714e-11	5.60354070284610e-09	1	"ENSMUST00000172314.9"	"0"	"1"	"1"	0.3	0.52	0.449715370018975	0.415857605177994	"[0.5235294117647059, 0.4945652173913043, 0.43231441048034935, 0.4647887323943662, 0.49107142857142855, 0.49557522123893805, 0.43312101910828027, 0.4, 0.4444444444444444, 0.4014084507042254, 0.41626794258373206]"	"[0.4360342875626718, 0.38591210114388924, 0.3840349483717236, 0.2708333333333333, 0.4, 0.38181818181818183, 0.3397190293742018, 0.3985538068906848, 0.36400817995910023, 0.3903345724907063]"	325	1581	1236	"[340, 184, 229, 142, 112, 113, 157, 145, 324, 142, 1254]"	"[6183, 3322, 2518, 336, 85, 2530, 783, 2351, 1956, 1076]"	11	NA	1	"[0.4444444444444444]"	"[45]"	45	"Two"	"protein_coding"	"NIF+"	"MGI:MGI:894659"
"41"	"ENSMUSG00000030638"	0.724362348843405	3.97371114885895	9.62838945309399	5.76718938400927e-08	3.65081143898645e-06	8.62442285107519	"UPF3B_vs_Control"	"Sh3gl3"	"SH3-domain GRB2-like 3"	"20408"	"protein-coding"	900.434067949708	0.367896089630585	0.095082446078681	3.86923249036052	0.000109178497329737	0.00303497873249387	"Sh3gl3"	"20408"	"protein-coding"	"ENSMUST00000177883"	1388	1115.094	1.30512580464266	0.705093036145335	3.85471994986445	76.2934328791261	4.10070020774964e-09	8.14825056329205e-07	1	"ENSMUST00000177883.8"	"1"	"0"	"0"	0.5	0.873949579831933	0.434343434343434	0.440709617180205	"[0.7926829268292683, 0.37681159420289856, 0.3972602739726027, 0.5434782608695652, 0.42424242424242425, 0.44025157232704404, 0.5576923076923077, 0.5, 0.40476190476190477]"	"[0.46600529726150497, 0.45834880554524077, 0.4915533580552122, 0.47225765306122447, 0.5140712945590994, 0.4866778221135281, 0.4605568445475638, 0.4653492774366314]"	119	198	1071	"[164, 69, 73, 46, 33, 159, 104, 110, 630]"	"[84572, 8079, 2427, 3136, 2132, 7769, 862, 21659]"	9	441	0	""	""	NA	"One"	"nonsense_mediated_decay"	"NIF+"	"MGI:MGI:700011"
"42"	"ENSMUSG00000021403"	1.62354746484455	1.35895373099944	9.69774519898757	5.23453900222344e-08	3.40903270587917e-06	8.34768454316121	"UPF3B_vs_Control"	"Serpinb9b"	"serine (or cysteine) peptidase inhibitor, clade B, member 9b"	"20706"	"protein-coding"	232.170105344305	0.867449286955133	0.279781004420177	3.10045811992437	0.00193221536115944	0.0268527595300291	"Serpinb9b"	"20706"	"protein-coding"	"ENSMUST00000006392"	3253	2980.094	1.01154656188035	1.59868713679651	3.33896861322057	132.488257414748	1.48054464340442e-11	6.24774576169824e-09	1	"ENSMUST00000006392.3"	"0"	"0"	"1"	0.3	0.497435897435897	0.458553791887125	0.427234927234927	"[0.4972972972972973, 0.4606741573033708, 0.45652173913043476, 0.4576271186440678, 0.43356643356643354, 0.4935897435897436, 0.43211991434689506]"	"[0.47163695299837927, 0.4163116250760803, 0.3361522198731501, 0.4120791020844468, 0.35797665369649806, 0.4085794655414909]"	195	1134	1924	"[185, 178, 138, 118, 143, 156, 2335]"	"[1851, 3286, 473, 1871, 2313, 1422]"	7	NA	0	""	""	NA	"One"	"protein_coding"	"NIF+"	"MGI:MGI:894668"
"43"	"ENSMUSG00000045934"	0.613532386253469	4.36623221986397	9.4089067116545	7.86356145252947e-08	4.4777012752728e-06	8.24255737163511	"UPF3B_vs_Control"	"Mtmr11"	"myotubularin related protein 11"	"194126"	"protein-coding"	1819.38088144101	0.544358985028	0.0876574980531064	6.21006755974493	5.29618268496869e-10	6.73837396995247e-08	"Mtmr11"	"194126"	"protein-coding"	"ENSMUST00000054356"	2778	2505.094	1.02124697336541	0.655437674583724	5.64432478657152	157.9019301046	2.20923283295718e-12	1.10281131160288e-09	1	"ENSMUST00000054356.16"	"0"	"1"	"0"	0.5	0.566137566137566	0.537803138373752	0.446502057613169	"[0.5882352941176471, 0.6153846153846154, 0.5491803278688525, 0.4098360655737705, 0.5734265734265734, 0.4810126582278481, 0.5220588235294118, 0.48863636363636365, 0.5280898876404494, 0.536, 0.4626865671641791, 0.5070422535211268, 0.592814371257485, 0.5229885057471264, 0.5027322404371585, 0.5816326530612245, 0.4565560821484992]"	"[0.5081081081081081, 0.40860215053763443, 0.4921259842519685, 0.5251798561151079, 0.45080091533180777, 0.4056603773584906, 0.4792626728110599, 0.4959349593495935, 0.5176470588235295, 0.40636182902584495, 0.4690721649484536, 0.5076923076923077, 0.5074074074074074, 0.46901172529313234, 0.4490358126721763, 0.46924829157175396]"	189	2103	486	"[255, 91, 122, 61, 143, 79, 136, 88, 89, 125, 67, 71, 167, 174, 183, 294, 633]"	"[370, 372, 254, 139, 437, 106, 217, 123, 85, 2515, 194, 455, 270, 597, 363, 439]"	17	NA	1	"[0.6458333333333334]"	"[48]"	48	"One"	"protein_coding"	"NIF+"	"MGI:MGI:2652817"
"44"	"ENSMUSG00000046603"	0.742776413701355	2.61156646697015	9.21790549480367	1.03431507914749e-07	5.54148315310745e-06	8.133540044385	"UPF3B_vs_Control"	"Tcaim"	"T cell activation inhibitor, mitochondrial"	"382117"	"protein-coding"	958.345181057959	0.524083965394591	0.111810261006284	4.68726180117886	2.76884675030629e-06	0.000143864058377171	"Tcaim"	"382117"	"protein-coding"	"ENSMUST00000052740"	3049	2776.094	2.11160839447565	0.818288181760793	2.74868445319852	59.0527752364281	4.45593437357349e-08	5.77198613017353e-06	1	"ENSMUST00000052740.14"	"0"	"0"	"1"	0.3	0.590062111801242	0.488235294117647	0.366715758468336	"[0.6066666666666667, 0.45714285714285713, 0.5367647058823529, 0.37579617834394907, 0.466403162055336, 0.5284552845528455, 0.6122448979591837, 0.5652173913043478, 0.502092050209205, 0.5151515151515151, 0.3764853033145716]"	"[0.43404808317089016, 0.4238274563505649, 0.3904649330181245, 0.4007168458781362, 0.4137233259749816, 0.42937149968886124, 0.39748201438848924, 0.4306772057252724, 0.34613077384523094, 0.4397031539888683]"	161	1530	1358	"[150, 70, 136, 157, 253, 123, 98, 92, 239, 132, 1599]"	"[3078, 2921, 2538, 4185, 5436, 1607, 556, 4681, 1667, 1078]"	11	NA	0	""	""	NA	"One"	"protein_coding"	"NIF+"	"MGI:MGI:1196217"
"45"	"ENSMUSG00000003604"	0.678448216934092	6.46858252164351	9.41665152224721	7.77730816279727e-08	4.47544992479275e-06	8.11227537454534	"UPF3B_vs_Control"	"Aven"	"apoptosis, caspase activation inhibitor"	"74268"	"protein-coding"	4538.91753427662	0.557397267752182	0.0934115108689536	5.96711542899837	2.41484581394247e-09	2.78661975087966e-07	"Aven"	"74268"	"protein-coding"	"ENSMUST00000099588"	791	518.235	1.50317810061331	0.619447502888926	4.79436429144817	70.71427749388	8.45623234232321e-09	1.423820689166e-06	1	"ENSMUST00000099588.4"	"0"	"1"	"0"	0.4	0.45	0.507645259938838	0.705882352941177	"[0.474025974025974, 0.4507042253521127, 0.5104166666666666, 0.5133531157270029, 0.5338345864661654]"	"[0.4180243853932412, 0.43004359889021004, 0.44063324538258575, 0.42592592592592593]"	120	654	17	"[154, 71, 96, 337, 133]"	"[65367, 2523, 1895, 702]"	5	NA	2	"[0.4492753623188406, 0.45098039215686275]"	"[69, 51]"	69	"One"	"protein_coding"	"NIF+"	"MGI:MGI:1921518"
"46"	"ENSMUSG00000003604"	0.678448216934092	6.46858252164351	9.41665152224721	7.77730816279727e-08	4.47544992479275e-06	8.11227537454534	"UPF3B_vs_Control"	"Aven"	"apoptosis, caspase activation inhibitor"	"74268"	"protein-coding"	4538.91753427662	0.557397267752182	0.0934115108689536	5.96711542899837	2.41484581394247e-09	2.78661975087966e-07	"Aven"	"74268"	"protein-coding"	"ENSMUST00000003705"	4735	4462.094	1.04533846410919	0.528163091302259	4.91295054419953	49.9528211306124	1.93564829842385e-07	1.95152442855624e-05	1	"ENSMUST00000003705.12"	"0"	"0"	"1"	0.4	0.777777777777778	0.569484936831876	0.442239739059527	"[0.8217054263565892, 0.4606741573033708, 0.4507042253521127, 0.5104166666666666, 0.5133531157270029, 0.4442687747035573]"	"[0.42801959675899753, 0.41964406887004985, 0.43004359889021004, 0.44063324538258575, 0.42592592592592593]"	27	1029	3679	"[258, 178, 71, 96, 337, 3795]"	"[21228, 110527, 2523, 1895, 702]"	6	NA	0	""	""	NA	"One"	"protein_coding"	"NIF+"	"MGI:MGI:1921518"
"47"	"ENSMUSG00000021281"	0.728751011493708	6.42271739260177	9.22408452385348	1.02511984800569e-07	5.51940765688607e-06	7.83032905265285	"UPF3B_vs_Control"	"Tnfaip2"	"tumor necrosis factor, alpha-induced protein 2"	"21928"	"protein-coding"	3496.70257802543	0.666138818963952	0.0778847200918605	8.55288197965249	1.20052632729008e-17	7.00824898354512e-15	"Tnfaip2"	"21928"	"protein-coding"	"ENSMUST00000102745"	3762	3489.094	1.15859482315744	0.724874288083442	7.23950348800067	248.375300980593	1.34097272478291e-14	1.66333444071330e-11	1	"ENSMUST00000102745.10"	"0"	"0"	"1"	0.4	0.665217391304348	0.590077071290944	0.508928571428571	"[0.6604651162790698, 0.5549295774647888, 0.6909667194928685, 0.5478260869565217, 0.6097560975609756, 0.5247524752475248, 0.46464646464646464, 0.5241935483870968, 0.5284552845528455, 0.5769230769230769, 0.5655737704918032, 0.5118898623279099]"	"[0.5483296213808463, 0.6278026905829597, 0.5739837398373984, 0.5503355704697986, 0.621301775147929, 0.5803722504230119, 0.5688073394495413, 0.5762925598991173, 0.569620253164557, 0.5855263157894737, 0.4912731006160164]"	230	2076	1456	"[215, 355, 631, 115, 123, 101, 99, 124, 123, 156, 122, 1598]"	"[2245, 223, 1845, 149, 169, 591, 436, 793, 237, 152, 1948]"	12	NA	0	""	""	NA	"One"	"protein_coding"	"NIF+"	"MGI:MGI:104960"
"48"	"ENSMUSG00000037613"	0.709000328258764	4.35043803969613	9.07194116762652	1.27880825493081e-07	6.52972703315843e-06	7.77341572015682	"UPF3B_vs_Control"	"Tnfrsf23"	"tumor necrosis factor receptor superfamily, member 23"	"79201"	"protein-coding"	700.303639951664	0.394293056383323	0.132773623186818	2.96966405615471	0.00298125577737182	0.0372619424869496	"Tnfrsf23"	"79201"	"protein-coding"	"ENSMUST00000035742"	3353	3080.094	1.19135781124062	0.882125411502815	4.64761485227194	120.28351019382	4.13235418845173e-11	1.51026476782049e-08	1	"ENSMUST00000035742.14"	"1"	"0"	"1"	0.3	0.5625	0.475308641975309	0.476269498838367	"[0.5384615384615384, 0.43956043956043955, 0.46511627906976744, 0.4945652173913043, 0.5, 0.4744971264367816]"	"[0.42590404159773104, 0.4653679653679654, 0.42345167431963265, 0.4948453608247423, 0.4398848092152628]"	16	324	3013	"[91, 91, 129, 184, 74, 2784]"	"[4231, 1386, 8929, 776, 1389]"	6	229	0	""	""	NA	"Two"	"nonsense_mediated_decay"	"NIF+"	"MGI:MGI:1930269"
"49"	"ENSMUSG00000022620"	0.590657200437616	5.68324590611644	8.89204922670466	1.66655172512465e-07	8.05574069442475e-06	7.37090681263475	"UPF3B_vs_Control"	"Arsa"	"arylsulfatase A"	"11883"	"protein-coding"	3860.41799050742	0.340345308987497	0.0649014925386306	5.24402899956295	1.57107490256837e-07	1.17228175436756e-05	"Arsa"	"11883"	"protein-coding"	"ENSMUST00000165199"	3492	3219.094	3.39207989055563	0.761454126801271	4.59649080458271	109.97765259022	1.05445169606623e-10	3.15050155292548e-08	1	"ENSMUST00000165199.8"	"0"	"1"	"0"	0.6	0.586435070306038	0.592373438527285	0.477690288713911	"[0.5471014492753623, 0.5940766550522648, 0.6348547717842323, 0.6164383561643836, 0.5588235294117647, 0.544, 0.640625, 0.5339805825242718, 0.511090573012939]"	"[0.42105263157894735, 0.5310344827586206, 0.6120689655172413, 0.6753246753246753, 0.5080213903743316, 0.5913978494623656, 0.5531914893617021, 0.6306306306306306]"	1209	1521	762	"[276, 1148, 241, 219, 170, 125, 128, 103, 1082]"	"[494, 145, 116, 77, 187, 93, 235, 111]"	9	NA	3	"[0.42528735632183906, 0.48299319727891155, 0.49019607843137253]"	"[87, 147, 51]"	147	"One"	"protein_coding"	"NIF+"	"MGI:MGI:88077"
"50"	"ENSMUSG00000062901"	0.981615677557629	0.761350056788781	8.75696670780039	2.03820066005724e-07	9.39299592321296e-06	7.17595443675702	"UPF3B_vs_Control"	"Klhl24"	"kelch-like 24"	"75785"	"protein-coding"	430.762198706964	0.700623487393997	0.181807963810967	3.85364575185752	0.000116371934809502	0.00319909994750552	"Klhl24"	"75785"	"protein-coding"	"ENSMUST00000023509"	8172	7899.094	1.1185249443345	0.991029973355825	3.76178769275318	133.616475902748	1.35202183397666e-11	5.76482393022571e-09	1	"ENSMUST00000023509.5"	"0"	"0"	"1"	0.3	0.511811023622047	0.454797559622851	0.391659852820932	"[0.6615384615384615, 0.36507936507936506, 0.45769622833843016, 0.44324324324324327, 0.3949579831932773, 0.4444444444444444, 0.48148148148148145, 0.39312856238125393]"	"[0.4185185185185185, 0.388671875, 0.4104380511782565, 0.3339191564147627, 0.3967828418230563, 0.43546030199707747, 0.428078250863061]"	254	1803	6115	"[130, 63, 981, 185, 119, 189, 189, 6316]"	"[4320, 4608, 6917, 1138, 1865, 2053, 2607]"	8	NA	0	""	""	NA	"One"	"protein_coding"	"NIF+"	"MGI:MGI:1923035"
"51"	"ENSMUSG00000025779"	1.04355985395381	3.39298255308197	8.48428553542482	3.08013258499341e-07	1.32934611088843e-05	6.9848919313937	"UPF3B_vs_Control"	"Ly96"	"lymphocyte antigen 96"	"17087"	"protein-coding"	347.387459463393	0.662814596106339	0.175237627631882	3.78237599460488	0.000155338484324807	0.00398340857477876	"Ly96"	"17087"	"protein-coding"	"ENSMUST00000026881"	632	359.682	1.08147584835207	1.05974335354438	1.80838754449007	55.5448826464254	7.69299018094057e-08	9.1010741929607e-06	1	"ENSMUST00000026881.11"	"0"	"1"	"0"	0.3	0.413333333333333	0.399585921325052	0.297297297297297	"[0.4117647058823529, 0.3888888888888889, 0.3875968992248062, 0.3584905660377358, 0.37572254335260113]"	"[0.43178851174934724, 0.42057421571887815, 0.4313202514764717, 0.41456582633053224]"	75	483	74	"[187, 90, 129, 53, 173]"	"[3064, 9021, 5249, 3213]"	5	NA	1	"[0.38461538461538464]"	"[39]"	39	"One"	"protein_coding"	"NIF+"	"MGI:MGI:1341909"
"52"	"ENSMUSG00000015659"	0.991146723383974	2.21850871164153	8.21839858883616	4.64690340204815e-07	1.8580779926719e-05	6.67477809996755	"UPF3B_vs_Control"	"Serac1"	"serine active site containing 1"	"321007"	"protein-coding"	648.371908384525	0.767156097274144	0.154293400261293	4.97206034720203	6.62450761471499e-07	4.10885084802697e-05	"Serac1"	"321007"	"protein-coding"	"ENSMUST00000097432"	4007	3734.094	1.05591560439315	0.92676367532401	3.68140707413268	97.3489580310413	3.68581860720843e-10	9.48878069489701e-08	1	"ENSMUST00000097432.10"	"0"	"0"	"1"	0.3	0.693548387096774	0.49058524173028	0.478102189781022	"[0.6910569105691057, 0.532608695652174, 0.32432432432432434, 0.41605839416058393, 0.5111111111111111, 0.5606060606060606, 0.45901639344262296, 0.5348837209302325, 0.4824561403508772, 0.5153374233128835, 0.5562913907284768, 0.5211267605633803, 0.5578947368421052, 0.5, 0.41530054644808745, 0.4791666666666667, 0.4744525547445255]"	"[0.45131260472910073, 0.49321663019693657, 0.4216101694915254, 0.46187683284457476, 0.4126984126984127, 0.4375, 0.44569993722536094, 0.4587770003042288, 0.4137055837563452, 0.44702467343976776, 0.450261780104712, 0.43908045977011495, 0.4578313253012048, 0.5089567966280295, 0.43261012491781725, 0.46413199426111906]"	124	1965	1918	"[123, 92, 37, 137, 90, 132, 122, 129, 114, 163, 151, 142, 95, 98, 183, 144, 2055]"	"[5371, 2285, 944, 1364, 1638, 736, 1593, 3287, 1182, 3445, 4775, 870, 664, 949, 3042, 1394]"	17	NA	0	""	""	NA	"One"	"protein_coding"	"NIF+"	"MGI:MGI:2447813"
"53"	"ENSMUSG00000024620"	0.644115270948482	5.21705846481128	8.33837784688487	3.8557680068631e-07	1.58246539028842e-05	6.52988599908616	"UPF3B_vs_Control"	"Pdgfrb"	"platelet derived growth factor receptor, beta polypeptide"	"18596"	"protein-coding"	4438.89378676668	0.436229766685214	0.063258129373618	6.89602697716106	5.347704439453e-12	1.17934708571404e-09	"Pdgfrb"	"18596"	"protein-coding"	"ENSMUST00000025522"	5407	5134.094	1.10903567684867	0.657413487774728	7.54775299304588	128.626151031008	2.03053218447129e-11	8.12290054673249e-09	1	"ENSMUST00000025522.11"	"0"	"0"	"1"	0.5	0.596736596736597	0.553939393939394	0.532777115613826	"[0.5957446808510638, 0.5434782608695652, 0.5669781931464174, 0.5243445692883895, 0.5546875, 0.56, 0.5751295336787565, 0.5344827586206896, 0.6048387096774194, 0.5581395348837209, 0.5263157894736842, 0.556390977443609, 0.580952380952381, 0.5495495495495496, 0.56875, 0.4782608695652174, 0.5462184873949579, 0.5528455284552846, 0.5178571428571429, 0.6, 0.5094339622641509, 0.5836909871244635, 0.5361216730038023]"	"[0.5295449866172535, 0.5330049261083744, 0.4724476719350705, 0.4962292609351433, 0.575, 0.5177570093457944, 0.5474576271186441, 0.45681511470985153, 0.4885057471264368, 0.4977810650887574, 0.5034324942791762, 0.5083682008368201, 0.6170212765957447, 0.4611510791366906, 0.5356762513312034, 0.4666666666666667, 0.5434782608695652, 0.5377207062600321, 0.46785714285714286, 0.5062611806797853, 0.503968253968254, 0.5055508112724167]"	429	3300	1678	"[423, 46, 321, 267, 128, 175, 193, 116, 124, 215, 95, 133, 105, 111, 160, 161, 119, 123, 112, 100, 106, 233, 1841]"	"[14571, 1015, 2341, 663, 80, 535, 590, 1482, 522, 2704, 874, 478, 282, 2780, 939, 750, 230, 623, 560, 559, 756, 1171]"	23	NA	0	""	""	NA	"One"	"protein_coding"	"NIF+"	"MGI:MGI:97531"
"54"	"ENSMUSG00000024376"	0.750953014661276	1.15652614004341	8.03791009793143	6.1737734327455e-07	2.27028841383563e-05	6.28877972601956	"UPF3B_vs_Control"	"Epb41l4a"	"erythrocyte membrane protein band 4.1 like 4a"	"13824"	"protein-coding"	387.004046097727	0.47066301961206	0.137371823531426	3.42619765474968	0.000612094787756629	0.011864118503314	"Epb41l4a"	"13824"	"protein-coding"	"ENSMUST00000025234"	3566	3293.094	1.01948044806789	0.761143830046001	2.99802522007453	65.6538550743685	1.69342146692411e-08	2.53907768884998e-06	1	"ENSMUST00000025234.7"	"0"	"1"	"0"	0.4	0.695918367346939	0.488112566715187	0.470935960591133	"[0.6622516556291391, 0.6757990867579908, 0.45714285714285713, 0.4807692307692308, 0.3291139240506329, 0.5204081632653061, 0.48760330578512395, 0.5113636363636364, 0.4157303370786517, 0.484375, 0.42391304347826086, 0.3717948717948718, 0.5327868852459017, 0.46153846153846156, 0.4523809523809524, 0.5701754385964912, 0.5208333333333334, 0.44871794871794873, 0.55, 0.4375, 0.5072463768115942, 0.5855855855855856, 0.5487804878048781, 0.46940559440559443]"	"[0.6734104046242775, 0.4490184414039262, 0.4393305439330544, 0.43303303303303303, 0.43224530168150344, 0.37954939341421146, 0.43342036553524804, 0.42939481268011526, 0.5093984962406015, 0.43436143831370116, 0.418086500655308, 0.4409722222222222, 0.4547563805104408, 0.4381606765327696, 0.4656188605108055, 0.48471121177802945, 0.4689655172413793, 0.4623229461756374, 0.4510316009401933, 0.49713631156930127, 0.45901047309498016, 0.5445544554455446, 0.4426229508196721]"	490	2061	1015	"[151, 438, 105, 52, 79, 98, 121, 88, 89, 64, 92, 78, 122, 91, 84, 114, 48, 78, 120, 48, 69, 111, 82, 1144]"	"[346, 84050, 30353, 4995, 6066, 1154, 1915, 2082, 532, 12904, 1526, 5184, 21550, 3784, 509, 2649, 870, 14120, 7658, 873, 2769, 101, 1037]"	24	NA	2	"[0.6666666666666666, 0.7681159420289855]"	"[48, 69]"	69	"One"	"protein_coding"	"NIF+"	"MGI:MGI:103007"
"55"	"ENSMUSG00000026303"	1.57058523390297	-0.0928377551110634	8.52666929587598	2.88698437130015e-07	1.26099767157672e-05	6.04301327233463	"UPF3B_vs_Control"	"Mlph"	"melanophilin"	"171531"	"protein-coding"	129.92532732001	1.62748595988384	0.302462581127682	5.38078447197013	7.41619433717653e-08	5.88786500817119e-06	"Mlph"	"171531"	"protein-coding"	"ENSMUST00000027528"	4499	4226.094	1	1.8423377625648	2.28394331224795	160.360433477792	1.86437846092552e-12	9.78392353090568e-10	1	"ENSMUST00000027528.7"	"0"	"0"	"1"	0.6	0.642487046632124	0.574168076706148	0.518752467429925	"[0.6331360946745562, 0.5970149253731343, 0.6171171171171171, 0.6017699115044248, 0.5384615384615384, 0.5609756097560976, 0.5951219512195122, 0.5785714285714286, 0.5476190476190477, 0.5686274509803921, 0.5641025641025641, 0.5806451612903226, 0.5172413793103449, 0.5636363636363636, 0.5445544554455446, 0.51953125]"	"[0.4824761037778789, 0.4711858760826116, 0.6864406779661016, 0.4969770253929867, 0.5115384615384615, 0.4976470588235294, 0.49246231155778897, 0.497955474784189, 0.5144972239358421, 0.5480769230769231, 0.5126931567328918, 0.4784601283226398, 0.5108695652173914, 0.5241416309012875, 0.4675732217573222]"	193	1773	2533	"[169, 134, 222, 113, 104, 123, 205, 140, 84, 153, 156, 93, 87, 55, 101, 2560]"	"[6591, 6004, 118, 1654, 1300, 1700, 1791, 2201, 1621, 208, 1812, 1091, 736, 1864, 2868]"	16	NA	0	""	""	NA	"One"	"protein_coding"	"NIF+"	"MGI:MGI:2176380"
"56"	"ENSMUSG00000001507"	1.39708554055436	2.81647430244184	7.8100683363509	8.88894208454723e-07	3.02112919098549e-05	6.01907773631965	"UPF3B_vs_Control"	"Itga3"	"integrin alpha 3"	"16400"	"protein-coding"	980.709721312108	0.556798144987291	0.0984496702013874	5.6556628767604	1.55245926066819e-08	1.52540650523476e-06	"Itga3"	"16400"	"protein-coding"	"ENSMUST00000107739"	4636	4363.094	4.24620994757776	1.48875386845128	2.73187984205538	106.951146620194	1.40753909401642e-10	4.05738012220944e-08	1	"ENSMUST00000107739.8"	"0"	"0"	"1"	0.5	0.556910569105691	0.567937438905181	0.568508705526117	"[0.5646817248459959, 0.5625, 0.588, 0.4367816091954023, 0.5781990521327014, 0.5888324873096447, 0.6292134831460674, 0.5620437956204379, 0.5977011494252874, 0.5441176470588235, 0.5912408759124088, 0.54, 0.5816326530612245, 0.5675675675675675, 0.5277777777777778, 0.55, 0.5897435897435898, 0.49514563106796117, 0.5683060109289617, 0.6178861788617886, 0.5789473684210527, 0.5050505050505051, 0.5873015873015873, 0.6338028169014085, 0.5612403100775194]"	"[0.4987714987714988, 0.4719710669077758, 0.4454939000393546, 0.5040431266846361, 0.4811715481171548, 0.4975124378109453, 0.6046511627906976, 0.5517241379310345, 0.5028735632183908, 0.6296296296296297, 0.5659340659340659, 0.6404494382022472, 0.5646551724137931, 0.450261780104712, 0.4861111111111111, 0.5421686746987951, 0.4894598155467721, 0.525, 0.4765625, 0.5397301349325337, 0.47032474804031354, 0.446311010215664, 0.6121212121212121, 0.5401459854014599]"	246	3069	1321	"[487, 80, 250, 87, 211, 197, 89, 137, 87, 68, 137, 150, 98, 148, 72, 80, 78, 103, 183, 123, 114, 99, 126, 142, 1290]"	"[407, 2212, 2541, 371, 478, 2010, 86, 145, 1044, 108, 546, 89, 232, 191, 504, 83, 1518, 160, 384, 667, 893, 4405, 330, 685]"	25	NA	0	""	""	NA	"One"	"protein_coding"	"NIF+"	"MGI:MGI:96602"
"57"	"ENSMUSG00000019868"	0.681798079488113	5.78932823620385	7.79100111160145	9.16701070559021e-07	3.09628597621115e-05	5.59549523728653	"UPF3B_vs_Control"	"Vta1"	"vesicle (multivesicular body) trafficking 1"	"66201"	"protein-coding"	1566.71512464735	0.578821876046349	0.0913643302730692	6.33531570051868	2.36855784978054e-10	3.40660407264088e-08	"Vta1"	"66201"	"protein-coding"	"ENSMUST00000020018"	1219	946.094	1.85182782051564	0.638148751321721	3.87382969958007	57.2083344045378	5.92040352409432e-08	7.37000769276739e-06	1	"ENSMUST00000020018.12"	"1"	"0"	"0"	0.3	0.641025641025641	0.623931623931624	0.463781749764817	"[0.6423841059602649, 0.3671875, 0.39473684210526316, 0.41284403669724773, 0.5254237288135594, 0.5632183908045977, 0.4684317718940937]"	"[0.3936384641856349, 0.3576248313090418, 0.36865727465403314, 0.3662619808306709, 0.415400501548901, 0.38199233716475095]"	39	117	1063	"[151, 128, 76, 109, 177, 87, 491]"	"[20341, 741, 8021, 7825, 6779, 5220]"	7	572	0	""	""	NA	"One"	"nonsense_mediated_decay"	"NIF+"	"MGI:MGI:1913451"
"58"	"ENSMUSG00000018849"	1.19984215729088	0.721452381518913	7.42160431343276	1.6804826569485e-06	4.96368198284852e-05	5.20874083751465	"UPF3B_vs_Control"	"Wwc1"	"WW, C2 and coiled-coil domain containing 1"	"211652"	"protein-coding"	721.182391048515	0.620920693018929	0.13685719401157	4.53699710492703	5.7060889596162e-06	0.000262597542947517	"Wwc1"	"211652"	"protein-coding"	"ENSMUST00000018993"	4531	4258.094	1	1.17487178356158	3.02302077977417	106.420987953668	1.48160027458504e-10	4.24100307969158e-08	1	"ENSMUST00000018993.7"	"0"	"1"	"0"	0.4	0.801369863013699	0.572850678733032	0.430591259640103	"[0.7737881508078994, 0.5, 0.5686274509803921, 0.5454545454545454, 0.5, 0.49230769230769234, 0.5714285714285714, 0.527027027027027, 0.5843621399176955, 0.5444444444444444, 0.6252319109461967, 0.6055045871559633, 0.5432098765432098, 0.367816091954023, 0.5440414507772021, 0.6028368794326241, 0.6086956521739131, 0.559322033898305, 0.6181818181818182, 0.5591397849462365, 0.5982905982905983, 0.5655737704918032, 0.4366863905325444]"	"[0.4818736956017624, 0.42389491242702254, 0.4560104529616725, 0.5055889939810834, 0.48024840434707605, 0.47110675808031344, 0.5075690115761353, 0.44335083114610674, 0.4765424649268366, 0.5531914893617021, 0.49466114621921986, 0.5290858725761773, 0.47364341085271316, 0.5056920311563811, 0.4859035004730369, 0.48673658235657, 0.4871562405560592, 0.47952047952047955, 0.48313616914170654, 0.4591601292108906, 0.46142208774583965, 0.47699530516431926]"	438	3315	778	"[557, 110, 204, 77, 80, 130, 147, 74, 243, 90, 539, 109, 81, 87, 193, 141, 92, 118, 165, 93, 234, 122, 845]"	"[64685, 4796, 11480, 1163, 5797, 2042, 1123, 4572, 6629, 376, 4589, 361, 1290, 1669, 5285, 1621, 6618, 1001, 7946, 2167, 1322, 1065]"	23	NA	2	"[0.75, 0.7450980392156863]"	"[36, 51]"	51	"One"	"protein_coding"	"NIF+"	"MGI:MGI:2388637"
"59"	"ENSMUSG00000038481"	0.691723106173164	2.09622185035757	7.05375939675568	3.12826436945017e-06	8.02429322691982e-05	4.78314643735057	"UPF3B_vs_Control"	"Cdk19"	"cyclin-dependent kinase 19"	"78334"	"protein-coding"	464.985066185314	0.642276529433985	0.150282705936332	4.27378869333168	1.9217917417731e-05	0.000733533124821396	"Cdk19"	"78334"	"protein-coding"	"ENSMUST00000044672"	5807	5534.094	3.19626284105297	0.666058780742827	2.9378811696305	45.4104488784692	4.32010040584292e-07	3.84547474627261e-05	1	"ENSMUST00000044672.11"	"0"	"1"	"1"	0.6	0.730769230769231	0.50398406374502	0.420921544209215	"[0.6859903381642513, 0.3815789473684211, 0.4774774774774775, 0.45390070921985815, 0.43103448275862066, 0.4772727272727273, 0.4027777777777778, 0.37142857142857144, 0.4931506849315068, 0.5204081632653061, 0.45569620253164556, 0.6554307116104869, 0.42422779922779924]"	"[0.41346994596776, 0.4050322030924993, 0.37658418829209417, 0.4203460285361195, 0.43549542379625944, 0.41260234959060166, 0.17177914110429449, 0.4389809371102797, 0.4, 0.46529968454258674, 0.4891008174386921, 0.4343493552168816]"	286	1506	4015	"[414, 76, 111, 141, 58, 132, 144, 70, 73, 98, 79, 267, 4144]"	"[44603, 39903, 1657, 17802, 12565, 2809, 163, 5613, 515, 634, 734, 1706]"	13	NA	1	"[0.7387387387387387]"	"[111]"	111	"Two"	"protein_coding"	"NIF+"	"MGI:MGI:1925584"
"60"	"ENSMUSG00000038295"	1.1261250772046	2.56666928863738	6.83881193247853	4.53585919282935e-06	0.000105862670775133	4.39594803067782	"UPF3B_vs_Control"	"Atg9b"	"autophagy related 9B"	"213948"	"protein-coding"	1117.33206437101	0.443720499633495	0.130301585888121	3.40533460593857	0.000660830294070571	0.0124635197808237	"Atg9b"	"213948"	"protein-coding"	"ENSMUST00000059401"	3902	3629.094	1.87577414797973	1.02325438220864	3.12306784098393	51.8471748551645	1.40525773573136e-07	1.52576697338704e-05	1	"ENSMUST00000059401.7"	"0"	"1"	"0"	0.5	0.585903083700441	0.616829180209462	0.485651214128035	"[0.6266149870801033, 0.4772727272727273, 0.5230769230769231, 0.46296296296296297, 0.5845070422535211, 0.6980132450331126, 0.6114649681528662, 0.5222222222222223, 0.5991561181434599, 0.6268656716417911, 0.5876288659793815, 0.5645161290322581, 0.5714285714285714, 0.48597081930415265]"	"[0.48360655737704916, 0.5409836065573771, 0.5012722646310432, 0.47866419294990725, 0.5190725504861631, 0.5379310344827586, 0.5328185328185329, 0.45885286783042395, 0.5059523809523809, 0.5569620253164557, 0.5300546448087432, 0.4878048780487805, 0.5197368421052632]"	227	2769	906	"[774, 44, 65, 162, 142, 755, 157, 180, 237, 134, 97, 124, 140, 891]"	"[122, 122, 393, 539, 1337, 145, 259, 401, 168, 158, 183, 82, 152]"	14	NA	1	"[0.6153846153846154]"	"[39]"	39	"One"	"protein_coding"	"NIF+"	"MGI:MGI:2685420"
"61"	"ENSMUSG00000052102"	0.944239058195675	4.94710912234364	6.98591080151525	3.51513530293296e-06	8.72525319785391e-05	4.28184290071401	"UPF3B_vs_Control"	"Gnpda1"	"glucosamine-6-phosphate deaminase 1"	"26384"	"protein-coding"	1493.75143101128	0.458231212724144	0.0735376196050863	6.23124891973591	4.62731167321094e-10	6.12285880599271e-08	"Gnpda1"	"26384"	"protein-coding"	"ENSMUST00000063814"	2289	2016.094	1.25997828748419	0.950263202918584	4.60346973962448	192.34474582913	2.46684177006208e-13	1.68292056956585e-10	1	"ENSMUST00000063814.15"	"0"	"0"	"1"	0.5	0.75	0.520689655172414	0.473764258555133	"[0.7604166666666666, 0.5303030303030303, 0.49019607843137253, 0.5191256830601093, 0.5783783783783784, 0.5257142857142857, 0.471045197740113]"	"[0.6175182481751825, 0.4581231079717457, 0.4800476474091721, 0.5164835164835165, 0.47589900535577656, 0.4623015873015873]"	104	870	1315	"[96, 132, 102, 183, 185, 175, 1416]"	"[685, 2973, 1679, 1001, 1307, 1512]"	7	NA	0	""	""	NA	"One"	"protein_coding"	"NIF+"	"MGI:MGI:1347054"
"62"	"ENSMUSG00000025509"	0.612437102583407	5.03011695849229	6.88986892827883	4.15035835521726e-06	9.94257653553809e-05	4.11003799388669	"UPF3B_vs_Control"	"Pnpla2"	"patatin-like phospholipase domain containing 2"	"66853"	"protein-coding"	834.78667176908	0.573023635145164	0.123547426075272	4.63808638794342	3.51649811943036e-06	0.000175365464006165	"Pnpla2"	"66853"	"protein-coding"	"ENSMUST00000026583"	2048	1775.094	2.84120288517641	0.527705726513554	3.65753517492667	31.8789165996437	6.76562536996876e-06	0.000372728591209867	1	"ENSMUST00000026583.15"	"1"	"0"	"1"	0.3	0.691358024691358	0.633802816901408	0.567844925883694	"[0.6716417910447762, 0.5, 0.5579399141630901, 0.5606060606060606, 0.5476190476190477, 0.5081967213114754, 0.5535714285714286, 0.5939849624060151, 0.5365853658536586, 0.5894886363636364]"	"[0.5585009140767825, 0.5489566613162119, 0.5581395348837209, 0.553314121037464, 0.5627906976744186, 0.6732673267326733, 0.6470588235294118, 0.582010582010582, 0.6060606060606061]"	81	213	1754	"[268, 82, 233, 66, 210, 61, 168, 133, 123, 704]"	"[1094, 623, 86, 347, 215, 101, 85, 189, 99]"	10	1050	0	""	""	NA	"Two"	"nonsense_mediated_decay"	"NIF+"	"MGI:MGI:1914103"
"63"	"ENSMUSG00000007039"	0.727627893355015	2.58705742765363	6.25798628092402	1.27756931513518e-05	0.000242492912241017	3.29394566573538	"UPF3B_vs_Control"	"Ddah2"	"dimethylarginine dimethylaminohydrolase 2"	"51793"	"protein-coding"	217.942045755581	0.692061387285714	0.235871748069741	2.93405799104473	0.00334561693538281	0.0401400293333359	"Ddah2"	"51793"	"protein-coding"	"ENSMUST00000007255"	1342	1069.094	1.22540364305707	0.602823094004279	2.10355211430385	14.3706395737758	0.000832308741476102	0.0165759492822228	1	"ENSMUST00000007255.13"	"0"	"1"	"0"	0.6	0.603333333333333	0.62004662004662	0.456521739130435	"[0.634453781512605, 0.6016713091922006, 0.59, 0.581081081081081, 0.6583333333333333, 0.62, 0.5182724252491694]"	"[0.5927710843373494, 0.5957446808510638, 0.5461538461538461, 0.5306122448979592, 0.5014245014245015, 0.5878787878787879]"	300	858	184	"[238, 359, 100, 74, 120, 150, 301]"	"[830, 141, 130, 98, 351, 165]"	7	NA	1	"[0.7254901960784313]"	"[51]"	51	"One"	"protein_coding"	"NIF+"	"MGI:MGI:1859016"
"64"	"ENSMUSG00000030409"	0.858740358801529	3.2895256681173	6.23074042935406	1.34268564736425e-05	0.000251343358016068	3.16382543226517	"UPF3B_vs_Control"	"Dmpk"	"dystrophia myotonica-protein kinase"	"13400"	"protein-coding"	1787.19667555175	0.621978152462497	0.0981185631565983	6.33904668446696	2.31191183997825e-10	3.40660407264088e-08	"Dmpk"	"13400"	"protein-coding"	"ENSMUST00000032568"	2761	2488.094	4.88618634071419	1.21174151773197	1.12916694097485	42.3291297855934	7.68047509484813e-07	6.20088534630017e-05	1	"ENSMUST00000032568.14"	"0"	"1"	"0"	0.8	0.678082191780822	0.613396624472574	0.581363004172462	"[0.6601307189542484, 0.5543478260869565, 0.4880952380952381, 0.5416666666666666, 0.610738255033557, 0.5425531914893617, 0.6183574879227053, 0.5833333333333334, 0.6162790697674418, 0.5982142857142857, 0.6402439024390244, 0.6428571428571429, 0.7021276595744681, 0.7555555555555555, 0.5974770642201835]"	"[0.5745494265428728, 0.5511811023622047, 0.589041095890411, 0.5876623376623377, 0.5454545454545454, 0.55, 0.48333333333333334, 0.5092879256965944, 0.4715320910973085, 0.546875, 0.6170212765957447, 0.6491228070175439, 0.5763888888888888, 0.6151419558359621]"	146	1896	719	"[306, 92, 84, 96, 149, 94, 207, 264, 86, 112, 164, 98, 47, 90, 872]"	"[1831, 254, 73, 308, 198, 160, 300, 646, 1932, 640, 94, 171, 288, 317]"	15	NA	1	"[0.6666666666666666]"	"[48]"	48	"One"	"protein_coding"	"NIF+"	"MGI:MGI:94906"
"65"	"ENSMUSG00000038323"	0.680533862029099	2.81169310148701	6.06650819892622	1.81572167740156e-05	0.000324799160582555	2.91613412762998	"UPF3B_vs_Control"	"1700066M21Rik"	"RIKEN cDNA 1700066M21 gene"	"73467"	"protein-coding"	575.369198827137	0.411060801938881	0.139075936203996	2.95565727011133	0.00312003583055219	0.0384159250401985	"1700066M21Rik"	"73467"	"protein-coding"	"ENSMUST00000042734"	3008	2735.094	1	0.598089539990537	4.21618778370942	51.4702836598303	1.49673123112947e-07	1.59962661837656e-05	1	"ENSMUST00000042734.3"	"0"	"0"	"1"	0.3	0.843137254901961	0.480874316939891	0.349112426035503	"[0.7400611620795107, 0.3647892577396494]"	"[0.4132610508757298]"	51	1098	1859	"[327, 2681]"	"[4796]"	2	NA	0	""	""	NA	"One"	"protein_coding"	"NIF+"	"MGI:MGI:1920717"
"66"	"ENSMUSG00000021066"	1.58476467776225	-1.02105353491413	5.98599427643914	2.10810744865618e-05	0.000367432317493343	2.46691160042366	"UPF3B_vs_Control"	"Atl1"	"atlastin GTPase 1"	"73991"	"protein-coding"	305.442434038171	1.34149180170359	0.191713949327048	6.99736146697975	2.60827746958172e-12	6.01966176933231e-10	"Atl1"	"73991"	"protein-coding"	"ENSMUST00000021466"	5150	4877.094	1.62487475121073	1.61353079852983	0.772109025313682	51.6540828721493	1.45134405552113e-07	1.56336490064859e-05	1	"ENSMUST00000021466.10"	"0"	"0"	"1"	0.1	0.697969543147208	0.471079308288611	0.373497888924976	"[0.7416666666666667, 0.6170212765957447, 0.532258064516129, 0.4148148148148148, 0.4380952380952381, 0.5294117647058824, 0.43859649122807015, 0.44086021505376344, 0.48201438848920863, 0.3984375, 0.42105263157894735, 0.4583333333333333, 0.4861111111111111, 0.4666666666666667, 0.3768025078369906]"	"[0.4132088520055325, 0.41963340576076663, 0.41866118175018696, 0.3069852941176471, 0.3881475667189953, 0.4298978644382544, 0.4209888778768858, 0.44171779141104295, 0.4009224461906389, 0.38963963963963966, 0.39352428393524286, 0.40323022173555984, 0.386046511627907, 0.43864915572232643]"	394	1677	3079	"[240, 188, 248, 135, 105, 51, 57, 93, 139, 128, 57, 72, 432, 15, 3190]"	"[14460, 17949, 5348, 544, 2548, 2154, 9081, 1141, 5854, 888, 803, 3653, 1075, 2665]"	15	NA	0	""	""	NA	"One"	"protein_coding"	"NIF+"	"MGI:MGI:1921241"
"67"	"ENSMUSG00000066621"	0.587913708397454	4.2327894224908	5.92303766838168	2.37062544929957e-05	0.000401603152438974	2.42512781923709	"UPF3B_vs_Control"	"Tecpr1"	"tectonin beta-propeller repeat containing 1"	"70381"	"protein-coding"	2629.95710014832	0.462264469302425	0.0697901508585326	6.62363476243881	3.50472108627833e-11	6.32379128367749e-09	"Tecpr1"	"70381"	"protein-coding"	"ENSMUST00000085701"	5106	4833.094	1.06775150419426	0.739602581356715	6.37049367028022	135.054099971785	1.20541690534342e-11	5.36318806374153e-09	1	"ENSMUST00000085701.7"	"0"	"0"	"1"	0.5	0.67175572519084	0.597829191659526	0.536635006784261	"[0.6611570247933884, 0.5957446808510638, 0.6174863387978142, 0.5121951219512195, 0.5793650793650794, 0.6057142857142858, 0.5742574257425742, 0.5882352941176471, 0.6095890410958904, 0.5968379446640316, 0.6232876712328768, 0.5961538461538461, 0.5866666666666667, 0.6455696202531646, 0.6171875, 0.5145631067961165, 0.5773195876288659, 0.575, 0.49122807017543857, 0.6187845303867403, 0.6470588235294118, 0.5591397849462365, 0.6074766355140186, 0.65, 0.5437817258883249]"	"[0.49241466498103664, 0.5013574660633484, 0.55, 0.566793893129771, 0.5188216039279869, 0.6022727272727273, 0.499637943519189, 0.5146771037181996, 0.4985563041385948, 0.5236818588025023, 0.5521531100478468, 0.5090689238210399, 0.6063829787234043, 0.5446175637393768, 0.5583482944344704, 0.4949978251413658, 0.5470085470085471, 0.5739299610894941, 0.5880952380952381, 0.5547945205479452, 0.5631578947368421, 0.526168876482903, 0.57, 0.45614035087719296]"	131	3501	1474	"[121, 235, 183, 123, 126, 175, 101, 102, 146, 506, 146, 156, 150, 158, 128, 103, 97, 80, 57, 181, 136, 93, 107, 120, 1576]"	"[4746, 1105, 200, 524, 1833, 88, 1381, 1022, 1039, 1119, 1045, 827, 94, 1412, 1114, 2299, 117, 1028, 420, 438, 570, 1433, 100, 114]"	25	NA	0	""	""	NA	"One"	"protein_coding"	"NIF+"	"MGI:MGI:1917631"
"68"	"ENSMUSG00000038520"	0.589431370596162	3.68821201541565	5.86598136653062	2.63789658614156e-05	0.000434035752963323	2.39989263462526	"UPF3B_vs_Control"	"Tbc1d17"	"TBC1 domain family, member 17"	"233204"	"protein-coding"	1491.57503040544	0.41565940622133	0.0981856761448154	4.23340167875677	2.30182841224781e-05	0.000855555998619747	"Tbc1d17"	"233204"	"protein-coding"	"ENSMUST00000145959"	2362	2089.094	6.82992441559621	0.657776386039054	1.46660358602663	14.8096971980104	0.000718300736318079	0.0149030631632369	1	"ENSMUST00000145959.8"	"1"	"1"	"0"	0.6	0.533333333333333	0.58805606337599	0.592954990215264	"[0.5324675324675324, 0.5858585858585859, 0.5833333333333334, 0.6290322580645161, 0.6490384615384616, 0.6071428571428571, 0.5925925925925926, 0.6201550387596899, 0.5769230769230769, 0.5368421052631579, 0.5128205128205128, 0.5148514851485149, 0.56, 0.6, 0.5641025641025641, 0.5747126436781609, 0.6066838046272494]"	"[0.5923566878980892, 0.574468085106383, 0.48014440433212996, 0.5014749262536873, 0.5553359683794467, 0.5903614457831325, 0.5326797385620915, 0.6144578313253012, 0.5870736086175943, 0.56875, 0.6153846153846154, 0.6210526315789474, 0.5375, 0.6046511627906976, 0.5325779036827195, 0.5491803278688525]"	210	1641	511	"[231, 99, 72, 124, 208, 112, 162, 129, 104, 95, 117, 101, 100, 115, 117, 87, 389]"	"[314, 94, 1385, 678, 506, 83, 612, 83, 557, 320, 78, 95, 320, 86, 353, 122]"	17	122	1	"[0.5104166666666666]"	"[96]"	96	"Two"	"nonsense_mediated_decay"	"NIF+"	"MGI:MGI:2449973"
"69"	"ENSMUSG00000015745"	0.6261144248428	5.75068537995649	5.9940251485736	2.07686230458979e-05	0.000363180236918981	2.38122670495565	"UPF3B_vs_Control"	"Plekho1"	"pleckstrin homology domain containing, family O member 1"	"67220"	"protein-coding"	1294.71648407129	0.427243387856253	0.0958805438159678	4.45599671061837	8.35043121630265e-06	0.000357196893924946	"Plekho1"	"67220"	"protein-coding"	"ENSMUST00000015889"	1931	1658.094	4.56710369855663	0.87808009800705	2.78688554023458	45.9962315021823	3.88380406227347e-07	3.54066262095858e-05	1	"ENSMUST00000015889.10"	"0"	"1"	"0"	0.5	0.833333333333333	0.585167074164629	0.486	"[0.8095238095238095, 0.5782312925170068, 0.5177304964539007, 0.5142857142857142, 0.5882352941176471, 0.5576763485477179]"	"[0.7843137254901961, 0.5217391304347826, 0.5025466893039049, 0.5157116451016636, 0.5055698371893744]"	204	1227	500	"[231, 147, 141, 105, 102, 1205]"	"[102, 3243, 589, 541, 1167]"	6	NA	1	"[0.8541666666666666]"	"[48]"	48	"One"	"protein_coding"	"NIF+"	"MGI:MGI:1914470"
"70"	"ENSMUSG00000025986"	0.627193720231901	1.4164974072042	5.57878628100147	4.54640923697067e-05	0.000670010120071721	2.24892725738083	"UPF3B_vs_Control"	"Slc39a10"	"solute carrier family 39 (zinc transporter), member 10"	"227059"	"protein-coding"	755.483498060927	0.964820605735778	0.131616294838019	7.33055589297047	2.29200013998666e-13	6.49880268263646e-11	"Slc39a10"	"227059"	"protein-coding"	"ENSMUST00000027131"	5498	5225.094	1.47564088209845	0.58330455237188	3.29281383801369	42.6367255270219	7.24303103370172e-07	5.94146271147319e-05	1	"ENSMUST00000027131.6"	"0"	"1"	"1"	0.5	0.666098807495741	0.458832933653078	0.376919883769199	"[0.6736111111111112, 0.44, 0.39903846153846156, 0.4764705882352941, 0.43386243386243384, 0.4462809917355372, 0.5203252032520326, 0.5555555555555556, 0.47643979057591623, 0.38161993769470404]"	"[0.38085339800219414, 0.3597122302158273, 0.3674400158635733, 0.3223374175306315, 0.3914479721049734, 0.40404040404040403, 0.40933767643865365, 0.3910975195378865, 0.39487726787620064]"	587	2502	2409	"[576, 1025, 208, 170, 189, 121, 369, 81, 191, 2568]"	"[17319, 2363, 5043, 1061, 5449, 1089, 921, 5886, 1874]"	10	NA	2	"[0.797979797979798, 0.5151515151515151]"	"[99, 33]"	99	"Two"	"protein_coding"	"NIF+"	"MGI:MGI:1914515"
"71"	"ENSMUSG00000038065"	0.918353411334514	0.182500334702814	5.46903664981087	5.61386072147809e-05	0.000786808623798913	2.02918863772477	"UPF3B_vs_Control"	"Mturn"	"maturin, neural progenitor differentiation regulator homolog (Xenopus)"	"68235"	"protein-coding"	211.111437358575	0.80879990837468	0.235107434445885	3.44012902135957	0.000581436936482364	0.011517325663974	"Mturn"	"68235"	"protein-coding"	"ENSMUST00000190641"	5303	5030.094	1	0.968208795880353	2.5366694430733	78.5880237280567	3.08064848757028e-09	6.30500922708571e-07	1	"ENSMUST00000190641.7"	"0"	"0"	"1"	0.4	0.808219178082192	0.585858585858586	0.476160470489393	"[0.711038961038961, 0.5284552845528455, 0.47885878489326766]"	"[0.5029686174724343, 0.478631611003959]"	146	396	4761	"[308, 123, 4872]"	"[7074, 9851]"	3	NA	0	""	""	NA	"One"	"protein_coding"	"NIF+"	"MGI:MGI:1915485"
"72"	"ENSMUSG00000042182"	0.793074787038129	2.38339479247823	5.52651018376659	5.0258695790838e-05	0.000723676831223165	1.99860800221875	"UPF3B_vs_Control"	"Bend6"	"BEN domain containing 6"	"320705"	"protein-coding"	1589.97972165298	0.641816985817788	0.108141709147841	5.93496247539752	2.93912713684693e-09	3.3145338302351e-07	"Bend6"	"320705"	"protein-coding"	"ENSMUST00000062289"	2487	2214.094	1.20611986465594	0.711409830017173	3.19808943305478	43.2191136755046	6.486716454691e-07	5.42987248752284e-05	1	"ENSMUST00000062289.11"	"0"	"1"	"1"	0.1	0.734513274336283	0.466903073286052	0.403993855606759	"[0.796812749003984, 0.4855769230769231, 0.46629213483146065, 0.5248868778280543, 0.40932642487046633, 0.525, 0.4012158054711246]"	"[0.42342267006731615, 0.39936038376973815, 0.41306599585676235, 0.3945578231292517, 0.3409090909090909, 0.41632565151841483]"	339	846	1302	"[251, 208, 178, 221, 193, 120, 1316]"	"[23917, 5003, 13516, 588, 968, 9286]"	7	NA	3	"[0.7860696517412935, 0.5888888888888889, 0.6190476190476191]"	"[201, 90, 42]"	201	"Two"	"protein_coding"	"NIF+"	"MGI:MGI:2444572"
"73"	"ENSMUSG00000031828"	0.916295688211498	1.18859701720137	4.81671105924578	0.000202832279309375	0.00213760064900074	0.836032989023336	"UPF3B_vs_Control"	"Klhl36"	"kelch-like 36"	"234796"	"protein-coding"	204.181878569733	0.740715971796382	0.260716375423491	2.84107958540468	0.00449610904447331	0.0488177091437124	"Klhl36"	"234796"	"protein-coding"	"ENSMUST00000034287"	2181	1908.094	1.51552626356233	0.936858872019758	1.65645053758505	25.887223742739	2.86633004592979e-05	0.0012070729194449	1	"ENSMUST00000034287.10"	"0"	"1"	"0"	0.5	0.72020725388601	0.604234527687296	0.465753424657534	"[0.7443181818181818, 0.4935064935064935, 0.6059757236227824, 0.5822784810126582, 0.586552217453505]"	"[0.4923679060665362, 0.476221928665786, 0.475556762629006, 0.5221088435374149]"	193	1842	146	"[176, 77, 1071, 158, 699]"	"[2555, 4542, 3682, 1764]"	5	NA	1	"[0.7222222222222222]"	"[54]"	54	"One"	"protein_coding"	"NIF+"	"MGI:MGI:2385305"
"74"	"ENSMUSG00000036661"	0.666061302056723	0.508647818343135	4.5419325401515	0.000353510532966015	0.00327494084884018	0.355058585564889	"UPF3B_vs_Control"	"Dennd3"	"DENN/MADD domain containing 3"	"105841"	"protein-coding"	328.17400899647	0.421699119673064	0.147433265084412	2.86027118392598	0.00423278883486013	0.0469965575327673	"Dennd3"	"105841"	"protein-coding"	"ENSMUST00000043414"	5299	5026.094	1.83222946891519	0.74984718712	1.72169111843923	26.7941283031483	2.27821362197197e-05	0.00100241064593062	1	"ENSMUST00000043414.12"	"0"	"0"	"1"	0.6	0.731182795698925	0.559477124183007	0.512422360248447	"[0.7326388888888888, 0.592057761732852, 0.5258620689655172, 0.5149253731343284, 0.44642857142857145, 0.5833333333333334, 0.5662100456621004, 0.5081967213114754, 0.5961538461538461, 0.4742268041237113, 0.5673076923076923, 0.57, 0.5459770114942529, 0.5807692307692308, 0.5321637426900585, 0.5461538461538461, 0.5462962962962963, 0.5642857142857143, 0.5443037974683544, 0.5522388059701493, 0.5480769230769231, 0.5797101449275363, 0.5238415043653458]"	"[0.4766574291195907, 0.5214592274678111, 0.5256849315068494, 0.4735108427120505, 0.475057399290336, 0.5590062111801242, 0.4958005249343832, 0.5126485827491618, 0.46178514163548906, 0.517845554834523, 0.5330578512396694, 0.4810126582278481, 0.4792284866468843, 0.4684772065955383, 0.5315145813734713, 0.49880771732061563, 0.48594961240310075, 0.5382585751978892, 0.5400753093060785, 0.5593625498007968, 0.573170731707317, 0.5049800796812749]"	186	3825	1288	"[288, 277, 116, 134, 112, 120, 219, 122, 156, 97, 104, 200, 522, 260, 171, 130, 108, 140, 158, 134, 104, 138, 1489]"	"[9382, 932, 584, 3643, 4791, 322, 3810, 3281, 1871, 1541, 484, 1975, 7414, 1031, 1063, 4613, 2064, 379, 1859, 1255, 82, 2008]"	23	NA	0	""	""	NA	"One"	"protein_coding"	"NIF+"	"MGI:MGI:2146009"
"75"	"ENSMUSG00000031129"	0.855389361112717	0.201297186001174	4.47540662620595	0.000404855689818566	0.00362102010354087	0.246282165197201	"UPF3B_vs_Control"	"Slc9a9"	"solute carrier family 9 (sodium/hydrogen exchanger), member 9"	"331004"	"protein-coding"	942.571066716315	0.589326204766356	0.187345175572431	3.14567056752689	0.00165706539104337	0.0240068860448386	"Slc9a9"	"331004"	"protein-coding"	"ENSMUST00000033463"	3468	3195.094	1.1567805135085	0.628406709736693	1.5922064623087	16.0792753883635	0.00047388179327909	0.0109651800137326	1	"ENSMUST00000033463.10"	"0"	"0"	"1"	0.4	0.496732026143791	0.490439276485788	0.453623188405797	"[0.4725609756097561, 0.4630541871921182, 0.4230769230769231, 0.4155844155844156, 0.45689655172413796, 0.5094339622641509, 0.5179856115107914, 0.5377358490566038, 0.4606741573033708, 0.42105263157894735, 0.4732142857142857, 0.5584415584415584, 0.5384615384615384, 0.4125, 0.6132075471698113, 0.46455223880597013]"	"[0.43501147253340533, 0.43076746147358735, 0.41004752206381534, 0.4138311587850034, 0.41554942166140907, 0.4040217107796257, 0.4436315264383106, 0.41020349395277406, 0.40021836296018287, 0.4725036179450072, 0.4113086832473558, 0.4275631996441545, 0.4086130206227254, 0.44024572062730505, 0.4494818652849741]"	153	1935	1380	"[328, 203, 78, 77, 116, 106, 139, 106, 89, 114, 112, 154, 52, 80, 106, 1608]"	"[14818, 26086, 1473, 96955, 45648, 80513, 3007, 20836, 58618, 1382, 34699, 67445, 14838, 89207, 1544]"	16	NA	0	""	""	NA	"One"	"protein_coding"	"NIF+"	"MGI:MGI:2679732"
"76"	"ENSMUSG00000025911"	0.645664998436347	1.18813238767972	4.30892586903833	0.000569425252823426	0.00466345560971957	-0.210371197345689	"UPF3B_vs_Control"	"Adhfe1"	"alcohol dehydrogenase, iron containing, 1"	"76187"	"protein-coding"	532.857917307296	0.608977156431944	0.118146146727095	5.15443942356086	2.54390776510425e-07	1.8032671900639e-05	"Adhfe1"	"76187"	"protein-coding"	"ENSMUST00000027044"	2022	1749.094	1.74395883539092	0.791669815666867	0.982117064138798	21.2870986775182	9.8635797641949e-05	0.00323255332656357	1	"ENSMUST00000027044.15"	"1"	"0"	"1"	0.2	0.631578947368421	0.512820512820513	0.44617032672737	"[0.6082474226804123, 0.47368421052631576, 0.4444444444444444, 0.4258064516129032, 0.5025380710659898, 0.44871794871794873, 0.5660377358490566, 0.5555555555555556, 0.48484848484848486, 0.4050632911392405, 0.5670103092783505, 0.5, 0.36146272855133615]"	"[0.4883190883190883, 0.4194089993284083, 0.39589442815249265, 0.3466666666666667, 0.40046565774155995, 0.4096820809248555, 0.4878286270691334, 0.4295117937465716, 0.3901847924871251, 0.44976076555023925, 0.4534118462071354, 0.4364461738002594]"	38	117	1867	"[97, 38, 54, 155, 197, 78, 106, 153, 99, 79, 97, 158, 711]"	"[1755, 2978, 341, 150, 1718, 1384, 1027, 1823, 3301, 209, 2887, 9252]"	13	1156	0	""	""	NA	"Two"	"nonsense_mediated_decay"	"NIF+"	"MGI:MGI:1923437"
"77"	"ENSMUSG00000033389"	3.37654881809349	-2.90292550265928	4.78986484756221	0.000214071358638168	0.00221315598531246	-0.8096107791296	"UPF3B_vs_Control"	"Arhgap44"	"Rho GTPase activating protein 44"	"216831"	"protein-coding"	156.360271111544	1.77218481147512	0.507077404241433	3.49489998302378	0.000474239432097805	0.00984592494589669	"Arhgap44"	"216831"	"protein-coding"	"ENSMUST00000047463"	4074	3801.094	5.92966205458353	5.57006916930429	-2.8534751370679	17.3141606445822	0.000430363654676045	0.010191490316578	1	"ENSMUST00000047463.15"	"0"	"0"	"1"	0.5	0.773993808049536	0.570806100217865	0.491071428571429	"[0.7446808510638298, 0.5, 0.6, 0.5974025974025974, 0.5714285714285714, 0.45454545454545453, 0.6101694915254238, 0.4057971014492754, 0.5365853658536586, 0.609375, 0.6160714285714286, 0.4634146341463415, 0.4691358024691358, 0.42105263157894735, 0.532608695652174, 0.574585635359116, 0.6754385964912281, 0.6265822784810127, 0.6005291005291006, 0.5192307692307693, 0.49008498583569404]"	"[0.4462489270386266, 0.5007949125596184, 0.4673076923076923, 0.4540873460246361, 0.4775510204081633, 0.47818627450980394, 0.43476009665170867, 0.49705749207786326, 0.5552825552825553, 0.4378504672897196, 0.49002849002849, 0.4605539236256819, 0.4685874349739896, 0.5077081192189106, 0.5069721115537849, 0.47276976224344647, 0.5057345712725286, 0.46564885496183206, 0.4728197105983574, 0.5252121817274089]"	323	2295	1456	"[376, 40, 105, 77, 112, 77, 118, 69, 82, 128, 112, 82, 81, 114, 92, 181, 228, 158, 378, 52, 1412]"	"[87375, 629, 7280, 7144, 2450, 4080, 11588, 2209, 407, 6420, 351, 4766, 2499, 973, 1004, 9842, 1831, 1441, 2557, 2003]"	21	NA	0	""	""	NA	"One"	"protein_coding"	"NIF+"	"MGI:MGI:2144423"
"78"	"ENSMUSG00000030055"	0.849666304947623	2.29958482898798	4.00256952361632	0.00107252918386959	0.00757948499270025	-1.01499541003842	"UPF3B_vs_Control"	"Rab43"	"RAB43, member RAS oncogene family"	"69834"	"protein-coding"	2082.08857991143	0.425822438293815	0.0819289479230529	5.19746010523343	2.02029879823115e-07	1.46346315866029e-05	"Rab43"	"69834"	"protein-coding"	"ENSMUST00000078647"	4605	4332.094	7.28315179886069	0.673914535226274	1.51917895410099	12.8262376819673	0.00141888463332359	0.0243825376556819	1	"ENSMUST00000078647.11"	"0"	"0"	"1"	0.6	0.782978723404255	0.590837282780411	0.545089644099545	"[0.7136258660508084, 0.5543478260869565, 0.5476429287863591]"	"[0.4794247386549036, 0.4692611393119007]"	235	633	3737	"[433, 184, 3988]"	"[16549, 1773]"	3	NA	0	""	""	NA	"One"	"protein_coding"	"NIF+"	"MGI:MGI:1917084"
"79"	"ENSMUSG00000073792"	0.91555129709786	4.14129568459087	3.96992944330445	0.00114776656750383	0.0079459638371557	-1.53080648852936	"UPF3B_vs_Control"	"Alg6"	"asparagine-linked glycosylation 6 (alpha-1,3,-glucosyltransferase)"	"320438"	"protein-coding"	1087.33120099148	0.683982683553394	0.127026376566117	5.38457210260882	7.26171906969742e-08	5.81171774578042e-06	"Alg6"	"320438"	"protein-coding"	"ENSMUST00000097961"	3079	2806.094	1.13465689436587	0.542816883139509	4.25379670260553	56.5991946884169	6.51221871913253e-08	7.86326397729357e-06	1	"ENSMUST00000097961.9"	"0"	"0"	"1"	0.3	0.49079754601227	0.426509186351706	0.351293103448276	"[0.6428571428571429, 0.49261083743842365, 0.43529411764705883, 0.3888888888888889, 0.5168539325842697, 0.40963855421686746, 0.36923076923076925, 0.42473118279569894, 0.5, 0.43023255813953487, 0.38823529411764707, 0.36619718309859156, 0.3188405797101449, 0.4623115577889447, 0.35157232704402513]"	"[0.4648014440433213, 0.40660637042862763, 0.422780959198282, 0.369, 0.4428507395786643, 0.38482384823848237, 0.36554307116104867, 0.4335154826958106, 0.35411764705882354, 0.40369393139841686, 0.4310520939734423, 0.3961328705999008, 0.34579439252336447, 0.40776587164419864]"	163	1524	1392	"[42, 203, 85, 90, 89, 83, 65, 186, 136, 86, 85, 71, 69, 199, 1590]"	"[3324, 7629, 11176, 1000, 2231, 738, 1335, 549, 1700, 2274, 1958, 2017, 107, 8679]"	15	NA	0	""	""	NA	"One"	"protein_coding"	"NIF+"	"MGI:MGI:2444031"
"80"	"ENSMUSG00000073792"	0.91555129709786	4.14129568459087	3.96992944330445	0.00114776656750383	0.0079459638371557	-1.53080648852936	"UPF3B_vs_Control"	"Alg6"	"asparagine-linked glycosylation 6 (alpha-1,3,-glucosyltransferase)"	"320438"	"protein-coding"	1087.33120099148	0.683982683553394	0.127026376566117	5.38457210260882	7.26171906969742e-08	5.81171774578042e-06	"Alg6"	"320438"	"protein-coding"	"ENSMUST00000107004"	766	493.268	1.64690605633165	0.835788988840915	-0.0713613275912831	12.917934201634	0.00137370033293218	0.0237657124800985	1	"ENSMUST00000107004.9"	"0"	"1"	"0"	0.3	0.473941368078176	0.439739413680782	NA	"[0.6451612903225806, 0.49261083743842365, 0.43529411764705883, 0.5, 0.43023255813953487, 0.38823529411764707, 0.36619718309859156, 0.3188405797101449]"	"[0.4648014440433213, 0.40660637042862763, 0.41671417170220043, 0.35411764705882354, 0.40369393139841686, 0.4310520939734423, 0.3961328705999008]"	614	614	NA	"[31, 203, 85, 136, 86, 85, 71, 69]"	"[3324, 7629, 17542, 1700, 2274, 1958, 2017]"	8	NA	2	"[0.4230769230769231, 0.4479166666666667]"	"[78, 96]"	96	"One"	"protein_coding"	"NIF+"	"MGI:MGI:2444031"
"81"	"ENSMUSG00000048779"	0.774750101222243	-0.329711844975375	3.47837447880054	0.00320014306383627	0.0170444446436255	-1.59153201470529	"UPF3B_vs_Control"	"P2ry6"	"pyrimidinergic receptor P2Y, G-protein coupled, 6"	"233571"	"protein-coding"	74.0144437183164	1.21661273076556	0.403739563621903	3.0133601964877	0.0025837205459788	0.033709980405541	"P2ry6"	"233571"	"protein-coding"	"ENSMUST00000060174"	1946	1673.094	1.09229422068481	0.814090169762747	0.543050292205573	14.41554829364	0.000819791876680814	0.0164161863364211	1	"ENSMUST00000060174.6"	"0"	"1"	"0"	0.5	0.538823529411765	0.60081053698075	0.49812734082397	"[0.5838150289017341, 0.5045871559633027, 0.5639871382636656]"	"[0.4899586776859504, 0.47564935064935066]"	425	987	534	"[173, 218, 1555]"	"[24200, 616]"	3	NA	2	"[0.5098039215686274, 0.5632183908045977]"	"[51, 87]"	87	"One"	"protein_coding"	"NIF+"	"MGI:MGI:2673874"
