mgi_id,hgnc_symbol,hgnc_id,go_name,go_id,go_domain,ncon_gene,ncon_go,global_padj,gene_padj,pval,sim,sem_sim,cilow_global_padj,ciupp_global_padj,cilow_gene_padj,ciupp_gene_padj,cilow_pval,ciupp_pval
MGI:1934765,GPNMB,4462,negative regulation of T cell proliferation,GO:0042130,biological process,17,9.0,3.104e-01,2.918e-01,4.856e-02,7.264e-01,4.584e-02,2.120e-01,4.543e-01,1.195e-01,7.125e-01,2.252e-02,1.047e-01
MGI:1934765,GPNMB,4462,positive regulation of protein autophosphorylation,GO:0031954,biological process,17,4.0,3.189e-01,2.918e-01,4.894e-02,7.203e-01,7.291e-02,2.067e-01,4.921e-01,1.195e-01,7.125e-01,1.494e-02,1.603e-01
MGI:1934765,GPNMB,4462,negative regulation of T cell activation,GO:0050868,biological process,17,10.0,3.446e-01,3.455e-01,1.152e-01,5.940e-01,4.458e-02,2.268e-01,5.236e-01,1.830e-01,6.522e-01,6.076e-02,2.184e-01
MGI:1934765,GPNMB,4462,membrane,GO:0016020,cellular component,17,28.0,3.941e-01,3.507e-01,1.788e-01,5.135e-01,6.250e-02,2.362e-01,6.575e-01,1.894e-01,6.493e-01,8.278e-02,3.864e-01
MGI:1934765,GPNMB,4462,positive regulation of protein phosphorylation,GO:0001934,biological process,17,13.0,4.113e-01,3.693e-01,1.871e-01,4.995e-01,7.664e-02,2.448e-01,6.910e-01,2.119e-01,6.438e-01,6.798e-02,5.148e-01
MGI:1934765,GPNMB,4462,signal transduction,GO:0007165,biological process,17,44.0,4.137e-01,3.689e-01,2.062e-01,4.847e-01,6.695e-02,2.455e-01,6.970e-01,2.114e-01,6.439e-01,9.151e-02,4.647e-01
MGI:1934765,GPNMB,4462,positive regulation of cell migration,GO:0030335,biological process,17,27.0,4.138e-01,3.797e-01,1.941e-01,4.979e-01,6.374e-02,2.582e-01,6.631e-01,2.072e-01,6.958e-01,9.149e-02,4.119e-01
MGI:1934765,GPNMB,4462,integrin binding,GO:0005178,molecular function,17,7.0,4.165e-01,3.860e-01,2.028e-01,4.961e-01,3.904e-02,2.932e-01,5.918e-01,2.106e-01,7.077e-01,1.248e-01,3.293e-01
MGI:1934765,GPNMB,4462,cell adhesion,GO:0007155,biological process,17,9.0,4.255e-01,3.293e-01,1.521e-01,5.254e-01,1.068e-01,2.583e-01,7.011e-01,1.317e-01,8.238e-01,3.246e-02,7.127e-01
MGI:1934765,GPNMB,4462,heparin binding,GO:0008201,molecular function,17,3.0,4.542e-01,3.881e-01,2.279e-01,4.621e-01,7.382e-02,2.851e-01,7.236e-01,2.098e-01,7.179e-01,9.408e-02,5.521e-01
MGI:1934765,GPNMB,4462,protein binding,GO:0005515,molecular function,17,161.0,4.727e-01,4.204e-01,2.791e-01,4.339e-01,2.264e-02,3.489e-01,6.403e-01,2.641e-01,6.690e-01,2.172e-01,3.587e-01
MGI:1934765,GPNMB,4462,negative regulation of cytokine production,GO:0001818,biological process,17,52.0,5.076e-01,4.325e-01,2.879e-01,4.125e-01,7.474e-02,3.344e-01,7.703e-01,2.248e-01,8.322e-01,1.248e-01,6.644e-01
MGI:1934765,GPNMB,4462,regulation of tissue remodeling,GO:0034103,biological process,17,9.0,5.158e-01,4.212e-01,3.002e-01,3.905e-01,9.692e-02,3.063e-01,8.687e-01,2.158e-01,8.219e-01,1.031e-01,8.742e-01
MGI:1934765,GPNMB,4462,syndecan binding,GO:0045545,molecular function,17,2.0,5.175e-01,4.221e-01,3.336e-01,3.867e-01,5.399e-02,3.485e-01,7.684e-01,2.551e-01,6.983e-01,1.931e-01,5.764e-01
MGI:1934765,GPNMB,4462,receptor ligand activity,GO:0048018,molecular function,17,14.0,5.241e-01,4.304e-01,3.581e-01,3.723e-01,4.464e-02,3.621e-01,7.587e-01,2.753e-01,6.730e-01,2.364e-01,5.422e-01
MGI:1934765,GPNMB,4462,cell-cell signaling,GO:0007267,biological process,17,37.0,5.273e-01,3.920e-01,2.372e-01,3.937e-01,1.625e-01,2.637e-01,1.055e+00,1.346e-01,1.142e+00,3.268e-02,1.721e+00
MGI:1934765,GPNMB,4462,negative regulation of G1/S transition of mitotic cell cycle,GO:2000134,biological process,17,6.0,5.368e-01,4.480e-01,3.769e-01,3.331e-01,1.000e-01,3.168e-01,9.097e-01,2.356e-01,8.519e-01,1.721e-01,8.256e-01
MGI:1919769,PIP4P2,25452,phosphatidylinositol dephosphorylation,GO:0046856,biological process,8,4.0,3.096e-01,1.256e-01,3.834e-02,7.595e-01,2.771e-02,2.125e-01,4.512e-01,6.008e-02,2.625e-01,2.391e-02,6.147e-02
MGI:1919769,PIP4P2,25452,lysosomal membrane,GO:0005765,cellular component,8,9.0,3.172e-01,1.256e-01,6.542e-02,6.836e-01,2.344e-02,2.198e-01,4.577e-01,6.008e-02,2.625e-01,4.451e-02,9.616e-02
MGI:1919769,PIP4P2,25452,plasma membrane,GO:0005886,cellular component,8,22.0,3.294e-01,1.256e-01,7.322e-02,6.656e-01,3.634e-02,2.266e-01,4.789e-01,6.008e-02,2.625e-01,4.031e-02,1.330e-01
MGI:1919769,PIP4P2,25452,late endosome membrane,GO:0031902,cellular component,8,3.0,3.327e-01,1.256e-01,8.849e-02,6.374e-01,3.333e-02,2.245e-01,4.928e-01,6.008e-02,2.625e-01,5.291e-02,1.480e-01
MGI:1919769,PIP4P2,25452,"phosphatidylinositol-4,5-bisphosphate 4-phosphatase activity",GO:0034597,molecular function,8,3.0,3.357e-01,1.276e-01,8.402e-02,6.382e-01,6.762e-02,2.087e-01,5.399e-01,5.924e-02,2.747e-01,3.082e-02,2.290e-01
MGI:1919769,PIP4P2,25452,phagocytic vesicle membrane,GO:0030670,cellular component,8,5.0,3.523e-01,1.315e-01,1.109e-01,5.944e-01,6.742e-02,2.220e-01,5.593e-01,6.129e-02,2.823e-01,4.248e-02,2.897e-01
MGI:1919769,PIP4P2,25452,protein binding,GO:0005515,molecular function,8,161.0,3.963e-01,1.899e-01,1.789e-01,5.226e-01,1.857e-02,2.931e-01,5.359e-01,1.334e-01,2.704e-01,1.412e-01,2.268e-01
MGI:1349450,VAT1,16919,mitochondrial outer membrane,GO:0005741,cellular component,4,5.0,3.791e-01,3.888e-01,1.367e-01,5.610e-01,6.387e-02,2.576e-01,5.579e-01,1.100e-01,1.375e+00,5.345e-02,3.494e-01
MGI:1349450,VAT1,16919,negative regulation of mitochondrial fusion,GO:0010637,biological process,4,4.0,4.842e-01,3.891e-01,2.169e-01,4.548e-01,1.079e-01,2.876e-01,8.149e-01,1.099e-01,1.377e+00,5.427e-02,8.670e-01
MGI:1349450,VAT1,16919,extracellular exosome,GO:0070062,cellular component,4,19.0,6.123e-01,4.985e-01,4.264e-01,2.718e-01,1.304e-01,3.311e-01,1.132e+00,1.707e-01,1.456e+00,1.288e-01,1.412e+00
MGI:1349450,VAT1,16919,protein binding,GO:0005515,molecular function,4,161.0,6.538e-01,5.128e-01,5.128e-01,2.013e-01,1.377e-01,3.639e-01,1.175e+00,1.855e-01,1.417e+00,1.855e-01,1.417e+00
MGI:1349429,ARL2BP,17146,centrosome,GO:0005813,cellular component,9,5.0,5.638e-01,8.718e-01,3.653e-01,3.619e-01,6.071e-02,4.685e-01,6.785e-01,8.556e-01,8.882e-01,2.037e-01,6.551e-01
MGI:1349429,ARL2BP,17146,cytosol,GO:0005829,cellular component,9,15.0,6.542e-01,8.718e-01,5.401e-01,2.550e-01,5.331e-02,4.831e-01,8.859e-01,8.556e-01,8.882e-01,3.658e-01,7.976e-01
MGI:1349429,ARL2BP,17146,nucleoplasm,GO:0005654,cellular component,9,12.0,6.825e-01,8.718e-01,5.742e-01,2.433e-01,2.858e-02,5.533e-01,8.419e-01,8.556e-01,8.882e-01,4.724e-01,6.980e-01
MGI:1349429,ARL2BP,17146,positive regulation of tyrosine phosphorylation of STAT protein,GO:0042531,biological process,9,3.0,7.013e-01,8.718e-01,6.089e-01,2.118e-01,5.764e-02,5.320e-01,9.245e-01,8.556e-01,8.882e-01,4.351e-01,8.522e-01
MGI:1349429,ARL2BP,17146,midbody,GO:0030496,cellular component,9,2.0,7.501e-01,8.718e-01,6.543e-01,1.991e-01,1.496e-02,6.870e-01,8.190e-01,8.556e-01,8.882e-01,5.975e-01,7.166e-01
MGI:1349429,ARL2BP,17146,transcription coactivator activity,GO:0003713,molecular function,9,4.0,8.202e-01,8.718e-01,7.735e-01,1.246e-01,2.415e-02,7.240e-01,9.293e-01,8.556e-01,8.882e-01,6.935e-01,8.627e-01
MGI:1349429,ARL2BP,17146,maintenance of protein location in nucleus,GO:0051457,biological process,9,4.0,8.203e-01,8.718e-01,7.364e-01,1.429e-01,3.895e-02,7.743e-01,8.690e-01,8.556e-01,8.882e-01,5.957e-01,9.104e-01
MGI:1349429,ARL2BP,17146,protein binding,GO:0005515,molecular function,9,161.0,8.206e-01,8.718e-01,7.760e-01,1.210e-01,3.000e-02,7.176e-01,9.384e-01,8.556e-01,8.882e-01,6.795e-01,8.862e-01
MGI:1349429,ARL2BP,17146,mitochondrial intermembrane space,GO:0005758,cellular component,9,2.0,8.737e-01,8.718e-01,8.344e-01,8.624e-02,1.397e-02,8.191e-01,9.319e-01,8.556e-01,8.882e-01,7.888e-01,8.826e-01
MGI:1261864,WIPI1,25471,glycophagy,GO:0061723,biological process,25,2.0,3.172e-01,3.420e-01,5.551e-02,7.071e-01,1.405e-02,2.198e-01,4.577e-01,2.548e-01,4.588e-01,4.365e-02,7.059e-02
MGI:1261864,WIPI1,25471,autophagy of peroxisome,GO:0030242,biological process,25,4.0,3.237e-01,3.420e-01,7.461e-02,6.648e-01,1.456e-02,2.303e-01,4.550e-01,2.548e-01,4.588e-01,5.875e-02,9.475e-02
MGI:1261864,WIPI1,25471,autophagy of mitochondrion,GO:0000422,biological process,25,8.0,3.237e-01,3.420e-01,7.787e-02,6.587e-01,1.103e-02,2.303e-01,4.550e-01,2.548e-01,4.588e-01,6.503e-02,9.324e-02
MGI:1261864,WIPI1,25471,autophagy,GO:0006914,biological process,25,9.0,3.283e-01,3.420e-01,7.002e-02,6.736e-01,2.208e-02,2.374e-01,4.540e-01,2.548e-01,4.588e-01,4.849e-02,1.011e-01
MGI:1261864,WIPI1,25471,endosome membrane,GO:0010008,cellular component,25,10.0,3.302e-01,3.420e-01,8.901e-02,6.383e-01,2.073e-02,2.275e-01,4.792e-01,2.548e-01,4.588e-01,6.423e-02,1.233e-01
MGI:1261864,WIPI1,25471,phagophore assembly site membrane,GO:0034045,cellular component,25,2.0,3.315e-01,3.449e-01,8.785e-02,6.360e-01,4.947e-02,2.111e-01,5.206e-01,2.529e-01,4.704e-01,4.168e-02,1.852e-01
MGI:1261864,WIPI1,25471,signaling receptor binding,GO:0005102,molecular function,25,58.0,3.623e-01,3.543e-01,1.202e-01,5.909e-01,2.461e-02,2.811e-01,4.669e-01,2.664e-01,4.713e-01,8.370e-02,1.728e-01
MGI:1261864,WIPI1,25471,autophagosome membrane,GO:0000421,cellular component,25,5.0,3.669e-01,3.543e-01,1.317e-01,5.774e-01,3.875e-03,2.723e-01,4.944e-01,2.664e-01,4.713e-01,1.248e-01,1.390e-01
MGI:1261864,WIPI1,25471,protein-macromolecule adaptor activity,GO:0030674,molecular function,25,19.0,3.977e-01,3.701e-01,1.888e-01,5.102e-01,3.661e-02,2.731e-01,5.790e-01,2.578e-01,5.313e-01,1.199e-01,2.973e-01
MGI:1261864,WIPI1,25471,nuclear androgen receptor binding,GO:0050681,molecular function,25,2.0,4.044e-01,3.701e-01,2.003e-01,4.992e-01,3.543e-02,2.809e-01,5.821e-01,2.578e-01,5.313e-01,1.279e-01,3.136e-01
MGI:1261864,WIPI1,25471,nuclear estrogen receptor binding,GO:0030331,molecular function,25,2.0,4.088e-01,3.701e-01,2.035e-01,4.953e-01,4.010e-02,2.749e-01,6.080e-01,2.578e-01,5.313e-01,1.237e-01,3.347e-01
MGI:1261864,WIPI1,25471,protein localization to phagophore assembly site,GO:0034497,biological process,25,3.0,4.142e-01,3.800e-01,2.052e-01,4.847e-01,6.909e-02,2.459e-01,6.978e-01,2.527e-01,5.714e-01,8.567e-02,4.913e-01
MGI:1261864,WIPI1,25471,phosphatidylinositol-3-phosphate binding,GO:0032266,molecular function,25,3.0,4.198e-01,3.837e-01,1.900e-01,5.106e-01,2.709e-02,3.522e-01,5.005e-01,3.238e-01,4.548e-01,1.352e-01,2.670e-01
MGI:1261864,WIPI1,25471,"phosphatidylinositol-3,5-bisphosphate binding",GO:0080025,molecular function,25,3.0,4.273e-01,3.817e-01,2.041e-01,4.983e-01,1.450e-02,3.515e-01,5.196e-01,3.116e-01,4.676e-01,1.700e-01,2.450e-01
MGI:1261864,WIPI1,25471,autophagosome assembly,GO:0000045,biological process,25,5.0,4.329e-01,3.825e-01,2.325e-01,4.710e-01,3.031e-02,3.071e-01,6.101e-01,2.798e-01,5.228e-01,1.635e-01,3.306e-01
MGI:1261864,WIPI1,25471,protein lipidation,GO:0006497,biological process,25,12.0,4.524e-01,4.099e-01,2.476e-01,4.549e-01,4.511e-02,3.118e-01,6.566e-01,3.039e-01,5.530e-01,1.454e-01,4.214e-01
MGI:1261864,WIPI1,25471,trans-Golgi network,GO:0005802,cellular component,25,3.0,4.768e-01,4.159e-01,2.791e-01,4.333e-01,2.891e-02,3.629e-01,6.265e-01,3.318e-01,5.213e-01,2.001e-01,3.891e-01
MGI:1261864,WIPI1,25471,positive regulation of autophagosome assembly,GO:2000786,biological process,25,6.0,4.843e-01,4.249e-01,2.895e-01,4.164e-01,6.166e-02,3.051e-01,7.689e-01,2.742e-01,6.584e-01,1.434e-01,5.844e-01
MGI:1261864,WIPI1,25471,"vesicle targeting, trans-Golgi to endosome",GO:0048203,biological process,25,2.0,4.956e-01,4.500e-01,2.986e-01,4.122e-01,5.386e-02,3.467e-01,7.083e-01,3.054e-01,6.632e-01,1.676e-01,5.320e-01
MGI:1261864,WIPI1,25471,phagophore assembly site,GO:0000407,cellular component,25,3.0,5.220e-01,4.474e-01,3.534e-01,3.764e-01,4.119e-02,3.651e-01,7.463e-01,3.311e-01,6.045e-01,2.393e-01,5.219e-01
MGI:1261864,WIPI1,25471,extrinsic component of membrane,GO:0019898,cellular component,25,6.0,6.067e-01,5.242e-01,4.529e-01,3.180e-01,8.954e-03,5.061e-01,7.272e-01,4.446e-01,6.180e-01,4.190e-01,4.896e-01
MGI:1261864,WIPI1,25471,cellular response to starvation,GO:0009267,biological process,25,25.0,6.207e-01,5.484e-01,4.596e-01,2.943e-01,7.378e-02,4.174e-01,9.232e-01,3.398e-01,8.850e-01,2.575e-01,8.202e-01
MGI:1261864,WIPI1,25471,cytosol,GO:0005829,cellular component,25,15.0,6.453e-01,5.819e-01,5.275e-01,2.632e-01,5.184e-02,4.729e-01,8.806e-01,4.000e-01,8.467e-01,3.619e-01,7.689e-01
MGI:1261864,WIPI1,25471,cytoplasm,GO:0005737,cellular component,25,19.0,6.693e-01,6.085e-01,5.595e-01,2.395e-01,6.153e-02,4.726e-01,9.477e-01,4.027e-01,9.196e-01,3.530e-01,8.868e-01
MGI:1261864,WIPI1,25471,protein binding,GO:0005515,molecular function,25,161.0,8.217e-01,7.787e-01,7.787e-01,1.095e-01,4.870e-02,6.724e-01,1.004e+00,6.125e-01,9.900e-01,6.125e-01,9.900e-01
MGI:1916801,C1orf198,25900,cytosol,GO:0005829,cellular component,1,15.0,7.673e-01,7.080e-01,7.080e-01,1.498e-01,5.838e-02,6.126e-01,9.611e-01,5.409e-01,9.266e-01,5.409e-01,9.266e-01
MGI:96606,ITGAL,6148,cell adhesion molecule binding,GO:0050839,molecular function,21,5.0,2.819e-01,3.068e-02,3.645e-03,9.086e-01,4.819e-02,2.319e-01,3.428e-01,1.707e-02,5.515e-02,4.447e-04,2.987e-02
MGI:96606,ITGAL,6148,integrin alphaL-beta2 complex,GO:0034687,cellular component,21,2.0,3.096e-01,3.568e-02,4.607e-03,9.409e-01,4.437e-03,2.125e-01,4.512e-01,2.473e-02,5.149e-02,3.164e-03,6.710e-03
MGI:96606,ITGAL,6148,cell-cell adhesion,GO:0098609,biological process,21,25.0,3.096e-01,3.747e-02,6.509e-03,9.274e-01,9.989e-03,2.125e-01,4.512e-01,2.337e-02,6.006e-02,3.523e-03,1.202e-02
MGI:96606,ITGAL,6148,cell adhesion mediated by integrin,GO:0033627,biological process,21,4.0,3.096e-01,3.910e-02,6.059e-03,9.257e-01,1.552e-02,2.125e-01,4.512e-01,2.297e-02,6.653e-02,2.269e-03,1.618e-02
MGI:96606,ITGAL,6148,memory T cell extravasation,GO:0035683,biological process,21,2.0,3.096e-01,5.264e-02,1.878e-02,8.511e-01,3.043e-02,2.125e-01,4.512e-01,4.861e-02,5.700e-02,1.054e-02,3.347e-02
MGI:96606,ITGAL,6148,leukocyte cell-cell adhesion,GO:0007159,biological process,21,5.0,3.096e-01,5.809e-02,1.515e-02,8.710e-01,2.666e-02,2.125e-01,4.512e-01,4.362e-02,7.736e-02,8.333e-03,2.753e-02
MGI:96606,ITGAL,6148,heterophilic cell-cell adhesion via plasma membrane cell adhesion molecules,GO:0007157,biological process,21,2.0,3.096e-01,6.116e-02,2.587e-02,8.154e-01,6.218e-03,2.125e-01,4.512e-01,4.812e-02,7.772e-02,2.342e-02,2.857e-02
MGI:96606,ITGAL,6148,integrin complex,GO:0008305,cellular component,21,28.0,3.096e-01,6.369e-02,3.635e-02,7.658e-01,8.231e-03,2.125e-01,4.512e-01,4.635e-02,8.752e-02,3.165e-02,4.173e-02
MGI:96606,ITGAL,6148,cell surface,GO:0009986,cellular component,21,3.0,3.096e-01,6.429e-02,3.081e-02,7.904e-01,3.201e-02,2.125e-01,4.512e-01,4.594e-02,8.999e-02,1.789e-02,5.306e-02
MGI:96606,ITGAL,6148,cell-matrix adhesion,GO:0007160,biological process,21,10.0,3.096e-01,6.429e-02,3.185e-02,7.854e-01,3.357e-02,2.125e-01,4.512e-01,4.594e-02,8.999e-02,1.795e-02,5.650e-02
MGI:96606,ITGAL,6148,external side of plasma membrane,GO:0009897,cellular component,21,5.0,3.104e-01,6.429e-02,3.608e-02,7.681e-01,3.507e-02,2.120e-01,4.543e-01,4.594e-02,8.999e-02,1.989e-02,6.545e-02
MGI:96606,ITGAL,6148,T cell activation via T cell receptor contact with antigen bound to MHC molecule on antigen presenting cell,GO:0002291,biological process,21,2.0,3.105e-01,6.840e-02,4.899e-02,7.240e-01,2.362e-02,2.121e-01,4.544e-01,5.110e-02,9.155e-02,3.267e-02,7.346e-02
MGI:96606,ITGAL,6148,ICAM-3 receptor activity,GO:0030369,molecular function,21,2.0,3.230e-01,8.084e-02,5.289e-02,7.136e-01,2.631e-02,2.309e-01,4.519e-01,7.180e-02,9.102e-02,3.360e-02,8.325e-02
MGI:96606,ITGAL,6148,membrane,GO:0016020,cellular component,21,28.0,3.235e-01,8.688e-02,5.669e-02,7.020e-01,6.586e-02,2.172e-01,4.819e-01,4.963e-02,1.521e-01,1.887e-02,1.704e-01
MGI:96606,ITGAL,6148,extracellular exosome,GO:0070062,cellular component,21,19.0,3.259e-01,9.970e-02,8.507e-02,6.428e-01,3.889e-02,2.144e-01,4.953e-01,5.963e-02,1.667e-01,4.666e-02,1.551e-01
MGI:96606,ITGAL,6148,integrin-mediated signaling pathway,GO:0007229,biological process,21,3.0,3.318e-01,8.816e-02,7.212e-02,6.687e-01,3.024e-02,2.334e-01,4.716e-01,5.971e-02,1.302e-01,4.397e-02,1.183e-01
MGI:96606,ITGAL,6148,receptor clustering,GO:0043113,biological process,21,7.0,3.329e-01,8.319e-02,6.499e-02,6.827e-01,4.262e-02,2.343e-01,4.731e-01,5.065e-02,1.366e-01,3.211e-02,1.315e-01
MGI:96606,ITGAL,6148,integrin binding,GO:0005178,molecular function,21,7.0,3.388e-01,1.123e-01,9.627e-02,6.266e-01,1.817e-02,2.412e-01,4.759e-01,9.052e-02,1.393e-01,7.191e-02,1.289e-01
MGI:96606,ITGAL,6148,protein binding,GO:0005515,molecular function,21,161.0,3.689e-01,1.449e-01,1.423e-01,5.627e-01,2.690e-02,2.582e-01,5.268e-01,1.024e-01,2.049e-01,9.882e-02,2.048e-01
MGI:2137679,SFXN3,16087,serine import into mitochondrion,GO:0140300,biological process,5,4.0,3.172e-01,9.469e-02,3.620e-02,7.680e-01,4.334e-02,2.211e-01,4.551e-01,4.714e-02,1.902e-01,1.745e-02,7.511e-02
MGI:2137679,SFXN3,16087,mitochondrion,GO:0005739,cellular component,5,9.0,3.276e-01,1.424e-01,7.116e-02,6.716e-01,2.170e-02,2.380e-01,4.508e-01,9.164e-02,2.213e-01,4.997e-02,1.013e-01
MGI:2137679,SFXN3,16087,mitochondrial transmembrane transport,GO:1990542,biological process,5,17.0,3.362e-01,1.032e-01,4.726e-02,7.263e-01,6.938e-02,2.375e-01,4.760e-01,4.354e-02,2.447e-01,1.534e-02,1.456e-01
MGI:2137679,SFXN3,16087,one-carbon metabolic process,GO:0006730,biological process,5,5.0,3.988e-01,2.077e-01,1.662e-01,5.329e-01,4.093e-02,3.012e-01,5.282e-01,1.234e-01,3.497e-01,9.870e-02,2.798e-01
MGI:2137679,SFXN3,16087,protein binding,GO:0005515,molecular function,5,161.0,5.338e-01,3.383e-01,3.383e-01,3.843e-01,5.063e-02,4.339e-01,6.567e-01,2.079e-01,5.503e-01,2.079e-01,5.503e-01
MGI:1858227,CDKL2,1782,protein phosphorylation,GO:0006468,biological process,5,18.0,3.697e-01,3.599e-01,1.116e-01,5.929e-01,7.267e-02,2.531e-01,5.400e-01,1.559e-01,8.309e-01,3.590e-02,3.466e-01
MGI:1858227,CDKL2,1782,centrosome,GO:0005813,cellular component,5,5.0,4.821e-01,4.586e-01,2.970e-01,4.216e-01,8.814e-03,3.841e-01,6.052e-01,2.762e-01,7.616e-01,2.697e-01,3.269e-01
MGI:1858227,CDKL2,1782,nucleoplasm,GO:0005654,cellular component,5,12.0,5.116e-01,4.586e-01,3.319e-01,3.800e-01,7.323e-02,3.226e-01,8.113e-01,2.762e-01,7.616e-01,1.706e-01,6.458e-01
MGI:1858227,CDKL2,1782,protein serine/threonine kinase activity,GO:0004674,molecular function,5,39.0,5.358e-01,4.846e-01,3.215e-01,3.785e-01,9.040e-02,3.230e-01,8.888e-01,2.775e-01,8.462e-01,1.176e-01,8.786e-01
MGI:1858227,CDKL2,1782,nucleus,GO:0005634,cellular component,5,21.0,5.563e-01,5.033e-01,3.888e-01,3.261e-01,9.791e-02,3.181e-01,9.729e-01,3.193e-01,7.935e-01,1.558e-01,9.706e-01
MGI:2444773,MAVS,29233,antiviral innate immune response,GO:0140374,biological process,40,3.0,3.096e-01,2.091e-01,2.132e-02,8.353e-01,2.560e-02,2.125e-01,4.512e-01,1.417e-01,3.083e-01,1.261e-02,3.605e-02
MGI:2444773,MAVS,29233,positive regulation of type I interferon production,GO:0032481,biological process,40,5.0,3.096e-01,2.091e-01,2.618e-02,8.129e-01,3.703e-02,2.125e-01,4.512e-01,1.417e-01,3.083e-01,1.389e-02,4.937e-02
MGI:2444773,MAVS,29233,positive regulation of interleukin-6 production,GO:0032755,biological process,40,3.0,3.104e-01,2.298e-01,3.858e-02,7.575e-01,5.510e-02,2.120e-01,4.543e-01,1.340e-01,3.939e-01,1.524e-02,9.768e-02
MGI:2444773,MAVS,29233,positive regulation of interleukin-8 production,GO:0032757,biological process,40,3.0,3.104e-01,2.298e-01,3.906e-02,7.552e-01,5.885e-02,2.120e-01,4.543e-01,1.340e-01,3.939e-01,1.449e-02,1.053e-01
MGI:2444773,MAVS,29233,positive regulation of interferon-alpha production,GO:0032727,biological process,40,3.0,3.165e-01,2.311e-01,4.640e-02,7.319e-01,1.104e-02,2.203e-01,4.546e-01,1.440e-01,3.710e-01,3.809e-02,5.652e-02
MGI:2444773,MAVS,29233,defense response to virus,GO:0051607,biological process,40,6.0,3.165e-01,2.311e-01,4.923e-02,7.242e-01,2.434e-02,2.203e-01,4.546e-01,1.440e-01,3.710e-01,3.238e-02,7.483e-02
MGI:2444773,MAVS,29233,positive regulation of interferon-beta production,GO:0032728,biological process,40,4.0,3.165e-01,2.311e-01,5.255e-02,7.144e-01,1.604e-02,2.203e-01,4.546e-01,1.440e-01,3.710e-01,3.986e-02,6.927e-02
MGI:2444773,MAVS,29233,mitochondrial membrane,GO:0031966,cellular component,40,4.0,3.191e-01,2.326e-01,5.271e-02,7.142e-01,2.980e-02,2.231e-01,4.564e-01,1.438e-01,3.763e-01,3.166e-02,8.775e-02
MGI:2444773,MAVS,29233,mitochondrial outer membrane,GO:0005741,cellular component,40,5.0,3.235e-01,2.255e-01,5.507e-02,7.073e-01,2.545e-02,2.317e-01,4.518e-01,1.504e-01,3.381e-01,3.571e-02,8.493e-02
MGI:2444773,MAVS,29233,innate immune response,GO:0045087,biological process,40,17.0,3.244e-01,2.354e-01,6.093e-02,6.866e-01,7.184e-02,2.033e-01,5.175e-01,1.317e-01,4.207e-01,1.966e-02,1.889e-01
MGI:2444773,MAVS,29233,positive regulation of transcription by RNA polymerase II,GO:0045944,biological process,40,11.0,3.500e-01,2.450e-01,7.854e-02,6.538e-01,5.155e-02,2.657e-01,4.611e-01,1.675e-01,3.585e-01,3.350e-02,1.841e-01
MGI:2444773,MAVS,29233,mitochondrion,GO:0005739,cellular component,40,9.0,3.530e-01,2.619e-01,1.054e-01,6.032e-01,6.676e-02,2.221e-01,5.610e-01,1.427e-01,4.808e-01,3.877e-02,2.863e-01
MGI:2444773,MAVS,29233,activation of innate immune response,GO:0002218,biological process,40,6.0,3.535e-01,2.619e-01,8.442e-02,6.348e-01,9.180e-02,2.216e-01,5.641e-01,1.427e-01,4.808e-01,2.048e-02,3.479e-01
MGI:2444773,MAVS,29233,protein localization to mitochondrion,GO:0070585,biological process,40,3.0,3.547e-01,2.629e-01,1.156e-01,5.913e-01,5.525e-02,2.298e-01,5.476e-01,1.429e-01,4.836e-01,4.968e-02,2.691e-01
MGI:2444773,MAVS,29233,positive regulation of DNA-binding transcription factor activity,GO:0051091,biological process,40,7.0,3.585e-01,2.629e-01,1.252e-01,5.771e-01,5.982e-02,2.262e-01,5.682e-01,1.429e-01,4.836e-01,5.218e-02,3.003e-01
MGI:2444773,MAVS,29233,molecular condensate scaffold activity,GO:0140693,molecular function,40,2.0,3.636e-01,2.706e-01,1.217e-01,5.764e-01,7.659e-02,2.166e-01,6.103e-01,1.409e-01,5.198e-01,4.132e-02,3.584e-01
MGI:2444773,MAVS,29233,identical protein binding,GO:0042802,molecular function,40,8.0,3.669e-01,2.652e-01,1.406e-01,5.585e-01,5.456e-02,2.351e-01,5.726e-01,1.476e-01,4.765e-01,6.670e-02,2.963e-01
MGI:2444773,MAVS,29233,protein kinase binding,GO:0019901,molecular function,40,15.0,3.731e-01,2.753e-01,1.389e-01,5.570e-01,6.716e-02,2.249e-01,6.187e-01,1.454e-01,5.213e-01,5.753e-02,3.352e-01
MGI:2444773,MAVS,29233,positive regulation of NLRP3 inflammasome complex assembly,GO:1900227,biological process,40,3.0,3.802e-01,2.749e-01,1.318e-01,5.724e-01,4.354e-02,2.973e-01,4.862e-01,1.687e-01,4.479e-01,7.115e-02,2.441e-01
MGI:2444773,MAVS,29233,defense response to bacterium,GO:0042742,biological process,40,9.0,3.890e-01,2.778e-01,1.650e-01,5.298e-01,5.570e-02,2.543e-01,5.950e-01,1.497e-01,5.152e-01,7.517e-02,3.623e-01
MGI:2444773,MAVS,29233,positive regulation of tumor necrosis factor production,GO:0032760,biological process,40,3.0,3.931e-01,2.842e-01,1.777e-01,5.232e-01,2.642e-02,2.812e-01,5.495e-01,1.679e-01,4.812e-01,1.252e-01,2.523e-01
MGI:2444773,MAVS,29233,signaling adaptor activity,GO:0035591,molecular function,40,5.0,3.944e-01,2.837e-01,1.639e-01,5.241e-01,7.683e-02,2.309e-01,6.737e-01,1.451e-01,5.547e-01,5.854e-02,4.589e-01
MGI:2444773,MAVS,29233,negative regulation of viral genome replication,GO:0045071,biological process,40,4.0,3.954e-01,3.020e-01,1.658e-01,5.332e-01,3.929e-02,2.899e-01,5.391e-01,2.147e-01,4.247e-01,9.614e-02,2.859e-01
MGI:2444773,MAVS,29233,positive regulation of canonical NF-kappaB signal transduction,GO:0043123,biological process,40,4.0,3.963e-01,2.804e-01,1.778e-01,5.179e-01,4.909e-02,2.660e-01,5.905e-01,1.541e-01,5.105e-01,9.146e-02,3.458e-01
MGI:2444773,MAVS,29233,molecular adaptor activity,GO:0060090,molecular function,40,6.0,3.999e-01,2.901e-01,1.857e-01,5.078e-01,5.870e-02,2.417e-01,6.619e-01,1.586e-01,5.304e-01,8.930e-02,3.859e-01
MGI:2444773,MAVS,29233,regulation of peroxisome organization,GO:1900063,biological process,40,3.0,4.137e-01,2.891e-01,2.029e-01,4.962e-01,3.853e-02,2.946e-01,5.808e-01,1.686e-01,4.959e-01,1.240e-01,3.318e-01
MGI:2444773,MAVS,29233,positive regulation of protein import into nucleus,GO:0042307,biological process,40,5.0,4.155e-01,2.891e-01,2.071e-01,4.924e-01,3.808e-02,2.906e-01,5.940e-01,1.686e-01,4.959e-01,1.270e-01,3.378e-01
MGI:2444773,MAVS,29233,positive regulation of response to cytokine stimulus,GO:0060760,biological process,40,6.0,4.192e-01,3.172e-01,1.855e-01,4.743e-01,1.275e-01,2.043e-01,8.599e-01,1.296e-01,7.763e-01,4.481e-02,7.679e-01
MGI:2444773,MAVS,29233,positive regulation of type I interferon-mediated signaling pathway,GO:0060340,biological process,40,4.0,4.308e-01,3.231e-01,1.971e-01,4.679e-01,1.183e-01,2.182e-01,8.507e-01,1.362e-01,7.666e-01,4.822e-02,8.056e-01
MGI:2444773,MAVS,29233,signal transduction,GO:0007165,biological process,40,44.0,4.388e-01,3.124e-01,2.202e-01,4.759e-01,5.560e-02,3.009e-01,6.401e-01,1.685e-01,5.793e-01,1.149e-01,4.222e-01
MGI:2444773,MAVS,29233,cytoplasmic pattern recognition receptor signaling pathway,GO:0002753,biological process,40,10.0,4.431e-01,3.172e-01,2.077e-01,4.720e-01,9.275e-02,2.611e-01,7.518e-01,1.476e-01,6.815e-01,6.941e-02,6.215e-01
MGI:2444773,MAVS,29233,peroxisomal membrane,GO:0005778,cellular component,40,4.0,4.467e-01,3.108e-01,2.431e-01,4.591e-01,4.340e-02,2.979e-01,6.696e-01,1.800e-01,5.366e-01,1.453e-01,4.069e-01
MGI:2444773,MAVS,29233,positive regulation of defense response to virus by host,GO:0002230,biological process,40,2.0,4.568e-01,3.270e-01,2.485e-01,4.374e-01,8.821e-02,2.521e-01,8.277e-01,1.491e-01,7.174e-01,8.556e-02,7.218e-01
MGI:2444773,MAVS,29233,cellular response to exogenous dsRNA,GO:0071360,biological process,40,4.0,4.609e-01,3.434e-01,2.679e-01,4.440e-01,4.792e-03,3.814e-01,5.570e-01,2.793e-01,4.223e-01,2.538e-01,2.827e-01
MGI:2444773,MAVS,29233,positive regulation of IP-10 production,GO:0071660,biological process,40,3.0,4.636e-01,3.420e-01,2.536e-01,4.504e-01,4.387e-02,3.502e-01,6.137e-01,2.197e-01,5.322e-01,1.573e-01,4.089e-01
MGI:2444773,MAVS,29233,protein binding,GO:0005515,molecular function,40,161.0,4.713e-01,3.321e-01,2.854e-01,4.273e-01,3.344e-02,3.361e-01,6.610e-01,2.162e-01,5.101e-01,1.976e-01,4.123e-01
MGI:2444773,MAVS,29233,positive regulation of chemokine (C-C motif) ligand 5 production,GO:0071651,biological process,40,3.0,4.747e-01,3.420e-01,2.685e-01,4.382e-01,4.341e-02,3.654e-01,6.167e-01,2.197e-01,5.322e-01,1.689e-01,4.269e-01
MGI:2444773,MAVS,29233,positive regulation of protein phosphorylation,GO:0001934,biological process,40,13.0,4.868e-01,3.457e-01,2.958e-01,4.084e-01,6.917e-02,2.942e-01,8.055e-01,1.721e-01,6.945e-01,1.367e-01,6.403e-01
MGI:2444773,MAVS,29233,RIG-I binding,GO:0039552,molecular function,40,2.0,5.332e-01,3.896e-01,3.557e-01,3.684e-01,6.143e-02,3.417e-01,8.321e-01,2.183e-01,6.951e-01,1.865e-01,6.786e-01
MGI:2444773,MAVS,29233,CARD domain binding,GO:0050700,molecular function,40,2.0,5.629e-01,4.177e-01,4.003e-01,3.437e-01,4.652e-02,3.927e-01,8.069e-01,2.647e-01,6.591e-01,2.578e-01,6.216e-01
MGI:94917,DPEP1,3002,metallodipeptidase activity,GO:0070573,molecular function,20,3.0,3.260e-01,5.499e-01,7.424e-02,6.621e-01,5.034e-02,2.164e-01,4.911e-01,2.145e-01,1.410e+00,3.252e-02,1.695e-01
MGI:94917,DPEP1,3002,dipeptidase activity,GO:0016805,molecular function,20,5.0,3.507e-01,5.499e-01,9.003e-02,6.281e-01,7.756e-02,2.333e-01,5.273e-01,2.145e-01,1.410e+00,2.634e-02,3.077e-01
MGI:94917,DPEP1,3002,negative regulation of cysteine-type endopeptidase activity involved in apoptotic process,GO:0043154,biological process,20,7.0,3.945e-01,5.499e-01,1.097e-01,5.745e-01,1.302e-01,2.184e-01,7.125e-01,2.145e-01,1.410e+00,1.725e-02,6.974e-01
MGI:94917,DPEP1,3002,leukotriene D4 catabolic process,GO:1901749,biological process,20,6.0,4.420e-01,6.451e-01,2.441e-01,4.591e-01,4.025e-02,3.003e-01,6.505e-01,3.431e-01,1.213e+00,1.558e-01,3.827e-01
MGI:94917,DPEP1,3002,cell junction,GO:0030054,cellular component,20,5.0,4.861e-01,5.860e-01,2.696e-01,4.020e-01,1.180e-01,2.664e-01,8.868e-01,2.587e-01,1.328e+00,8.316e-02,8.738e-01
MGI:94917,DPEP1,3002,homocysteine metabolic process,GO:0050667,biological process,20,6.0,5.118e-01,5.860e-01,2.888e-01,4.036e-01,8.981e-02,3.113e-01,8.414e-01,2.587e-01,1.328e+00,1.017e-01,8.203e-01
MGI:94917,DPEP1,3002,zinc ion binding,GO:0008270,molecular function,20,2.0,5.262e-01,5.860e-01,2.843e-01,3.970e-01,1.066e-01,3.128e-01,8.852e-01,2.587e-01,1.328e+00,8.827e-02,9.154e-01
MGI:94917,DPEP1,3002,negative regulation of cell migration,GO:0030336,biological process,20,26.0,5.758e-01,5.860e-01,3.617e-01,3.286e-01,1.187e-01,3.213e-01,1.032e+00,2.587e-01,1.328e+00,1.047e-01,1.249e+00
MGI:94917,DPEP1,3002,apical part of cell,GO:0045177,cellular component,20,2.0,5.769e-01,5.860e-01,3.754e-01,3.068e-01,1.322e-01,3.151e-01,1.056e+00,2.587e-01,1.328e+00,1.078e-01,1.307e+00
MGI:94917,DPEP1,3002,antibiotic metabolic process,GO:0016999,biological process,20,12.0,5.843e-01,6.447e-01,4.044e-01,3.252e-01,8.224e-02,3.661e-01,9.323e-01,3.423e-01,1.214e+00,1.806e-01,9.053e-01
MGI:94917,DPEP1,3002,cysteine-type endopeptidase inhibitor activity involved in apoptotic process,GO:0043027,molecular function,20,3.0,5.898e-01,6.804e-01,4.550e-01,2.944e-01,7.883e-02,3.869e-01,8.991e-01,4.008e-01,1.155e+00,2.521e-01,8.215e-01
MGI:94917,DPEP1,3002,modified amino acid binding,GO:0072341,molecular function,20,10.0,6.107e-01,6.514e-01,4.335e-01,2.968e-01,9.623e-02,3.676e-01,1.015e+00,3.434e-01,1.235e+00,1.801e-01,1.043e+00
MGI:94917,DPEP1,3002,plasma membrane,GO:0005886,cellular component,20,22.0,6.484e-01,6.451e-01,5.163e-01,2.203e-01,1.195e-01,3.836e-01,1.096e+00,3.431e-01,1.213e+00,2.150e-01,1.240e+00
MGI:94917,DPEP1,3002,negative regulation of apoptotic process,GO:0043066,biological process,20,22.0,6.713e-01,6.958e-01,5.491e-01,2.554e-01,3.738e-02,5.310e-01,8.488e-01,4.278e-01,1.132e+00,4.089e-01,7.375e-01
MGI:94917,DPEP1,3002,extracellular exosome,GO:0070062,cellular component,20,19.0,6.798e-01,6.804e-01,5.802e-01,2.053e-01,9.228e-02,4.590e-01,1.007e+00,4.008e-01,1.155e+00,3.284e-01,1.025e+00
MGI:94917,DPEP1,3002,nucleoplasm,GO:0005654,cellular component,20,12.0,6.829e-01,6.804e-01,5.829e-01,1.992e-01,9.686e-02,4.496e-01,1.037e+00,4.008e-01,1.155e+00,3.127e-01,1.087e+00
MGI:94917,DPEP1,3002,cellular response to xenobiotic stimulus,GO:0071466,biological process,20,3.0,6.886e-01,6.874e-01,5.787e-01,2.223e-01,7.091e-02,4.778e-01,9.925e-01,4.023e-01,1.175e+00,3.380e-01,9.908e-01
MGI:94917,DPEP1,3002,beta-lactamase activity,GO:0008800,molecular function,20,4.0,6.993e-01,6.804e-01,6.059e-01,1.931e-01,8.726e-02,4.829e-01,1.013e+00,4.008e-01,1.155e+00,3.510e-01,1.046e+00
MGI:94917,DPEP1,3002,protein binding,GO:0005515,molecular function,20,161.0,7.978e-01,7.372e-01,7.372e-01,9.981e-02,9.028e-02,5.820e-01,1.094e+00,4.671e-01,1.164e+00,4.671e-01,1.164e+00
MGI:2152214,PIP4K2C,23786,"1-phosphatidyl-1D-myo-inositol 4,5-bisphosphate biosynthetic process",GO:1902635,biological process,18,3.0,3.096e-01,1.911e-01,2.354e-02,8.258e-01,2.742e-02,2.125e-01,4.512e-01,8.949e-02,4.079e-01,1.437e-02,3.854e-02
MGI:2152214,PIP4K2C,23786,intracellular organelle,GO:0043229,cellular component,18,4.0,3.104e-01,1.921e-01,3.752e-02,7.624e-01,3.569e-02,2.120e-01,4.543e-01,9.086e-02,4.061e-01,2.047e-02,6.875e-02
MGI:2152214,PIP4K2C,23786,phosphatidylinositol phosphate biosynthetic process,GO:0046854,biological process,18,7.0,3.172e-01,1.911e-01,4.511e-02,7.359e-01,5.461e-02,2.198e-01,4.577e-01,8.949e-02,4.079e-01,1.786e-02,1.139e-01
MGI:2152214,PIP4K2C,23786,positive regulation of autophagosome assembly,GO:2000786,biological process,18,6.0,3.376e-01,2.054e-01,6.223e-02,6.870e-01,7.386e-02,2.303e-01,4.948e-01,9.222e-02,4.573e-01,1.790e-02,2.163e-01
MGI:2152214,PIP4K2C,23786,autophagosome,GO:0005776,cellular component,18,5.0,3.480e-01,2.433e-01,9.148e-02,6.323e-01,3.468e-02,2.642e-01,4.585e-01,1.716e-01,3.451e-01,5.360e-02,1.561e-01
MGI:2152214,PIP4K2C,23786,1-phosphatidylinositol-4-phosphate 5-kinase activity,GO:0016308,molecular function,18,2.0,3.663e-01,2.670e-01,1.401e-01,5.602e-01,4.983e-02,2.379e-01,5.641e-01,1.281e-01,5.566e-01,6.980e-02,2.813e-01
MGI:2152214,PIP4K2C,23786,1-phosphatidylinositol-5-phosphate 4-kinase activity,GO:0016309,molecular function,18,2.0,3.671e-01,2.670e-01,1.404e-01,5.595e-01,5.131e-02,2.369e-01,5.690e-01,1.281e-01,5.566e-01,6.895e-02,2.860e-01
MGI:2152214,PIP4K2C,23786,regulation of autophagy,GO:0010506,biological process,18,8.0,4.035e-01,3.130e-01,1.720e-01,5.209e-01,5.989e-02,2.760e-01,5.899e-01,1.910e-01,5.129e-01,7.458e-02,3.967e-01
MGI:2152214,PIP4K2C,23786,identical protein binding,GO:0042802,molecular function,18,8.0,4.490e-01,3.552e-01,2.332e-01,4.533e-01,8.240e-02,2.567e-01,7.852e-01,1.404e-01,8.989e-01,8.203e-02,6.629e-01
MGI:2152214,PIP4K2C,23786,plasma membrane,GO:0005886,cellular component,18,22.0,4.754e-01,3.697e-01,2.704e-01,4.065e-01,1.094e-01,2.475e-01,9.131e-01,1.388e-01,9.845e-01,8.014e-02,9.125e-01
MGI:2152214,PIP4K2C,23786,nucleoplasm,GO:0005654,cellular component,18,12.0,4.938e-01,3.671e-01,2.837e-01,3.996e-01,1.026e-01,2.598e-01,9.386e-01,1.408e-01,9.573e-01,8.516e-02,9.454e-01
MGI:2152214,PIP4K2C,23786,cytosol,GO:0005829,cellular component,18,15.0,4.955e-01,3.746e-01,2.941e-01,3.977e-01,9.263e-02,2.704e-01,9.080e-01,1.494e-01,9.393e-01,1.005e-01,8.605e-01
MGI:2152214,PIP4K2C,23786,negative regulation of insulin receptor signaling pathway,GO:0046627,biological process,18,5.0,5.005e-01,4.215e-01,3.005e-01,4.110e-01,5.295e-02,3.526e-01,7.103e-01,2.596e-01,6.845e-01,1.654e-01,5.459e-01
MGI:2152214,PIP4K2C,23786,extracellular exosome,GO:0070062,cellular component,18,19.0,5.163e-01,3.937e-01,3.260e-01,3.786e-01,8.472e-02,2.961e-01,9.001e-01,1.729e-01,8.963e-01,1.282e-01,8.292e-01
MGI:2152214,PIP4K2C,23786,protein binding,GO:0005515,molecular function,18,161.0,6.133e-01,4.784e-01,4.561e-01,2.678e-01,1.132e-01,3.363e-01,1.118e+00,1.922e-01,1.191e+00,1.670e-01,1.245e+00
MGI:2386052,CERK,19256,phosphorylation,GO:0016310,biological process,7,9.0,3.251e-01,2.987e-01,6.653e-02,6.797e-01,4.279e-02,2.328e-01,4.541e-01,1.718e-01,5.193e-01,3.245e-02,1.364e-01
MGI:2386052,CERK,19256,ceramide metabolic process,GO:0006672,biological process,7,8.0,3.825e-01,2.987e-01,1.388e-01,5.656e-01,3.375e-02,3.152e-01,4.643e-01,1.718e-01,5.193e-01,8.773e-02,2.196e-01
MGI:2386052,CERK,19256,membrane,GO:0016020,cellular component,7,28.0,3.946e-01,3.178e-01,1.743e-01,5.272e-01,2.016e-02,2.917e-01,5.337e-01,1.859e-01,5.435e-01,1.342e-01,2.264e-01
MGI:2386052,CERK,19256,ceramide kinase activity,GO:0001729,molecular function,7,2.0,4.382e-01,3.265e-01,1.827e-01,5.088e-01,6.507e-02,3.392e-01,5.661e-01,1.586e-01,6.724e-01,8.397e-02,3.977e-01
MGI:2386052,CERK,19256,plasma membrane,GO:0005886,cellular component,7,22.0,4.783e-01,3.474e-01,2.315e-01,4.539e-01,8.683e-02,3.225e-01,7.093e-01,1.734e-01,6.959e-01,9.172e-02,5.841e-01
MGI:2386052,CERK,19256,magnesium ion binding,GO:0000287,molecular function,7,2.0,5.663e-01,4.595e-01,3.935e-01,3.459e-01,5.334e-02,3.937e-01,8.147e-01,2.672e-01,7.904e-01,2.317e-01,6.682e-01
MGI:2386052,CERK,19256,protein binding,GO:0005515,molecular function,7,161.0,5.837e-01,4.091e-01,3.887e-01,3.307e-01,9.144e-02,4.061e-01,8.390e-01,2.090e-01,8.010e-01,1.899e-01,7.955e-01
MGI:1859646,GOLGA4,4427,GTPase binding,GO:0051020,molecular function,11,3.0,3.350e-01,2.649e-01,8.584e-02,6.392e-01,5.021e-02,2.147e-01,5.228e-01,7.526e-02,9.324e-01,3.917e-02,1.881e-01
MGI:1859646,GOLGA4,4427,Golgi vesicle transport,GO:0048193,biological process,11,9.0,3.466e-01,2.649e-01,9.974e-02,6.171e-01,4.745e-02,2.282e-01,5.263e-01,7.526e-02,9.324e-01,4.698e-02,2.117e-01
MGI:1859646,GOLGA4,4427,Golgi to plasma membrane protein transport,GO:0043001,biological process,11,4.0,3.602e-01,2.649e-01,8.779e-02,6.282e-01,9.478e-02,2.336e-01,5.555e-01,7.526e-02,9.324e-01,1.930e-02,3.993e-01
MGI:1859646,GOLGA4,4427,positive regulation of axon extension,GO:0045773,biological process,11,7.0,3.608e-01,2.663e-01,1.216e-01,5.784e-01,7.019e-02,2.244e-01,5.800e-01,7.509e-02,9.441e-01,4.369e-02,3.386e-01
MGI:1859646,GOLGA4,4427,small GTPase binding,GO:0031267,molecular function,11,4.0,4.015e-01,2.943e-01,1.129e-01,5.252e-01,1.840e-01,1.763e-01,9.143e-01,7.121e-02,1.216e+00,1.514e-02,8.417e-01
MGI:1859646,GOLGA4,4427,Golgi apparatus,GO:0005794,cellular component,11,6.0,4.278e-01,2.891e-01,1.479e-01,5.227e-01,1.267e-01,2.398e-01,7.630e-01,7.425e-02,1.126e+00,2.404e-02,9.095e-01
MGI:1859646,GOLGA4,4427,extracellular exosome,GO:0070062,cellular component,11,19.0,4.605e-01,3.330e-01,2.591e-01,3.925e-01,1.421e-01,2.234e-01,9.497e-01,1.002e-01,1.107e+00,7.245e-02,9.266e-01
MGI:1859646,GOLGA4,4427,nucleoplasm,GO:0005654,cellular component,11,12.0,4.771e-01,3.417e-01,2.785e-01,3.696e-01,1.480e-01,2.289e-01,9.948e-01,1.025e-01,1.138e+00,7.369e-02,1.053e+00
MGI:1859646,GOLGA4,4427,cytoplasm,GO:0005737,cellular component,11,19.0,4.924e-01,3.417e-01,3.071e-01,3.566e-01,1.364e-01,2.433e-01,9.968e-01,1.025e-01,1.138e+00,9.021e-02,1.045e+00
MGI:1859646,GOLGA4,4427,protein binding,GO:0005515,molecular function,11,161.0,5.441e-01,3.779e-01,3.779e-01,3.021e-01,1.363e-01,2.908e-01,1.018e+00,1.347e-01,1.060e+00,1.347e-01,1.060e+00
MGI:2153044,ELMO1,16286,actin cytoskeleton organization,GO:0030036,biological process,12,12.0,3.563e-01,5.751e-01,1.179e-01,5.934e-01,2.878e-02,2.659e-01,4.775e-01,3.733e-01,8.859e-01,7.765e-02,1.789e-01
MGI:2153044,ELMO1,16286,guanyl-nucleotide exchange factor complex,GO:0032045,cellular component,12,5.0,4.533e-01,5.751e-01,2.161e-01,4.607e-01,9.971e-02,2.595e-01,7.918e-01,3.733e-01,8.859e-01,7.161e-02,6.524e-01
MGI:2153044,ELMO1,16286,actin filament organization,GO:0007015,biological process,12,13.0,4.575e-01,5.751e-01,2.395e-01,4.439e-01,9.057e-02,2.645e-01,7.911e-01,3.733e-01,8.859e-01,8.349e-02,6.870e-01
MGI:2153044,ELMO1,16286,cell motility,GO:0048870,biological process,12,14.0,4.608e-01,6.068e-01,2.340e-01,4.674e-01,4.173e-02,4.091e-01,5.190e-01,4.280e-01,8.604e-01,1.425e-01,3.843e-01
MGI:2153044,ELMO1,16286,guanyl-nucleotide exchange factor activity,GO:0005085,molecular function,12,3.0,5.067e-01,5.948e-01,3.121e-01,4.023e-01,5.307e-02,3.746e-01,6.854e-01,4.072e-01,8.687e-01,1.849e-01,5.268e-01
MGI:2153044,ELMO1,16286,membrane,GO:0016020,cellular component,12,28.0,5.192e-01,6.165e-01,3.257e-01,3.802e-01,8.176e-02,3.037e-01,8.875e-01,3.950e-01,9.621e-01,1.338e-01,7.929e-01
MGI:2153044,ELMO1,16286,"phagocytosis, engulfment",GO:0006911,biological process,12,3.0,5.204e-01,5.948e-01,3.169e-01,3.868e-01,8.279e-02,3.375e-01,8.025e-01,4.072e-01,8.687e-01,1.480e-01,6.782e-01
MGI:2153044,ELMO1,16286,plasma membrane,GO:0005886,cellular component,12,22.0,6.252e-01,6.460e-01,4.857e-01,2.864e-01,5.628e-02,4.328e-01,9.033e-01,4.383e-01,9.521e-01,2.966e-01,7.953e-01
MGI:2153044,ELMO1,16286,cytoplasm,GO:0005737,cellular component,12,19.0,6.348e-01,6.460e-01,4.854e-01,2.790e-01,7.169e-02,4.170e-01,9.664e-01,4.383e-01,9.521e-01,2.671e-01,8.822e-01
MGI:2153044,ELMO1,16286,Rac protein signal transduction,GO:0016601,biological process,12,2.0,6.478e-01,6.505e-01,4.986e-01,2.837e-01,4.290e-02,5.132e-01,8.177e-01,4.608e-01,9.184e-01,3.601e-01,6.904e-01
MGI:2153044,ELMO1,16286,SH3 domain binding,GO:0017124,molecular function,12,2.0,7.414e-01,6.795e-01,6.412e-01,2.014e-01,3.758e-02,6.102e-01,9.009e-01,5.069e-01,9.109e-01,5.042e-01,8.154e-01
MGI:2153044,ELMO1,16286,protein binding,GO:0005515,molecular function,12,161.0,7.564e-01,6.833e-01,6.638e-01,1.646e-01,7.661e-02,5.419e-01,1.056e+00,4.608e-01,1.013e+00,4.241e-01,1.039e+00
MGI:1926005,PABIR2,30490,,,,0,nan,,,,,,,,,,,
MGI:1277103,NUDCD2,30535,unfolded protein binding,GO:0051082,molecular function,8,2.0,3.817e-01,8.533e-01,1.665e-01,5.349e-01,2.736e-02,2.694e-01,5.408e-01,6.892e-01,1.056e+00,1.148e-01,2.414e-01
MGI:1277103,NUDCD2,30535,protein folding,GO:0006457,biological process,8,8.0,6.028e-01,8.533e-01,4.315e-01,3.145e-01,6.957e-02,4.046e-01,8.981e-01,6.892e-01,1.056e+00,2.344e-01,7.941e-01
MGI:1277103,NUDCD2,30535,microtubule cytoskeleton,GO:0015630,cellular component,8,3.0,7.544e-01,8.533e-01,6.690e-01,1.856e-01,3.544e-02,6.256e-01,9.097e-01,6.892e-01,1.056e+00,5.400e-01,8.288e-01
MGI:1277103,NUDCD2,30535,mitotic spindle,GO:0072686,cellular component,8,2.0,7.627e-01,8.533e-01,6.766e-01,1.769e-01,4.540e-02,6.205e-01,9.376e-01,6.892e-01,1.056e+00,5.220e-01,8.770e-01
MGI:1277103,NUDCD2,30535,intercellular bridge,GO:0045171,cellular component,8,4.0,7.637e-01,8.533e-01,6.855e-01,1.715e-01,4.552e-02,6.063e-01,9.620e-01,6.892e-01,1.056e+00,5.156e-01,9.115e-01
MGI:1277103,NUDCD2,30535,cytosol,GO:0005829,cellular component,8,15.0,7.918e-01,8.533e-01,7.320e-01,1.481e-01,3.243e-02,6.697e-01,9.362e-01,6.892e-01,1.056e+00,6.194e-01,8.652e-01
MGI:1277103,NUDCD2,30535,cytoplasm,GO:0005737,cellular component,8,19.0,7.967e-01,8.533e-01,7.416e-01,1.260e-01,6.125e-02,6.145e-01,1.033e+00,6.892e-01,1.056e+00,5.311e-01,1.036e+00
MGI:1277103,NUDCD2,30535,protein binding,GO:0005515,molecular function,8,161.0,8.779e-01,8.533e-01,8.533e-01,4.669e-02,5.503e-02,7.298e-01,1.056e+00,6.892e-01,1.056e+00,6.892e-01,1.056e+00
MGI:109568,WBP4,12739,proline-rich region binding,GO:0070064,molecular function,10,3.0,3.096e-01,6.679e-02,8.063e-03,9.175e-01,1.266e-02,2.125e-01,4.512e-01,3.907e-02,1.142e-01,4.472e-03,1.454e-02
MGI:109568,WBP4,12739,"mRNA cis splicing, via spliceosome",GO:0045292,biological process,10,2.0,3.096e-01,6.679e-02,1.629e-02,8.690e-01,1.668e-02,2.125e-01,4.512e-01,3.907e-02,1.142e-01,1.054e-02,2.518e-02
MGI:109568,WBP4,12739,"mRNA splicing, via spliceosome",GO:0000398,biological process,10,7.0,3.096e-01,6.887e-02,2.760e-02,8.058e-01,1.512e-02,2.125e-01,4.512e-01,4.021e-02,1.179e-01,2.154e-02,3.537e-02
MGI:109568,WBP4,12739,U2-type precatalytic spliceosome,GO:0071005,cellular component,10,3.0,3.165e-01,7.326e-02,2.465e-02,8.157e-01,4.848e-02,2.203e-01,4.546e-01,3.605e-02,1.489e-01,1.014e-02,5.993e-02
MGI:109568,WBP4,12739,precatalytic spliceosome,GO:0071011,cellular component,10,4.0,3.257e-01,7.636e-02,3.796e-02,7.591e-01,5.511e-02,2.294e-01,4.623e-01,3.693e-02,1.579e-01,1.488e-02,9.685e-02
MGI:109568,WBP4,12739,nuclear speck,GO:0016607,cellular component,10,4.0,3.288e-01,1.084e-01,6.845e-02,6.754e-01,4.310e-02,2.276e-01,4.749e-01,5.544e-02,2.118e-01,3.317e-02,1.412e-01
MGI:109568,WBP4,12739,RNA splicing,GO:0008380,biological process,10,5.0,3.362e-01,1.108e-01,7.702e-02,6.576e-01,4.073e-02,2.375e-01,4.760e-01,5.705e-02,2.151e-01,4.073e-02,1.457e-01
MGI:109568,WBP4,12739,nucleus,GO:0005634,cellular component,10,21.0,3.942e-01,1.844e-01,1.520e-01,5.335e-01,8.702e-02,2.265e-01,6.860e-01,6.567e-02,5.175e-01,4.492e-02,5.140e-01
MGI:109568,WBP4,12739,RNA binding,GO:0003723,molecular function,10,30.0,4.231e-01,2.173e-01,2.017e-01,4.987e-01,3.094e-02,3.437e-01,5.209e-01,1.624e-01,2.907e-01,1.382e-01,2.944e-01
MGI:109568,WBP4,12739,protein binding,GO:0005515,molecular function,10,161.0,4.308e-01,2.555e-01,2.299e-01,4.724e-01,3.424e-02,3.030e-01,6.125e-01,1.686e-01,3.871e-01,1.517e-01,3.484e-01
MGI:2135760,SGPP1,17720,endoplasmic reticulum membrane,GO:0005789,cellular component,5,8.0,3.096e-01,2.868e-02,9.654e-03,8.816e-01,3.292e-02,2.125e-01,4.512e-01,9.707e-03,8.473e-02,1.986e-03,4.693e-02
MGI:2135760,SGPP1,17720,phospholipid dephosphorylation,GO:0046839,biological process,5,4.0,3.096e-01,3.765e-02,2.181e-02,8.404e-01,4.106e-03,2.125e-01,4.512e-01,2.143e-02,6.614e-02,2.031e-02,2.342e-02
MGI:2135760,SGPP1,17720,ER to Golgi ceramide transport,GO:0035621,biological process,5,3.0,3.096e-01,3.923e-02,2.986e-02,7.940e-01,2.405e-02,2.125e-01,4.512e-01,2.099e-02,7.333e-02,2.003e-02,4.453e-02
MGI:2135760,SGPP1,17720,sphingosine-1-phosphate phosphatase activity,GO:0042392,molecular function,5,2.0,3.153e-01,3.600e-02,2.117e-02,8.126e-01,5.842e-02,2.209e-01,4.502e-01,1.374e-02,9.435e-02,5.324e-03,8.416e-02
MGI:2135760,SGPP1,17720,sphingosine metabolic process,GO:0006670,biological process,5,5.0,3.168e-01,5.139e-02,5.109e-02,7.191e-01,5.075e-02,2.214e-01,4.533e-01,2.216e-02,1.192e-01,2.179e-02,1.198e-01
MGI:2138935,EEIG1,31419,protein binding,GO:0005515,molecular function,1,161.0,7.637e-01,6.872e-01,6.872e-01,1.794e-01,1.659e-02,6.767e-01,8.618e-01,6.215e-01,7.598e-01,6.215e-01,7.598e-01
MGI:105940,RENBP,9959,N-acetylglucosamine metabolic process,GO:0006044,biological process,7,4.0,3.810e-01,5.893e-01,1.567e-01,5.403e-01,5.359e-02,2.437e-01,5.959e-01,4.334e-01,8.011e-01,7.915e-02,3.101e-01
MGI:105940,RENBP,9959,identical protein binding,GO:0042802,molecular function,7,8.0,4.781e-01,5.893e-01,2.875e-01,4.189e-01,5.913e-02,3.045e-01,7.506e-01,4.334e-01,8.011e-01,1.531e-01,5.399e-01
MGI:105940,RENBP,9959,N-acetylmannosamine metabolic process,GO:0006051,biological process,7,4.0,5.196e-01,5.893e-01,3.432e-01,3.673e-01,8.313e-02,3.175e-01,8.504e-01,4.334e-01,8.011e-01,1.598e-01,7.369e-01
MGI:105940,RENBP,9959,extracellular exosome,GO:0070062,cellular component,7,19.0,5.627e-01,5.893e-01,4.063e-01,3.423e-01,3.872e-02,4.086e-01,7.748e-01,4.334e-01,8.011e-01,2.904e-01,5.684e-01
MGI:105940,RENBP,9959,N-acylglucosamine 2-epimerase activity,GO:0050121,molecular function,7,2.0,6.557e-01,6.437e-01,5.246e-01,2.611e-01,5.992e-02,4.665e-01,9.217e-01,4.689e-01,8.836e-01,3.218e-01,8.550e-01
MGI:105940,RENBP,9959,protein binding,GO:0005515,molecular function,7,161.0,6.712e-01,6.425e-01,5.683e-01,2.389e-01,5.188e-02,5.040e-01,8.938e-01,5.174e-01,7.979e-01,4.039e-01,7.996e-01
MGI:105940,RENBP,9959,peptidase inhibitor activity,GO:0030414,molecular function,7,5.0,6.991e-01,6.850e-01,5.737e-01,2.409e-01,3.793e-02,5.748e-01,8.503e-01,5.492e-01,8.543e-01,4.433e-01,7.424e-01
MGI:1919154,PAQR7,23146,steroid binding,GO:0005496,molecular function,5,13.0,4.465e-01,2.765e-01,1.182e-01,5.505e-01,1.374e-01,2.708e-01,7.362e-01,9.593e-02,7.972e-01,2.292e-02,6.101e-01
MGI:1919154,PAQR7,23146,response to steroid hormone,GO:0048545,biological process,5,8.0,4.670e-01,4.574e-01,2.325e-01,4.657e-01,5.300e-02,4.141e-01,5.268e-01,2.055e-01,1.018e+00,1.218e-01,4.439e-01
MGI:1919154,PAQR7,23146,nuclear steroid receptor activity,GO:0003707,molecular function,5,4.0,4.796e-01,2.821e-01,1.624e-01,4.754e-01,1.607e-01,2.582e-01,8.909e-01,9.420e-02,8.451e-01,3.126e-02,8.434e-01
MGI:1919154,PAQR7,23146,plasma membrane,GO:0005886,cellular component,5,22.0,6.193e-01,5.919e-01,4.643e-01,3.102e-01,1.804e-02,5.785e-01,6.630e-01,4.286e-01,8.173e-01,3.972e-01,5.426e-01
MGI:1919154,PAQR7,23146,protein binding,GO:0005515,molecular function,5,161.0,6.804e-01,6.031e-01,5.430e-01,2.620e-01,2.562e-02,6.445e-01,7.184e-01,4.360e-01,8.343e-01,4.451e-01,6.625e-01
MGI:1100500,FLOT1,3757,plasma membrane raft organization,GO:0044857,biological process,46,3.0,3.172e-01,4.934e-01,5.163e-02,7.160e-01,3.993e-02,2.198e-01,4.577e-01,3.176e-01,7.667e-01,2.641e-02,1.009e-01
MGI:1100500,FLOT1,3757,endosome,GO:0005768,cellular component,46,11.0,3.172e-01,4.934e-01,5.635e-02,7.037e-01,2.894e-02,2.198e-01,4.577e-01,3.176e-01,7.667e-01,3.461e-02,9.175e-02
MGI:1100500,FLOT1,3757,cell-cell contact zone,GO:0044291,cellular component,46,4.0,3.172e-01,4.934e-01,6.070e-02,6.933e-01,3.928e-02,2.198e-01,4.577e-01,3.176e-01,7.667e-01,3.135e-02,1.175e-01
MGI:1100500,FLOT1,3757,plasma membrane raft assembly,GO:0044854,biological process,46,4.0,3.253e-01,4.934e-01,7.429e-02,6.639e-01,3.565e-02,2.148e-01,4.925e-01,3.176e-01,7.667e-01,4.219e-02,1.308e-01
MGI:1100500,FLOT1,3757,adherens junction,GO:0005912,cellular component,46,6.0,3.395e-01,4.934e-01,8.813e-02,6.381e-01,3.626e-02,2.283e-01,5.048e-01,3.176e-01,7.667e-01,4.900e-02,1.585e-01
MGI:1100500,FLOT1,3757,cytoplasmic vesicle,GO:0031410,cellular component,46,29.0,3.442e-01,4.934e-01,1.041e-01,6.130e-01,2.869e-02,2.342e-01,5.058e-01,3.176e-01,7.667e-01,6.775e-02,1.601e-01
MGI:1100500,FLOT1,3757,early endosome,GO:0005769,cellular component,46,4.0,3.444e-01,5.170e-01,9.784e-02,6.236e-01,2.693e-02,2.480e-01,4.782e-01,3.627e-01,7.370e-01,6.360e-02,1.505e-01
MGI:1100500,FLOT1,3757,focal adhesion,GO:0005925,cellular component,46,4.0,3.681e-01,5.170e-01,1.421e-01,5.601e-01,4.114e-02,2.457e-01,5.514e-01,3.627e-01,7.370e-01,8.191e-02,2.464e-01
MGI:1100500,FLOT1,3757,protein localization to plasma membrane,GO:0072659,biological process,46,5.0,3.929e-01,5.131e-01,1.765e-01,5.204e-01,4.524e-02,2.627e-01,5.874e-01,3.550e-01,7.416e-01,9.514e-02,3.276e-01
MGI:1100500,FLOT1,3757,positive regulation of interferon-beta production,GO:0032728,biological process,46,4.0,3.953e-01,5.170e-01,1.752e-01,5.265e-01,1.951e-02,2.977e-01,5.248e-01,3.627e-01,7.370e-01,1.352e-01,2.270e-01
MGI:1100500,FLOT1,3757,positive regulation of endocytosis,GO:0045807,biological process,46,10.0,3.995e-01,4.942e-01,1.482e-01,5.361e-01,9.274e-02,2.450e-01,6.516e-01,3.178e-01,7.683e-01,3.829e-02,5.734e-01
MGI:1100500,FLOT1,3757,membrane raft,GO:0045121,cellular component,46,3.0,4.093e-01,5.170e-01,2.011e-01,5.002e-01,2.471e-02,3.015e-01,5.558e-01,3.627e-01,7.370e-01,1.482e-01,2.730e-01
MGI:1100500,FLOT1,3757,regulation of receptor internalization,GO:0002090,biological process,46,6.0,4.100e-01,5.170e-01,1.881e-01,5.143e-01,8.513e-03,3.259e-01,5.157e-01,3.627e-01,7.370e-01,1.689e-01,2.094e-01
MGI:1100500,FLOT1,3757,microtubule organizing center,GO:0005815,cellular component,46,7.0,4.114e-01,5.170e-01,1.824e-01,5.164e-01,3.694e-02,3.173e-01,5.336e-01,3.627e-01,7.370e-01,1.152e-01,2.888e-01
MGI:1100500,FLOT1,3757,basolateral plasma membrane,GO:0016323,cellular component,46,2.0,4.150e-01,5.170e-01,2.124e-01,4.876e-01,3.646e-02,2.900e-01,5.939e-01,3.627e-01,7.370e-01,1.335e-01,3.379e-01
MGI:1100500,FLOT1,3757,cell-cell junction,GO:0005911,cellular component,46,15.0,4.197e-01,5.301e-01,1.795e-01,4.782e-01,1.312e-01,2.047e-01,8.605e-01,3.051e-01,9.212e-01,4.059e-02,7.934e-01
MGI:1100500,FLOT1,3757,lysosomal membrane,GO:0005765,cellular component,46,9.0,4.338e-01,5.278e-01,2.199e-01,4.834e-01,2.066e-02,3.532e-01,5.328e-01,3.843e-01,7.249e-01,1.721e-01,2.810e-01
MGI:1100500,FLOT1,3757,dsRNA transport,GO:0033227,biological process,46,2.0,4.354e-01,5.170e-01,2.091e-01,4.909e-01,3.441e-02,3.714e-01,5.105e-01,3.627e-01,7.370e-01,1.361e-01,3.213e-01
MGI:1100500,FLOT1,3757,protein kinase C signaling,GO:0070528,biological process,46,2.0,4.635e-01,5.140e-01,2.353e-01,4.459e-01,9.286e-02,2.626e-01,8.179e-01,3.137e-01,8.420e-01,7.240e-02,7.647e-01
MGI:1100500,FLOT1,3757,membrane,GO:0016020,cellular component,46,28.0,4.670e-01,5.441e-01,2.745e-01,4.276e-01,6.305e-02,2.910e-01,7.492e-01,3.512e-01,8.429e-01,1.414e-01,5.330e-01
MGI:1100500,FLOT1,3757,positive regulation of cytokine production,GO:0001819,biological process,46,54.0,4.755e-01,5.363e-01,2.863e-01,4.245e-01,4.297e-02,3.218e-01,7.025e-01,3.547e-01,8.108e-01,1.829e-01,4.482e-01
MGI:1100500,FLOT1,3757,positive regulation of cell junction assembly,GO:1901890,biological process,46,8.0,4.799e-01,5.338e-01,2.598e-01,4.121e-01,1.139e-01,2.501e-01,9.207e-01,3.070e-01,9.283e-01,6.913e-02,9.762e-01
MGI:1100500,FLOT1,3757,protein stabilization,GO:0050821,biological process,46,2.0,4.895e-01,5.524e-01,2.889e-01,4.248e-01,3.313e-02,4.091e-01,5.857e-01,4.349e-01,7.015e-01,2.043e-01,4.087e-01
MGI:1100500,FLOT1,3757,plasma membrane,GO:0005886,cellular component,46,22.0,4.920e-01,5.689e-01,2.865e-01,4.156e-01,6.982e-02,3.147e-01,7.691e-01,3.950e-01,8.192e-01,1.301e-01,6.310e-01
MGI:1100500,FLOT1,3757,cortical actin cytoskeleton,GO:0030864,cellular component,46,4.0,4.922e-01,5.593e-01,3.038e-01,3.889e-01,9.602e-02,2.700e-01,8.971e-01,3.486e-01,8.974e-01,1.096e-01,8.420e-01
MGI:1100500,FLOT1,3757,flotillin complex,GO:0016600,cellular component,46,2.0,4.966e-01,5.390e-01,3.002e-01,4.101e-01,5.697e-02,3.398e-01,7.257e-01,3.615e-01,8.036e-01,1.626e-01,5.542e-01
MGI:1100500,FLOT1,3757,positive regulation of myoblast fusion,GO:1901741,biological process,46,3.0,4.981e-01,5.309e-01,2.974e-01,4.093e-01,6.473e-02,3.481e-01,7.126e-01,3.684e-01,7.651e-01,1.572e-01,5.625e-01
MGI:1100500,FLOT1,3757,lamellipodium,GO:0030027,cellular component,46,3.0,5.191e-01,5.441e-01,3.450e-01,3.815e-01,4.378e-02,3.609e-01,7.465e-01,3.512e-01,8.429e-01,2.268e-01,5.250e-01
MGI:1100500,FLOT1,3757,regulation of neurotransmitter uptake,GO:0051580,biological process,46,8.0,5.228e-01,5.436e-01,3.432e-01,3.783e-01,5.792e-02,3.477e-01,7.862e-01,3.602e-01,8.202e-01,1.871e-01,6.297e-01
MGI:1100500,FLOT1,3757,response to endoplasmic reticulum stress,GO:0034976,biological process,46,8.0,5.300e-01,5.672e-01,3.650e-01,3.559e-01,7.532e-02,3.350e-01,8.384e-01,3.657e-01,8.799e-01,1.908e-01,6.984e-01
MGI:1100500,FLOT1,3757,extracellular exosome,GO:0070062,cellular component,46,19.0,5.341e-01,5.555e-01,3.701e-01,3.526e-01,7.462e-02,3.393e-01,8.407e-01,3.461e-01,8.916e-01,1.958e-01,6.996e-01
MGI:1100500,FLOT1,3757,extracellular matrix disassembly,GO:0022617,biological process,46,5.0,5.373e-01,5.503e-01,3.226e-01,3.374e-01,1.416e-01,2.576e-01,1.121e+00,3.099e-01,9.772e-01,7.247e-02,1.436e+00
MGI:1100500,FLOT1,3757,positive regulation of toll-like receptor 3 signaling pathway,GO:0034141,biological process,46,3.0,5.386e-01,5.639e-01,3.776e-01,3.225e-01,1.141e-01,3.102e-01,9.352e-01,3.422e-01,9.294e-01,1.623e-01,8.784e-01
MGI:1100500,FLOT1,3757,uropod,GO:0001931,cellular component,46,2.0,5.509e-01,5.593e-01,3.864e-01,3.497e-01,5.613e-02,3.707e-01,8.187e-01,3.486e-01,8.974e-01,2.335e-01,6.394e-01
MGI:1100500,FLOT1,3757,cellular response to exogenous dsRNA,GO:0071360,biological process,46,4.0,5.524e-01,5.914e-01,3.761e-01,3.632e-01,3.277e-02,4.355e-01,7.005e-01,4.599e-01,7.605e-01,2.734e-01,5.172e-01
MGI:1100500,FLOT1,3757,positive regulation of protein binding,GO:0032092,biological process,46,11.0,5.555e-01,5.637e-01,4.031e-01,3.245e-01,8.517e-02,3.420e-01,9.024e-01,3.466e-01,9.168e-01,1.994e-01,8.152e-01
MGI:1100500,FLOT1,3757,centriolar satellite,GO:0034451,cellular component,46,2.0,5.592e-01,5.616e-01,3.893e-01,3.569e-01,1.933e-02,4.388e-01,7.127e-01,3.971e-01,7.943e-01,3.234e-01,4.687e-01
MGI:1100500,FLOT1,3757,positive regulation of protein phosphorylation,GO:0001934,biological process,46,13.0,5.676e-01,5.672e-01,4.078e-01,3.037e-01,1.105e-01,3.221e-01,1.000e+00,3.451e-01,9.324e-01,1.632e-01,1.019e+00
MGI:1100500,FLOT1,3757,dopaminergic synapse,GO:0098691,cellular component,46,2.0,5.945e-01,5.819e-01,4.307e-01,3.314e-01,1.383e-02,5.389e-01,6.559e-01,4.393e-01,7.708e-01,3.797e-01,4.884e-01
MGI:1100500,FLOT1,3757,positive regulation of skeletal muscle tissue development,GO:0048643,biological process,46,7.0,6.077e-01,5.847e-01,4.694e-01,3.016e-01,4.291e-02,4.476e-01,8.250e-01,3.918e-01,8.727e-01,3.327e-01,6.625e-01
MGI:1100500,FLOT1,3757,protease binding,GO:0002020,molecular function,46,6.0,6.095e-01,5.788e-01,4.769e-01,2.859e-01,6.925e-02,4.104e-01,9.052e-01,3.717e-01,9.015e-01,2.804e-01,8.110e-01
MGI:1100500,FLOT1,3757,positive regulation of cell-cell adhesion mediated by cadherin,GO:2000049,biological process,46,3.0,6.275e-01,5.914e-01,5.044e-01,2.704e-01,6.645e-02,4.396e-01,8.957e-01,3.889e-01,8.994e-01,3.178e-01,8.005e-01
MGI:1100500,FLOT1,3757,positive regulation of heterotypic cell-cell adhesion,GO:0034116,biological process,46,4.0,6.378e-01,5.914e-01,5.186e-01,2.582e-01,7.270e-02,4.409e-01,9.228e-01,3.889e-01,8.994e-01,3.193e-01,8.422e-01
MGI:1100500,FLOT1,3757,COP9 signalosome,GO:0008180,cellular component,46,2.0,6.396e-01,6.206e-01,4.781e-01,2.957e-01,4.480e-02,5.372e-01,7.616e-01,4.647e-01,8.289e-01,3.374e-01,6.776e-01
MGI:1100500,FLOT1,3757,positive regulation of canonical NF-kappaB signal transduction,GO:0043123,biological process,46,4.0,6.625e-01,6.239e-01,5.376e-01,2.569e-01,5.250e-02,4.804e-01,9.136e-01,4.163e-01,9.349e-01,3.515e-01,8.221e-01
MGI:1100500,FLOT1,3757,protein binding,GO:0005515,molecular function,46,161.0,6.810e-01,6.292e-01,5.747e-01,2.406e-01,3.745e-02,5.409e-01,8.573e-01,4.526e-01,8.746e-01,4.481e-01,7.370e-01
MGI:107285,CTSH,2535,cysteine-type endopeptidase activity,GO:0004197,molecular function,34,7.0,3.165e-01,3.741e-01,4.987e-02,7.222e-01,8.251e-03,2.203e-01,4.546e-01,2.769e-01,5.052e-01,4.304e-02,5.779e-02
MGI:107285,CTSH,2535,cysteine-type peptidase activity,GO:0008234,molecular function,34,11.0,3.172e-01,3.741e-01,6.044e-02,6.948e-01,2.130e-02,2.198e-01,4.577e-01,2.769e-01,5.052e-01,4.235e-02,8.625e-02
MGI:107285,CTSH,2535,membrane protein proteolysis,GO:0033619,biological process,34,5.0,3.237e-01,3.741e-01,7.006e-02,6.742e-01,1.002e-02,2.303e-01,4.550e-01,2.769e-01,5.052e-01,5.933e-02,8.275e-02
MGI:107285,CTSH,2535,endopeptidase activity,GO:0004175,molecular function,34,10.0,3.244e-01,3.741e-01,7.152e-02,6.703e-01,2.962e-02,2.190e-01,4.807e-01,2.769e-01,5.052e-01,4.427e-02,1.155e-01
MGI:107285,CTSH,2535,adaptive immune response,GO:0002250,biological process,34,7.0,3.250e-01,3.741e-01,7.661e-02,6.612e-01,6.950e-03,2.321e-01,4.552e-01,2.769e-01,5.052e-01,6.837e-02,8.584e-02
MGI:107285,CTSH,2535,peptidase activity,GO:0008233,molecular function,34,14.0,3.295e-01,3.741e-01,7.035e-02,6.719e-01,3.266e-02,2.316e-01,4.688e-01,2.769e-01,5.052e-01,4.046e-02,1.223e-01
MGI:107285,CTSH,2535,proteolysis,GO:0006508,biological process,34,6.0,3.302e-01,3.741e-01,8.933e-02,6.382e-01,1.593e-02,2.275e-01,4.792e-01,2.769e-01,5.052e-01,6.939e-02,1.150e-01
MGI:107285,CTSH,2535,proteolysis involved in protein catabolic process,GO:0051603,biological process,34,10.0,3.304e-01,3.741e-01,7.503e-02,6.642e-01,1.400e-02,2.397e-01,4.553e-01,2.769e-01,5.052e-01,5.952e-02,9.457e-02
MGI:107285,CTSH,2535,immune response-regulating signaling pathway,GO:0002764,biological process,34,6.0,3.995e-01,4.388e-01,1.621e-01,5.169e-01,9.814e-02,2.138e-01,7.464e-01,2.711e-01,7.104e-01,4.627e-02,5.681e-01
MGI:107285,CTSH,2535,aminopeptidase activity,GO:0004177,molecular function,34,7.0,4.039e-01,4.710e-01,1.834e-01,5.140e-01,4.351e-02,2.864e-01,5.695e-01,3.253e-01,6.821e-01,1.038e-01,3.240e-01
MGI:107285,CTSH,2535,positive regulation of apoptotic signaling pathway,GO:2001235,biological process,34,6.0,4.177e-01,4.586e-01,1.680e-01,4.552e-01,1.757e-01,1.845e-01,9.456e-01,2.315e-01,9.086e-01,3.152e-02,8.957e-01
MGI:107285,CTSH,2535,ERK1 and ERK2 cascade,GO:0070371,biological process,34,2.0,4.231e-01,4.864e-01,2.190e-01,4.760e-01,5.743e-02,2.635e-01,6.793e-01,3.160e-01,7.487e-01,1.050e-01,4.569e-01
MGI:107285,CTSH,2535,lysosome,GO:0005764,cellular component,34,8.0,4.285e-01,5.324e-01,2.148e-01,4.875e-01,2.523e-02,3.320e-01,5.530e-01,4.059e-01,6.984e-01,1.585e-01,2.911e-01
MGI:107285,CTSH,2535,intracellular membrane-bounded organelle,GO:0043231,cellular component,34,40.0,4.714e-01,5.324e-01,2.782e-01,4.279e-01,5.351e-02,3.061e-01,7.259e-01,4.059e-01,6.984e-01,1.551e-01,4.989e-01
MGI:107285,CTSH,2535,protein destabilization,GO:0031648,biological process,34,2.0,4.976e-01,5.690e-01,3.060e-01,4.092e-01,4.481e-02,3.575e-01,6.925e-01,4.280e-01,7.566e-01,1.856e-01,5.045e-01
MGI:107285,CTSH,2535,immune response,GO:0006955,biological process,34,13.0,5.064e-01,5.943e-01,2.939e-01,4.050e-01,8.065e-02,3.359e-01,7.637e-01,4.234e-01,8.341e-01,1.363e-01,6.338e-01
MGI:107285,CTSH,2535,surfactant homeostasis,GO:0043129,biological process,34,2.0,5.147e-01,5.900e-01,3.345e-01,3.863e-01,5.296e-02,3.389e-01,7.815e-01,4.239e-01,8.210e-01,1.893e-01,5.909e-01
MGI:107285,CTSH,2535,zymogen activation,GO:0031638,biological process,34,6.0,5.224e-01,6.275e-01,3.320e-01,3.899e-01,4.636e-02,4.161e-01,6.560e-01,4.974e-01,7.916e-01,2.123e-01,5.192e-01
MGI:107285,CTSH,2535,thyroid hormone binding,GO:0070324,molecular function,34,2.0,5.335e-01,6.101e-01,3.558e-01,3.777e-01,2.830e-02,4.212e-01,6.757e-01,5.246e-01,7.095e-01,2.662e-01,4.754e-01
MGI:107285,CTSH,2535,bradykinin catabolic process,GO:0010815,biological process,34,2.0,5.381e-01,5.690e-01,3.406e-01,3.767e-01,6.701e-02,3.561e-01,8.131e-01,4.280e-01,7.566e-01,1.660e-01,6.988e-01
MGI:107285,CTSH,2535,positive regulation of gene expression,GO:0010628,biological process,34,20.0,5.441e-01,5.690e-01,3.531e-01,3.685e-01,6.573e-02,3.598e-01,8.228e-01,4.280e-01,7.566e-01,1.763e-01,7.071e-01
MGI:107285,CTSH,2535,neuropeptide catabolic process,GO:0010813,biological process,34,3.0,5.496e-01,5.690e-01,3.667e-01,3.599e-01,6.356e-02,3.676e-01,8.216e-01,4.280e-01,7.566e-01,1.902e-01,7.071e-01
MGI:107285,CTSH,2535,positive regulation of peptidase activity,GO:0010952,biological process,34,10.0,5.694e-01,6.271e-01,3.818e-01,3.465e-01,7.100e-02,4.007e-01,8.091e-01,4.958e-01,7.931e-01,2.082e-01,7.001e-01
MGI:107285,CTSH,2535,alveolar lamellar body,GO:0097208,cellular component,34,2.0,6.107e-01,6.536e-01,4.718e-01,2.890e-01,6.873e-02,4.012e-01,9.296e-01,4.971e-01,8.593e-01,2.608e-01,8.538e-01
MGI:107285,CTSH,2535,HLA-A specific activating MHC class I receptor activity,GO:0030108,molecular function,34,2.0,6.213e-01,6.863e-01,4.564e-01,3.117e-01,3.556e-02,5.794e-01,6.664e-01,6.420e-01,7.337e-01,3.369e-01,6.183e-01
MGI:107285,CTSH,2535,cellular response to thyroid hormone stimulus,GO:0097067,biological process,34,4.0,6.328e-01,7.075e-01,4.645e-01,2.972e-01,6.192e-02,5.369e-01,7.459e-01,6.794e-01,7.367e-01,2.775e-01,7.773e-01
MGI:107285,CTSH,2535,extracellular exosome,GO:0070062,cellular component,34,19.0,6.610e-01,6.936e-01,5.291e-01,2.630e-01,4.987e-02,4.823e-01,9.059e-01,6.007e-01,8.008e-01,3.539e-01,7.911e-01
MGI:107285,CTSH,2535,cytosol,GO:0005829,cellular component,34,15.0,6.634e-01,6.810e-01,5.233e-01,2.719e-01,3.374e-02,5.424e-01,8.114e-01,6.283e-01,7.382e-01,4.064e-01,6.740e-01
MGI:107285,CTSH,2535,extracellular space,GO:0005615,cellular component,34,4.0,7.146e-01,7.123e-01,6.137e-01,2.234e-01,9.255e-03,6.234e-01,8.192e-01,6.494e-01,7.813e-01,5.761e-01,6.537e-01
MGI:107285,CTSH,2535,cytoplasmic ribonucleoprotein granule,GO:0036464,cellular component,34,12.0,7.190e-01,7.340e-01,6.103e-01,2.238e-01,2.177e-02,6.257e-01,8.262e-01,7.071e-01,7.620e-01,5.273e-01,7.064e-01
MGI:107285,CTSH,2535,positive regulation of cell migration,GO:0030335,biological process,34,27.0,7.252e-01,7.101e-01,6.298e-01,2.109e-01,2.803e-02,6.000e-01,8.766e-01,6.332e-01,7.963e-01,5.227e-01,7.590e-01
MGI:107285,CTSH,2535,collagen-containing extracellular matrix,GO:0062023,cellular component,34,11.0,7.265e-01,7.340e-01,6.242e-01,2.154e-01,2.251e-02,6.309e-01,8.367e-01,7.071e-01,7.620e-01,5.376e-01,7.247e-01
MGI:107285,CTSH,2535,cysteine-type endopeptidase activator activity involved in apoptotic process,GO:0008656,molecular function,34,3.0,7.459e-01,7.262e-01,6.616e-01,1.875e-01,4.179e-02,5.982e-01,9.300e-01,6.256e-01,8.429e-01,5.074e-01,8.627e-01
MGI:107285,CTSH,2535,protein binding,GO:0005515,molecular function,34,161.0,7.551e-01,7.407e-01,6.616e-01,1.857e-01,4.604e-02,6.100e-01,9.347e-01,6.317e-01,8.686e-01,5.013e-01,8.730e-01
MGI:1914323,PI4K2B,18215,Golgi membrane,GO:0000139,cellular component,13,2.0,3.104e-01,1.277e-01,3.119e-02,7.841e-01,6.733e-02,2.120e-01,4.543e-01,3.942e-02,4.138e-01,9.709e-03,1.002e-01
MGI:1914323,PI4K2B,18215,endosome,GO:0005768,cellular component,13,11.0,3.104e-01,1.277e-01,3.685e-02,7.651e-01,6.007e-02,2.120e-01,4.543e-01,3.942e-02,4.138e-01,1.355e-02,1.002e-01
MGI:1914323,PI4K2B,18215,endoplasmic reticulum membrane,GO:0005789,cellular component,13,8.0,3.158e-01,1.014e-01,2.025e-02,7.813e-01,8.542e-02,2.086e-01,4.782e-01,2.187e-02,4.707e-01,2.098e-03,1.954e-01
MGI:1914323,PI4K2B,18215,phosphatidylinositol phosphate biosynthetic process,GO:0046854,biological process,13,7.0,3.238e-01,1.277e-01,4.413e-02,7.349e-01,8.352e-02,2.037e-01,5.145e-01,3.942e-02,4.138e-01,1.159e-02,1.680e-01
MGI:1914323,PI4K2B,18215,early endosome membrane,GO:0031901,cellular component,13,3.0,3.259e-01,1.444e-01,6.938e-02,6.718e-01,4.910e-02,2.144e-01,4.953e-01,4.726e-02,4.414e-01,3.146e-02,1.530e-01
MGI:1914323,PI4K2B,18215,trans-Golgi network,GO:0005802,cellular component,13,3.0,3.333e-01,1.535e-01,9.258e-02,6.267e-01,5.406e-02,2.107e-01,5.272e-01,5.511e-02,4.274e-01,4.133e-02,2.074e-01
MGI:1914323,PI4K2B,18215,endosome organization,GO:0007032,biological process,13,6.0,3.572e-01,1.592e-01,9.496e-02,6.085e-01,9.828e-02,1.969e-01,6.478e-01,4.361e-02,5.813e-01,2.419e-02,3.727e-01
MGI:1914323,PI4K2B,18215,Golgi organization,GO:0007030,biological process,13,9.0,3.655e-01,1.688e-01,1.097e-01,5.894e-01,8.716e-02,2.123e-01,6.291e-01,4.695e-02,6.071e-01,3.192e-02,3.773e-01
MGI:1914323,PI4K2B,18215,plasma membrane,GO:0005886,cellular component,13,22.0,4.099e-01,2.176e-01,1.871e-01,4.923e-01,9.409e-02,2.205e-01,7.620e-01,7.117e-02,6.653e-01,6.458e-02,5.422e-01
MGI:1914323,PI4K2B,18215,membrane,GO:0016020,cellular component,13,28.0,4.132e-01,1.983e-01,1.244e-01,5.417e-01,1.474e-01,2.107e-01,8.104e-01,5.011e-02,7.847e-01,1.692e-02,9.145e-01
MGI:1914323,PI4K2B,18215,1-phosphatidylinositol 4-kinase activity,GO:0004430,molecular function,13,2.0,4.174e-01,2.173e-01,1.879e-01,4.863e-01,1.031e-01,2.195e-01,7.938e-01,6.172e-02,7.653e-01,5.270e-02,6.700e-01
MGI:1914323,PI4K2B,18215,cytosol,GO:0005829,cellular component,13,15.0,4.436e-01,2.425e-01,2.356e-01,4.396e-01,1.049e-01,2.330e-01,8.445e-01,7.972e-02,7.378e-01,7.367e-02,7.534e-01
MGI:1914291,OXCT1,8527,cellular ketone body metabolic process,GO:0046950,biological process,4,5.0,3.104e-01,6.432e-02,4.771e-02,7.279e-01,4.100e-02,2.120e-01,4.543e-01,2.769e-02,1.494e-01,2.398e-02,9.491e-02
MGI:1914291,OXCT1,8527,mitochondrion,GO:0005739,cellular component,4,9.0,3.160e-01,6.217e-02,3.409e-02,7.638e-01,6.025e-02,2.219e-01,4.501e-01,2.744e-02,1.409e-01,1.030e-02,1.128e-01
MGI:1914291,OXCT1,8527,succinyl-CoA:3-oxo-acid CoA-transferase activity,GO:0008260,molecular function,4,2.0,3.280e-01,6.466e-02,4.916e-02,7.229e-01,5.718e-02,2.380e-01,4.522e-01,2.710e-02,1.543e-01,1.912e-02,1.265e-01
MGI:1341799,NDRG1,7679,adherens junction,GO:0005912,cellular component,19,6.0,4.048e-01,5.906e-01,1.944e-01,5.007e-01,5.200e-02,2.588e-01,6.332e-01,4.112e-01,8.484e-01,9.839e-02,3.843e-01
MGI:1341799,NDRG1,7679,small GTPase binding,GO:0031267,molecular function,19,4.0,4.293e-01,5.906e-01,1.990e-01,4.749e-01,1.038e-01,2.315e-01,7.960e-01,4.112e-01,8.484e-01,6.393e-02,6.194e-01
MGI:1341799,NDRG1,7679,"DNA damage response, signal transduction by p53 class mediator",GO:0030330,biological process,19,5.0,4.650e-01,5.906e-01,2.585e-01,4.442e-01,5.135e-02,3.208e-01,6.740e-01,4.112e-01,8.484e-01,1.403e-01,4.763e-01
MGI:1341799,NDRG1,7679,gamma-tubulin binding,GO:0043015,molecular function,19,2.0,4.697e-01,5.906e-01,2.644e-01,4.339e-01,6.759e-02,2.952e-01,7.472e-01,4.112e-01,8.484e-01,1.272e-01,5.494e-01
MGI:1341799,NDRG1,7679,microtubule binding,GO:0008017,molecular function,19,5.0,4.966e-01,5.906e-01,3.020e-01,4.047e-01,6.708e-02,3.182e-01,7.750e-01,4.112e-01,8.484e-01,1.492e-01,6.111e-01
MGI:1341799,NDRG1,7679,centrosome,GO:0005813,cellular component,19,5.0,5.108e-01,5.906e-01,3.298e-01,3.967e-01,2.193e-02,3.925e-01,6.648e-01,4.112e-01,8.484e-01,2.615e-01,4.161e-01
MGI:1341799,NDRG1,7679,microtubule cytoskeleton,GO:0015630,cellular component,19,3.0,5.190e-01,5.906e-01,3.459e-01,3.857e-01,2.035e-02,3.985e-01,6.759e-01,4.112e-01,8.484e-01,2.829e-01,4.228e-01
MGI:1341799,NDRG1,7679,cytosol,GO:0005829,cellular component,19,15.0,5.414e-01,5.906e-01,3.739e-01,3.545e-01,6.465e-02,3.577e-01,8.193e-01,4.112e-01,8.484e-01,2.059e-01,6.788e-01
MGI:1341799,NDRG1,7679,plasma membrane,GO:0005886,cellular component,19,22.0,5.512e-01,5.906e-01,3.934e-01,3.450e-01,5.657e-02,3.767e-01,8.066e-01,4.112e-01,8.484e-01,2.418e-01,6.401e-01
MGI:1341799,NDRG1,7679,cadherin binding,GO:0045296,molecular function,19,3.0,5.647e-01,6.062e-01,3.760e-01,3.272e-01,1.085e-01,3.259e-01,9.785e-01,4.262e-01,8.622e-01,1.330e-01,1.063e+00
MGI:1341799,NDRG1,7679,extracellular exosome,GO:0070062,cellular component,19,19.0,5.669e-01,5.906e-01,4.156e-01,3.329e-01,5.057e-02,3.988e-01,8.058e-01,4.112e-01,8.484e-01,2.726e-01,6.338e-01
MGI:1341799,NDRG1,7679,cytoplasm,GO:0005737,cellular component,19,19.0,5.688e-01,5.906e-01,4.210e-01,3.286e-01,5.254e-02,3.975e-01,8.139e-01,4.112e-01,8.484e-01,2.720e-01,6.515e-01
MGI:1341799,NDRG1,7679,recycling endosome membrane,GO:0055038,cellular component,19,3.0,5.779e-01,6.062e-01,4.039e-01,3.474e-01,2.157e-02,4.964e-01,6.729e-01,4.262e-01,8.622e-01,3.325e-01,4.907e-01
MGI:1341799,NDRG1,7679,nucleus,GO:0005634,cellular component,19,21.0,5.808e-01,6.021e-01,4.329e-01,2.958e-01,9.864e-02,3.426e-01,9.849e-01,4.300e-01,8.431e-01,1.935e-01,9.685e-01
MGI:1341799,NDRG1,7679,signal transduction,GO:0007165,biological process,19,44.0,5.847e-01,5.913e-01,4.453e-01,3.040e-01,7.257e-02,3.862e-01,8.851e-01,4.123e-01,8.480e-01,2.549e-01,7.778e-01
MGI:1341799,NDRG1,7679,perinuclear region of cytoplasm,GO:0048471,cellular component,19,5.0,6.103e-01,6.062e-01,4.688e-01,2.925e-01,6.561e-02,4.165e-01,8.943e-01,4.262e-01,8.622e-01,2.655e-01,8.280e-01
MGI:1341799,NDRG1,7679,microtubule,GO:0005874,cellular component,19,9.0,6.434e-01,6.326e-01,5.149e-01,2.633e-01,6.692e-02,4.386e-01,9.438e-01,4.450e-01,8.993e-01,2.939e-01,9.021e-01
MGI:1341799,NDRG1,7679,protein binding,GO:0005515,molecular function,19,161.0,6.684e-01,6.179e-01,5.561e-01,2.506e-01,4.051e-02,5.236e-01,8.533e-01,4.473e-01,8.536e-01,4.223e-01,7.323e-01
MGI:1341799,NDRG1,7679,cellular response to hypoxia,GO:0071456,biological process,19,4.0,6.951e-01,6.179e-01,5.992e-01,2.193e-01,5.453e-02,5.275e-01,9.159e-01,4.473e-01,8.536e-01,4.304e-01,8.341e-01
MGI:1919254,C1QTNF1,14324,negative regulation of platelet aggregation,GO:0090331,biological process,9,4.0,3.536e-01,4.957e-01,7.655e-02,6.577e-01,5.004e-02,2.768e-01,4.517e-01,2.730e-01,8.998e-01,3.361e-02,1.744e-01
MGI:1919254,C1QTNF1,14324,negative regulation of platelet activation,GO:0010544,biological process,9,5.0,3.805e-01,5.599e-01,1.424e-01,5.620e-01,2.753e-02,3.183e-01,4.548e-01,3.644e-01,8.602e-01,9.616e-02,2.109e-01
MGI:1919254,C1QTNF1,14324,positive regulation of cytosolic calcium ion concentration,GO:0007204,biological process,9,7.0,5.311e-01,5.926e-01,2.672e-01,3.903e-01,1.371e-01,3.032e-01,9.305e-01,4.033e-01,8.706e-01,8.047e-02,8.871e-01
MGI:1919254,C1QTNF1,14324,plasma membrane,GO:0005886,cellular component,9,22.0,6.244e-01,6.900e-01,4.693e-01,3.058e-01,2.605e-02,5.762e-01,6.766e-01,5.105e-01,9.326e-01,3.768e-01,5.846e-01
MGI:1919254,C1QTNF1,14324,positive regulation of gene expression,GO:0010628,biological process,9,20.0,6.258e-01,6.900e-01,4.528e-01,3.035e-01,6.370e-02,5.254e-01,7.454e-01,5.105e-01,9.326e-01,2.667e-01,7.687e-01
MGI:1919254,C1QTNF1,14324,collagen binding,GO:0005518,molecular function,9,4.0,6.468e-01,6.900e-01,4.811e-01,2.875e-01,6.104e-02,5.342e-01,7.830e-01,5.105e-01,9.326e-01,3.050e-01,7.589e-01
MGI:1919254,C1QTNF1,14324,extracellular space,GO:0005615,cellular component,9,4.0,6.927e-01,7.038e-01,5.636e-01,2.494e-01,2.913e-02,6.271e-01,7.651e-01,5.400e-01,9.174e-01,4.598e-01,6.909e-01
MGI:1919254,C1QTNF1,14324,positive regulation of aldosterone secretion,GO:2000860,biological process,9,3.0,7.658e-01,7.385e-01,6.396e-01,1.870e-01,6.717e-02,6.578e-01,8.916e-01,5.202e-01,1.048e+00,4.047e-01,1.011e+00
MGI:1919254,C1QTNF1,14324,protein binding,GO:0005515,molecular function,9,161.0,7.965e-01,7.734e-01,7.041e-01,1.584e-01,4.837e-02,6.935e-01,9.148e-01,5.964e-01,1.003e+00,5.536e-01,8.956e-01
MGI:1930704,BHLHE41,16617,"DNA-binding transcription repressor activity, RNA polymerase II-specific",GO:0001227,molecular function,14,3.0,3.096e-01,1.377e-01,2.135e-02,8.244e-01,5.016e-02,2.125e-01,4.512e-01,6.126e-02,3.096e-01,7.329e-03,6.217e-02
MGI:1930704,BHLHE41,16617,E-box binding,GO:0070888,molecular function,14,2.0,3.096e-01,1.377e-01,2.209e-02,8.215e-01,3.863e-02,2.125e-01,4.512e-01,6.126e-02,3.096e-01,9.369e-03,5.209e-02
MGI:1930704,BHLHE41,16617,regulation of transcription by RNA polymerase II,GO:0006357,biological process,14,11.0,3.104e-01,1.377e-01,3.664e-02,7.632e-01,5.115e-02,2.120e-01,4.543e-01,6.126e-02,3.096e-01,1.500e-02,8.950e-02
MGI:1930704,BHLHE41,16617,RNA polymerase II cis-regulatory region sequence-specific DNA binding,GO:0000978,molecular function,14,16.0,3.160e-01,1.425e-01,5.142e-02,7.179e-01,2.250e-02,2.219e-01,4.501e-01,6.172e-02,3.292e-01,3.488e-02,7.581e-02
MGI:1930704,BHLHE41,16617,"DNA-binding transcription factor activity, RNA polymerase II-specific",GO:0000981,molecular function,14,6.0,3.213e-01,1.460e-01,5.866e-02,6.985e-01,4.985e-02,2.277e-01,4.534e-01,6.188e-02,3.445e-01,2.543e-02,1.353e-01
MGI:1930704,BHLHE41,16617,negative regulation of transcription by RNA polymerase II,GO:0000122,biological process,14,9.0,3.223e-01,1.506e-01,6.457e-02,6.837e-01,4.514e-02,2.177e-01,4.772e-01,6.109e-02,3.710e-01,3.038e-02,1.373e-01
MGI:1930704,BHLHE41,16617,bHLH transcription factor binding,GO:0043425,molecular function,14,3.0,3.582e-01,1.744e-01,8.029e-02,6.431e-01,9.175e-02,2.433e-01,5.274e-01,6.187e-02,4.917e-01,1.802e-02,3.578e-01
MGI:1930704,BHLHE41,16617,sequence-specific double-stranded DNA binding,GO:1990837,molecular function,14,13.0,3.871e-01,1.849e-01,1.193e-01,5.784e-01,8.241e-02,2.632e-01,5.692e-01,6.218e-02,5.499e-01,3.425e-02,4.152e-01
MGI:1930704,BHLHE41,16617,circadian regulation of gene expression,GO:0032922,biological process,14,3.0,4.065e-01,2.183e-01,1.703e-01,5.219e-01,6.225e-02,2.817e-01,5.864e-01,1.017e-01,4.689e-01,7.184e-02,4.037e-01
MGI:1930704,BHLHE41,16617,anterior/posterior pattern specification,GO:0009952,biological process,14,16.0,4.078e-01,2.577e-01,1.932e-01,5.087e-01,1.864e-02,3.039e-01,5.471e-01,1.944e-01,3.417e-01,1.532e-01,2.436e-01
MGI:1930704,BHLHE41,16617,protein heterodimerization activity,GO:0046982,molecular function,14,3.0,4.109e-01,2.183e-01,1.724e-01,5.183e-01,6.638e-02,2.807e-01,6.015e-01,1.017e-01,4.689e-01,6.845e-02,4.343e-01
MGI:1930704,BHLHE41,16617,nucleus,GO:0005634,cellular component,14,21.0,4.367e-01,3.158e-01,2.323e-01,4.579e-01,7.523e-02,2.519e-01,7.573e-01,1.719e-01,5.803e-01,9.873e-02,5.466e-01
MGI:1930704,BHLHE41,16617,regulation of neurogenesis,GO:0050767,biological process,14,6.0,4.813e-01,3.234e-01,2.668e-01,3.924e-01,1.342e-01,2.514e-01,9.216e-01,1.114e-01,9.393e-01,7.893e-02,9.017e-01
MGI:1930704,BHLHE41,16617,protein binding,GO:0005515,molecular function,14,161.0,5.704e-01,4.335e-01,4.229e-01,3.262e-01,5.622e-02,3.951e-01,8.233e-01,2.613e-01,7.190e-01,2.676e-01,6.683e-01
MGI:894659,HBP1,23200,regulation of transcription by RNA polymerase II,GO:0006357,biological process,7,11.0,3.104e-01,1.253e-01,4.503e-02,7.369e-01,3.273e-02,2.120e-01,4.543e-01,8.558e-02,1.836e-01,2.588e-02,7.837e-02
MGI:894659,HBP1,23200,"DNA-binding transcription factor activity, RNA polymerase II-specific",GO:0000981,molecular function,7,6.0,3.172e-01,1.253e-01,5.606e-02,7.053e-01,2.401e-02,2.210e-01,4.553e-01,8.558e-02,1.836e-01,3.709e-02,8.472e-02
MGI:894659,HBP1,23200,RNA polymerase II cis-regulatory region sequence-specific DNA binding,GO:0000978,molecular function,7,16.0,3.213e-01,1.301e-01,6.297e-02,6.896e-01,5.376e-04,2.265e-01,4.559e-01,8.737e-02,1.938e-01,6.239e-02,6.355e-02
MGI:894659,HBP1,23200,nuclear speck,GO:0016607,cellular component,7,4.0,3.569e-01,1.685e-01,8.985e-02,6.276e-01,7.342e-02,2.457e-01,5.183e-01,8.066e-02,3.519e-01,2.912e-02,2.772e-01
MGI:894659,HBP1,23200,nucleus,GO:0005634,cellular component,7,21.0,4.290e-01,2.545e-01,1.989e-01,4.772e-01,9.884e-02,2.301e-01,7.997e-01,8.454e-02,7.664e-01,5.596e-02,7.072e-01
MGI:894659,HBP1,23200,nucleoplasm,GO:0005654,cellular component,7,12.0,4.369e-01,3.028e-01,2.324e-01,4.595e-01,7.250e-02,2.570e-01,7.428e-01,1.380e-01,6.644e-01,1.044e-01,5.170e-01
MGI:894659,HBP1,23200,protein binding,GO:0005515,molecular function,7,161.0,5.634e-01,4.043e-01,4.043e-01,3.350e-01,6.326e-02,3.734e-01,8.500e-01,2.278e-01,7.176e-01,2.278e-01,7.176e-01
MGI:700011,SH3GL3,10832,glutamatergic synapse,GO:0098978,cellular component,8,3.0,3.783e-01,2.219e-01,1.367e-01,5.549e-01,8.113e-02,2.264e-01,6.323e-01,5.054e-02,9.740e-01,4.242e-02,4.403e-01
MGI:700011,SH3GL3,10832,synaptic vesicle uncoating,GO:0016191,biological process,8,2.0,3.809e-01,2.219e-01,1.001e-01,5.932e-01,1.229e-01,2.170e-01,6.683e-01,5.054e-02,9.740e-01,1.608e-02,6.236e-01
MGI:700011,SH3GL3,10832,identical protein binding,GO:0042802,molecular function,8,8.0,3.822e-01,2.219e-01,1.172e-01,5.546e-01,1.332e-01,1.847e-01,7.909e-01,5.054e-02,9.740e-01,2.318e-02,5.930e-01
MGI:700011,SH3GL3,10832,presynapse,GO:0098793,cellular component,8,4.0,3.850e-01,2.219e-01,1.282e-01,5.551e-01,1.055e-01,2.060e-01,7.194e-01,5.054e-02,9.740e-01,3.175e-02,5.179e-01
MGI:700011,SH3GL3,10832,cytoplasm,GO:0005737,cellular component,8,19.0,4.185e-01,2.576e-01,1.926e-01,4.664e-01,1.286e-01,2.050e-01,8.545e-01,7.346e-02,9.031e-01,5.134e-02,7.222e-01
MGI:700011,SH3GL3,10832,protein binding,GO:0005515,molecular function,8,161.0,4.658e-01,2.717e-01,2.717e-01,3.857e-01,1.381e-01,2.312e-01,9.388e-01,8.320e-02,8.875e-01,8.320e-02,8.875e-01
MGI:894668,SERPINB9,8955,membrane,GO:0016020,cellular component,19,28.0,5.801e-01,9.115e-01,4.325e-01,2.738e-01,1.248e-01,3.233e-01,1.041e+00,8.377e-01,9.918e-01,1.722e-01,1.086e+00
MGI:894668,SERPINB9,8955,Golgi apparatus,GO:0005794,cellular component,19,6.0,6.553e-01,9.115e-01,5.204e-01,2.502e-01,8.294e-02,4.146e-01,1.036e+00,8.377e-01,9.918e-01,2.650e-01,1.022e+00
MGI:894668,SERPINB9,8955,negative regulation of endopeptidase activity,GO:0010951,biological process,19,7.0,6.620e-01,9.115e-01,5.513e-01,2.529e-01,4.150e-02,5.078e-01,8.630e-01,8.377e-01,9.918e-01,4.112e-01,7.392e-01
MGI:894668,SERPINB9,8955,immune response,GO:0006955,biological process,19,13.0,6.853e-01,9.115e-01,5.922e-01,2.118e-01,7.433e-02,4.936e-01,9.514e-01,8.377e-01,9.918e-01,3.871e-01,9.059e-01
MGI:894668,SERPINB9,8955,cytosol,GO:0005829,cellular component,19,15.0,7.418e-01,9.115e-01,6.776e-01,1.513e-01,8.125e-02,5.613e-01,9.803e-01,8.377e-01,9.918e-01,4.770e-01,9.626e-01
MGI:894668,SERPINB9,8955,mast cell mediated immunity,GO:0002448,biological process,19,3.0,7.465e-01,9.115e-01,6.770e-01,1.699e-01,5.778e-02,5.865e-01,9.502e-01,8.377e-01,9.918e-01,5.044e-01,9.088e-01
MGI:894668,SERPINB9,8955,cellular response to estrogen stimulus,GO:0071391,biological process,19,3.0,7.550e-01,9.115e-01,6.716e-01,1.762e-01,5.337e-02,5.870e-01,9.710e-01,8.377e-01,9.918e-01,4.761e-01,9.474e-01
MGI:894668,SERPINB9,8955,extracellular exosome,GO:0070062,cellular component,19,19.0,7.696e-01,9.115e-01,7.143e-01,1.295e-01,7.823e-02,5.915e-01,1.001e+00,8.377e-01,9.918e-01,5.129e-01,9.947e-01
MGI:894668,SERPINB9,8955,extracellular space,GO:0005615,cellular component,19,4.0,7.716e-01,9.115e-01,7.150e-01,1.279e-01,7.926e-02,5.914e-01,1.007e+00,8.377e-01,9.918e-01,5.003e-01,1.022e+00
MGI:894668,SERPINB9,8955,protease binding,GO:0002020,molecular function,19,6.0,7.895e-01,9.115e-01,7.363e-01,1.311e-01,5.929e-02,6.136e-01,1.016e+00,8.377e-01,9.918e-01,5.380e-01,1.008e+00
MGI:894668,SERPINB9,8955,collagen-containing extracellular matrix,GO:0062023,cellular component,19,11.0,7.920e-01,9.115e-01,7.294e-01,1.303e-01,6.626e-02,6.029e-01,1.040e+00,8.377e-01,9.918e-01,5.018e-01,1.060e+00
MGI:894668,SERPINB9,8955,nucleoplasm,GO:0005654,cellular component,19,12.0,7.957e-01,9.115e-01,7.467e-01,1.156e-01,6.902e-02,6.455e-01,9.808e-01,8.377e-01,9.918e-01,5.769e-01,9.666e-01
MGI:894668,SERPINB9,8955,serine-type endopeptidase inhibitor activity,GO:0004867,molecular function,19,2.0,8.042e-01,9.115e-01,7.596e-01,1.060e-01,6.958e-02,6.213e-01,1.041e+00,8.377e-01,9.918e-01,5.520e-01,1.045e+00
MGI:894668,SERPINB9,8955,nucleus,GO:0005634,cellular component,19,21.0,8.044e-01,9.115e-01,7.612e-01,9.552e-02,7.885e-02,6.481e-01,9.984e-01,8.377e-01,9.918e-01,5.812e-01,9.970e-01
MGI:894668,SERPINB9,8955,cysteine-type endopeptidase inhibitor activity involved in apoptotic process,GO:0043027,molecular function,19,3.0,8.058e-01,9.115e-01,7.528e-01,1.359e-01,3.036e-02,6.907e-01,9.400e-01,8.377e-01,9.918e-01,6.495e-01,8.726e-01
MGI:894668,SERPINB9,8955,cytoplasm,GO:0005737,cellular component,19,19.0,8.245e-01,9.115e-01,7.881e-01,8.702e-02,6.785e-02,6.745e-01,1.008e+00,8.377e-01,9.918e-01,6.170e-01,1.007e+00
MGI:894668,SERPINB9,8955,negative regulation of apoptotic process,GO:0043066,biological process,19,22.0,8.296e-01,9.115e-01,7.811e-01,1.231e-01,9.255e-03,7.613e-01,9.041e-01,8.377e-01,9.918e-01,7.466e-01,8.173e-01
MGI:894668,SERPINB9,8955,protein binding,GO:0005515,molecular function,19,161.0,8.654e-01,9.115e-01,8.460e-01,4.084e-02,6.705e-02,7.279e-01,1.029e+00,8.377e-01,9.918e-01,6.888e-01,1.039e+00
MGI:894668,SERPINB9,8955,protection from natural killer cell mediated cytotoxicity,GO:0042270,biological process,19,2.0,8.899e-01,9.115e-01,8.750e-01,4.034e-02,4.197e-02,7.877e-01,1.005e+00,8.377e-01,9.918e-01,7.696e-01,9.949e-01
MGI:2652817,MTMR11,24307,phosphatidylinositol dephosphorylation,GO:0046856,biological process,3,4.0,3.513e-01,3.411e-01,1.228e-01,5.805e-01,5.718e-02,2.226e-01,5.544e-01,1.800e-01,6.462e-01,5.591e-02,2.699e-01
MGI:2652817,MTMR11,24307,extracellular exosome,GO:0070062,cellular component,3,19.0,5.463e-01,4.239e-01,3.756e-01,3.573e-01,5.403e-02,3.746e-01,7.966e-01,2.650e-01,6.782e-01,2.227e-01,6.336e-01
MGI:2652817,MTMR11,24307,cytoplasm,GO:0005737,cellular component,3,19.0,5.747e-01,4.239e-01,4.239e-01,3.259e-01,5.378e-02,4.019e-01,8.218e-01,2.650e-01,6.782e-01,2.650e-01,6.782e-01
MGI:1196217,TCAIM,25241,mitochondrion,GO:0005739,cellular component,1,9.0,3.160e-01,3.974e-02,3.974e-02,7.527e-01,5.135e-02,2.219e-01,4.501e-01,1.637e-02,9.649e-02,1.637e-02,9.649e-02
MGI:1921518,AVEN,13509,membrane,GO:0016020,cellular component,4,28.0,5.347e-01,7.263e-01,3.700e-01,3.290e-01,1.125e-01,3.081e-01,9.281e-01,4.454e-01,1.184e+00,1.578e-01,8.676e-01
MGI:1921518,AVEN,13509,negative regulation of G2/M transition of mitotic cell cycle,GO:0010972,biological process,4,7.0,5.712e-01,7.263e-01,4.060e-01,3.318e-01,6.753e-02,3.757e-01,8.685e-01,4.454e-01,1.184e+00,2.128e-01,7.748e-01
MGI:1921518,AVEN,13509,negative regulation of apoptotic process,GO:0043066,biological process,4,22.0,7.568e-01,8.217e-01,6.793e-01,1.717e-01,5.302e-02,5.890e-01,9.724e-01,6.387e-01,1.057e+00,4.847e-01,9.520e-01
MGI:1921518,AVEN,13509,protein binding,GO:0005515,molecular function,4,161.0,8.581e-01,8.287e-01,8.287e-01,5.143e-02,7.070e-02,7.189e-01,1.024e+00,6.545e-01,1.049e+00,6.545e-01,1.049e+00
MGI:104960,TNFAIP2,11895,SNARE binding,GO:0000149,molecular function,5,3.0,3.096e-01,4.341e-02,1.031e-02,9.028e-01,1.665e-02,2.125e-01,4.512e-01,3.310e-02,5.692e-02,5.758e-03,1.848e-02
MGI:104960,TNFAIP2,11895,exocyst localization,GO:0051601,biological process,5,3.0,3.165e-01,7.854e-02,4.531e-02,7.357e-01,1.887e-02,2.203e-01,4.546e-01,4.896e-02,1.260e-01,3.266e-02,6.287e-02
MGI:104960,TNFAIP2,11895,exocytosis,GO:0006887,biological process,5,7.0,3.310e-01,8.776e-02,4.698e-02,7.289e-01,5.839e-02,2.338e-01,4.686e-01,4.437e-02,1.736e-01,1.783e-02,1.238e-01
MGI:104960,TNFAIP2,11895,exocyst,GO:0000145,cellular component,5,2.0,3.354e-01,9.375e-02,7.288e-02,6.660e-01,3.964e-02,2.370e-01,4.747e-01,5.139e-02,1.710e-01,3.889e-02,1.366e-01
MGI:104960,TNFAIP2,11895,protein binding,GO:0005515,molecular function,5,161.0,4.303e-01,2.289e-01,2.289e-01,4.754e-01,2.103e-02,3.246e-01,5.703e-01,1.776e-01,2.952e-01,1.776e-01,2.952e-01
MGI:88077,ARSA,713,sulfuric ester hydrolase activity,GO:0008484,molecular function,5,22.0,3.257e-01,2.514e-01,6.926e-02,6.669e-01,6.995e-02,2.025e-01,5.239e-01,7.266e-02,8.697e-01,2.353e-02,2.039e-01
MGI:88077,ARSA,713,arylsulfatase activity,GO:0004065,molecular function,5,2.0,3.971e-01,2.950e-01,1.230e-01,5.559e-01,1.243e-01,2.148e-01,7.342e-01,8.409e-02,1.035e+00,2.262e-02,6.687e-01
MGI:88077,ARSA,713,calcium ion binding,GO:0005509,molecular function,5,3.0,4.705e-01,3.514e-01,2.500e-01,4.129e-01,1.261e-01,2.495e-01,8.871e-01,1.358e-01,9.094e-01,7.211e-02,8.665e-01
MGI:88077,ARSA,713,extracellular exosome,GO:0070062,cellular component,5,19.0,5.125e-01,4.403e-01,3.277e-01,3.907e-01,5.458e-02,3.439e-01,7.636e-01,2.216e-01,8.747e-01,1.846e-01,5.814e-01
MGI:88077,ARSA,713,protein binding,GO:0005515,molecular function,5,161.0,6.259e-01,5.039e-01,4.974e-01,2.758e-01,6.394e-02,4.353e-01,9.000e-01,2.995e-01,8.480e-01,3.020e-01,8.192e-01
MGI:1923035,KLHL24,25947,protein autoubiquitination,GO:0051865,biological process,8,2.0,3.096e-01,2.214e-01,4.374e-02,7.411e-01,2.477e-02,2.125e-01,4.512e-01,1.163e-01,4.218e-01,2.854e-02,6.704e-02
MGI:1923035,KLHL24,25947,protein ubiquitination,GO:0016567,biological process,8,7.0,3.173e-01,2.214e-01,5.536e-02,7.068e-01,3.791e-02,2.221e-01,4.532e-01,1.163e-01,4.218e-01,2.906e-02,1.054e-01
MGI:1923035,KLHL24,25947,desmosome,GO:0030057,cellular component,8,2.0,3.880e-01,3.389e-01,1.542e-01,5.497e-01,1.869e-02,2.916e-01,5.162e-01,1.984e-01,5.790e-01,1.189e-01,1.998e-01
MGI:1923035,KLHL24,25947,intermediate filament organization,GO:0045109,biological process,8,4.0,4.201e-01,2.923e-01,1.549e-01,5.307e-01,8.531e-02,2.850e-01,6.193e-01,1.222e-01,6.992e-01,4.572e-02,5.248e-01
MGI:1923035,KLHL24,25947,Cul3-RING ubiquitin ligase complex,GO:0031463,cellular component,8,2.0,4.529e-01,3.443e-01,2.350e-01,4.634e-01,5.369e-02,3.290e-01,6.235e-01,1.974e-01,6.003e-01,1.222e-01,4.517e-01
MGI:1923035,KLHL24,25947,adherens junction,GO:0005912,cellular component,8,6.0,4.570e-01,3.906e-01,2.602e-01,4.493e-01,1.710e-02,3.534e-01,5.911e-01,2.838e-01,5.374e-01,2.136e-01,3.168e-01
MGI:1923035,KLHL24,25947,cytoplasm,GO:0005737,cellular component,8,19.0,6.413e-01,5.719e-01,5.151e-01,2.759e-01,3.629e-02,4.969e-01,8.277e-01,4.426e-01,7.390e-01,3.840e-01,6.910e-01
MGI:1923035,KLHL24,25947,protein binding,GO:0005515,molecular function,8,161.0,7.362e-01,6.443e-01,6.443e-01,2.028e-01,2.606e-02,6.327e-01,8.567e-01,5.438e-01,7.634e-01,5.438e-01,7.634e-01
MGI:1341909,LY96,17156,cellular response to lipopolysaccharide,GO:0071222,biological process,11,5.0,3.096e-01,1.132e-01,2.985e-02,7.944e-01,1.582e-02,2.125e-01,4.512e-01,8.364e-02,1.532e-01,2.306e-02,3.863e-02
MGI:1341909,LY96,17156,detection of lipopolysaccharide,GO:0032497,biological process,11,3.0,3.165e-01,1.132e-01,3.511e-02,7.716e-01,2.755e-02,2.203e-01,4.546e-01,8.364e-02,1.532e-01,2.218e-02,5.559e-02
MGI:1341909,LY96,17156,response to lipopolysaccharide,GO:0032496,biological process,11,6.0,3.165e-01,1.132e-01,4.074e-02,7.498e-01,9.610e-03,2.203e-01,4.546e-01,8.364e-02,1.532e-01,3.450e-02,4.811e-02
MGI:1341909,LY96,17156,lipopolysaccharide receptor complex,GO:0046696,cellular component,11,3.0,3.165e-01,1.134e-01,2.486e-02,8.135e-01,4.638e-02,2.203e-01,4.546e-01,8.346e-02,1.542e-01,1.036e-02,5.966e-02
MGI:1341909,LY96,17156,positive regulation of lipopolysaccharide-mediated signaling pathway,GO:0031666,biological process,11,5.0,3.402e-01,1.689e-01,1.028e-01,6.067e-01,6.737e-02,2.073e-01,5.581e-01,9.039e-02,3.156e-01,3.939e-02,2.683e-01
MGI:1341909,LY96,17156,toll-like receptor 4 signaling pathway,GO:0034142,biological process,11,6.0,3.417e-01,1.333e-01,8.000e-02,6.534e-01,3.049e-02,2.549e-01,4.582e-01,9.314e-02,1.908e-01,4.826e-02,1.326e-01
MGI:1341909,LY96,17156,toll-like receptor signaling pathway,GO:0002224,biological process,11,8.0,3.664e-01,2.072e-01,1.379e-01,5.668e-01,3.237e-02,2.483e-01,5.407e-01,1.182e-01,3.633e-01,8.579e-02,2.216e-01
MGI:1341909,LY96,17156,plasma membrane,GO:0005886,cellular component,11,22.0,3.993e-01,2.337e-01,1.749e-01,5.171e-01,6.202e-02,2.572e-01,6.200e-01,1.140e-01,4.790e-01,7.389e-02,4.141e-01
MGI:1341909,LY96,17156,receptor complex,GO:0043235,cellular component,11,21.0,4.186e-01,2.494e-01,1.384e-01,5.393e-01,1.149e-01,2.476e-01,7.077e-01,9.317e-02,6.676e-01,2.736e-02,6.998e-01
MGI:1341909,LY96,17156,lipopolysaccharide immune receptor activity,GO:0001875,molecular function,11,2.0,4.330e-01,2.102e-01,1.664e-01,5.140e-01,9.478e-02,2.845e-01,6.591e-01,8.012e-02,5.516e-01,5.418e-02,5.110e-01
MGI:1341909,LY96,17156,protein binding,GO:0005515,molecular function,11,161.0,4.982e-01,3.013e-01,2.981e-01,3.992e-01,8.496e-02,2.887e-01,8.599e-01,1.183e-01,7.675e-01,1.147e-01,7.751e-01
MGI:2447813,SERAC1,21061,mitochondrion,GO:0005739,cellular component,5,9.0,3.300e-01,1.512e-01,4.883e-02,7.236e-01,6.128e-02,2.404e-01,4.531e-01,4.384e-02,5.214e-01,1.775e-02,1.343e-01
MGI:2447813,SERAC1,21061,intracellular cholesterol transport,GO:0032367,biological process,5,4.0,3.643e-01,1.692e-01,9.876e-02,6.120e-01,8.229e-02,2.487e-01,5.334e-01,4.489e-02,6.375e-01,2.694e-02,3.621e-01
MGI:2447813,SERAC1,21061,phosphatidylglycerol acyl-chain remodeling,GO:0036148,biological process,5,2.0,3.771e-01,1.636e-01,8.108e-02,6.362e-01,1.037e-01,2.663e-01,5.341e-01,4.472e-02,5.987e-01,1.591e-02,4.133e-01
MGI:2447813,SERAC1,21061,endoplasmic reticulum,GO:0005783,cellular component,5,8.0,4.268e-01,2.078e-01,1.822e-01,5.007e-01,8.579e-02,2.627e-01,6.936e-01,5.982e-02,7.220e-01,5.799e-02,5.723e-01
MGI:2447813,SERAC1,21061,mitochondria-associated endoplasmic reticulum membrane,GO:0044233,cellular component,5,2.0,4.951e-01,2.370e-01,2.352e-01,4.369e-01,1.090e-01,2.864e-01,8.559e-01,6.031e-02,9.312e-01,5.896e-02,9.381e-01
MGI:97531,PDGFRB,8804,positive regulation of smooth muscle cell proliferation,GO:0048661,biological process,38,4.0,3.165e-01,2.036e-01,2.788e-02,8.040e-01,3.007e-02,2.203e-01,4.546e-01,9.168e-02,4.523e-01,1.676e-02,4.639e-02
MGI:97531,PDGFRB,8804,platelet-derived growth factor receptor signaling pathway,GO:0048008,biological process,38,5.0,3.165e-01,2.036e-01,2.929e-02,7.949e-01,5.060e-02,2.203e-01,4.546e-01,9.168e-02,4.523e-01,1.204e-02,7.125e-02
MGI:97531,PDGFRB,8804,positive regulation of cell proliferation by VEGF-activated platelet derived growth factor receptor signaling pathway,GO:0038091,biological process,38,3.0,3.165e-01,2.036e-01,3.005e-02,7.882e-01,5.280e-02,2.203e-01,4.546e-01,9.168e-02,4.523e-01,1.152e-02,7.838e-02
MGI:97531,PDGFRB,8804,protein tyrosine kinase activity,GO:0004713,molecular function,38,6.0,3.165e-01,2.044e-01,4.547e-02,7.346e-01,1.881e-02,2.203e-01,4.546e-01,9.242e-02,4.521e-01,3.281e-02,6.303e-02
MGI:97531,PDGFRB,8804,positive regulation of cell population proliferation,GO:0008284,biological process,38,31.0,3.264e-01,2.310e-01,7.553e-02,6.622e-01,2.654e-02,2.290e-01,4.654e-01,1.122e-01,4.758e-01,4.856e-02,1.175e-01
MGI:97531,PDGFRB,8804,platelet-derived growth factor receptor-beta signaling pathway,GO:0035791,biological process,38,4.0,3.288e-01,2.036e-01,4.425e-02,7.384e-01,5.344e-02,2.321e-01,4.658e-01,9.168e-02,4.523e-01,1.815e-02,1.079e-01
MGI:97531,PDGFRB,8804,signaling receptor binding,GO:0005102,molecular function,38,58.0,3.310e-01,2.044e-01,4.687e-02,7.296e-01,5.792e-02,2.338e-01,4.686e-01,9.242e-02,4.521e-01,1.798e-02,1.222e-01
MGI:97531,PDGFRB,8804,enzyme binding,GO:0019899,molecular function,38,30.0,3.323e-01,2.553e-01,7.204e-02,6.646e-01,6.643e-02,2.120e-01,5.211e-01,1.242e-01,5.248e-01,2.501e-02,2.075e-01
MGI:97531,PDGFRB,8804,transmembrane receptor protein tyrosine kinase signaling pathway,GO:0007169,biological process,38,20.0,3.329e-01,2.134e-01,5.332e-02,7.106e-01,6.577e-02,2.343e-01,4.731e-01,9.944e-02,4.578e-01,1.772e-02,1.604e-01
MGI:97531,PDGFRB,8804,protein kinase activity,GO:0004672,molecular function,38,27.0,3.384e-01,2.086e-01,5.363e-02,7.089e-01,6.699e-02,2.477e-01,4.622e-01,9.641e-02,4.515e-01,1.706e-02,1.686e-01
MGI:97531,PDGFRB,8804,platelet-derived growth factor beta-receptor activity,GO:0005019,molecular function,38,2.0,3.421e-01,2.102e-01,7.281e-02,6.632e-01,5.428e-02,2.409e-01,4.859e-01,9.094e-02,4.859e-01,3.113e-02,1.703e-01
MGI:97531,PDGFRB,8804,angiogenesis,GO:0001525,biological process,38,7.0,3.477e-01,2.175e-01,8.407e-02,6.439e-01,4.347e-02,2.603e-01,4.644e-01,9.835e-02,4.810e-01,4.158e-02,1.700e-01
MGI:97531,PDGFRB,8804,positive regulation of smooth muscle cell migration,GO:0014911,biological process,38,5.0,3.491e-01,2.103e-01,4.496e-02,7.216e-01,9.581e-02,2.439e-01,4.997e-01,8.888e-02,4.978e-01,9.133e-03,2.214e-01
MGI:97531,PDGFRB,8804,protein autophosphorylation,GO:0046777,biological process,38,9.0,3.503e-01,2.416e-01,1.052e-01,6.104e-01,3.603e-02,2.549e-01,4.814e-01,1.156e-01,5.050e-01,6.113e-02,1.811e-01
MGI:97531,PDGFRB,8804,peptidyl-tyrosine phosphorylation,GO:0018108,biological process,38,6.0,3.620e-01,2.486e-01,1.230e-01,5.855e-01,3.445e-02,2.689e-01,4.874e-01,1.206e-01,5.121e-01,7.560e-02,2.001e-01
MGI:97531,PDGFRB,8804,focal adhesion,GO:0005925,cellular component,38,4.0,3.693e-01,2.642e-01,1.256e-01,5.769e-01,5.806e-02,2.443e-01,5.582e-01,1.183e-01,5.902e-01,5.408e-02,2.917e-01
MGI:97531,PDGFRB,8804,phosphatidylinositol metabolic process,GO:0046488,biological process,38,10.0,3.721e-01,2.287e-01,1.026e-01,6.063e-01,6.951e-02,2.626e-01,5.272e-01,9.470e-02,5.522e-01,3.804e-02,2.767e-01
MGI:97531,PDGFRB,8804,positive regulation of cell migration,GO:0030335,biological process,38,27.0,3.832e-01,2.794e-01,1.597e-01,5.371e-01,5.051e-02,2.522e-01,5.823e-01,1.323e-01,5.898e-01,7.806e-02,3.268e-01
MGI:97531,PDGFRB,8804,platelet-derived growth factor receptor binding,GO:0005161,molecular function,38,2.0,3.976e-01,2.522e-01,1.299e-01,5.635e-01,8.093e-02,2.726e-01,5.800e-01,9.762e-02,6.516e-01,4.461e-02,3.783e-01
MGI:97531,PDGFRB,8804,intracellular membrane-bounded organelle,GO:0043231,cellular component,38,40.0,4.111e-01,2.887e-01,1.298e-01,5.535e-01,1.073e-01,2.473e-01,6.834e-01,1.146e-01,7.271e-01,2.898e-02,5.812e-01
MGI:97531,PDGFRB,8804,membrane,GO:0016020,cellular component,38,28.0,4.148e-01,3.169e-01,1.963e-01,4.931e-01,6.932e-02,2.542e-01,6.769e-01,1.364e-01,7.362e-01,7.738e-02,4.978e-01
MGI:97531,PDGFRB,8804,positive regulation of ERK1 and ERK2 cascade,GO:0070374,biological process,38,6.0,4.203e-01,3.049e-01,1.932e-01,4.951e-01,7.203e-02,2.634e-01,6.707e-01,1.254e-01,7.415e-01,7.634e-02,4.891e-01
MGI:97531,PDGFRB,8804,Golgi apparatus,GO:0005794,cellular component,38,6.0,4.336e-01,2.465e-01,1.021e-01,5.661e-01,1.525e-01,2.331e-01,8.066e-01,7.727e-02,7.863e-01,1.617e-02,6.440e-01
MGI:97531,PDGFRB,8804,receptor complex,GO:0043235,cellular component,38,21.0,4.341e-01,3.115e-01,2.189e-01,4.736e-01,6.505e-02,2.750e-01,6.854e-01,1.329e-01,7.303e-01,9.890e-02,4.847e-01
MGI:97531,PDGFRB,8804,protein kinase binding,GO:0019901,molecular function,38,15.0,4.345e-01,3.189e-01,2.257e-01,4.686e-01,6.164e-02,2.791e-01,6.765e-01,1.359e-01,7.483e-01,1.055e-01,4.831e-01
MGI:97531,PDGFRB,8804,plasma membrane,GO:0005886,cellular component,38,22.0,4.492e-01,3.215e-01,2.059e-01,4.838e-01,7.207e-02,3.137e-01,6.432e-01,1.485e-01,6.963e-01,9.128e-02,4.644e-01
MGI:97531,PDGFRB,8804,multicellular organism development,GO:0007275,biological process,38,8.0,4.712e-01,3.093e-01,1.917e-01,4.815e-01,1.047e-01,3.256e-01,6.818e-01,1.230e-01,7.779e-01,5.634e-02,6.523e-01
MGI:97531,PDGFRB,8804,positive regulation of phosphoprotein phosphatase activity,GO:0032516,biological process,38,7.0,4.905e-01,3.479e-01,2.296e-01,4.273e-01,1.306e-01,2.472e-01,9.732e-01,1.226e-01,9.873e-01,4.826e-02,1.093e+00
MGI:97531,PDGFRB,8804,positive regulation of phospholipase C activity,GO:0010863,biological process,38,4.0,4.937e-01,3.800e-01,2.882e-01,4.204e-01,5.219e-02,3.727e-01,6.541e-01,2.047e-01,7.056e-01,1.693e-01,4.908e-01
MGI:97531,PDGFRB,8804,vascular endothelial growth factor binding,GO:0038085,molecular function,38,2.0,5.541e-01,3.960e-01,3.337e-01,3.685e-01,9.330e-02,3.796e-01,8.086e-01,1.973e-01,7.946e-01,1.473e-01,7.559e-01
MGI:97531,PDGFRB,8804,positive regulation of kinase activity,GO:0033674,biological process,38,8.0,5.544e-01,4.261e-01,3.689e-01,3.539e-01,7.394e-02,3.564e-01,8.622e-01,2.136e-01,8.500e-01,1.857e-01,7.330e-01
MGI:97531,PDGFRB,8804,platelet-derived growth factor binding,GO:0048407,molecular function,38,2.0,5.593e-01,3.960e-01,3.401e-01,3.614e-01,9.731e-02,3.777e-01,8.283e-01,1.973e-01,7.946e-01,1.479e-01,7.821e-01
MGI:97531,PDGFRB,8804,protein binding,GO:0005515,molecular function,38,161.0,5.624e-01,3.960e-01,3.342e-01,3.609e-01,1.048e-01,3.749e-01,8.435e-01,1.973e-01,7.946e-01,1.377e-01,8.111e-01
MGI:97531,PDGFRB,8804,positive regulation of phosphatidylinositol 3-kinase/protein kinase B signal transduction,GO:0051897,biological process,38,3.0,5.635e-01,4.421e-01,3.899e-01,3.491e-01,5.065e-02,4.133e-01,7.685e-01,2.440e-01,8.009e-01,2.439e-01,6.233e-01
MGI:97531,PDGFRB,8804,signal transduction,GO:0007165,biological process,38,44.0,5.728e-01,4.477e-01,3.195e-01,3.046e-01,1.730e-01,2.489e-01,1.319e+00,1.328e-01,1.510e+00,4.980e-02,2.050e+00
MGI:97531,PDGFRB,8804,cell chemotaxis,GO:0060326,biological process,38,17.0,5.734e-01,4.264e-01,3.912e-01,3.277e-01,9.337e-02,3.476e-01,9.459e-01,2.134e-01,8.519e-01,1.769e-01,8.654e-01
MGI:97531,PDGFRB,8804,positive regulation of calcium-mediated signaling,GO:0050850,biological process,38,7.0,6.012e-01,4.659e-01,4.361e-01,3.178e-01,5.507e-02,4.485e-01,8.059e-01,2.675e-01,8.113e-01,2.776e-01,6.850e-01
MGI:103007,EPB41L4A,13278,actomyosin structure organization,GO:0031032,biological process,2,9.0,4.065e-01,2.212e-01,1.945e-01,5.050e-01,3.429e-02,2.904e-01,5.690e-01,1.404e-01,3.486e-01,1.272e-01,2.975e-01
MGI:103007,EPB41L4A,13278,cytoskeleton,GO:0005856,cellular component,2,11.0,4.143e-01,2.212e-01,1.815e-01,5.185e-01,3.058e-02,3.280e-01,5.233e-01,1.404e-01,3.486e-01,1.232e-01,2.674e-01
MGI:2176380,MLPH,29643,protein-macromolecule adaptor activity,GO:0030674,molecular function,9,19.0,4.224e-01,5.388e-01,2.071e-01,4.961e-01,3.910e-03,3.391e-01,5.261e-01,3.179e-01,9.133e-01,1.975e-01,2.171e-01
MGI:2176380,MLPH,29643,small GTPase binding,GO:0031267,molecular function,9,4.0,4.506e-01,5.388e-01,2.297e-01,4.472e-01,1.013e-01,2.515e-01,8.075e-01,3.179e-01,9.133e-01,7.694e-02,6.856e-01
MGI:2176380,MLPH,29643,dendrite,GO:0030425,cellular component,9,10.0,4.509e-01,5.388e-01,2.414e-01,4.524e-01,6.977e-02,2.771e-01,7.338e-01,3.179e-01,9.133e-01,1.114e-01,5.232e-01
MGI:2176380,MLPH,29643,cortical actin cytoskeleton,GO:0030864,cellular component,9,4.0,4.926e-01,5.388e-01,3.153e-01,3.984e-01,5.836e-02,3.132e-01,7.748e-01,3.179e-01,9.133e-01,1.749e-01,5.683e-01
MGI:2176380,MLPH,29643,extracellular exosome,GO:0070062,cellular component,9,19.0,5.711e-01,6.059e-01,4.216e-01,3.125e-01,8.511e-02,3.623e-01,9.001e-01,3.522e-01,1.042e+00,2.133e-01,8.336e-01
MGI:2176380,MLPH,29643,perinuclear region of cytoplasm,GO:0048471,cellular component,9,5.0,6.272e-01,6.153e-01,5.026e-01,2.733e-01,6.196e-02,4.381e-01,8.979e-01,3.545e-01,1.068e+00,3.035e-01,8.320e-01
MGI:2176380,MLPH,29643,myosin binding,GO:0017022,molecular function,9,9.0,6.649e-01,6.153e-01,5.384e-01,2.368e-01,8.575e-02,4.302e-01,1.028e+00,3.545e-01,1.068e+00,2.691e-01,1.077e+00
MGI:2176380,MLPH,29643,protein binding,GO:0005515,molecular function,9,161.0,6.744e-01,6.153e-01,5.675e-01,2.183e-01,8.606e-02,4.488e-01,1.014e+00,3.545e-01,1.068e+00,3.103e-01,1.038e+00
MGI:2176380,MLPH,29643,actin binding,GO:0003779,molecular function,9,4.0,6.997e-01,6.682e-01,5.761e-01,2.388e-01,3.939e-02,5.768e-01,8.488e-01,4.506e-01,9.909e-01,4.380e-01,7.578e-01
MGI:96602,ITGA3,6139,integrin alpha3-beta1 complex,GO:0034667,cellular component,29,2.0,3.096e-01,2.563e-01,2.255e-02,8.264e-01,3.153e-02,2.125e-01,4.512e-01,1.777e-01,3.698e-01,1.194e-02,4.260e-02
MGI:96602,ITGA3,6139,cell adhesion mediated by integrin,GO:0033627,biological process,29,4.0,3.160e-01,2.563e-01,4.088e-02,7.498e-01,3.158e-02,2.219e-01,4.501e-01,1.777e-01,3.698e-01,2.382e-02,7.014e-02
MGI:96602,ITGA3,6139,cell-cell adhesion,GO:0098609,biological process,29,25.0,3.212e-01,2.563e-01,3.794e-02,7.608e-01,6.028e-02,2.291e-01,4.503e-01,1.777e-01,3.698e-01,1.394e-02,1.032e-01
MGI:96602,ITGA3,6139,mesodermal cell differentiation,GO:0048333,biological process,29,7.0,3.314e-01,2.591e-01,6.264e-02,6.880e-01,5.488e-02,2.405e-01,4.565e-01,1.786e-01,3.759e-01,2.532e-02,1.550e-01
MGI:96602,ITGA3,6139,receptor complex,GO:0043235,cellular component,29,21.0,3.446e-01,2.784e-01,8.845e-02,6.351e-01,4.815e-02,2.414e-01,4.919e-01,2.196e-01,3.530e-01,4.251e-02,1.840e-01
MGI:96602,ITGA3,6139,integrin complex,GO:0008305,cellular component,29,28.0,3.472e-01,2.591e-01,1.072e-01,6.097e-01,1.767e-02,2.413e-01,4.996e-01,1.786e-01,3.759e-01,8.213e-02,1.398e-01
MGI:96602,ITGA3,6139,leukocyte migration,GO:0050900,biological process,29,10.0,3.479e-01,2.591e-01,7.307e-02,6.621e-01,7.389e-02,2.568e-01,4.714e-01,1.786e-01,3.759e-01,2.239e-02,2.385e-01
MGI:96602,ITGA3,6139,nephron development,GO:0072006,biological process,29,7.0,3.532e-01,2.591e-01,1.088e-01,6.012e-01,5.560e-02,2.383e-01,5.236e-01,1.786e-01,3.759e-01,4.702e-02,2.518e-01
MGI:96602,ITGA3,6139,filopodium membrane,GO:0031527,cellular component,29,2.0,3.548e-01,2.591e-01,8.070e-02,6.483e-01,5.154e-02,2.725e-01,4.619e-01,1.786e-01,3.759e-01,3.650e-02,1.784e-01
MGI:96602,ITGA3,6139,focal adhesion,GO:0005925,cellular component,29,4.0,3.554e-01,2.591e-01,1.228e-01,5.870e-01,2.737e-02,2.395e-01,5.273e-01,1.786e-01,3.759e-01,8.222e-02,1.835e-01
MGI:96602,ITGA3,6139,regulation of transforming growth factor beta receptor signaling pathway,GO:0017015,biological process,29,5.0,3.583e-01,2.591e-01,1.267e-01,5.826e-01,2.121e-02,2.462e-01,5.216e-01,1.786e-01,3.759e-01,9.362e-02,1.715e-01
MGI:96602,ITGA3,6139,regulation of BMP signaling pathway,GO:0030510,biological process,29,5.0,3.849e-01,2.591e-01,1.570e-01,5.451e-01,2.793e-02,2.825e-01,5.244e-01,1.786e-01,3.759e-01,1.074e-01,2.294e-01
MGI:96602,ITGA3,6139,cell periphery,GO:0071944,cellular component,29,2.0,3.855e-01,2.591e-01,1.546e-01,5.491e-01,2.001e-02,2.867e-01,5.184e-01,1.786e-01,3.759e-01,1.172e-01,2.039e-01
MGI:96602,ITGA3,6139,cell surface,GO:0009986,cellular component,29,3.0,3.876e-01,2.591e-01,1.514e-01,5.515e-01,2.796e-02,2.859e-01,5.256e-01,1.786e-01,3.759e-01,1.020e-01,2.249e-01
MGI:96602,ITGA3,6139,cell-matrix adhesion,GO:0007160,biological process,29,10.0,3.892e-01,2.726e-01,1.392e-01,5.589e-01,5.936e-02,2.825e-01,5.362e-01,1.745e-01,4.259e-01,6.043e-02,3.206e-01
MGI:96602,ITGA3,6139,renal filtration,GO:0097205,biological process,29,4.0,3.897e-01,2.775e-01,1.539e-01,5.505e-01,1.187e-02,3.092e-01,4.911e-01,2.176e-01,3.540e-01,1.306e-01,1.813e-01
MGI:96602,ITGA3,6139,skin development,GO:0043588,biological process,29,2.0,4.012e-01,3.005e-01,1.699e-01,5.211e-01,6.628e-02,2.607e-01,6.175e-01,1.809e-01,4.990e-01,6.840e-02,4.222e-01
MGI:96602,ITGA3,6139,external side of plasma membrane,GO:0009897,cellular component,29,5.0,4.054e-01,2.726e-01,1.648e-01,5.328e-01,4.595e-02,3.023e-01,5.437e-01,1.745e-01,4.259e-01,8.798e-02,3.088e-01
MGI:96602,ITGA3,6139,lung development,GO:0030324,biological process,29,4.0,4.124e-01,2.986e-01,1.828e-01,5.100e-01,5.927e-02,2.806e-01,6.062e-01,1.809e-01,4.928e-01,8.152e-02,4.097e-01
MGI:96602,ITGA3,6139,protein heterodimerization activity,GO:0046982,molecular function,29,3.0,4.240e-01,2.868e-01,1.721e-01,5.175e-01,7.106e-02,2.944e-01,6.106e-01,1.691e-01,4.865e-01,6.967e-02,4.253e-01
MGI:96602,ITGA3,6139,regulation of Wnt signaling pathway,GO:0030111,biological process,29,11.0,4.249e-01,2.837e-01,1.762e-01,5.193e-01,5.412e-02,3.334e-01,5.414e-01,1.703e-01,4.728e-01,9.078e-02,3.422e-01
MGI:96602,ITGA3,6139,integrin-mediated signaling pathway,GO:0007229,biological process,29,3.0,4.633e-01,3.319e-01,2.577e-01,4.510e-01,1.999e-02,4.020e-01,5.340e-01,2.789e-01,3.949e-01,2.046e-01,3.246e-01
MGI:96602,ITGA3,6139,plasma membrane,GO:0005886,cellular component,29,22.0,4.799e-01,3.427e-01,2.660e-01,4.318e-01,7.024e-02,3.072e-01,7.498e-01,1.805e-01,6.507e-01,1.168e-01,6.056e-01
MGI:96602,ITGA3,6139,positive regulation of protein localization to plasma membrane,GO:1903078,biological process,29,7.0,5.050e-01,3.525e-01,2.927e-01,4.202e-01,4.140e-02,4.757e-01,5.361e-01,2.707e-01,4.590e-01,1.844e-01,4.648e-01
MGI:96602,ITGA3,6139,integrin binding,GO:0005178,molecular function,29,7.0,5.190e-01,3.720e-01,3.270e-01,3.913e-01,5.398e-02,3.568e-01,7.550e-01,2.241e-01,6.172e-01,1.814e-01,5.893e-01
MGI:96602,ITGA3,6139,extracellular exosome,GO:0070062,cellular component,29,19.0,5.319e-01,3.925e-01,3.522e-01,3.724e-01,5.694e-02,3.594e-01,7.872e-01,2.335e-01,6.598e-01,1.976e-01,6.277e-01
MGI:96602,ITGA3,6139,protease binding,GO:0002020,molecular function,29,6.0,5.448e-01,3.991e-01,3.680e-01,3.672e-01,3.910e-02,4.017e-01,7.389e-01,2.761e-01,5.771e-01,2.469e-01,5.485e-01
MGI:96602,ITGA3,6139,protein binding,GO:0005515,molecular function,29,161.0,5.773e-01,4.268e-01,4.164e-01,3.317e-01,5.152e-02,4.060e-01,8.210e-01,2.763e-01,6.591e-01,2.574e-01,6.735e-01
MGI:1913451,VTA1,20954,multivesicular body sorting pathway,GO:0071985,biological process,8,3.0,3.689e-01,3.934e-01,1.301e-01,5.706e-01,5.927e-02,2.398e-01,5.674e-01,1.586e-01,9.759e-01,5.348e-02,3.166e-01
MGI:1913451,VTA1,20954,intracellular membrane-bounded organelle,GO:0043231,cellular component,8,40.0,3.721e-01,3.934e-01,1.409e-01,5.578e-01,5.594e-02,2.414e-01,5.737e-01,1.586e-01,9.759e-01,6.271e-02,3.164e-01
MGI:1913451,VTA1,20954,late endosome to vacuole transport via multivesicular body sorting pathway,GO:0032511,biological process,8,4.0,3.723e-01,3.934e-01,1.403e-01,5.566e-01,6.355e-02,2.357e-01,5.883e-01,1.586e-01,9.759e-01,5.513e-02,3.569e-01
MGI:1913451,VTA1,20954,multivesicular body,GO:0005771,cellular component,8,2.0,4.315e-01,4.173e-01,2.129e-01,4.749e-01,7.533e-02,2.550e-01,7.301e-01,1.592e-01,1.094e+00,7.946e-02,5.705e-01
MGI:1913451,VTA1,20954,cytosol,GO:0005829,cellular component,8,15.0,5.433e-01,4.480e-01,3.592e-01,3.501e-01,9.206e-02,3.030e-01,9.744e-01,1.866e-01,1.075e+00,1.359e-01,9.495e-01
MGI:1913451,VTA1,20954,nucleoplasm,GO:0005654,cellular component,8,12.0,5.483e-01,4.480e-01,3.659e-01,3.494e-01,8.513e-02,3.195e-01,9.410e-01,1.866e-01,1.075e+00,1.502e-01,8.915e-01
MGI:1913451,VTA1,20954,extracellular exosome,GO:0070062,cellular component,8,19.0,5.585e-01,4.480e-01,3.832e-01,3.382e-01,8.410e-02,3.298e-01,9.460e-01,1.866e-01,1.075e+00,1.630e-01,9.012e-01
MGI:1913451,VTA1,20954,protein binding,GO:0005515,molecular function,8,161.0,6.992e-01,5.875e-01,5.875e-01,2.184e-01,6.855e-02,4.841e-01,1.010e+00,3.534e-01,9.768e-01,3.534e-01,9.768e-01
MGI:2388637,WWC1,29435,negative regulation of hippo signaling,GO:0035331,biological process,16,3.0,3.253e-01,3.656e-01,6.227e-02,6.890e-01,6.295e-02,2.218e-01,4.772e-01,1.493e-01,8.950e-01,2.190e-02,1.771e-01
MGI:2388637,WWC1,29435,regulation of DNA-templated transcription,GO:0006355,biological process,16,19.0,3.583e-01,4.178e-01,1.280e-01,5.769e-01,4.386e-02,2.362e-01,5.437e-01,2.010e-01,8.687e-01,6.987e-02,2.345e-01
MGI:2388637,WWC1,29435,negative regulation of transcription by RNA polymerase II,GO:0000122,biological process,16,9.0,3.623e-01,3.763e-01,1.160e-01,5.874e-01,6.736e-02,2.366e-01,5.548e-01,1.482e-01,9.555e-01,4.305e-02,3.125e-01
MGI:2388637,WWC1,29435,positive regulation of MAPK cascade,GO:0043410,biological process,16,9.0,3.791e-01,4.105e-01,1.382e-01,5.664e-01,3.183e-02,2.822e-01,5.091e-01,2.037e-01,8.271e-01,8.688e-02,2.198e-01
MGI:2388637,WWC1,29435,molecular adaptor activity,GO:0060090,molecular function,16,6.0,3.851e-01,4.183e-01,1.169e-01,5.561e-01,1.311e-01,1.892e-01,7.840e-01,1.420e-01,1.232e+00,2.358e-02,5.793e-01
MGI:2388637,WWC1,29435,regulation of hippo signaling,GO:0035330,biological process,16,4.0,3.990e-01,3.779e-01,1.146e-01,5.796e-01,9.998e-02,2.690e-01,5.920e-01,1.505e-01,9.491e-01,2.651e-02,4.956e-01
MGI:2388637,WWC1,29435,ruffle membrane,GO:0032587,cellular component,16,4.0,4.748e-01,4.519e-01,1.491e-01,5.033e-01,1.527e-01,2.686e-01,8.395e-01,1.480e-01,1.380e+00,1.673e-02,1.329e+00
MGI:2388637,WWC1,29435,kinase binding,GO:0019900,molecular function,16,4.0,4.760e-01,5.280e-01,2.768e-01,4.251e-01,6.470e-02,3.027e-01,7.484e-01,2.553e-01,1.092e+00,1.394e-01,5.493e-01
MGI:2388637,WWC1,29435,cell migration,GO:0016477,biological process,16,35.0,4.913e-01,4.833e-01,2.247e-01,4.522e-01,1.017e-01,3.337e-01,7.233e-01,2.731e-01,8.552e-01,7.830e-02,6.446e-01
MGI:2388637,WWC1,29435,nucleus,GO:0005634,cellular component,16,21.0,5.325e-01,5.587e-01,3.790e-01,3.121e-01,1.252e-01,2.941e-01,9.641e-01,3.068e-01,1.018e+00,1.530e-01,9.388e-01
MGI:2388637,WWC1,29435,cytosol,GO:0005829,cellular component,16,15.0,5.637e-01,5.573e-01,4.032e-01,3.212e-01,9.083e-02,3.443e-01,9.229e-01,2.718e-01,1.143e+00,1.818e-01,8.941e-01
MGI:2388637,WWC1,29435,cytoplasm,GO:0005737,cellular component,16,19.0,5.811e-01,5.712e-01,4.392e-01,2.964e-01,9.215e-02,3.660e-01,9.225e-01,3.145e-01,1.037e+00,2.262e-01,8.528e-01
MGI:2388637,WWC1,29435,negative regulation of organ growth,GO:0046621,biological process,16,6.0,5.812e-01,5.529e-01,4.091e-01,3.175e-01,8.973e-02,3.541e-01,9.542e-01,2.638e-01,1.159e+00,1.709e-01,9.792e-01
MGI:2388637,WWC1,29435,protein binding,GO:0005515,molecular function,16,161.0,5.996e-01,5.712e-01,4.739e-01,2.448e-01,1.251e-01,3.686e-01,9.754e-01,3.145e-01,1.037e+00,2.334e-01,9.624e-01
MGI:2388637,WWC1,29435,perinuclear region of cytoplasm,GO:0048471,cellular component,16,5.0,6.234e-01,5.971e-01,4.749e-01,2.905e-01,6.190e-02,4.323e-01,8.992e-01,3.282e-01,1.086e+00,2.734e-01,8.247e-01
MGI:2388637,WWC1,29435,transcription coactivator activity,GO:0003713,molecular function,16,4.0,6.380e-01,5.971e-01,5.183e-01,2.619e-01,6.643e-02,4.449e-01,9.149e-01,3.282e-01,1.086e+00,3.143e-01,8.546e-01
MGI:1925584,CDK19,19338,protein phosphorylation,GO:0006468,biological process,5,18.0,3.876e-01,4.412e-01,1.376e-01,5.588e-01,6.544e-02,2.707e-01,5.552e-01,2.231e-01,8.724e-01,5.207e-02,3.639e-01
MGI:1925584,CDK19,19338,cytosol,GO:0005829,cellular component,5,15.0,5.281e-01,4.694e-01,3.583e-01,3.495e-01,9.544e-02,3.139e-01,8.888e-01,2.600e-01,8.476e-01,1.574e-01,8.157e-01
MGI:1925584,CDK19,19338,nucleoplasm,GO:0005654,cellular component,5,12.0,5.446e-01,4.876e-01,3.899e-01,3.367e-01,7.947e-02,3.435e-01,8.633e-01,2.838e-01,8.378e-01,2.048e-01,7.422e-01
MGI:1925584,CDK19,19338,protein serine/threonine kinase activity,GO:0004674,molecular function,5,39.0,5.633e-01,5.173e-01,3.795e-01,3.423e-01,8.176e-02,3.505e-01,9.054e-01,2.923e-01,9.152e-01,1.654e-01,8.709e-01
MGI:1925584,CDK19,19338,nucleus,GO:0005634,cellular component,5,21.0,5.909e-01,5.741e-01,4.444e-01,2.844e-01,1.032e-01,3.367e-01,1.037e+00,3.768e-01,8.749e-01,1.832e-01,1.078e+00
MGI:2685420,ATG9B,21899,reticulophagy,GO:0061709,biological process,7,3.0,3.096e-01,1.054e-01,3.203e-02,7.842e-01,1.615e-02,2.125e-01,4.512e-01,7.783e-02,1.427e-01,2.460e-02,4.169e-02
MGI:2685420,ATG9B,21899,autophagy of mitochondrion,GO:0000422,biological process,7,8.0,3.096e-01,1.054e-01,3.602e-02,7.672e-01,1.353e-02,2.125e-01,4.512e-01,7.783e-02,1.427e-01,2.863e-02,4.531e-02
MGI:2685420,ATG9B,21899,piecemeal microautophagy of the nucleus,GO:0034727,biological process,7,3.0,3.165e-01,1.131e-01,5.335e-02,7.127e-01,1.187e-02,2.203e-01,4.546e-01,7.748e-02,1.651e-01,4.335e-02,6.564e-02
MGI:2685420,ATG9B,21899,autophagosome assembly,GO:0000045,biological process,7,5.0,3.528e-01,1.515e-01,1.159e-01,5.965e-01,2.476e-02,2.450e-01,5.079e-01,1.052e-01,2.182e-01,7.947e-02,1.691e-01
MGI:2685420,ATG9B,21899,protein localization to phagophore assembly site,GO:0034497,biological process,7,3.0,3.608e-01,1.618e-01,1.088e-01,5.941e-01,8.127e-02,2.244e-01,5.800e-01,7.204e-02,3.634e-01,3.193e-02,3.707e-01
MGI:2685420,ATG9B,21899,autophagosome,GO:0005776,cellular component,7,5.0,3.743e-01,1.567e-01,1.235e-01,5.854e-01,3.116e-02,3.082e-01,4.547e-01,1.354e-01,1.814e-01,7.732e-02,1.974e-01
MGI:2685420,ATG9B,21899,phagophore assembly site,GO:0000407,cellular component,7,3.0,4.176e-01,2.186e-01,2.076e-01,4.847e-01,6.247e-02,2.585e-01,6.746e-01,1.065e-01,4.488e-01,9.148e-02,4.713e-01
MGI:1347054,GNPDA1,4417,N-acetylglucosamine catabolic process,GO:0006046,biological process,10,3.0,3.187e-01,3.215e-01,5.976e-02,6.936e-01,4.954e-02,2.068e-01,4.911e-01,1.684e-01,6.137e-01,2.661e-02,1.342e-01
MGI:1347054,GNPDA1,4417,glucosamine catabolic process,GO:0006043,biological process,10,3.0,3.325e-01,3.215e-01,8.101e-02,6.443e-01,6.768e-02,2.114e-01,5.229e-01,1.684e-01,6.137e-01,2.871e-02,2.286e-01
MGI:1347054,GNPDA1,4417,N-acetylneuraminate catabolic process,GO:0019262,biological process,10,5.0,4.118e-01,3.868e-01,1.550e-01,5.370e-01,6.965e-02,2.860e-01,5.930e-01,2.157e-01,6.939e-01,6.000e-02,4.002e-01
MGI:1347054,GNPDA1,4417,generation of precursor metabolites and energy,GO:0006091,biological process,10,14.0,4.172e-01,4.298e-01,1.987e-01,5.032e-01,1.939e-02,3.256e-01,5.345e-01,3.254e-01,5.678e-01,1.562e-01,2.530e-01
MGI:1347054,GNPDA1,4417,UDP-N-acetylglucosamine biosynthetic process,GO:0006048,biological process,10,4.0,4.414e-01,4.314e-01,2.344e-01,4.597e-01,6.674e-02,2.704e-01,7.207e-01,2.322e-01,8.016e-01,1.133e-01,4.850e-01
MGI:1347054,GNPDA1,4417,identical protein binding,GO:0042802,molecular function,10,8.0,4.614e-01,4.426e-01,2.552e-01,4.441e-01,6.077e-02,2.965e-01,7.178e-01,2.369e-01,8.266e-01,1.302e-01,5.003e-01
MGI:1347054,GNPDA1,4417,glucosamine-6-phosphate deaminase activity,GO:0004342,molecular function,10,2.0,4.968e-01,4.489e-01,2.898e-01,4.118e-01,7.276e-02,3.145e-01,7.849e-01,2.392e-01,8.424e-01,1.272e-01,6.602e-01
MGI:1347054,GNPDA1,4417,extracellular exosome,GO:0070062,cellular component,10,19.0,5.851e-01,5.112e-01,4.311e-01,3.203e-01,5.691e-02,4.080e-01,8.390e-01,3.157e-01,8.278e-01,2.584e-01,7.194e-01
MGI:1347054,GNPDA1,4417,cytoplasm,GO:0005737,cellular component,10,19.0,6.123e-01,5.347e-01,4.844e-01,2.876e-01,5.549e-02,4.402e-01,8.518e-01,3.627e-01,7.881e-01,3.214e-01,7.302e-01
MGI:1347054,GNPDA1,4417,protein binding,GO:0005515,molecular function,10,161.0,6.636e-01,5.539e-01,5.539e-01,2.465e-01,5.362e-02,4.921e-01,8.950e-01,3.770e-01,8.138e-01,3.770e-01,8.138e-01
MGI:1914103,PNPLA2,30802,diolein transacylation activity,GO:0051265,molecular function,17,2.0,3.294e-01,5.450e-01,7.260e-02,6.644e-01,5.740e-02,2.180e-01,4.976e-01,2.440e-01,1.217e+00,2.862e-02,1.841e-01
MGI:1914103,PNPLA2,30802,mono-olein transacylation activity,GO:0051264,molecular function,17,2.0,3.300e-01,5.450e-01,7.243e-02,6.649e-01,5.625e-02,2.187e-01,4.980e-01,2.440e-01,1.217e+00,2.899e-02,1.810e-01
MGI:1914103,PNPLA2,30802,acylglycerol O-acyltransferase activity,GO:0016411,molecular function,17,7.0,3.637e-01,5.450e-01,1.381e-01,5.667e-01,3.184e-02,2.479e-01,5.336e-01,2.440e-01,1.217e+00,8.865e-02,2.151e-01
MGI:1914103,PNPLA2,30802,lipid droplet disassembly,GO:1905691,biological process,17,3.0,4.245e-01,5.450e-01,2.075e-01,4.731e-01,9.095e-02,2.305e-01,7.816e-01,2.440e-01,1.217e+00,7.079e-02,6.083e-01
MGI:1914103,PNPLA2,30802,lipid homeostasis,GO:0055088,biological process,17,10.0,4.349e-01,5.734e-01,2.342e-01,4.700e-01,2.654e-02,3.267e-01,5.791e-01,2.826e-01,1.163e+00,1.695e-01,3.236e-01
MGI:1914103,PNPLA2,30802,triglyceride lipase activity,GO:0004806,molecular function,17,4.0,4.636e-01,5.450e-01,2.682e-01,4.219e-01,8.656e-02,2.571e-01,8.362e-01,2.440e-01,1.217e+00,1.019e-01,7.058e-01
MGI:1914103,PNPLA2,30802,triglyceride catabolic process,GO:0019433,biological process,17,3.0,4.772e-01,5.450e-01,2.814e-01,4.210e-01,6.617e-02,2.906e-01,7.837e-01,2.440e-01,1.217e+00,1.309e-01,6.052e-01
MGI:1914103,PNPLA2,30802,lipid droplet,GO:0005811,cellular component,17,4.0,5.018e-01,5.450e-01,3.130e-01,3.780e-01,1.018e-01,2.681e-01,9.390e-01,2.440e-01,1.217e+00,1.071e-01,9.148e-01
MGI:1914103,PNPLA2,30802,phospholipase A2 activity,GO:0004623,molecular function,17,5.0,5.121e-01,5.450e-01,3.240e-01,3.731e-01,9.666e-02,2.812e-01,9.326e-01,2.440e-01,1.217e+00,1.158e-01,9.065e-01
MGI:1914103,PNPLA2,30802,membrane,GO:0016020,cellular component,17,28.0,5.357e-01,5.493e-01,3.602e-01,3.423e-01,1.034e-01,2.919e-01,9.834e-01,2.448e-01,1.233e+00,1.278e-01,1.015e+00
MGI:1914103,PNPLA2,30802,negative regulation of sequestering of triglyceride,GO:0010891,biological process,17,3.0,5.731e-01,6.535e-01,3.943e-01,3.473e-01,4.769e-02,4.590e-01,7.155e-01,3.911e-01,1.092e+00,2.603e-01,5.973e-01
MGI:1914103,PNPLA2,30802,retinyl-palmitate esterase activity,GO:0050253,molecular function,17,4.0,5.794e-01,6.392e-01,4.259e-01,3.268e-01,4.776e-02,4.066e-01,8.255e-01,3.854e-01,1.060e+00,2.809e-01,6.457e-01
MGI:1914103,PNPLA2,30802,positive regulation of triglyceride catabolic process,GO:0010898,biological process,17,5.0,5.819e-01,6.389e-01,4.193e-01,3.287e-01,5.450e-02,4.028e-01,8.407e-01,3.734e-01,1.093e+00,2.484e-01,7.079e-01
MGI:1914103,PNPLA2,30802,plasma membrane,GO:0005886,cellular component,17,22.0,6.582e-01,6.840e-01,5.503e-01,2.342e-01,7.935e-02,4.612e-01,9.393e-01,4.595e-01,1.018e+00,3.406e-01,8.891e-01
MGI:1914103,PNPLA2,30802,nucleoplasm,GO:0005654,cellular component,17,12.0,7.044e-01,6.693e-01,6.035e-01,1.896e-01,9.259e-02,4.509e-01,1.100e+00,3.947e-01,1.135e+00,3.159e-01,1.153e+00
MGI:1914103,PNPLA2,30802,cytoplasm,GO:0005737,cellular component,17,19.0,7.078e-01,6.713e-01,6.165e-01,1.853e-01,8.815e-02,4.744e-01,1.056e+00,3.983e-01,1.132e+00,3.505e-01,1.085e+00
MGI:1914103,PNPLA2,30802,protein binding,GO:0005515,molecular function,17,161.0,8.295e-01,7.960e-01,7.960e-01,8.808e-02,6.032e-02,6.896e-01,9.978e-01,6.426e-01,9.861e-01,6.426e-01,9.861e-01
MGI:1859016,DDAH2,2716,mitochondrion,GO:0005739,cellular component,3,9.0,3.243e-01,1.915e-01,6.382e-02,6.866e-01,2.435e-02,2.312e-01,4.549e-01,1.263e-01,2.903e-01,4.210e-02,9.676e-02
MGI:1859016,DDAH2,2716,extracellular exosome,GO:0070062,cellular component,3,19.0,4.289e-01,3.118e-01,2.097e-01,4.929e-01,1.883e-02,3.510e-01,5.242e-01,2.527e-01,3.847e-01,1.671e-01,2.632e-01
MGI:1859016,DDAH2,2716,protein binding,GO:0005515,molecular function,3,161.0,5.288e-01,3.469e-01,3.469e-01,3.858e-01,1.247e-02,4.710e-01,5.937e-01,3.055e-01,3.939e-01,3.055e-01,3.939e-01
MGI:94906,DMPK,2933,peptidyl-serine phosphorylation,GO:0018105,biological process,13,5.0,3.160e-01,1.479e-01,3.143e-02,7.831e-01,5.341e-02,2.219e-01,4.501e-01,4.753e-02,4.601e-01,1.212e-02,8.148e-02
MGI:94906,DMPK,2933,nuclear envelope organization,GO:0006998,biological process,13,3.0,3.255e-01,1.479e-01,6.336e-02,6.853e-01,6.270e-02,2.157e-01,4.912e-01,4.753e-02,4.601e-01,2.277e-02,1.763e-01
MGI:94906,DMPK,2933,intracellular calcium ion homeostasis,GO:0006874,biological process,13,8.0,3.257e-01,1.504e-01,5.711e-02,6.955e-01,8.109e-02,2.025e-01,5.239e-01,4.774e-02,4.739e-01,1.598e-02,2.041e-01
MGI:94906,DMPK,2933,mitochondrial outer membrane,GO:0005741,cellular component,13,5.0,3.306e-01,1.557e-01,5.863e-02,6.977e-01,5.283e-02,2.411e-01,4.534e-01,4.688e-02,5.171e-01,2.457e-02,1.399e-01
MGI:94906,DMPK,2933,protein phosphorylation,GO:0006468,biological process,13,18.0,3.385e-01,1.557e-01,6.754e-02,6.757e-01,6.430e-02,2.483e-01,4.613e-01,4.688e-02,5.171e-01,2.369e-02,1.926e-01
MGI:94906,DMPK,2933,myosin phosphatase regulator activity,GO:0017020,molecular function,13,2.0,3.865e-01,1.827e-01,1.108e-01,5.941e-01,6.987e-02,2.813e-01,5.310e-01,5.050e-02,6.612e-01,3.851e-02,3.187e-01
MGI:94906,DMPK,2933,ATP binding,GO:0005524,molecular function,13,3.0,4.262e-01,2.038e-01,1.115e-01,5.712e-01,1.308e-01,2.690e-01,6.753e-01,4.154e-02,9.997e-01,1.676e-02,7.412e-01
MGI:94906,DMPK,2933,regulation of skeletal muscle contraction by calcium ion signaling,GO:0014722,biological process,13,5.0,4.341e-01,2.021e-01,1.176e-01,5.590e-01,1.357e-01,2.651e-01,7.105e-01,4.124e-02,9.900e-01,1.878e-02,7.362e-01
MGI:94906,DMPK,2933,muscle cell apoptotic process,GO:0010657,biological process,13,4.0,4.547e-01,2.055e-01,1.475e-01,5.108e-01,1.398e-01,2.595e-01,7.966e-01,4.320e-02,9.774e-01,2.689e-02,8.088e-01
MGI:94906,DMPK,2933,protein serine/threonine kinase activity,GO:0004674,molecular function,13,39.0,4.943e-01,2.785e-01,2.318e-01,4.357e-01,1.158e-01,2.881e-01,8.481e-01,6.430e-02,1.207e+00,5.472e-02,9.818e-01
MGI:94906,DMPK,2933,regulation of heart contraction,GO:0008016,biological process,13,10.0,4.976e-01,2.359e-01,2.002e-01,4.371e-01,1.558e-01,2.640e-01,9.380e-01,5.537e-02,1.005e+00,4.364e-02,9.183e-01
MGI:94906,DMPK,2933,protein binding,GO:0005515,molecular function,13,161.0,5.773e-01,3.855e-01,3.745e-01,3.353e-01,9.835e-02,3.428e-01,9.722e-01,1.383e-01,1.075e+00,1.394e-01,1.007e+00
MGI:1920717,C2orf69,26799,oxidative phosphorylation,GO:0006119,biological process,2,2.0,3.096e-01,3.523e-02,2.264e-02,8.346e-01,8.894e-03,2.125e-01,4.512e-01,2.533e-02,4.901e-02,1.941e-02,2.639e-02
MGI:1920717,C2orf69,26799,mitochondrion,GO:0005739,cellular component,2,9.0,3.104e-01,4.549e-02,3.610e-02,7.583e-01,6.285e-02,2.120e-01,4.543e-01,2.118e-02,9.771e-02,1.117e-02,1.167e-01
MGI:1921241,ATL1,11231,endoplasmic reticulum tubular network membrane,GO:0098826,cellular component,10,2.0,3.096e-01,1.347e-01,3.794e-02,7.613e-01,3.686e-02,2.125e-01,4.512e-01,5.684e-02,3.191e-01,2.037e-02,7.067e-02
MGI:1921241,ATL1,11231,endoplasmic reticulum tubular network membrane organization,GO:1990809,biological process,10,3.0,3.172e-01,1.347e-01,4.243e-02,7.448e-01,4.743e-02,2.198e-01,4.577e-01,5.684e-02,3.191e-01,1.913e-02,9.411e-02
MGI:1921241,ATL1,11231,endoplasmic reticulum,GO:0005783,cellular component,10,8.0,3.228e-01,1.347e-01,6.057e-02,6.920e-01,4.228e-02,2.164e-01,4.814e-01,5.684e-02,3.191e-01,3.013e-02,1.218e-01
MGI:1921241,ATL1,11231,identical protein binding,GO:0042802,molecular function,10,8.0,3.250e-01,1.347e-01,7.439e-02,6.640e-01,3.387e-02,2.150e-01,4.911e-01,5.684e-02,3.191e-01,4.332e-02,1.278e-01
MGI:1921241,ATL1,11231,endoplasmic reticulum organization,GO:0007029,biological process,10,9.0,3.315e-01,1.412e-01,7.079e-02,6.660e-01,6.390e-02,2.111e-01,5.206e-01,5.434e-02,3.671e-01,2.610e-02,1.920e-01
MGI:1921241,ATL1,11231,membrane,GO:0016020,cellular component,10,28.0,3.574e-01,1.517e-01,1.064e-01,5.911e-01,9.415e-02,1.968e-01,6.489e-01,5.075e-02,4.537e-01,3.000e-02,3.776e-01
MGI:1921241,ATL1,11231,GTP binding,GO:0005525,molecular function,10,3.0,3.643e-01,1.786e-01,1.291e-01,5.746e-01,4.764e-02,2.480e-01,5.352e-01,8.192e-02,3.892e-01,6.448e-02,2.586e-01
MGI:1921241,ATL1,11231,GTPase activity,GO:0003924,molecular function,10,5.0,3.811e-01,1.639e-01,1.207e-01,5.650e-01,1.059e-01,2.031e-01,7.153e-01,5.786e-02,4.643e-01,2.992e-02,4.871e-01
MGI:1921241,ATL1,11231,protein homooligomerization,GO:0051260,biological process,10,4.0,3.927e-01,1.760e-01,1.577e-01,5.266e-01,8.797e-02,2.159e-01,7.141e-01,6.786e-02,4.562e-01,5.416e-02,4.592e-01
MGI:1921241,ATL1,11231,protein binding,GO:0005515,molecular function,10,161.0,4.440e-01,2.523e-01,2.470e-01,4.542e-01,5.065e-02,2.872e-01,6.864e-01,1.394e-01,4.564e-01,1.423e-01,4.287e-01
MGI:1917631,TECPR1,22214,autophagy,GO:0006914,biological process,10,9.0,3.165e-01,2.447e-01,5.449e-02,7.095e-01,1.766e-02,2.203e-01,4.546e-01,1.759e-01,3.403e-01,4.025e-02,7.378e-02
MGI:1917631,TECPR1,22214,macroautophagy,GO:0016236,biological process,10,13.0,3.360e-01,2.447e-01,6.607e-02,6.793e-01,4.850e-02,2.364e-01,4.774e-01,1.759e-01,3.403e-01,2.986e-02,1.462e-01
MGI:1917631,TECPR1,22214,autophagosome membrane,GO:0000421,cellular component,10,5.0,3.484e-01,2.447e-01,1.022e-01,6.157e-01,3.294e-02,2.433e-01,4.989e-01,1.759e-01,3.403e-01,6.111e-02,1.708e-01
MGI:1917631,TECPR1,22214,intracellular membrane-bounded organelle,GO:0043231,cellular component,10,40.0,3.870e-01,2.632e-01,1.630e-01,5.395e-01,1.901e-02,2.853e-01,5.249e-01,1.936e-01,3.578e-01,1.267e-01,2.096e-01
MGI:1917631,TECPR1,22214,lysosomal membrane,GO:0005765,cellular component,10,9.0,3.893e-01,2.878e-01,1.763e-01,5.224e-01,3.733e-02,2.678e-01,5.660e-01,1.892e-01,4.377e-01,1.061e-01,2.929e-01
MGI:1917631,TECPR1,22214,phosphatidylinositol-3-phosphate binding,GO:0032266,molecular function,10,3.0,4.110e-01,2.939e-01,1.770e-01,5.191e-01,5.173e-02,3.009e-01,5.614e-01,1.736e-01,4.976e-01,9.377e-02,3.343e-01
MGI:1917631,TECPR1,22214,autophagosome maturation,GO:0097352,biological process,10,2.0,4.117e-01,2.848e-01,1.732e-01,5.274e-01,2.834e-02,3.360e-01,5.046e-01,2.659e-01,3.051e-01,1.204e-01,2.493e-01
MGI:1917631,TECPR1,22214,regulation of autophagosome maturation,GO:1901096,biological process,10,6.0,4.299e-01,3.099e-01,1.968e-01,4.880e-01,8.058e-02,2.635e-01,7.013e-01,1.663e-01,5.772e-01,6.909e-02,5.603e-01
MGI:1917631,TECPR1,22214,nucleoplasm,GO:0005654,cellular component,10,12.0,5.230e-01,3.919e-01,3.349e-01,3.777e-01,7.327e-02,3.189e-01,8.576e-01,1.950e-01,7.874e-01,1.507e-01,7.446e-01
MGI:1917631,TECPR1,22214,protein binding,GO:0005515,molecular function,10,161.0,7.307e-01,6.385e-01,6.385e-01,1.904e-01,6.320e-02,5.276e-01,1.012e+00,4.154e-01,9.815e-01,4.154e-01,9.815e-01
MGI:2449973,TBC1D17,25699,"retrograde transport, endosome to Golgi",GO:0042147,biological process,5,6.0,4.401e-01,7.494e-01,2.110e-01,4.900e-01,2.980e-02,3.872e-01,5.002e-01,6.476e-01,8.673e-01,1.448e-01,3.076e-01
MGI:2449973,TBC1D17,25699,GTPase activator activity,GO:0005096,molecular function,5,4.0,6.482e-01,7.494e-01,4.830e-01,2.844e-01,6.438e-02,5.419e-01,7.752e-01,6.476e-01,8.673e-01,2.825e-01,8.258e-01
MGI:2449973,TBC1D17,25699,activation of GTPase activity,GO:0090630,biological process,5,2.0,7.079e-01,8.101e-01,6.023e-01,2.096e-01,6.801e-02,4.949e-01,1.012e+00,6.783e-01,9.674e-01,3.694e-01,9.819e-01
MGI:2449973,TBC1D17,25699,cytosol,GO:0005829,cellular component,5,15.0,7.092e-01,8.101e-01,6.075e-01,2.216e-01,3.647e-02,5.638e-01,8.922e-01,6.783e-01,9.674e-01,4.701e-01,7.850e-01
MGI:2449973,TBC1D17,25699,protein binding,GO:0005515,molecular function,5,161.0,8.771e-01,8.558e-01,8.558e-01,6.704e-02,2.459e-02,7.926e-01,9.706e-01,7.820e-01,9.365e-01,7.820e-01,9.365e-01
MGI:1914470,PLEKHO1,24310,ruffle membrane,GO:0032587,cellular component,4,4.0,4.048e-01,2.749e-01,1.018e-01,5.943e-01,1.154e-01,2.686e-01,6.100e-01,8.811e-02,8.577e-01,1.950e-02,5.319e-01
MGI:1914470,PLEKHO1,24310,muscle cell projection membrane,GO:0036195,cellular component,4,2.0,4.715e-01,3.080e-01,2.274e-01,4.487e-01,1.014e-01,2.863e-01,7.765e-01,1.228e-01,7.723e-01,6.790e-02,7.614e-01
MGI:1914470,PLEKHO1,24310,regulation of myoblast fusion,GO:1901739,biological process,4,4.0,4.833e-01,3.080e-01,2.457e-01,4.413e-01,8.497e-02,3.131e-01,7.461e-01,1.228e-01,7.723e-01,8.991e-02,6.717e-01
MGI:1914470,PLEKHO1,24310,protein binding,GO:0005515,molecular function,4,161.0,6.957e-01,6.017e-01,6.017e-01,2.121e-01,6.447e-02,5.152e-01,9.394e-01,4.050e-01,8.939e-01,4.050e-01,8.939e-01
MGI:1914515,SLC39A10,20861,zinc ion import across plasma membrane,GO:0071578,biological process,8,3.0,3.165e-01,2.207e-01,3.996e-02,7.533e-01,1.713e-02,2.203e-01,4.546e-01,2.030e-01,2.401e-01,2.968e-02,5.380e-02
MGI:1914515,SLC39A10,20861,zinc ion transmembrane transport,GO:0071577,biological process,8,8.0,3.237e-01,2.207e-01,7.546e-02,6.631e-01,1.496e-02,2.303e-01,4.550e-01,2.030e-01,2.401e-01,5.917e-02,9.623e-02
MGI:1914515,SLC39A10,20861,apical plasma membrane,GO:0016324,cellular component,8,2.0,3.506e-01,2.609e-01,1.233e-01,5.783e-01,6.261e-02,2.161e-01,5.687e-01,1.754e-01,3.882e-01,5.280e-02,2.879e-01
MGI:1914515,SLC39A10,20861,zinc ion transmembrane transporter activity,GO:0005385,molecular function,8,6.0,3.620e-01,2.341e-01,1.179e-01,5.940e-01,2.593e-02,2.809e-01,4.666e-01,2.262e-01,2.423e-01,8.004e-02,1.735e-01
MGI:1914515,SLC39A10,20861,monoatomic cation:bicarbonate symporter activity,GO:0140410,molecular function,8,5.0,3.897e-01,2.356e-01,1.532e-01,5.504e-01,2.191e-02,3.103e-01,4.893e-01,2.288e-01,2.426e-01,1.137e-01,2.065e-01
MGI:1914515,SLC39A10,20861,epithelial to mesenchymal transition,GO:0001837,biological process,8,7.0,4.056e-01,2.383e-01,1.771e-01,5.246e-01,1.808e-02,3.330e-01,4.939e-01,2.235e-01,2.541e-01,1.402e-01,2.237e-01
MGI:1914515,SLC39A10,20861,plasma membrane,GO:0005886,cellular component,8,22.0,4.386e-01,3.195e-01,2.204e-01,4.669e-01,8.006e-02,2.595e-01,7.413e-01,1.727e-01,5.910e-01,9.065e-02,5.357e-01
MGI:1914515,SLC39A10,20861,protein binding,GO:0005515,molecular function,8,161.0,5.833e-01,4.416e-01,4.416e-01,3.128e-01,5.954e-02,4.025e-01,8.454e-01,2.765e-01,7.052e-01,2.765e-01,7.052e-01
MGI:1915485,MTURN,25457,positive regulation of ERK1 and ERK2 cascade,GO:0070374,biological process,7,6.0,4.288e-01,5.461e-01,2.231e-01,4.596e-01,8.956e-02,2.327e-01,7.901e-01,3.558e-01,8.384e-01,8.319e-02,5.985e-01
MGI:1915485,MTURN,25457,negative regulation of NF-kappaB transcription factor activity,GO:0032088,biological process,7,3.0,4.462e-01,5.461e-01,2.328e-01,4.524e-01,8.762e-02,2.556e-01,7.791e-01,3.558e-01,8.384e-01,9.208e-02,5.887e-01
MGI:1915485,MTURN,25457,regulation of signaling,GO:0023051,biological process,7,14.0,4.679e-01,5.461e-01,2.704e-01,4.247e-01,7.787e-02,2.793e-01,7.837e-01,3.558e-01,8.384e-01,1.227e-01,5.957e-01
MGI:1915485,MTURN,25457,positive regulation of JNK cascade,GO:0046330,biological process,7,3.0,5.176e-01,5.461e-01,3.392e-01,3.869e-01,3.990e-02,3.675e-01,7.290e-01,3.558e-01,8.384e-01,2.279e-01,5.049e-01
MGI:1915485,MTURN,25457,positive regulation of megakaryocyte differentiation,GO:0045654,biological process,7,3.0,5.548e-01,5.461e-01,3.974e-01,3.454e-01,4.755e-02,3.872e-01,7.949e-01,3.558e-01,8.384e-01,2.620e-01,6.029e-01
MGI:1915485,MTURN,25457,cytoplasm,GO:0005737,cellular component,7,19.0,7.366e-01,7.014e-01,6.635e-01,1.519e-01,9.067e-02,5.399e-01,1.005e+00,4.565e-01,1.078e+00,4.364e-01,1.009e+00
MGI:1915485,MTURN,25457,protein binding,GO:0005515,molecular function,7,161.0,7.628e-01,7.089e-01,6.981e-01,1.183e-01,9.891e-02,5.433e-01,1.071e+00,4.598e-01,1.093e+00,4.401e-01,1.108e+00
MGI:2444572,BEND6,20871,negative regulation of Notch signaling pathway,GO:0045746,biological process,4,4.0,5.270e-01,5.137e-01,3.627e-01,3.551e-01,7.980e-02,3.270e-01,8.494e-01,2.641e-01,9.991e-01,1.838e-01,7.155e-01
MGI:2444572,BEND6,20871,positive regulation of neuron differentiation,GO:0045666,biological process,4,11.0,5.416e-01,5.137e-01,3.857e-01,3.286e-01,9.785e-02,3.187e-01,9.205e-01,2.641e-01,9.991e-01,1.758e-01,8.463e-01
MGI:2444572,BEND6,20871,nucleus,GO:0005634,cellular component,4,21.0,6.218e-01,5.137e-01,5.011e-01,2.252e-01,1.253e-01,3.902e-01,9.909e-01,2.641e-01,9.991e-01,2.545e-01,9.869e-01
MGI:2444572,BEND6,20871,transcription corepressor activity,GO:0003714,molecular function,4,4.0,6.302e-01,5.137e-01,5.095e-01,2.307e-01,1.145e-01,3.993e-01,9.948e-01,2.641e-01,9.991e-01,2.635e-01,9.853e-01
MGI:2385305,KLHL36,17844,cullin family protein binding,GO:0097602,molecular function,2,2.0,7.070e-14,2.000e-16,1.000e-16,9.993e-01,1.730e-04,7.070e-14,7.070e-14,2.000e-16,2.000e-16,1.000e-16,1.000e-16
MGI:2385305,KLHL36,17844,protein binding,GO:0005515,molecular function,2,161.0,3.526e-01,1.169e-01,1.169e-01,5.960e-01,1.738e-02,2.491e-01,4.993e-01,9.059e-02,1.508e-01,9.059e-02,1.508e-01
MGI:2146009,DENND3,29134,cytoplasmic vesicle,GO:0031410,cellular component,3,29.0,3.165e-01,9.031e-02,4.528e-02,7.356e-01,2.461e-02,2.203e-01,4.546e-01,5.370e-02,1.519e-01,2.965e-02,6.915e-02
MGI:2146009,DENND3,29134,guanyl-nucleotide exchange factor activity,GO:0005085,molecular function,3,3.0,3.228e-01,9.155e-02,7.184e-02,6.696e-01,2.956e-02,2.164e-01,4.814e-01,5.317e-02,1.576e-01,4.458e-02,1.158e-01
MGI:2146009,DENND3,29134,regulation of Rab protein signal transduction,GO:0032483,biological process,3,2.0,3.354e-01,9.155e-02,9.048e-02,6.340e-01,3.609e-02,2.238e-01,5.026e-01,5.317e-02,1.576e-01,5.152e-02,1.589e-01
MGI:2679732,SLC9A9,20653,sodium ion import across plasma membrane,GO:0098719,biological process,10,3.0,3.930e-01,2.924e-01,1.032e-01,6.053e-01,7.262e-02,3.245e-01,4.759e-01,1.465e-01,5.836e-01,3.460e-02,3.080e-01
MGI:2679732,SLC9A9,20653,early endosome,GO:0005769,cellular component,10,4.0,4.021e-01,2.924e-01,1.175e-01,5.777e-01,8.697e-02,2.858e-01,5.659e-01,1.465e-01,5.836e-01,3.725e-02,3.707e-01
MGI:2679732,SLC9A9,20653,potassium ion transmembrane transport,GO:0071805,biological process,10,7.0,4.105e-01,2.924e-01,1.179e-01,5.798e-01,8.107e-02,3.267e-01,5.160e-01,1.465e-01,5.836e-01,3.780e-02,3.675e-01
MGI:2679732,SLC9A9,20653,plasma membrane,GO:0005886,cellular component,10,22.0,4.241e-01,3.486e-01,1.980e-01,5.035e-01,2.228e-02,3.413e-01,5.271e-01,2.241e-01,5.421e-01,1.506e-01,2.605e-01
MGI:2679732,SLC9A9,20653,recycling endosome,GO:0055037,cellular component,10,6.0,4.304e-01,2.992e-01,1.437e-01,5.347e-01,1.053e-01,2.779e-01,6.664e-01,1.440e-01,6.217e-01,4.050e-02,5.099e-01
MGI:2679732,SLC9A9,20653,potassium:proton antiporter activity,GO:0015386,molecular function,10,3.0,4.583e-01,3.080e-01,2.121e-01,4.805e-01,6.256e-02,3.919e-01,5.359e-01,1.639e-01,5.788e-01,9.923e-02,4.535e-01
MGI:2679732,SLC9A9,20653,recycling endosome membrane,GO:0055038,cellular component,10,3.0,4.588e-01,2.972e-01,1.899e-01,4.961e-01,7.762e-02,4.020e-01,5.236e-01,1.488e-01,5.935e-01,6.857e-02,5.256e-01
MGI:2679732,SLC9A9,20653,sodium:proton antiporter activity,GO:0015385,molecular function,10,8.0,4.923e-01,3.728e-01,2.958e-01,4.208e-01,2.542e-02,4.428e-01,5.474e-01,2.563e-01,5.421e-01,2.243e-01,3.901e-01
MGI:2679732,SLC9A9,20653,protein binding,GO:0005515,molecular function,10,161.0,5.848e-01,4.612e-01,4.134e-01,3.397e-01,2.977e-02,5.431e-01,6.296e-01,3.539e-01,6.011e-01,3.135e-01,5.452e-01
MGI:2679732,SLC9A9,20653,regulation of intracellular pH,GO:0051453,biological process,10,7.0,6.196e-01,4.760e-01,4.154e-01,2.821e-01,1.290e-01,3.681e-01,1.043e+00,2.385e-01,9.501e-01,1.715e-01,1.007e+00
MGI:1923437,ADHFE1,16354,mitochondrion,GO:0005739,cellular component,5,9.0,3.096e-01,5.416e-02,2.582e-02,8.079e-01,3.583e-02,2.125e-01,4.512e-01,3.050e-02,9.618e-02,1.294e-02,5.155e-02
MGI:1923437,ADHFE1,16354,glutamate catabolic process via 2-oxoglutarate,GO:0006539,biological process,5,3.0,3.165e-01,5.054e-02,2.033e-02,8.018e-01,5.972e-02,2.203e-01,4.546e-01,1.464e-02,1.745e-01,3.846e-03,1.075e-01
MGI:1923437,ADHFE1,16354,alcohol dehydrogenase (NAD+) activity,GO:0004022,molecular function,5,9.0,3.454e-01,7.306e-02,5.268e-02,6.844e-01,9.898e-02,2.321e-01,5.141e-01,1.467e-02,3.640e-01,7.432e-03,3.735e-01
MGI:1923437,ADHFE1,16354,hydroxyacid-oxoacid transhydrogenase activity,GO:0047988,molecular function,5,2.0,3.750e-01,9.256e-02,8.135e-02,6.325e-01,1.084e-01,2.461e-01,5.713e-01,1.925e-02,4.449e-01,1.436e-02,4.609e-01
MGI:2144423,ARHGAP44,29096,regulation of actin cytoskeleton organization,GO:0032956,biological process,13,10.0,3.693e-01,6.561e-01,1.311e-01,5.692e-01,5.976e-02,2.448e-01,5.569e-01,4.035e-01,1.067e+00,5.567e-02,3.087e-01
MGI:2144423,ARHGAP44,29096,"neurotransmitter receptor transport, endosome to postsynaptic membrane",GO:0098887,biological process,13,3.0,4.594e-01,6.561e-01,2.543e-01,4.544e-01,1.554e-02,3.916e-01,5.389e-01,4.035e-01,1.067e+00,2.132e-01,3.033e-01
MGI:2144423,ARHGAP44,29096,leading edge membrane,GO:0031256,cellular component,13,5.0,5.065e-01,6.561e-01,2.834e-01,4.155e-01,7.558e-02,3.305e-01,7.761e-01,4.035e-01,1.067e+00,1.201e-01,6.688e-01
MGI:2144423,ARHGAP44,29096,GTPase activator activity,GO:0005096,molecular function,13,4.0,5.299e-01,6.854e-01,3.353e-01,3.911e-01,3.322e-02,5.028e-01,5.586e-01,4.591e-01,1.023e+00,2.370e-01,4.743e-01
MGI:2144423,ARHGAP44,29096,intracellular anatomical structure,GO:0005622,cellular component,13,9.0,5.458e-01,6.677e-01,3.828e-01,3.357e-01,9.005e-02,3.343e-01,8.911e-01,4.037e-01,1.104e+00,1.789e-01,8.190e-01
MGI:2144423,ARHGAP44,29096,regulation of dendritic spine morphogenesis,GO:0061001,biological process,13,6.0,5.463e-01,6.561e-01,3.293e-01,3.710e-01,9.382e-02,3.327e-01,8.970e-01,4.035e-01,1.067e+00,1.224e-01,8.856e-01
MGI:2144423,ARHGAP44,29096,presynaptic active zone,GO:0048786,cellular component,13,2.0,5.848e-01,6.561e-01,4.266e-01,3.230e-01,5.711e-02,4.024e-01,8.497e-01,4.035e-01,1.067e+00,2.482e-01,7.332e-01
MGI:2144423,ARHGAP44,29096,dendritic spine,GO:0043197,cellular component,13,4.0,5.989e-01,6.997e-01,4.040e-01,3.339e-01,6.544e-02,5.153e-01,6.961e-01,4.880e-01,1.003e+00,2.158e-01,7.564e-01
MGI:2144423,ARHGAP44,29096,modification of dendritic spine,GO:0098886,biological process,13,2.0,6.300e-01,6.854e-01,4.758e-01,2.996e-01,3.648e-02,5.120e-01,7.751e-01,4.591e-01,1.023e+00,3.544e-01,6.387e-01
MGI:2144423,ARHGAP44,29096,phospholipid binding,GO:0005543,molecular function,13,11.0,6.351e-01,6.646e-01,4.658e-01,2.700e-01,1.034e-01,3.744e-01,1.077e+00,4.031e-01,1.096e+00,1.921e-01,1.129e+00
MGI:2144423,ARHGAP44,29096,negative regulation of Rac protein signal transduction,GO:0035021,biological process,13,3.0,6.665e-01,6.764e-01,5.029e-01,2.151e-01,1.324e-01,3.606e-01,1.232e+00,4.038e-01,1.133e+00,1.680e-01,1.506e+00
MGI:2144423,ARHGAP44,29096,postsynaptic density,GO:0014069,cellular component,13,3.0,6.929e-01,6.997e-01,5.775e-01,2.414e-01,2.863e-02,5.734e-01,8.374e-01,4.880e-01,1.003e+00,4.665e-01,7.149e-01
MGI:2144423,ARHGAP44,29096,protein binding,GO:0005515,molecular function,13,161.0,7.232e-01,7.066e-01,6.336e-01,1.870e-01,7.278e-02,5.139e-01,1.018e+00,4.595e-01,1.086e+00,3.874e-01,1.036e+00
MGI:1917084,RAB43,19983,autophagosome assembly,GO:0000045,biological process,13,5.0,3.315e-01,2.901e-01,8.313e-02,6.429e-01,5.546e-02,2.111e-01,5.206e-01,1.150e-01,7.322e-01,3.535e-02,1.955e-01
MGI:1917084,RAB43,19983,"retrograde transport, plasma membrane to Golgi",GO:0035526,biological process,13,2.0,3.398e-01,2.901e-01,9.109e-02,6.318e-01,4.270e-02,2.260e-01,5.110e-01,1.150e-01,7.322e-01,4.637e-02,1.789e-01
MGI:1917084,RAB43,19983,intracellular protein transport,GO:0006886,biological process,13,22.0,3.476e-01,2.901e-01,1.093e-01,6.033e-01,4.255e-02,2.337e-01,5.172e-01,1.150e-01,7.322e-01,5.640e-02,2.120e-01
MGI:1917084,RAB43,19983,Golgi organization,GO:0007030,biological process,13,9.0,3.676e-01,3.161e-01,1.361e-01,5.601e-01,6.863e-02,2.217e-01,6.094e-01,1.103e-01,9.058e-01,5.214e-02,3.551e-01
MGI:1917084,RAB43,19983,phagosome maturation,GO:0090382,biological process,13,3.0,3.996e-01,3.235e-01,1.802e-01,5.073e-01,7.512e-02,2.328e-01,6.860e-01,1.089e-01,9.612e-01,6.964e-02,4.661e-01
MGI:1917084,RAB43,19983,phagocytic vesicle,GO:0045335,cellular component,13,6.0,4.155e-01,3.235e-01,1.942e-01,4.840e-01,9.562e-02,2.227e-01,7.755e-01,1.089e-01,9.612e-01,6.397e-02,5.899e-01
MGI:1917084,RAB43,19983,Golgi apparatus,GO:0005794,cellular component,13,6.0,4.299e-01,3.381e-01,1.505e-01,5.218e-01,1.153e-01,2.456e-01,7.524e-01,1.194e-01,9.574e-01,3.352e-02,6.754e-01
MGI:1917084,RAB43,19983,GTPase activity,GO:0003924,molecular function,13,5.0,4.889e-01,4.113e-01,3.057e-01,3.930e-01,8.626e-02,2.850e-01,8.388e-01,1.788e-01,9.462e-01,1.327e-01,7.046e-01
MGI:1917084,RAB43,19983,virion assembly,GO:0019068,biological process,13,2.0,4.926e-01,3.881e-01,3.038e-01,3.807e-01,1.085e-01,2.572e-01,9.436e-01,1.364e-01,1.104e+00,9.841e-02,9.376e-01
MGI:1917084,RAB43,19983,endomembrane system,GO:0012505,cellular component,13,2.0,4.982e-01,3.683e-01,2.782e-01,3.939e-01,1.177e-01,2.555e-01,9.713e-01,1.172e-01,1.158e+00,7.160e-02,1.081e+00
MGI:1917084,RAB43,19983,extracellular exosome,GO:0070062,cellular component,13,19.0,5.301e-01,4.395e-01,3.551e-01,3.656e-01,6.890e-02,3.300e-01,8.516e-01,1.960e-01,9.859e-01,1.780e-01,7.085e-01
MGI:1917084,RAB43,19983,protein binding,GO:0005515,molecular function,13,161.0,6.788e-01,5.760e-01,5.760e-01,2.311e-01,5.836e-02,4.935e-01,9.335e-01,3.831e-01,8.660e-01,3.831e-01,8.660e-01
MGI:2444031,ALG6,23157,"dolichyl pyrophosphate Man9GlcNAc2 alpha-1,3-glucosyltransferase activity",GO:0042281,molecular function,7,2.0,3.001e-01,1.672e-02,4.733e-03,9.127e-01,3.264e-02,1.978e-01,4.552e-01,3.857e-03,7.248e-02,6.007e-04,3.729e-02
MGI:2444031,ALG6,23157,endoplasmic reticulum membrane,GO:0005789,cellular component,7,8.0,3.096e-01,2.619e-02,1.364e-02,8.759e-01,2.955e-02,2.125e-01,4.512e-01,1.429e-02,4.798e-02,6.378e-03,2.916e-02
MGI:2444031,ALG6,23157,membrane,GO:0016020,cellular component,7,28.0,3.096e-01,2.805e-02,1.722e-02,8.327e-01,4.936e-02,2.125e-01,4.512e-01,1.268e-02,6.206e-02,4.429e-03,6.695e-02
MGI:2444031,ALG6,23157,oligosaccharide-lipid intermediate biosynthetic process,GO:0006490,biological process,7,4.0,3.096e-01,2.862e-02,1.755e-02,8.638e-01,1.307e-02,2.125e-01,4.512e-01,1.836e-02,4.460e-02,1.273e-02,2.420e-02
MGI:2444031,ALG6,23157,protein N-linked glycosylation,GO:0006487,biological process,7,6.0,3.096e-01,3.319e-02,2.518e-02,8.196e-01,2.001e-02,2.125e-01,4.512e-01,2.480e-02,4.441e-02,1.816e-02,3.490e-02
MGI:2444031,ALG6,23157,glucosyltransferase activity,GO:0046527,molecular function,7,29.0,3.189e-01,4.850e-02,4.418e-02,7.359e-01,7.554e-02,2.067e-01,4.921e-01,1.563e-02,1.505e-01,1.302e-02,1.499e-01
MGI:2673874,P2RY6,8543,positive regulation of vascular associated smooth muscle cell proliferation,GO:1904707,biological process,11,3.0,4.074e-01,3.750e-01,1.236e-01,5.583e-01,1.108e-01,2.419e-01,6.861e-01,1.299e-01,1.082e+00,3.052e-02,5.008e-01
MGI:2673874,P2RY6,8543,cellular response to pyrimidine ribonucleotide,GO:1905835,biological process,11,5.0,4.674e-01,3.750e-01,2.099e-01,4.701e-01,9.270e-02,3.276e-01,6.666e-01,1.299e-01,1.082e+00,7.346e-02,6.001e-01
MGI:2673874,P2RY6,8543,cellular response to purine-containing compound,GO:0071415,biological process,11,7.0,4.895e-01,3.750e-01,2.149e-01,4.505e-01,1.188e-01,3.071e-01,7.803e-01,1.299e-01,1.082e+00,6.216e-02,7.427e-01
MGI:2673874,P2RY6,8543,G protein-coupled receptor signaling pathway,GO:0007186,biological process,11,42.0,5.090e-01,3.750e-01,1.976e-01,4.453e-01,1.493e-01,3.039e-01,8.525e-01,1.299e-01,1.082e+00,4.087e-02,9.551e-01
MGI:2673874,P2RY6,8543,positive regulation of ERK1 and ERK2 cascade,GO:0070374,biological process,11,6.0,5.244e-01,4.905e-01,3.144e-01,3.766e-01,1.031e-01,3.072e-01,8.954e-01,2.445e-01,9.843e-01,1.218e-01,8.117e-01
MGI:2673874,P2RY6,8543,plasma membrane,GO:0005886,cellular component,11,22.0,5.268e-01,4.905e-01,3.188e-01,3.817e-01,8.933e-02,3.359e-01,8.262e-01,2.445e-01,9.843e-01,1.413e-01,7.194e-01
MGI:2673874,P2RY6,8543,G protein-coupled ADP receptor activity,GO:0001621,molecular function,11,2.0,5.573e-01,3.914e-01,2.715e-01,3.729e-01,1.510e-01,3.387e-01,9.170e-01,1.361e-01,1.125e+00,6.983e-02,1.055e+00
MGI:2673874,P2RY6,8543,G protein-coupled UTP receptor activity,GO:0045030,molecular function,11,2.0,5.937e-01,3.914e-01,3.208e-01,3.287e-01,1.534e-01,3.728e-01,9.456e-01,1.361e-01,1.125e+00,8.849e-02,1.163e+00
MGI:2673874,P2RY6,8543,G protein-coupled UDP receptor activity,GO:0045029,molecular function,11,2.0,5.983e-01,3.914e-01,3.237e-01,3.277e-01,1.520e-01,3.792e-01,9.441e-01,1.361e-01,1.125e+00,8.850e-02,1.184e+00
MGI:2673874,P2RY6,8543,protein binding,GO:0005515,molecular function,11,161.0,6.460e-01,5.306e-01,4.708e-01,2.596e-01,1.119e-01,4.147e-01,1.006e+00,2.856e-01,9.858e-01,2.345e-01,9.453e-01
MGI:2673874,P2RY6,8543,positive regulation of inositol trisphosphate biosynthetic process,GO:0032962,biological process,11,3.0,6.924e-01,5.306e-01,5.306e-01,1.853e-01,1.424e-01,4.711e-01,1.018e+00,2.856e-01,9.858e-01,2.856e-01,9.858e-01
