mgi_id,hgnc_symbol,hgnc_id,go_name,go_id,go_domain,ncon_gene,ncon_go,global_padj,gene_padj,pval,sim,sem_sim,cilow_global_padj,ciupp_global_padj,cilow_gene_padj,ciupp_gene_padj,cilow_pval,ciupp_pval
MGI:1339998,EFEMP1,3218,collagen-containing extracellular matrix,GO:0062023,cellular component,18,32.0,1.025e-01,5.710e-02,1.210e-02,8.883e-01,2.032e-02,9.761e-02,1.076e-01,4.538e-02,7.185e-02,5.808e-03,2.521e-02
MGI:1339998,EFEMP1,3218,regulation of DNA-templated transcription,GO:0006355,biological process,18,22.0,1.025e-01,5.710e-02,1.891e-02,8.525e-01,2.117e-02,9.761e-02,1.076e-01,4.538e-02,7.185e-02,1.205e-02,2.968e-02
MGI:1339998,EFEMP1,3218,post-embryonic eye morphogenesis,GO:0048050,biological process,18,3.0,1.028e-01,5.909e-02,1.877e-02,8.474e-01,3.127e-02,9.828e-02,1.076e-01,5.009e-02,6.971e-02,9.177e-03,3.840e-02
MGI:1339998,EFEMP1,3218,embryonic eye morphogenesis,GO:0048048,biological process,18,4.0,1.068e-01,6.023e-02,2.633e-02,8.046e-01,4.479e-02,1.030e-01,1.107e-01,5.287e-02,6.862e-02,9.919e-03,6.991e-02
MGI:1339998,EFEMP1,3218,extracellular region,GO:0005576,cellular component,18,22.0,1.072e-01,6.304e-02,2.813e-02,8.023e-01,4.090e-02,9.351e-02,1.230e-01,4.271e-02,9.306e-02,1.253e-02,6.313e-02
MGI:1339998,EFEMP1,3218,negative regulation of chondrocyte differentiation,GO:0032331,biological process,18,5.0,1.080e-01,6.524e-02,3.583e-02,7.743e-01,2.722e-02,9.375e-02,1.244e-01,4.660e-02,9.133e-02,2.157e-02,5.953e-02
MGI:1339998,EFEMP1,3218,extracellular exosome,GO:0070062,cellular component,18,88.0,1.118e-01,6.524e-02,4.518e-02,7.436e-01,1.982e-02,9.504e-02,1.315e-01,4.660e-02,9.133e-02,3.138e-02,6.505e-02
MGI:1339998,EFEMP1,3218,extracellular space,GO:0005615,cellular component,18,55.0,1.122e-01,6.304e-02,3.552e-02,7.733e-01,4.461e-02,9.250e-02,1.362e-01,4.271e-02,9.306e-02,1.535e-02,8.221e-02
MGI:1339998,EFEMP1,3218,protein binding,GO:0005515,molecular function,18,373.0,1.139e-01,6.525e-02,4.868e-02,7.340e-01,1.966e-02,9.653e-02,1.344e-01,4.661e-02,9.133e-02,3.407e-02,6.955e-02
MGI:1339998,EFEMP1,3218,camera-type eye development,GO:0043010,biological process,18,4.0,1.172e-01,7.492e-02,4.931e-02,7.316e-01,3.234e-02,9.732e-02,1.412e-01,4.794e-02,1.171e-01,2.759e-02,8.813e-02
MGI:1339998,EFEMP1,3218,peptidyl-tyrosine phosphorylation,GO:0018108,biological process,18,10.0,1.204e-01,7.303e-02,5.373e-02,7.198e-01,3.584e-02,9.276e-02,1.562e-01,4.821e-02,1.106e-01,2.842e-02,1.016e-01
MGI:1339998,EFEMP1,3218,epidermal growth factor receptor binding,GO:0005154,molecular function,18,3.0,1.376e-01,9.459e-02,5.384e-02,7.090e-01,8.170e-02,7.868e-02,2.407e-01,3.954e-02,2.263e-01,1.435e-02,2.020e-01
MGI:1339998,EFEMP1,3218,epidermal growth factor receptor activity,GO:0005006,molecular function,18,2.0,1.428e-01,9.239e-02,5.535e-02,7.047e-01,8.020e-02,9.902e-02,2.060e-01,4.404e-02,1.938e-01,1.247e-02,2.457e-01
MGI:1339998,EFEMP1,3218,epidermal growth factor receptor signaling pathway,GO:0007173,biological process,18,7.0,1.849e-01,1.305e-01,1.305e-01,5.837e-01,5.397e-02,1.134e-01,3.014e-01,6.097e-02,2.794e-01,6.097e-02,2.794e-01
MGI:1934765,GPNMB,4462,negative regulation of T cell activation,GO:0050868,biological process,17,10.0,1.085e-01,3.341e-01,3.990e-02,7.607e-01,1.861e-02,9.827e-02,1.199e-01,2.216e-01,5.038e-01,2.818e-02,5.650e-02
MGI:1934765,GPNMB,4462,positive regulation of protein autophosphorylation,GO:0031954,biological process,17,5.0,1.101e-01,3.341e-01,3.413e-02,7.794e-01,4.060e-02,9.139e-02,1.326e-01,2.216e-01,5.038e-01,1.609e-02,7.242e-02
MGI:1934765,GPNMB,4462,negative regulation of T cell proliferation,GO:0042130,biological process,17,10.0,1.423e-01,3.447e-01,8.383e-02,6.583e-01,3.059e-02,1.111e-01,1.822e-01,2.396e-01,4.958e-01,5.003e-02,1.405e-01
MGI:1934765,GPNMB,4462,positive regulation of cell migration,GO:0030335,biological process,17,36.0,1.632e-01,3.447e-01,1.131e-01,6.142e-01,1.677e-02,1.382e-01,1.926e-01,2.396e-01,4.958e-01,8.819e-02,1.450e-01
MGI:1934765,GPNMB,4462,integrin binding,GO:0005178,molecular function,17,16.0,1.781e-01,3.447e-01,1.264e-01,5.923e-01,4.118e-02,1.223e-01,2.595e-01,2.396e-01,4.958e-01,6.897e-02,2.315e-01
MGI:1934765,GPNMB,4462,heparin binding,GO:0008201,molecular function,17,7.0,2.180e-01,3.458e-01,1.769e-01,5.382e-01,1.479e-02,1.889e-01,2.516e-01,2.389e-01,5.006e-01,1.457e-01,2.148e-01
MGI:1934765,GPNMB,4462,negative regulation of cytokine production,GO:0001818,biological process,17,52.0,2.197e-01,3.475e-01,1.793e-01,5.352e-01,2.106e-02,1.805e-01,2.675e-01,2.379e-01,5.074e-01,1.364e-01,2.357e-01
MGI:1934765,GPNMB,4462,positive regulation of protein phosphorylation,GO:0001934,biological process,17,18.0,2.293e-01,3.660e-01,1.724e-01,5.232e-01,8.620e-02,1.076e-01,4.885e-01,2.271e-01,5.898e-01,6.020e-02,4.938e-01
MGI:1934765,GPNMB,4462,cell adhesion,GO:0007155,biological process,17,15.0,2.372e-01,3.491e-01,1.952e-01,5.132e-01,5.158e-02,1.473e-01,3.818e-01,2.369e-01,5.144e-01,1.053e-01,3.620e-01
MGI:1934765,GPNMB,4462,receptor ligand activity,GO:0048018,molecular function,17,14.0,2.465e-01,3.475e-01,2.085e-01,5.056e-01,2.753e-02,1.902e-01,3.195e-01,2.379e-01,5.074e-01,1.469e-01,2.959e-01
MGI:1934765,GPNMB,4462,syndecan binding,GO:0045545,molecular function,17,2.0,2.680e-01,3.491e-01,2.315e-01,4.834e-01,3.674e-02,1.915e-01,3.751e-01,2.369e-01,5.144e-01,1.509e-01,3.553e-01
MGI:1934765,GPNMB,4462,signal transduction,GO:0007165,biological process,17,50.0,3.019e-01,3.660e-01,2.662e-01,4.476e-01,6.073e-02,1.778e-01,5.125e-01,2.271e-01,5.898e-01,1.420e-01,4.988e-01
MGI:1934765,GPNMB,4462,negative regulation of G1/S transition of mitotic cell cycle,GO:2000134,biological process,17,6.0,3.202e-01,3.763e-01,2.908e-01,4.361e-01,3.293e-02,2.370e-01,4.327e-01,2.571e-01,5.508e-01,2.016e-01,4.194e-01
MGI:1934765,GPNMB,4462,regulation of tissue remodeling,GO:0034103,biological process,17,9.0,3.289e-01,3.991e-01,3.030e-01,4.294e-01,1.506e-02,2.884e-01,3.751e-01,3.180e-01,5.008e-01,2.579e-01,3.561e-01
MGI:1934765,GPNMB,4462,membrane,GO:0016020,cellular component,17,60.0,3.383e-01,3.660e-01,3.059e-01,4.165e-01,6.076e-02,2.037e-01,5.620e-01,2.271e-01,5.898e-01,1.702e-01,5.496e-01
MGI:1934765,GPNMB,4462,protein binding,GO:0005515,molecular function,17,373.0,3.949e-01,4.085e-01,3.709e-01,3.736e-01,5.123e-02,2.628e-01,5.933e-01,2.854e-01,5.846e-01,2.361e-01,5.826e-01
MGI:1934765,GPNMB,4462,cell-cell signaling,GO:0007267,biological process,17,37.0,4.565e-01,4.538e-01,4.399e-01,3.349e-01,2.608e-02,3.692e-01,5.645e-01,3.431e-01,6.003e-01,3.510e-01,5.514e-01
MGI:1915384,UPF3B,20439,positive regulation of translation,GO:0045727,biological process,15,15.0,1.025e-01,4.730e-02,1.172e-02,8.755e-01,3.449e-02,9.761e-02,1.076e-01,1.891e-02,1.183e-01,3.355e-03,4.097e-02
MGI:1915384,UPF3B,20439,RNA binding,GO:0003723,molecular function,15,46.0,1.025e-01,5.956e-02,1.793e-02,8.623e-01,3.736e-03,9.761e-02,1.076e-01,3.738e-02,9.489e-02,1.651e-02,1.947e-02
MGI:1915384,UPF3B,20439,mRNA binding,GO:0003729,molecular function,15,13.0,1.025e-01,5.956e-02,2.006e-02,8.482e-01,8.679e-03,9.761e-02,1.076e-01,3.738e-02,9.489e-02,1.685e-02,2.386e-02
MGI:1915384,UPF3B,20439,"nuclear-transcribed mRNA catabolic process, nonsense-mediated decay",GO:0000184,biological process,15,4.0,1.047e-01,5.544e-02,1.611e-02,8.569e-01,4.491e-02,1.004e-01,1.092e-01,2.720e-02,1.130e-01,5.736e-03,4.522e-02
MGI:1915384,UPF3B,20439,nucleolus,GO:0005730,cellular component,15,8.0,1.062e-01,6.968e-02,3.673e-02,7.710e-01,1.757e-02,1.008e-01,1.118e-01,5.296e-02,9.167e-02,2.641e-02,5.109e-02
MGI:1915384,UPF3B,20439,exon-exon junction complex,GO:0035145,cellular component,15,3.0,1.214e-01,5.648e-02,2.599e-02,7.711e-01,7.564e-02,1.036e-01,1.422e-01,1.892e-02,1.687e-01,3.403e-03,1.985e-01
MGI:1915384,UPF3B,20439,nucleoplasm,GO:0005654,cellular component,15,49.0,1.246e-01,9.036e-02,5.982e-02,7.048e-01,3.484e-02,9.877e-02,1.572e-01,5.038e-02,1.621e-01,3.269e-02,1.095e-01
MGI:1915384,UPF3B,20439,centriolar satellite,GO:0034451,cellular component,15,7.0,1.340e-01,9.036e-02,7.083e-02,6.808e-01,3.740e-02,1.031e-01,1.740e-01,5.038e-02,1.621e-01,3.773e-02,1.329e-01
MGI:1915384,UPF3B,20439,cytosol,GO:0005829,cellular component,15,76.0,1.351e-01,9.036e-02,7.489e-02,6.747e-01,2.888e-02,1.084e-01,1.683e-01,5.038e-02,1.621e-01,4.657e-02,1.204e-01
MGI:1915384,UPF3B,20439,protein binding,GO:0005515,molecular function,15,373.0,1.455e-01,9.200e-02,8.556e-02,6.536e-01,3.948e-02,1.070e-01,1.979e-01,4.968e-02,1.704e-01,4.597e-02,1.592e-01
MGI:1915384,UPF3B,20439,cytoplasm,GO:0005737,cellular component,15,99.0,1.487e-01,9.200e-02,8.913e-02,6.474e-01,4.006e-02,1.090e-01,2.030e-01,4.968e-02,1.704e-01,4.768e-02,1.666e-01
MGI:103077,STX3,11438,positive regulation of protein localization to cell surface,GO:2000010,biological process,31,3.0,1.025e-01,1.164e-01,1.609e-02,8.725e-01,1.155e-02,9.761e-02,1.076e-01,7.288e-02,1.858e-01,1.246e-02,2.078e-02
MGI:103077,STX3,11438,cell-cell junction,GO:0005911,cellular component,31,19.0,1.062e-01,1.164e-01,2.582e-02,8.147e-01,3.757e-02,1.003e-01,1.125e-01,7.288e-02,1.858e-01,1.258e-02,5.300e-02
MGI:103077,STX3,11438,apical plasma membrane,GO:0016324,cellular component,31,6.0,1.082e-01,1.164e-01,3.610e-02,7.734e-01,2.703e-02,9.409e-02,1.243e-01,7.288e-02,1.858e-01,2.182e-02,5.973e-02
MGI:103077,STX3,11438,SNARE binding,GO:0000149,molecular function,31,4.0,1.082e-01,1.164e-01,3.501e-02,7.771e-01,3.007e-02,9.293e-02,1.259e-01,7.288e-02,1.858e-01,2.001e-02,6.123e-02
MGI:103077,STX3,11438,positive regulation of cell population proliferation,GO:0008284,biological process,31,36.0,1.173e-01,1.183e-01,4.883e-02,7.325e-01,3.503e-02,9.744e-02,1.411e-01,7.359e-02,1.900e-01,2.611e-02,9.130e-02
MGI:103077,STX3,11438,organelle membrane fusion,GO:0090174,biological process,31,8.0,1.177e-01,1.164e-01,4.097e-02,7.542e-01,5.191e-02,9.480e-02,1.460e-01,7.288e-02,1.858e-01,1.540e-02,1.090e-01
MGI:103077,STX3,11438,lamellipodium,GO:0030027,cellular component,31,6.0,1.189e-01,1.196e-01,3.918e-02,7.581e-01,5.584e-02,9.785e-02,1.444e-01,7.871e-02,1.817e-01,1.319e-02,1.164e-01
MGI:103077,STX3,11438,synaptic vesicle fusion to presynaptic active zone membrane,GO:0031629,biological process,31,3.0,1.198e-01,1.164e-01,5.592e-02,7.155e-01,2.546e-02,9.895e-02,1.451e-01,7.288e-02,1.858e-01,3.514e-02,8.900e-02
MGI:103077,STX3,11438,presynaptic active zone membrane,GO:0048787,cellular component,31,2.0,1.201e-01,1.164e-01,4.728e-02,7.371e-01,4.611e-02,9.507e-02,1.517e-01,7.288e-02,1.858e-01,2.041e-02,1.095e-01
MGI:103077,STX3,11438,positive regulation of protein localization to plasma membrane,GO:1903078,biological process,31,9.0,1.211e-01,1.204e-01,5.234e-02,7.238e-01,3.783e-02,1.032e-01,1.420e-01,7.741e-02,1.871e-01,2.650e-02,1.034e-01
MGI:103077,STX3,11438,SNAP receptor activity,GO:0005484,molecular function,31,2.0,1.214e-01,1.164e-01,5.828e-02,7.100e-01,2.454e-02,1.002e-01,1.471e-01,7.288e-02,1.858e-01,3.735e-02,9.094e-02
MGI:103077,STX3,11438,exocytic insertion of neurotransmitter receptor to postsynaptic membrane,GO:0098967,biological process,31,3.0,1.253e-01,1.211e-01,5.056e-02,7.246e-01,5.963e-02,8.676e-02,1.809e-01,7.124e-02,2.059e-01,1.795e-02,1.424e-01
MGI:103077,STX3,11438,specific granule,GO:0042581,cellular component,31,3.0,1.296e-01,1.345e-01,5.446e-02,7.122e-01,6.268e-02,8.516e-02,1.971e-01,7.479e-02,2.419e-01,1.906e-02,1.556e-01
MGI:103077,STX3,11438,endomembrane system,GO:0012505,cellular component,31,3.0,1.370e-01,1.256e-01,7.263e-02,6.734e-01,5.581e-02,8.628e-02,2.175e-01,6.956e-02,2.268e-01,2.988e-02,1.765e-01
MGI:103077,STX3,11438,intracellular protein transport,GO:0006886,biological process,31,25.0,1.372e-01,1.257e-01,7.392e-02,6.716e-01,5.358e-02,8.730e-02,2.156e-01,6.971e-02,2.266e-01,3.161e-02,1.729e-01
MGI:103077,STX3,11438,vesicle docking,GO:0048278,biological process,31,5.0,1.391e-01,1.257e-01,7.780e-02,6.647e-01,5.172e-02,8.910e-02,2.172e-01,6.971e-02,2.266e-01,3.454e-02,1.752e-01
MGI:103077,STX3,11438,positive regulation of cell adhesion,GO:0045785,biological process,31,9.0,1.469e-01,1.338e-01,8.680e-02,6.516e-01,3.841e-02,1.082e-01,1.995e-01,7.506e-02,2.384e-01,4.662e-02,1.616e-01
MGI:103077,STX3,11438,plasma membrane,GO:0005886,cellular component,31,93.0,1.512e-01,1.462e-01,9.754e-02,6.370e-01,1.961e-02,1.246e-01,1.834e-01,1.133e-01,1.888e-01,7.114e-02,1.337e-01
MGI:103077,STX3,11438,azurophil granule,GO:0042582,cellular component,31,3.0,1.575e-01,1.468e-01,9.030e-02,6.401e-01,6.078e-02,9.783e-02,2.535e-01,7.429e-02,2.901e-01,3.378e-02,2.414e-01
MGI:103077,STX3,11438,extracellular exosome,GO:0070062,cellular component,31,88.0,1.576e-01,1.463e-01,1.058e-01,6.249e-01,1.591e-02,1.346e-01,1.845e-01,1.134e-01,1.888e-01,8.277e-02,1.353e-01
MGI:103077,STX3,11438,postsynapse,GO:0098794,cellular component,31,4.0,1.645e-01,1.413e-01,8.786e-02,6.366e-01,8.683e-02,8.704e-02,3.107e-01,6.569e-02,3.040e-01,2.275e-02,3.394e-01
MGI:103077,STX3,11438,protein binding,GO:0005515,molecular function,31,373.0,1.908e-01,1.735e-01,1.460e-01,5.706e-01,2.855e-02,1.461e-01,2.491e-01,1.314e-01,2.292e-01,9.689e-02,2.199e-01
MGI:103077,STX3,11438,SNARE complex,GO:0031201,cellular component,31,20.0,1.991e-01,1.715e-01,1.331e-01,5.710e-01,7.950e-02,1.016e-01,3.900e-01,7.310e-02,4.025e-01,4.149e-02,4.268e-01
MGI:103077,STX3,11438,synaptic vesicle,GO:0008021,cellular component,31,6.0,2.043e-01,1.776e-01,1.546e-01,5.572e-01,4.492e-02,1.373e-01,3.040e-01,1.005e-01,3.140e-01,8.131e-02,2.940e-01
MGI:103077,STX3,11438,positive regulation of chemotaxis,GO:0050921,biological process,31,17.0,3.011e-01,3.181e-01,2.371e-01,4.498e-01,1.053e-01,1.292e-01,7.012e-01,1.468e-01,6.891e-01,7.247e-02,7.756e-01
MGI:103077,STX3,11438,regulation of gene expression,GO:0010468,biological process,31,24.0,5.985e-01,5.879e-01,5.803e-01,2.186e-01,8.713e-02,3.351e-01,1.069e+00,3.192e-01,1.083e+00,3.071e-01,1.096e+00
MGI:1919769,PIP4P2,25452,phosphatidylinositol dephosphorylation,GO:0046856,biological process,10,4.0,1.025e-01,1.690e-02,5.030e-03,9.351e-01,1.417e-02,9.761e-02,1.076e-01,1.442e-02,1.980e-02,1.940e-03,1.304e-02
MGI:1919769,PIP4P2,25452,late endosome membrane,GO:0031902,cellular component,10,5.0,1.025e-01,1.962e-02,8.851e-03,9.148e-01,1.181e-02,9.761e-02,1.076e-01,1.588e-02,2.423e-02,5.352e-03,1.464e-02
MGI:1919769,PIP4P2,25452,lysosomal membrane,GO:0005765,cellular component,10,15.0,1.025e-01,1.962e-02,8.948e-03,9.056e-01,2.157e-02,9.761e-02,1.076e-01,1.588e-02,2.423e-02,3.478e-03,2.302e-02
MGI:1919769,PIP4P2,25452,phagocytic vesicle membrane,GO:0030670,cellular component,10,5.0,1.025e-01,1.962e-02,1.394e-02,8.828e-01,1.512e-02,9.761e-02,1.076e-01,1.588e-02,2.423e-02,8.806e-03,2.206e-02
MGI:1919769,PIP4P2,25452,"phosphatidylinositol-4,5-bisphosphate 4-phosphatase activity",GO:0034597,molecular function,10,3.0,1.025e-01,1.994e-02,1.181e-02,8.935e-01,2.013e-02,9.761e-02,1.076e-01,1.609e-02,2.472e-02,6.683e-03,2.086e-02
MGI:1919769,PIP4P2,25452,plasma membrane,GO:0005886,cellular component,10,93.0,1.025e-01,2.260e-02,1.760e-02,8.617e-01,1.402e-02,9.761e-02,1.076e-01,1.974e-02,2.588e-02,1.275e-02,2.428e-02
MGI:1919769,PIP4P2,25452,protein binding,GO:0005515,molecular function,10,373.0,1.025e-01,2.457e-02,2.206e-02,8.348e-01,2.131e-02,9.761e-02,1.076e-01,1.952e-02,3.092e-02,1.430e-02,3.402e-02
MGI:99517,HSPA1B,5233,cellular heat acclimation,GO:0070370,biological process,72,3.0,1.025e-01,8.726e-02,6.529e-03,9.083e-01,3.385e-02,9.761e-02,1.076e-01,6.593e-02,1.155e-01,1.504e-03,2.834e-02
MGI:99517,HSPA1B,5233,positive regulation of NF-kappaB transcription factor activity,GO:0051092,biological process,72,6.0,1.025e-01,9.863e-02,1.059e-02,9.035e-01,1.545e-02,9.761e-02,1.076e-01,6.585e-02,1.477e-01,6.491e-03,1.729e-02
MGI:99517,HSPA1B,5233,histone deacetylase binding,GO:0042826,molecular function,72,2.0,1.025e-01,9.863e-02,1.201e-02,8.939e-01,1.632e-02,9.761e-02,1.076e-01,6.585e-02,1.477e-01,6.992e-03,2.063e-02
MGI:99517,HSPA1B,5233,ubiquitin protein ligase binding,GO:0031625,molecular function,72,4.0,1.025e-01,9.863e-02,1.668e-02,8.696e-01,7.436e-03,9.761e-02,1.076e-01,6.585e-02,1.477e-01,1.401e-02,1.986e-02
MGI:99517,HSPA1B,5233,regulation of protein ubiquitination,GO:0031396,biological process,72,8.0,1.025e-01,9.863e-02,1.904e-02,8.549e-01,5.434e-03,9.761e-02,1.076e-01,6.585e-02,1.477e-01,1.704e-02,2.128e-02
MGI:99517,HSPA1B,5233,positive regulation of tumor necrosis factor-mediated signaling pathway,GO:1903265,biological process,72,4.0,1.025e-01,9.863e-02,1.956e-02,8.519e-01,4.688e-03,9.761e-02,1.076e-01,6.585e-02,1.477e-01,1.784e-02,2.143e-02
MGI:99517,HSPA1B,5233,negative regulation of protein ubiquitination,GO:0031397,biological process,72,8.0,1.025e-01,9.863e-02,2.158e-02,8.395e-01,4.358e-03,9.761e-02,1.076e-01,6.585e-02,1.477e-01,1.989e-02,2.342e-02
MGI:99517,HSPA1B,5233,aggresome,GO:0016235,cellular component,72,3.0,1.025e-01,9.913e-02,2.499e-02,8.210e-01,8.461e-03,9.761e-02,1.076e-01,6.570e-02,1.496e-01,2.130e-02,2.932e-02
MGI:99517,HSPA1B,5233,enzyme binding,GO:0019899,molecular function,72,36.0,1.030e-01,1.002e-01,2.034e-02,8.406e-01,3.001e-02,9.856e-02,1.076e-01,6.896e-02,1.457e-01,1.069e-02,3.871e-02
MGI:99517,HSPA1B,5233,signaling receptor binding,GO:0005102,molecular function,72,66.0,1.047e-01,9.998e-02,2.477e-02,8.173e-01,3.525e-02,9.964e-02,1.100e-01,6.601e-02,1.514e-01,1.200e-02,5.112e-02
MGI:99517,HSPA1B,5233,protein folding chaperone,GO:0044183,molecular function,72,4.0,1.051e-01,1.038e-01,2.803e-02,8.061e-01,2.653e-02,1.005e-01,1.099e-01,7.623e-02,1.414e-01,1.707e-02,4.604e-02
MGI:99517,HSPA1B,5233,protein refolding,GO:0042026,biological process,72,2.0,1.080e-01,1.015e-01,1.341e-02,8.246e-01,6.244e-02,9.290e-02,1.255e-01,6.559e-02,1.570e-01,1.353e-03,1.328e-01
MGI:99517,HSPA1B,5233,C3HC4-type RING finger domain binding,GO:0055131,molecular function,72,2.0,1.094e-01,1.022e-01,3.356e-02,7.824e-01,3.533e-02,9.173e-02,1.305e-01,6.827e-02,1.531e-01,1.744e-02,6.457e-02
MGI:99517,HSPA1B,5233,unfolded protein binding,GO:0051082,molecular function,72,4.0,1.111e-01,1.006e-01,2.865e-02,7.987e-01,5.066e-02,9.039e-02,1.365e-01,6.523e-02,1.552e-01,1.074e-02,7.646e-02
MGI:99517,HSPA1B,5233,centrosome,GO:0005813,cellular component,72,11.0,1.117e-01,1.049e-01,4.245e-02,7.525e-01,2.524e-02,9.978e-02,1.250e-01,6.937e-02,1.587e-01,2.653e-02,6.791e-02
MGI:99517,HSPA1B,5233,inclusion body,GO:0016234,cellular component,72,16.0,1.135e-01,1.031e-01,4.445e-02,7.452e-01,3.177e-02,9.021e-02,1.427e-01,6.867e-02,1.548e-01,2.493e-02,7.927e-02
MGI:99517,HSPA1B,5233,centriole,GO:0005814,cellular component,72,2.0,1.162e-01,1.048e-01,3.705e-02,7.658e-01,5.272e-02,9.968e-02,1.354e-01,6.661e-02,1.649e-01,1.324e-02,1.037e-01
MGI:99517,HSPA1B,5233,extracellular exosome,GO:0070062,cellular component,72,88.0,1.163e-01,1.068e-01,5.315e-02,7.228e-01,1.527e-02,1.009e-01,1.340e-01,7.587e-02,1.504e-01,4.032e-02,7.007e-02
MGI:99517,HSPA1B,5233,heat shock protein binding,GO:0031072,molecular function,72,5.0,1.167e-01,1.055e-01,4.590e-02,7.401e-01,4.122e-02,8.834e-02,1.543e-01,7.028e-02,1.584e-01,2.203e-02,9.567e-02
MGI:99517,HSPA1B,5233,nucleus,GO:0005634,cellular component,72,87.0,1.176e-01,1.068e-01,5.343e-02,7.220e-01,2.024e-02,9.822e-02,1.408e-01,7.587e-02,1.504e-01,3.702e-02,7.712e-02
MGI:99517,HSPA1B,5233,nuclear speck,GO:0016607,cellular component,72,9.0,1.198e-01,1.038e-01,4.627e-02,7.389e-01,4.845e-02,9.079e-02,1.582e-01,6.483e-02,1.662e-01,1.938e-02,1.105e-01
MGI:99517,HSPA1B,5233,ATP hydrolysis activity,GO:0016887,molecular function,72,4.0,1.201e-01,1.038e-01,4.149e-02,7.514e-01,5.546e-02,9.827e-02,1.468e-01,6.637e-02,1.624e-01,1.437e-02,1.198e-01
MGI:99517,HSPA1B,5233,cytosol,GO:0005829,cellular component,72,76.0,1.201e-01,1.087e-01,5.848e-02,7.105e-01,9.992e-03,1.076e-01,1.341e-01,7.679e-02,1.538e-01,4.901e-02,6.979e-02
MGI:99517,HSPA1B,5233,vesicle,GO:0031982,cellular component,72,8.0,1.206e-01,1.118e-01,5.893e-02,7.090e-01,1.535e-02,1.063e-01,1.369e-01,8.604e-02,1.454e-01,4.475e-02,7.759e-02
MGI:99517,HSPA1B,5233,blood microparticle,GO:0072562,cellular component,72,6.0,1.218e-01,1.074e-01,5.992e-02,7.067e-01,2.181e-02,9.975e-02,1.487e-01,7.711e-02,1.497e-01,4.087e-02,8.787e-02
MGI:99517,HSPA1B,5233,positive regulation of nucleotide-binding oligomerization domain containing 2 signaling pathway,GO:0070434,biological process,72,3.0,1.236e-01,1.132e-01,4.822e-02,7.329e-01,5.319e-02,9.547e-02,1.601e-01,6.709e-02,1.911e-01,1.860e-02,1.250e-01
MGI:99517,HSPA1B,5233,focal adhesion,GO:0005925,cellular component,72,18.0,1.243e-01,1.084e-01,5.742e-02,7.114e-01,3.413e-02,1.001e-01,1.544e-01,7.021e-02,1.674e-01,3.084e-02,1.069e-01
MGI:99517,HSPA1B,5233,positive regulation of interleukin-8 production,GO:0032757,biological process,72,7.0,1.277e-01,1.152e-01,4.853e-02,7.303e-01,6.210e-02,9.512e-02,1.714e-01,6.688e-02,1.986e-01,1.585e-02,1.485e-01
MGI:99517,HSPA1B,5233,protein binding,GO:0005515,molecular function,72,373.0,1.284e-01,1.160e-01,6.911e-02,6.876e-01,1.711e-02,1.096e-01,1.505e-01,9.317e-02,1.444e-01,5.120e-02,9.330e-02
MGI:99517,HSPA1B,5233,negative regulation of extrinsic apoptotic signaling pathway in absence of ligand,GO:2001240,biological process,72,4.0,1.285e-01,1.188e-01,6.067e-02,7.009e-01,4.633e-02,9.247e-02,1.785e-01,6.987e-02,2.021e-01,2.764e-02,1.332e-01
MGI:99517,HSPA1B,5233,RNA binding,GO:0003723,molecular function,72,46.0,1.325e-01,1.202e-01,7.163e-02,6.790e-01,4.013e-02,9.416e-02,1.865e-01,7.117e-02,2.029e-01,3.727e-02,1.377e-01
MGI:99517,HSPA1B,5233,cytoplasm,GO:0005737,cellular component,72,99.0,1.339e-01,1.172e-01,7.636e-02,6.740e-01,6.547e-03,1.215e-01,1.476e-01,9.198e-02,1.493e-01,6.832e-02,8.535e-02
MGI:99517,HSPA1B,5233,mRNA catabolic process,GO:0006402,biological process,72,9.0,1.349e-01,1.235e-01,6.665e-02,6.837e-01,6.373e-02,8.173e-02,2.226e-01,6.805e-02,2.242e-01,2.386e-02,1.862e-01
MGI:99517,HSPA1B,5233,perinuclear region of cytoplasm,GO:0048471,cellular component,72,12.0,1.365e-01,1.203e-01,7.765e-02,6.706e-01,2.191e-02,1.136e-01,1.641e-01,8.020e-02,1.804e-01,5.407e-02,1.115e-01
MGI:99517,HSPA1B,5233,ribonucleoprotein complex,GO:1990904,cellular component,72,27.0,1.442e-01,1.230e-01,7.641e-02,6.632e-01,6.639e-02,8.537e-02,2.437e-01,6.347e-02,2.384e-01,2.661e-02,2.194e-01
MGI:99517,HSPA1B,5233,ATP metabolic process,GO:0046034,biological process,72,7.0,1.468e-01,1.294e-01,8.308e-02,6.551e-01,5.148e-02,9.978e-02,2.160e-01,6.938e-02,2.413e-01,3.481e-02,1.982e-01
MGI:99517,HSPA1B,5233,regulation of mitotic spindle assembly,GO:1901673,biological process,72,4.0,1.508e-01,1.380e-01,9.455e-02,6.413e-01,2.147e-02,1.294e-01,1.758e-01,1.074e-01,1.772e-01,6.735e-02,1.327e-01
MGI:99517,HSPA1B,5233,positive regulation of erythrocyte differentiation,GO:0045648,biological process,72,3.0,1.549e-01,1.326e-01,9.867e-02,6.311e-01,4.503e-02,1.043e-01,2.302e-01,7.488e-02,2.347e-01,4.990e-02,1.951e-01
MGI:99517,HSPA1B,5233,protein stabilization,GO:0050821,biological process,72,5.0,1.552e-01,1.456e-01,9.960e-02,6.304e-01,4.058e-02,1.100e-01,2.190e-01,1.013e-01,2.092e-01,5.226e-02,1.898e-01
MGI:99517,HSPA1B,5233,ATP binding,GO:0005524,molecular function,72,6.0,1.562e-01,1.379e-01,9.859e-02,6.319e-01,4.126e-02,1.100e-01,2.217e-01,7.841e-02,2.425e-01,5.069e-02,1.918e-01
MGI:99517,HSPA1B,5233,cellular response to heat,GO:0034605,biological process,72,7.0,1.674e-01,1.469e-01,9.610e-02,6.275e-01,7.224e-02,1.000e-01,2.800e-01,7.078e-02,3.048e-01,2.925e-02,3.157e-01
MGI:99517,HSPA1B,5233,positive regulation of proteasomal ubiquitin-dependent protein catabolic process,GO:0032436,biological process,72,8.0,1.806e-01,1.605e-01,1.303e-01,5.876e-01,4.158e-02,1.243e-01,2.624e-01,1.078e-01,2.389e-01,7.268e-02,2.335e-01
MGI:99517,HSPA1B,5233,positive regulation of microtubule nucleation,GO:0090063,biological process,72,4.0,1.807e-01,1.564e-01,1.190e-01,5.942e-01,6.741e-02,1.035e-01,3.156e-01,7.751e-02,3.155e-01,4.193e-02,3.376e-01
MGI:99517,HSPA1B,5233,positive regulation of gene expression,GO:0010628,biological process,72,28.0,1.864e-01,1.717e-01,1.328e-01,5.841e-01,4.077e-02,1.350e-01,2.573e-01,1.237e-01,2.385e-01,7.375e-02,2.392e-01
MGI:99517,HSPA1B,5233,chaperone cofactor-dependent protein refolding,GO:0051085,biological process,72,3.0,1.880e-01,1.583e-01,9.478e-02,6.156e-01,1.090e-01,9.052e-02,3.903e-01,6.203e-02,4.042e-01,1.724e-02,5.209e-01
MGI:99517,HSPA1B,5233,negative regulation of apoptotic process,GO:0043066,biological process,72,31.0,1.943e-01,1.727e-01,1.503e-01,5.663e-01,2.385e-02,1.552e-01,2.433e-01,1.285e-01,2.321e-01,1.089e-01,2.075e-01
MGI:99517,HSPA1B,5233,ATP-dependent protein disaggregase activity,GO:0140545,molecular function,72,3.0,2.021e-01,1.876e-01,1.600e-01,5.567e-01,5.074e-03,1.953e-01,2.092e-01,1.674e-01,2.103e-01,1.491e-01,1.716e-01
MGI:99517,HSPA1B,5233,negative regulation of cell population proliferation,GO:0008285,biological process,72,31.0,2.216e-01,1.998e-01,1.751e-01,5.323e-01,5.530e-02,1.337e-01,3.673e-01,1.048e-01,3.811e-01,8.414e-02,3.646e-01
MGI:99517,HSPA1B,5233,negative regulation of inclusion body assembly,GO:0090084,biological process,72,5.0,2.298e-01,2.127e-01,1.780e-01,5.214e-01,7.728e-02,1.157e-01,4.564e-01,9.495e-02,4.765e-01,7.082e-02,4.473e-01
MGI:99517,HSPA1B,5233,negative regulation of cell growth,GO:0030308,biological process,72,16.0,2.843e-01,2.614e-01,2.491e-01,4.654e-01,4.823e-02,1.822e-01,4.436e-01,1.501e-01,4.552e-01,1.398e-01,4.440e-01
MGI:99517,HSPA1B,5233,G protein-coupled receptor binding,GO:0001664,molecular function,72,47.0,3.200e-01,3.144e-01,2.873e-01,4.359e-01,4.532e-02,2.151e-01,4.760e-01,2.118e-01,4.667e-01,1.741e-01,4.741e-01
MGI:99517,HSPA1B,5233,protein-containing complex,GO:0032991,cellular component,72,295.0,4.427e-01,4.372e-01,4.103e-01,3.258e-01,9.262e-02,2.166e-01,9.049e-01,2.137e-01,8.941e-01,1.782e-01,9.449e-01
MGI:1349450,VAT1,16919,mitochondrial outer membrane,GO:0005741,cellular component,4,5.0,1.824e-01,2.859e-01,1.328e-01,5.873e-01,2.412e-02,1.503e-01,2.214e-01,2.495e-01,3.276e-01,9.430e-02,1.871e-01
MGI:1349450,VAT1,16919,extracellular exosome,GO:0070062,cellular component,4,88.0,2.431e-01,2.963e-01,2.047e-01,5.101e-01,2.357e-02,1.944e-01,3.040e-01,2.437e-01,3.602e-01,1.539e-01,2.723e-01
MGI:1349450,VAT1,16919,negative regulation of mitochondrial fusion,GO:0010637,biological process,4,4.0,2.610e-01,2.859e-01,2.269e-01,4.888e-01,2.911e-02,1.994e-01,3.417e-01,2.495e-01,3.276e-01,1.588e-01,3.243e-01
MGI:1349450,VAT1,16919,protein binding,GO:0005515,molecular function,4,373.0,2.984e-01,2.963e-01,2.678e-01,4.551e-01,2.533e-02,2.365e-01,3.765e-01,2.437e-01,3.602e-01,2.033e-01,3.527e-01
MGI:1349429,ARL2BP,17146,centrosome,GO:0005813,cellular component,9,11.0,2.353e-01,4.552e-01,1.930e-01,5.159e-01,4.866e-02,1.495e-01,3.703e-01,3.233e-01,6.411e-01,1.008e-01,3.696e-01
MGI:1349429,ARL2BP,17146,positive regulation of tyrosine phosphorylation of STAT protein,GO:0042531,biological process,9,3.0,2.695e-01,4.552e-01,2.362e-01,4.817e-01,2.326e-02,2.191e-01,3.314e-01,3.233e-01,6.411e-01,1.808e-01,3.086e-01
MGI:1349429,ARL2BP,17146,nucleoplasm,GO:0005654,cellular component,9,49.0,3.165e-01,4.552e-01,2.878e-01,4.397e-01,2.431e-02,2.556e-01,3.918e-01,3.233e-01,6.411e-01,2.212e-01,3.745e-01
MGI:1349429,ARL2BP,17146,cytosol,GO:0005829,cellular component,9,76.0,3.349e-01,4.552e-01,3.089e-01,4.250e-01,1.630e-02,2.904e-01,3.861e-01,3.233e-01,6.411e-01,2.610e-01,3.655e-01
MGI:1349429,ARL2BP,17146,transcription coactivator activity,GO:0003713,molecular function,9,6.0,3.417e-01,4.932e-01,3.086e-01,4.109e-01,7.002e-02,1.938e-01,6.025e-01,3.116e-01,7.807e-01,1.598e-01,5.957e-01
MGI:1349429,ARL2BP,17146,protein binding,GO:0005515,molecular function,9,373.0,3.665e-01,4.552e-01,3.442e-01,4.000e-01,1.491e-02,3.223e-01,4.168e-01,3.233e-01,6.411e-01,2.974e-01,3.983e-01
MGI:1349429,ARL2BP,17146,maintenance of protein location in nucleus,GO:0051457,biological process,9,4.0,3.751e-01,5.051e-01,3.310e-01,3.779e-01,9.821e-02,1.619e-01,8.695e-01,3.171e-01,8.046e-01,1.160e-01,9.443e-01
MGI:1349429,ARL2BP,17146,midbody,GO:0030496,cellular component,9,3.0,3.832e-01,4.726e-01,3.616e-01,3.874e-01,1.841e-02,3.303e-01,4.445e-01,3.189e-01,7.003e-01,3.024e-01,4.324e-01
MGI:1349429,ARL2BP,17146,mitochondrial intermembrane space,GO:0005758,cellular component,9,2.0,5.590e-01,5.565e-01,5.387e-01,2.463e-01,8.646e-02,3.164e-01,9.874e-01,3.161e-01,9.795e-01,2.881e-01,1.007e+00
MGI:88458,COL5A2,2210,extracellular matrix structural constituent conferring tensile strength,GO:0030020,molecular function,22,8.0,1.025e-01,1.616e-02,1.981e-03,9.624e-01,4.574e-03,9.761e-02,1.076e-01,8.793e-03,2.970e-02,1.005e-03,3.905e-03
MGI:88458,COL5A2,2210,collagen fibril organization,GO:0030199,biological process,22,7.0,1.025e-01,2.098e-02,9.794e-03,9.106e-01,1.016e-02,9.761e-02,1.076e-01,1.692e-02,2.602e-02,6.698e-03,1.432e-02
MGI:88458,COL5A2,2210,collagen type V trimer,GO:0005588,cellular component,22,3.0,1.025e-01,2.098e-02,1.003e-02,9.104e-01,7.321e-03,9.761e-02,1.076e-01,1.692e-02,2.602e-02,7.574e-03,1.328e-02
MGI:88458,COL5A2,2210,skin development,GO:0043588,biological process,22,6.0,1.025e-01,2.098e-02,1.143e-02,9.012e-01,9.323e-03,9.761e-02,1.076e-01,1.692e-02,2.602e-02,8.184e-03,1.597e-02
MGI:88458,COL5A2,2210,eye morphogenesis,GO:0048592,biological process,22,8.0,1.025e-01,2.179e-02,1.378e-02,8.888e-01,2.403e-03,9.761e-02,1.076e-01,1.810e-02,2.623e-02,1.291e-02,1.471e-02
MGI:88458,COL5A2,2210,collagen-containing extracellular matrix,GO:0062023,cellular component,22,32.0,1.025e-01,2.225e-02,1.538e-02,8.770e-01,9.662e-03,9.761e-02,1.076e-01,1.777e-02,2.786e-02,1.202e-02,1.968e-02
MGI:88458,COL5A2,2210,extracellular matrix organization,GO:0030198,biological process,22,18.0,1.025e-01,2.297e-02,1.273e-02,8.836e-01,2.827e-02,9.761e-02,1.076e-01,1.582e-02,3.333e-02,6.124e-03,2.644e-02
MGI:88458,COL5A2,2210,negative regulation of endodermal cell differentiation,GO:1903225,biological process,22,5.0,1.045e-01,3.744e-02,3.328e-02,7.840e-01,1.380e-02,1.003e-01,1.089e-01,2.899e-02,4.836e-02,2.577e-02,4.299e-02
MGI:88458,COL5A2,2210,extracellular space,GO:0005615,cellular component,22,55.0,1.097e-01,4.296e-02,4.296e-02,7.509e-01,1.841e-02,1.006e-01,1.197e-01,3.049e-02,6.053e-02,3.049e-02,6.053e-02
MGI:98973,XDH,12805,negative regulation of endothelial cell differentiation,GO:0045602,biological process,33,5.0,1.029e-01,9.847e-02,2.701e-02,8.101e-01,2.243e-02,9.830e-02,1.077e-01,6.273e-02,1.546e-01,1.772e-02,4.117e-02
MGI:98973,XDH,12805,IMP catabolic process,GO:0006204,biological process,33,4.0,1.049e-01,9.847e-02,3.408e-02,7.808e-01,1.627e-02,1.004e-01,1.096e-01,6.273e-02,1.546e-01,2.518e-02,4.612e-02
MGI:98973,XDH,12805,AMP catabolic process,GO:0006196,biological process,33,4.0,1.054e-01,9.847e-02,3.479e-02,7.783e-01,1.788e-02,1.005e-01,1.106e-01,6.273e-02,1.546e-01,2.493e-02,4.854e-02
MGI:98973,XDH,12805,deoxyinosine catabolic process,GO:0006149,biological process,33,3.0,1.063e-01,9.847e-02,3.260e-02,7.869e-01,2.427e-02,9.430e-02,1.198e-01,6.273e-02,1.546e-01,2.076e-02,5.118e-02
MGI:98973,XDH,12805,molybdopterin cofactor binding,GO:0043546,molecular function,33,2.0,1.094e-01,9.847e-02,3.791e-02,7.668e-01,2.868e-02,9.179e-02,1.305e-01,6.273e-02,1.546e-01,2.237e-02,6.423e-02
MGI:98973,XDH,12805,activation of cysteine-type endopeptidase activity involved in apoptotic process,GO:0006919,biological process,33,6.0,1.096e-01,9.847e-02,3.204e-02,7.881e-01,4.000e-02,9.152e-02,1.314e-01,6.273e-02,1.546e-01,1.528e-02,6.718e-02
MGI:98973,XDH,12805,positive regulation of p38MAPK cascade,GO:1900745,biological process,33,4.0,1.122e-01,9.907e-02,4.546e-02,7.436e-01,2.051e-02,9.724e-02,1.294e-01,6.364e-02,1.542e-01,3.108e-02,6.649e-02
MGI:98973,XDH,12805,negative regulation of vascular endothelial growth factor signaling pathway,GO:1900747,biological process,33,4.0,1.128e-01,9.847e-02,1.951e-02,8.183e-01,6.602e-02,8.907e-02,1.428e-01,6.273e-02,1.546e-01,3.767e-03,1.010e-01
MGI:98973,XDH,12805,positive regulation of reactive oxygen species metabolic process,GO:2000379,biological process,33,8.0,1.174e-01,1.099e-01,4.395e-02,7.464e-01,4.248e-02,9.716e-02,1.419e-01,7.857e-02,1.538e-01,2.036e-02,9.489e-02
MGI:98973,XDH,12805,negative regulation of vasculogenesis,GO:2001213,biological process,33,3.0,1.219e-01,1.023e-01,5.739e-02,7.108e-01,3.354e-02,9.279e-02,1.601e-01,6.179e-02,1.695e-01,3.198e-02,1.030e-01
MGI:98973,XDH,12805,xanthine catabolic process,GO:0009115,biological process,33,3.0,1.240e-01,1.065e-01,6.314e-02,7.001e-01,1.414e-02,1.082e-01,1.420e-01,6.960e-02,1.629e-01,4.912e-02,8.117e-02
MGI:98973,XDH,12805,xanthine oxidase activity,GO:0004855,molecular function,33,2.0,1.249e-01,1.017e-01,5.361e-02,7.157e-01,5.716e-02,8.264e-02,1.888e-01,6.092e-02,1.698e-01,2.037e-02,1.411e-01
MGI:98973,XDH,12805,flavin adenine dinucleotide binding,GO:0050660,molecular function,33,6.0,1.260e-01,1.036e-01,5.893e-02,7.060e-01,4.516e-02,9.076e-02,1.750e-01,6.361e-02,1.689e-01,2.696e-02,1.288e-01
MGI:98973,XDH,12805,hypoxanthine dehydrogenase activity,GO:0070674,molecular function,33,2.0,1.267e-01,1.017e-01,5.646e-02,7.092e-01,5.594e-02,8.453e-02,1.899e-01,6.092e-02,1.698e-01,2.198e-02,1.450e-01
MGI:98973,XDH,12805,cytosol,GO:0005829,cellular component,33,76.0,1.269e-01,1.182e-01,6.396e-02,6.973e-01,2.519e-02,1.122e-01,1.435e-01,8.999e-02,1.553e-01,4.062e-02,1.007e-01
MGI:98973,XDH,12805,hypoxanthine catabolic process,GO:0009114,biological process,33,3.0,1.272e-01,1.088e-01,6.649e-02,6.922e-01,2.338e-02,1.045e-01,1.548e-01,6.859e-02,1.725e-01,4.411e-02,1.002e-01
MGI:98973,XDH,12805,xanthine dehydrogenase activity,GO:0004854,molecular function,33,2.0,1.272e-01,1.017e-01,5.769e-02,7.062e-01,5.584e-02,8.461e-02,1.914e-01,6.092e-02,1.698e-01,2.258e-02,1.474e-01
MGI:98973,XDH,12805,inosine catabolic process,GO:0006148,biological process,33,3.0,1.379e-01,1.111e-01,7.393e-02,6.736e-01,4.648e-02,9.930e-02,1.915e-01,6.801e-02,1.815e-01,3.302e-02,1.655e-01
MGI:98973,XDH,12805,negative regulation of endothelial cell proliferation,GO:0001937,biological process,33,6.0,1.405e-01,1.106e-01,7.432e-02,6.674e-01,6.430e-02,8.239e-02,2.395e-01,5.748e-02,2.129e-01,2.727e-02,2.025e-01
MGI:98973,XDH,12805,protein homodimerization activity,GO:0042803,molecular function,33,14.0,1.435e-01,1.215e-01,8.622e-02,6.557e-01,1.682e-02,1.308e-01,1.574e-01,9.467e-02,1.561e-01,6.532e-02,1.138e-01
MGI:98973,XDH,12805,negative regulation of protein phosphorylation,GO:0001933,biological process,33,13.0,1.437e-01,1.115e-01,7.754e-02,6.647e-01,5.556e-02,9.800e-02,2.106e-01,6.823e-02,1.822e-01,3.011e-02,1.997e-01
MGI:98973,XDH,12805,extracellular space,GO:0005615,cellular component,33,55.0,1.463e-01,1.317e-01,8.890e-02,6.498e-01,2.725e-02,1.171e-01,1.828e-01,1.076e-01,1.612e-01,5.807e-02,1.361e-01
MGI:98973,XDH,12805,negative regulation of phosphatidylinositol 3-kinase/protein kinase B signal transduction,GO:0051898,biological process,33,4.0,1.480e-01,1.208e-01,9.335e-02,6.436e-01,1.911e-02,1.237e-01,1.769e-01,8.492e-02,1.719e-01,6.878e-02,1.267e-01
MGI:98973,XDH,12805,protein binding,GO:0005515,molecular function,33,373.0,1.484e-01,1.357e-01,8.756e-02,6.506e-01,3.736e-02,1.165e-01,1.890e-01,1.185e-01,1.554e-01,4.680e-02,1.638e-01
MGI:98973,XDH,12805,"2 iron, 2 sulfur cluster binding",GO:0051537,molecular function,33,2.0,1.486e-01,1.174e-01,9.053e-02,6.435e-01,4.756e-02,9.857e-02,2.240e-01,6.634e-02,2.077e-01,4.335e-02,1.890e-01
MGI:98973,XDH,12805,allantoin metabolic process,GO:0000255,biological process,33,7.0,1.542e-01,1.205e-01,7.755e-02,6.585e-01,7.879e-02,9.165e-02,2.593e-01,6.413e-02,2.264e-01,2.127e-02,2.828e-01
MGI:98973,XDH,12805,negative regulation of gene expression,GO:0010629,biological process,33,21.0,1.861e-01,1.510e-01,1.406e-01,5.790e-01,3.942e-03,1.803e-01,1.920e-01,1.339e-01,1.703e-01,1.330e-01,1.486e-01
MGI:1261864,WIPI1,25471,protein localization to phagophore assembly site,GO:0034497,biological process,26,3.0,1.026e-01,1.773e-01,3.088e-02,7.934e-01,2.707e-03,9.777e-02,1.076e-01,1.383e-01,2.272e-01,2.938e-02,3.246e-02
MGI:1261864,WIPI1,25471,glycophagy,GO:0061723,biological process,26,2.0,1.042e-01,1.773e-01,2.848e-02,8.042e-01,1.969e-02,9.950e-02,1.092e-01,1.383e-01,2.272e-01,1.977e-02,4.102e-02
MGI:1261864,WIPI1,25471,phagophore assembly site membrane,GO:0034045,cellular component,26,2.0,1.085e-01,1.773e-01,3.890e-02,7.640e-01,2.115e-02,9.944e-02,1.183e-01,1.383e-01,2.272e-01,2.620e-02,5.775e-02
MGI:1261864,WIPI1,25471,endosome membrane,GO:0010008,cellular component,26,10.0,1.129e-01,1.799e-01,2.925e-02,7.927e-01,5.637e-02,8.900e-02,1.432e-01,1.417e-01,2.285e-01,9.522e-03,8.986e-02
MGI:1261864,WIPI1,25471,phosphatidylinositol-3-phosphate binding,GO:0032266,molecular function,26,3.0,1.151e-01,1.850e-01,5.127e-02,7.279e-01,1.331e-02,1.079e-01,1.228e-01,1.504e-01,2.276e-01,4.027e-02,6.529e-02
MGI:1261864,WIPI1,25471,autophagy,GO:0006914,biological process,26,9.0,1.185e-01,1.850e-01,5.394e-02,7.205e-01,2.432e-02,1.059e-01,1.325e-01,1.504e-01,2.276e-01,3.458e-02,8.415e-02
MGI:1261864,WIPI1,25471,autophagy of peroxisome,GO:0030242,biological process,26,4.0,1.204e-01,1.850e-01,5.501e-02,7.177e-01,2.929e-02,1.050e-01,1.381e-01,1.504e-01,2.276e-01,3.227e-02,9.378e-02
MGI:1261864,WIPI1,25471,"phosphatidylinositol-3,5-bisphosphate binding",GO:0080025,molecular function,26,3.0,1.336e-01,1.892e-01,7.322e-02,6.788e-01,2.310e-02,1.176e-01,1.517e-01,1.554e-01,2.304e-01,4.946e-02,1.084e-01
MGI:1261864,WIPI1,25471,autophagy of mitochondrion,GO:0000422,biological process,26,8.0,1.362e-01,1.919e-01,7.784e-02,6.705e-01,1.427e-02,1.253e-01,1.480e-01,1.610e-01,2.288e-01,6.140e-02,9.867e-02
MGI:1261864,WIPI1,25471,autophagosome assembly,GO:0000045,biological process,26,6.0,1.592e-01,2.061e-01,1.018e-01,6.286e-01,3.199e-02,1.268e-01,1.999e-01,1.689e-01,2.515e-01,6.171e-02,1.681e-01
MGI:1261864,WIPI1,25471,protein-macromolecule adaptor activity,GO:0030674,molecular function,26,20.0,1.618e-01,2.047e-01,7.995e-02,6.507e-01,8.779e-02,8.667e-02,3.022e-01,1.257e-01,3.334e-01,2.022e-02,3.161e-01
MGI:1261864,WIPI1,25471,phagophore assembly site,GO:0000407,cellular component,26,3.0,1.668e-01,2.160e-01,1.163e-01,6.087e-01,2.689e-02,1.300e-01,2.141e-01,1.846e-01,2.527e-01,7.838e-02,1.727e-01
MGI:1261864,WIPI1,25471,autophagosome membrane,GO:0000421,cellular component,26,5.0,1.764e-01,2.215e-01,1.267e-01,5.929e-01,3.824e-02,1.244e-01,2.502e-01,1.828e-01,2.685e-01,7.430e-02,2.160e-01
MGI:1261864,WIPI1,25471,positive regulation of autophagosome assembly,GO:2000786,biological process,26,6.0,2.016e-01,2.454e-01,1.566e-01,5.574e-01,3.475e-02,1.456e-01,2.790e-01,1.747e-01,3.446e-01,9.654e-02,2.540e-01
MGI:1261864,WIPI1,25471,signaling receptor binding,GO:0005102,molecular function,26,66.0,2.160e-01,2.571e-01,1.464e-01,5.506e-01,8.944e-02,1.036e-01,4.505e-01,1.510e-01,4.380e-01,4.407e-02,4.863e-01
MGI:1261864,WIPI1,25471,nuclear estrogen receptor binding,GO:0030331,molecular function,26,2.0,2.195e-01,2.569e-01,1.714e-01,5.381e-01,4.932e-02,1.428e-01,3.374e-01,1.865e-01,3.539e-01,9.201e-02,3.191e-01
MGI:1261864,WIPI1,25471,protein lipidation,GO:0006497,biological process,26,12.0,2.234e-01,2.838e-01,1.622e-01,5.283e-01,9.834e-02,9.427e-02,5.292e-01,1.494e-01,5.391e-01,4.887e-02,5.381e-01
MGI:1261864,WIPI1,25471,nuclear androgen receptor binding,GO:0050681,molecular function,26,2.0,2.278e-01,2.597e-01,1.815e-01,5.266e-01,5.277e-02,1.431e-01,3.625e-01,1.876e-01,3.595e-01,9.545e-02,3.452e-01
MGI:1261864,WIPI1,25471,"vesicle targeting, trans-Golgi to endosome",GO:0048203,biological process,26,2.0,2.510e-01,2.813e-01,2.122e-01,5.009e-01,3.689e-02,1.809e-01,3.483e-01,2.223e-01,3.559e-01,1.369e-01,3.289e-01
MGI:1261864,WIPI1,25471,protein binding,GO:0005515,molecular function,26,373.0,2.579e-01,2.898e-01,2.195e-01,4.950e-01,3.071e-02,1.962e-01,3.390e-01,2.364e-01,3.553e-01,1.496e-01,3.220e-01
MGI:1261864,WIPI1,25471,cytoplasm,GO:0005737,cellular component,26,99.0,2.631e-01,2.882e-01,2.283e-01,4.892e-01,1.828e-02,2.230e-01,3.105e-01,2.371e-01,3.503e-01,1.830e-01,2.847e-01
MGI:1261864,WIPI1,25471,trans-Golgi network,GO:0005802,cellular component,26,4.0,2.632e-01,2.933e-01,2.253e-01,4.886e-01,3.761e-02,1.853e-01,3.738e-01,2.496e-01,3.448e-01,1.412e-01,3.596e-01
MGI:1261864,WIPI1,25471,cytosol,GO:0005829,cellular component,26,76.0,2.660e-01,2.905e-01,2.318e-01,4.862e-01,1.646e-02,2.273e-01,3.113e-01,2.382e-01,3.542e-01,1.902e-01,2.826e-01
MGI:1261864,WIPI1,25471,cellular response to starvation,GO:0009267,biological process,26,25.0,4.208e-01,4.459e-01,3.902e-01,3.266e-01,1.123e-01,2.027e-01,8.736e-01,2.270e-01,8.759e-01,1.747e-01,8.715e-01
MGI:1261864,WIPI1,25471,extrinsic component of membrane,GO:0019898,cellular component,26,6.0,4.307e-01,4.276e-01,4.117e-01,3.531e-01,2.584e-02,3.492e-01,5.311e-01,3.334e-01,5.484e-01,3.246e-01,5.221e-01
MGI:88459,COL6A1,2211,platelet-derived growth factor binding,GO:0048407,molecular function,22,6.0,1.025e-01,5.108e-02,1.676e-02,8.637e-01,2.286e-02,9.761e-02,1.076e-01,3.477e-02,7.502e-02,9.950e-03,2.823e-02
MGI:88459,COL6A1,2211,collagen binding,GO:0005518,molecular function,22,6.0,1.025e-01,5.108e-02,1.804e-02,8.594e-01,1.432e-02,9.761e-02,1.076e-01,3.477e-02,7.502e-02,1.320e-02,2.467e-02
MGI:88459,COL6A1,2211,collagen-containing extracellular matrix,GO:0062023,cellular component,22,32.0,1.025e-01,5.112e-02,1.800e-02,8.599e-01,1.458e-02,9.761e-02,1.076e-01,3.476e-02,7.516e-02,1.318e-02,2.458e-02
MGI:88459,COL6A1,2211,endodermal cell differentiation,GO:0035987,biological process,22,2.0,1.025e-01,5.112e-02,1.883e-02,8.472e-01,2.911e-02,9.761e-02,1.076e-01,3.476e-02,7.516e-02,9.460e-03,3.748e-02
MGI:88459,COL6A1,2211,osteoblast differentiation,GO:0001649,biological process,22,4.0,1.026e-01,5.112e-02,2.604e-02,8.151e-01,1.877e-02,9.754e-02,1.079e-01,3.476e-02,7.516e-02,1.834e-02,3.696e-02
MGI:88459,COL6A1,2211,extracellular region,GO:0005576,cellular component,22,22.0,1.076e-01,5.549e-02,3.491e-02,7.775e-01,2.879e-02,9.555e-02,1.211e-01,3.472e-02,8.870e-02,2.044e-02,5.963e-02
MGI:88459,COL6A1,2211,extracellular exosome,GO:0070062,cellular component,22,88.0,1.135e-01,6.534e-02,5.017e-02,7.312e-01,6.996e-03,1.041e-01,1.237e-01,5.476e-02,7.797e-02,4.402e-02,5.718e-02
MGI:88459,COL6A1,2211,lysosomal membrane,GO:0005765,cellular component,22,15.0,1.184e-01,6.640e-02,5.644e-02,7.158e-01,6.354e-03,1.081e-01,1.296e-01,5.580e-02,7.900e-02,5.032e-02,6.330e-02
MGI:88459,COL6A1,2211,membrane,GO:0016020,cellular component,22,60.0,1.208e-01,6.727e-02,5.963e-02,7.080e-01,1.249e-02,1.058e-01,1.380e-01,5.527e-02,8.189e-02,4.776e-02,7.445e-02
MGI:88459,COL6A1,2211,protein-containing complex,GO:0032991,cellular component,22,295.0,4.072e-01,3.731e-01,3.731e-01,3.179e-01,1.366e-01,1.755e-01,9.449e-01,1.465e-01,9.503e-01,1.465e-01,9.503e-01
MGI:88460,COL6A2,2212,extracellular matrix structural constituent conferring tensile strength,GO:0030020,molecular function,22,8.0,1.025e-01,2.888e-02,3.613e-03,9.478e-01,8.383e-03,9.761e-02,1.076e-01,1.349e-02,6.181e-02,1.572e-03,8.303e-03
MGI:88460,COL6A2,2212,collagen-containing extracellular matrix,GO:0062023,cellular component,22,32.0,1.025e-01,3.223e-02,1.030e-02,9.069e-01,1.047e-02,9.761e-02,1.076e-01,1.810e-02,5.738e-02,6.677e-03,1.590e-02
MGI:88460,COL6A2,2212,collagen binding,GO:0005518,molecular function,22,6.0,1.025e-01,3.493e-02,1.570e-02,8.728e-01,1.804e-02,9.761e-02,1.076e-01,2.207e-02,5.529e-02,1.050e-02,2.346e-02
MGI:88460,COL6A2,2212,extracellular region,GO:0005576,cellular component,22,22.0,1.026e-01,4.070e-02,2.391e-02,8.239e-01,2.541e-02,9.776e-02,1.076e-01,2.558e-02,6.475e-02,1.433e-02,3.989e-02
MGI:88460,COL6A2,2212,extracellular vesicle,GO:1903561,cellular component,22,13.0,1.039e-01,2.972e-02,1.201e-02,8.695e-01,4.656e-02,9.982e-02,1.081e-01,1.460e-02,6.051e-02,3.025e-03,4.767e-02
MGI:88460,COL6A2,2212,extracellular space,GO:0005615,cellular component,22,55.0,1.043e-01,4.224e-02,2.935e-02,7.999e-01,2.427e-02,1.002e-01,1.085e-01,2.851e-02,6.257e-02,1.869e-02,4.608e-02
MGI:88460,COL6A2,2212,extracellular exosome,GO:0070062,cellular component,22,88.0,1.067e-01,5.012e-02,3.899e-02,7.636e-01,1.114e-02,9.909e-02,1.148e-01,4.071e-02,6.171e-02,3.166e-02,4.800e-02
MGI:88460,COL6A2,2212,protein binding,GO:0005515,molecular function,22,373.0,1.151e-01,5.712e-02,5.077e-02,7.290e-01,1.561e-02,1.010e-01,1.312e-01,4.273e-02,7.636e-02,3.798e-02,6.787e-02
MGI:88460,COL6A2,2212,protein-containing complex,GO:0032991,cellular component,22,295.0,3.560e-01,3.017e-01,3.017e-01,3.553e-01,1.556e-01,1.314e-01,9.648e-01,9.113e-02,9.988e-01,9.113e-02,9.988e-01
MGI:88453,COL3A1,2201,extracellular matrix structural constituent conferring tensile strength,GO:0030020,molecular function,36,8.0,1.025e-01,3.118e-02,1.700e-03,9.635e-01,7.121e-03,9.761e-02,1.076e-01,1.462e-02,6.652e-02,6.087e-04,4.749e-03
MGI:88453,COL3A1,2201,collagen fibril organization,GO:0030199,biological process,36,7.0,1.025e-01,4.195e-02,1.083e-02,8.954e-01,1.994e-02,9.761e-02,1.076e-01,3.232e-02,5.445e-02,4.738e-03,2.477e-02
MGI:88453,COL3A1,2201,skin development,GO:0043588,biological process,36,6.0,1.025e-01,4.195e-02,1.239e-02,8.899e-01,1.725e-02,9.761e-02,1.076e-01,3.232e-02,5.445e-02,6.830e-03,2.249e-02
MGI:88453,COL3A1,2201,extracellular matrix structural constituent,GO:0005201,molecular function,36,10.0,1.025e-01,4.195e-02,1.719e-02,8.665e-01,7.092e-03,9.761e-02,1.076e-01,3.232e-02,5.445e-02,1.472e-02,2.008e-02
MGI:88453,COL3A1,2201,extracellular matrix organization,GO:0030198,biological process,36,18.0,1.025e-01,4.195e-02,1.715e-02,8.639e-01,1.853e-02,9.761e-02,1.076e-01,3.232e-02,5.445e-02,1.148e-02,2.560e-02
MGI:88453,COL3A1,2201,platelet-derived growth factor binding,GO:0048407,molecular function,36,6.0,1.025e-01,4.195e-02,1.820e-02,8.596e-01,9.104e-03,9.761e-02,1.076e-01,3.232e-02,5.445e-02,1.497e-02,2.214e-02
MGI:88453,COL3A1,2201,collagen type III trimer,GO:0005586,cellular component,36,2.0,1.025e-01,4.195e-02,1.884e-02,8.536e-01,1.600e-02,9.761e-02,1.076e-01,3.232e-02,5.445e-02,1.328e-02,2.672e-02
MGI:88453,COL3A1,2201,transforming growth factor beta receptor signaling pathway,GO:0007179,biological process,36,3.0,1.025e-01,4.195e-02,1.959e-02,8.502e-01,1.202e-02,9.761e-02,1.076e-01,3.232e-02,5.445e-02,1.525e-02,2.517e-02
MGI:88453,COL3A1,2201,cell-matrix adhesion,GO:0007160,biological process,36,12.0,1.025e-01,4.195e-02,2.032e-02,8.464e-01,1.210e-02,9.761e-02,1.076e-01,3.232e-02,5.445e-02,1.593e-02,2.593e-02
MGI:88453,COL3A1,2201,heart development,GO:0007507,biological process,36,5.0,1.025e-01,4.195e-02,2.084e-02,8.427e-01,1.423e-02,9.761e-02,1.076e-01,3.232e-02,5.445e-02,1.555e-02,2.794e-02
MGI:88453,COL3A1,2201,protease binding,GO:0002020,molecular function,36,9.0,1.025e-01,4.195e-02,2.296e-02,8.318e-01,7.333e-03,9.761e-02,1.076e-01,3.232e-02,5.445e-02,2.002e-02,2.633e-02
MGI:88453,COL3A1,2201,collagen-containing extracellular matrix,GO:0062023,cellular component,36,32.0,1.025e-01,4.325e-02,1.898e-02,8.514e-01,2.536e-02,9.761e-02,1.076e-01,3.139e-02,5.961e-02,1.124e-02,3.203e-02
MGI:88453,COL3A1,2201,supramolecular fiber organization,GO:0097435,biological process,36,17.0,1.046e-01,4.657e-02,2.672e-02,8.111e-01,2.876e-02,9.579e-02,1.141e-01,2.924e-02,7.416e-02,1.541e-02,4.633e-02
MGI:88453,COL3A1,2201,integrin binding,GO:0005178,molecular function,36,16.0,1.074e-01,5.612e-02,4.112e-02,7.563e-01,6.331e-03,9.990e-02,1.154e-01,4.221e-02,7.461e-02,3.640e-02,4.646e-02
MGI:88453,COL3A1,2201,integrin-mediated signaling pathway,GO:0007229,biological process,36,6.0,1.103e-01,5.198e-02,3.631e-02,7.723e-01,3.407e-02,9.103e-02,1.336e-01,2.934e-02,9.206e-02,1.949e-02,6.764e-02
MGI:88453,COL3A1,2201,extracellular region,GO:0005576,cellular component,36,22.0,1.130e-01,5.422e-02,4.004e-02,7.590e-01,3.818e-02,8.891e-02,1.437e-01,2.853e-02,1.030e-01,1.999e-02,8.019e-02
MGI:88453,COL3A1,2201,wound healing,GO:0042060,biological process,36,4.0,1.205e-01,5.735e-02,1.863e-02,8.181e-01,8.784e-02,8.359e-02,1.737e-01,2.394e-02,1.374e-01,2.852e-03,1.217e-01
MGI:88453,COL3A1,2201,extracellular space,GO:0005615,cellular component,36,55.0,1.246e-01,7.622e-02,6.405e-02,6.981e-01,1.731e-02,1.045e-01,1.485e-01,5.553e-02,1.046e-01,4.749e-02,8.638e-02
MGI:88453,COL3A1,2201,negative regulation of immune response,GO:0050777,biological process,36,22.0,1.254e-01,7.894e-02,6.477e-02,6.967e-01,1.206e-02,1.199e-01,1.312e-01,7.339e-02,8.491e-02,5.227e-02,8.026e-02
MGI:88453,COL3A1,2201,response to radiation,GO:0009314,biological process,36,5.0,1.259e-01,6.566e-02,4.687e-02,7.319e-01,7.015e-02,8.090e-02,1.961e-01,2.607e-02,1.654e-01,1.414e-02,1.554e-01
MGI:88453,COL3A1,2201,peptide cross-linking,GO:0018149,biological process,36,32.0,1.318e-01,7.409e-02,5.961e-02,7.016e-01,5.725e-02,8.962e-02,1.938e-01,3.315e-02,1.656e-01,2.284e-02,1.555e-01
MGI:88453,COL3A1,2201,response to cytokine,GO:0034097,biological process,36,33.0,1.742e-01,1.322e-01,1.261e-01,5.961e-01,2.311e-02,1.392e-01,2.179e-01,9.767e-02,1.790e-01,9.045e-02,1.759e-01
MGI:88453,COL3A1,2201,protein binding,GO:0005515,molecular function,36,373.0,1.868e-01,1.437e-01,1.415e-01,5.775e-01,1.588e-02,1.596e-01,2.185e-01,1.157e-01,1.784e-01,1.134e-01,1.767e-01
MGI:1344392,CAPN10,1477,calcium-dependent cysteine-type endopeptidase activity,GO:0004198,molecular function,11,2.0,1.026e-01,2.098e-01,2.687e-02,8.116e-01,1.250e-02,9.749e-02,1.081e-01,1.698e-01,2.593e-01,2.140e-02,3.373e-02
MGI:1344392,CAPN10,1477,cellular response to insulin stimulus,GO:0032869,biological process,11,4.0,1.116e-01,2.298e-01,4.578e-02,7.423e-01,1.924e-02,1.033e-01,1.206e-01,1.619e-01,3.262e-01,3.204e-02,6.541e-02
MGI:1344392,CAPN10,1477,positive regulation of glucose import,GO:0046326,biological process,11,3.0,1.795e-01,2.669e-01,1.265e-01,5.925e-01,4.061e-02,1.260e-01,2.558e-01,1.824e-01,3.905e-01,7.194e-02,2.224e-01
MGI:1344392,CAPN10,1477,type B pancreatic cell apoptotic process,GO:0097050,biological process,11,2.0,1.991e-01,2.642e-01,1.443e-01,5.688e-01,4.641e-02,1.384e-01,2.864e-01,1.773e-01,3.936e-01,7.332e-02,2.839e-01
MGI:1344392,CAPN10,1477,mitochondrion,GO:0005739,cellular component,11,22.0,2.017e-01,2.642e-01,1.429e-01,5.649e-01,6.411e-02,1.187e-01,3.428e-01,1.773e-01,3.936e-01,5.894e-02,3.465e-01
MGI:1344392,CAPN10,1477,cytosol,GO:0005829,cellular component,11,76.0,2.414e-01,2.835e-01,2.046e-01,5.110e-01,1.422e-02,2.131e-01,2.734e-01,2.146e-01,3.744e-01,1.720e-01,2.434e-01
MGI:1344392,CAPN10,1477,positive regulation of insulin secretion,GO:0032024,biological process,11,5.0,2.598e-01,3.265e-01,2.096e-01,4.845e-01,9.015e-02,1.202e-01,5.614e-01,1.898e-01,5.617e-01,7.955e-02,5.521e-01
MGI:1344392,CAPN10,1477,cytoplasm,GO:0005737,cellular component,11,99.0,2.733e-01,2.953e-01,2.393e-01,4.792e-01,2.272e-02,2.225e-01,3.356e-01,2.228e-01,3.916e-01,1.823e-01,3.141e-01
MGI:1344392,CAPN10,1477,proteolysis,GO:0006508,biological process,11,12.0,2.897e-01,3.441e-01,2.519e-01,4.601e-01,5.753e-02,1.729e-01,4.854e-01,2.444e-01,4.846e-01,1.325e-01,4.791e-01
MGI:1344392,CAPN10,1477,protein binding,GO:0005515,molecular function,11,373.0,2.967e-01,2.953e-01,2.658e-01,4.570e-01,2.462e-02,2.374e-01,3.708e-01,2.228e-01,3.916e-01,2.005e-01,3.524e-01
MGI:2180566,PNMA5,18743,identical protein binding,GO:0042802,molecular function,2,28.0,1.025e-01,5.005e-02,2.746e-02,8.088e-01,9.423e-03,9.762e-02,1.076e-01,3.771e-02,6.643e-02,2.306e-02,3.269e-02
MGI:2180566,PNMA5,18743,protein binding,GO:0005515,molecular function,2,373.0,1.143e-01,5.037e-02,5.037e-02,7.299e-01,1.595e-02,1.066e-01,1.225e-01,3.756e-02,6.753e-02,3.756e-02,6.753e-02
MGI:1197008,CCN4,12769,positive regulation of cell differentiation,GO:0045597,biological process,13,41.0,1.026e-01,1.588e-01,2.114e-02,8.368e-01,2.823e-02,9.754e-02,1.079e-01,7.990e-02,3.158e-01,1.159e-02,3.856e-02
MGI:1197008,CCN4,12769,positive regulation of osteoblast differentiation,GO:0045669,biological process,13,3.0,1.083e-01,2.084e-01,3.939e-02,7.623e-01,2.002e-02,1.050e-01,1.117e-01,1.675e-01,2.593e-01,2.717e-02,5.710e-02
MGI:1197008,CCN4,12769,extracellular matrix,GO:0031012,cellular component,13,14.0,1.170e-01,1.606e-01,3.860e-02,7.605e-01,5.328e-02,1.002e-01,1.367e-01,7.957e-02,3.240e-01,1.371e-02,1.086e-01
MGI:1197008,CCN4,12769,heparin binding,GO:0008201,molecular function,13,7.0,1.550e-01,2.318e-01,1.003e-01,6.310e-01,3.058e-02,1.197e-01,2.007e-01,1.825e-01,2.943e-01,6.126e-02,1.642e-01
MGI:1197008,CCN4,12769,integrin binding,GO:0005178,molecular function,13,16.0,1.672e-01,2.287e-01,1.083e-01,6.174e-01,4.128e-02,1.228e-01,2.276e-01,1.762e-01,2.969e-01,5.697e-02,2.059e-01
MGI:1197008,CCN4,12769,extracellular space,GO:0005615,cellular component,13,55.0,1.705e-01,2.410e-01,1.216e-01,6.026e-01,1.739e-02,1.448e-01,2.007e-01,2.047e-01,2.838e-01,9.425e-02,1.569e-01
MGI:1197008,CCN4,12769,positive regulation of inflammatory response,GO:0050729,biological process,13,16.0,2.024e-01,2.563e-01,1.589e-01,5.566e-01,2.246e-02,1.650e-01,2.482e-01,2.440e-01,2.693e-01,1.179e-01,2.140e-01
MGI:1197008,CCN4,12769,cell adhesion,GO:0007155,biological process,13,15.0,2.147e-01,2.492e-01,1.698e-01,5.423e-01,3.737e-02,1.528e-01,3.016e-01,2.016e-01,3.079e-01,1.020e-01,2.828e-01
MGI:1197008,CCN4,12769,protein binding,GO:0005515,molecular function,13,373.0,2.668e-01,2.700e-01,2.328e-01,4.854e-01,1.672e-02,2.269e-01,3.137e-01,2.328e-01,3.132e-01,1.901e-01,2.852e-01
MGI:1197008,CCN4,12769,cytosol,GO:0005829,cellular component,13,76.0,2.736e-01,2.700e-01,2.412e-01,4.788e-01,5.569e-03,2.578e-01,2.904e-01,2.328e-01,3.132e-01,2.259e-01,2.575e-01
MGI:1197008,CCN4,12769,signal transduction,GO:0007165,biological process,13,50.0,3.126e-01,3.313e-01,2.748e-01,4.362e-01,7.204e-02,1.693e-01,5.773e-01,1.821e-01,6.025e-01,1.319e-01,5.725e-01
MGI:1197008,CCN4,12769,regulation of cytokine production,GO:0001817,biological process,13,56.0,3.770e-01,3.713e-01,3.485e-01,3.812e-01,7.119e-02,2.138e-01,6.648e-01,2.133e-01,6.466e-01,1.830e-01,6.637e-01
MGI:1916801,C1orf198,25900,cytosol,GO:0005829,cellular component,3,76.0,1.124e-01,4.711e-02,4.711e-02,7.388e-01,1.592e-02,1.017e-01,1.242e-01,3.501e-02,6.340e-02,3.501e-02,6.340e-02
MGI:1916806,BOD1L2,28505,protein binding,GO:0005515,molecular function,1,373.0,1.941e-01,1.507e-01,1.507e-01,5.669e-01,1.258e-02,1.717e-01,2.194e-01,1.263e-01,1.798e-01,1.263e-01,1.798e-01
MGI:107700,CASP5,1506,positive regulation of neuron apoptotic process,GO:0043525,biological process,10,8.0,1.037e-01,8.883e-02,2.453e-02,8.225e-01,2.489e-02,9.959e-02,1.079e-01,7.237e-02,1.090e-01,1.542e-02,3.903e-02
MGI:107700,CASP5,1506,NLRP1 inflammasome complex,GO:0072558,cellular component,10,4.0,1.042e-01,9.261e-02,3.012e-02,7.969e-01,1.631e-02,9.948e-02,1.091e-01,8.175e-02,1.049e-01,2.229e-02,4.070e-02
MGI:107700,CASP5,1506,cysteine-type endopeptidase activity,GO:0004197,molecular function,10,10.0,1.097e-01,9.261e-02,4.430e-02,7.470e-01,1.104e-02,1.011e-01,1.191e-01,8.175e-02,1.049e-01,3.591e-02,5.466e-02
MGI:107700,CASP5,1506,cellular response to mechanical stimulus,GO:0071260,biological process,10,6.0,1.318e-01,1.106e-01,4.952e-02,7.215e-01,8.072e-02,7.819e-02,2.220e-01,6.451e-02,1.896e-01,1.283e-02,1.912e-01
MGI:107700,CASP5,1506,positive regulation of inflammatory response,GO:0050729,biological process,10,16.0,1.350e-01,1.292e-01,7.154e-02,6.791e-01,3.842e-02,1.047e-01,1.741e-01,8.086e-02,2.065e-01,3.755e-02,1.363e-01
MGI:107700,CASP5,1506,protein binding,GO:0005515,molecular function,10,373.0,1.984e-01,1.716e-01,1.496e-01,5.664e-01,2.889e-02,1.581e-01,2.489e-01,1.257e-01,2.344e-01,9.901e-02,2.260e-01
MGI:107700,CASP5,1506,substantia nigra development,GO:0021762,biological process,10,2.0,2.006e-01,1.716e-01,1.520e-01,5.636e-01,2.915e-02,1.557e-01,2.585e-01,1.257e-01,2.344e-01,1.024e-01,2.254e-01
MGI:107700,CASP5,1506,cytoplasm,GO:0005737,cellular component,10,99.0,2.041e-01,1.716e-01,1.567e-01,5.588e-01,2.550e-02,1.656e-01,2.515e-01,1.257e-01,2.344e-01,1.103e-01,2.228e-01
MGI:96616,ITGB7,6162,integrin alpha4-beta7 complex,GO:0034669,cellular component,34,2.0,1.025e-01,1.398e-02,6.992e-04,9.773e-01,2.062e-03,9.761e-02,1.076e-01,8.825e-03,2.216e-02,4.412e-04,1.108e-03
MGI:96616,ITGB7,6162,cell-matrix adhesion involved in ameboidal cell migration,GO:0003366,biological process,34,3.0,1.025e-01,2.770e-02,3.680e-03,9.487e-01,6.178e-03,9.761e-02,1.076e-01,1.439e-02,5.330e-02,2.121e-03,6.385e-03
MGI:96616,ITGB7,6162,cell adhesion molecule binding,GO:0050839,molecular function,34,8.0,1.025e-01,2.770e-02,7.035e-03,9.204e-01,1.738e-02,9.761e-02,1.076e-01,1.439e-02,5.330e-02,2.703e-03,1.831e-02
MGI:96616,ITGB7,6162,cell adhesion mediated by integrin,GO:0033627,biological process,34,6.0,1.025e-01,2.770e-02,7.196e-03,9.203e-01,1.586e-02,9.761e-02,1.076e-01,1.439e-02,5.330e-02,2.922e-03,1.772e-02
MGI:96616,ITGB7,6162,cell-cell adhesion,GO:0098609,biological process,34,29.0,1.025e-01,3.343e-02,1.272e-02,8.866e-01,2.368e-02,9.761e-02,1.076e-01,2.387e-02,4.682e-02,6.879e-03,2.352e-02
MGI:96616,ITGB7,6162,receptor complex,GO:0043235,cellular component,34,28.0,1.025e-01,3.343e-02,1.490e-02,8.741e-01,2.085e-02,9.761e-02,1.076e-01,2.387e-02,4.682e-02,8.555e-03,2.596e-02
MGI:96616,ITGB7,6162,leukocyte tethering or rolling,GO:0050901,biological process,34,2.0,1.025e-01,3.343e-02,1.624e-02,8.724e-01,6.824e-03,9.761e-02,1.076e-01,2.387e-02,4.682e-02,1.384e-02,1.905e-02
MGI:96616,ITGB7,6162,cell-matrix adhesion,GO:0007160,biological process,34,12.0,1.025e-01,3.343e-02,1.591e-02,8.706e-01,2.133e-02,9.761e-02,1.076e-01,2.387e-02,4.682e-02,9.964e-03,2.539e-02
MGI:96616,ITGB7,6162,integrin complex,GO:0008305,cellular component,34,29.0,1.025e-01,3.443e-02,1.889e-02,8.545e-01,1.384e-02,9.761e-02,1.076e-01,2.556e-02,4.638e-02,1.406e-02,2.539e-02
MGI:96616,ITGB7,6162,substrate adhesion-dependent cell spreading,GO:0034446,biological process,34,2.0,1.025e-01,3.474e-02,2.073e-02,8.429e-01,2.182e-02,9.761e-02,1.076e-01,2.442e-02,4.941e-02,1.356e-02,3.169e-02
MGI:96616,ITGB7,6162,focal adhesion,GO:0005925,cellular component,34,18.0,1.025e-01,3.493e-02,2.025e-02,8.467e-01,1.021e-02,9.761e-02,1.076e-01,2.519e-02,4.844e-02,1.647e-02,2.490e-02
MGI:96616,ITGB7,6162,integrin binding,GO:0005178,molecular function,34,16.0,1.025e-01,3.526e-02,1.965e-02,8.502e-01,1.274e-02,9.761e-02,1.076e-01,2.687e-02,4.626e-02,1.509e-02,2.558e-02
MGI:96616,ITGB7,6162,heterotypic cell-cell adhesion,GO:0034113,biological process,34,8.0,1.025e-01,3.534e-02,2.183e-02,8.374e-01,1.573e-02,9.761e-02,1.076e-01,2.498e-02,5.000e-02,1.612e-02,2.955e-02
MGI:96616,ITGB7,6162,cell surface,GO:0009986,cellular component,34,22.0,1.031e-01,3.915e-02,3.071e-02,7.941e-01,1.298e-02,9.744e-02,1.091e-01,3.014e-02,5.085e-02,2.427e-02,3.885e-02
MGI:96616,ITGB7,6162,receptor clustering,GO:0043113,biological process,34,8.0,1.033e-01,3.979e-02,3.244e-02,7.868e-01,9.470e-03,9.772e-02,1.092e-01,3.155e-02,5.019e-02,2.735e-02,3.849e-02
MGI:96616,ITGB7,6162,leukocyte migration,GO:0050900,biological process,34,11.0,1.035e-01,3.690e-02,2.495e-02,8.175e-01,3.108e-02,9.677e-02,1.106e-01,2.575e-02,5.289e-02,1.334e-02,4.665e-02
MGI:96616,ITGB7,6162,integrin-mediated signaling pathway,GO:0007229,biological process,34,6.0,1.071e-01,3.829e-02,2.751e-02,8.068e-01,3.857e-02,9.360e-02,1.226e-01,2.378e-02,6.163e-02,1.312e-02,5.770e-02
MGI:96616,ITGB7,6162,extracellular exosome,GO:0070062,cellular component,34,88.0,1.128e-01,5.282e-02,4.840e-02,7.356e-01,1.133e-02,1.017e-01,1.250e-01,4.372e-02,6.382e-02,3.907e-02,5.997e-02
MGI:96616,ITGB7,6162,membrane,GO:0016020,cellular component,34,60.0,1.137e-01,5.411e-02,5.005e-02,7.313e-01,9.596e-03,1.054e-01,1.227e-01,4.421e-02,6.621e-02,4.176e-02,5.999e-02
MGI:96616,ITGB7,6162,protein binding,GO:0005515,molecular function,34,373.0,1.257e-01,6.555e-02,6.555e-02,6.947e-01,1.723e-02,1.071e-01,1.474e-01,4.845e-02,8.868e-02,4.845e-02,8.868e-02
MGI:98737,THBS1,11785,negative regulation of cell migration involved in sprouting angiogenesis,GO:0090051,biological process,89,3.0,1.025e-01,7.786e-02,7.836e-03,9.205e-01,1.216e-02,9.761e-02,1.076e-01,4.390e-02,1.381e-01,4.576e-03,1.342e-02
MGI:98737,THBS1,11785,protease binding,GO:0002020,molecular function,89,9.0,1.025e-01,7.786e-02,9.448e-03,8.971e-01,2.937e-02,9.761e-02,1.076e-01,4.390e-02,1.381e-01,3.262e-03,2.737e-02
MGI:98737,THBS1,11785,negative regulation of endothelial cell migration,GO:0010596,biological process,89,5.0,1.025e-01,7.786e-02,1.163e-02,8.891e-01,2.357e-02,9.761e-02,1.076e-01,4.390e-02,1.381e-01,5.127e-03,2.639e-02
MGI:98737,THBS1,11785,negative regulation of sprouting angiogenesis,GO:1903671,biological process,89,5.0,1.025e-01,7.786e-02,1.132e-02,8.816e-01,3.729e-02,9.761e-02,1.076e-01,4.390e-02,1.381e-01,3.635e-03,3.528e-02
MGI:98737,THBS1,11785,fibronectin binding,GO:0001968,molecular function,89,4.0,1.025e-01,7.946e-02,9.706e-03,9.055e-01,1.916e-02,9.761e-02,1.076e-01,4.564e-02,1.384e-01,4.990e-03,1.888e-02
MGI:98737,THBS1,11785,negative regulation of blood vessel endothelial cell migration,GO:0043537,biological process,89,6.0,1.025e-01,7.946e-02,1.147e-02,9.018e-01,7.756e-03,9.761e-02,1.076e-01,4.564e-02,1.384e-01,8.830e-03,1.489e-02
MGI:98737,THBS1,11785,negative regulation of blood vessel endothelial cell proliferation involved in sprouting angiogenesis,GO:1903588,biological process,89,3.0,1.025e-01,7.946e-02,1.241e-02,8.885e-01,2.195e-02,9.761e-02,1.076e-01,4.564e-02,1.384e-01,6.662e-03,2.310e-02
MGI:98737,THBS1,11785,platelet alpha granule,GO:0031091,cellular component,89,2.0,1.025e-01,8.215e-02,1.609e-02,8.701e-01,1.583e-02,9.761e-02,1.076e-01,4.836e-02,1.395e-01,1.089e-02,2.376e-02
MGI:98737,THBS1,11785,negative regulation of endothelial cell proliferation,GO:0001937,biological process,89,6.0,1.025e-01,8.308e-02,1.845e-02,8.584e-01,6.655e-03,9.761e-02,1.076e-01,4.924e-02,1.402e-01,1.599e-02,2.129e-02
MGI:98737,THBS1,11785,negative regulation of endothelial cell chemotaxis,GO:2001027,biological process,89,5.0,1.025e-01,8.650e-02,2.289e-02,8.303e-01,2.289e-02,9.762e-02,1.076e-01,4.937e-02,1.516e-01,1.450e-02,3.612e-02
MGI:98737,THBS1,11785,endopeptidase inhibitor activity,GO:0004866,molecular function,89,8.0,1.027e-01,8.215e-02,2.341e-02,8.280e-01,2.168e-02,9.740e-02,1.084e-01,4.836e-02,1.395e-01,1.551e-02,3.532e-02
MGI:98737,THBS1,11785,positive regulation of blood vessel endothelial cell migration,GO:0043536,biological process,89,5.0,1.030e-01,7.946e-02,1.849e-02,8.398e-01,3.871e-02,9.719e-02,1.091e-01,4.564e-02,1.384e-01,6.728e-03,5.082e-02
MGI:98737,THBS1,11785,negative regulation of angiogenesis,GO:0016525,biological process,89,8.0,1.030e-01,7.946e-02,2.299e-02,8.284e-01,2.770e-02,9.719e-02,1.091e-01,4.564e-02,1.384e-01,1.317e-02,4.012e-02
MGI:98737,THBS1,11785,positive regulation of endothelial cell migration,GO:0010595,biological process,89,5.0,1.031e-01,8.287e-02,2.030e-02,8.412e-01,3.140e-02,9.851e-02,1.079e-01,4.385e-02,1.566e-01,1.052e-02,3.919e-02
MGI:98737,THBS1,11785,collagen-containing extracellular matrix,GO:0062023,cellular component,89,32.0,1.033e-01,7.786e-02,1.606e-02,8.464e-01,4.253e-02,9.694e-02,1.100e-01,4.390e-02,1.381e-01,4.598e-03,5.611e-02
MGI:98737,THBS1,11785,extracellular matrix,GO:0031012,cellular component,89,14.0,1.045e-01,8.589e-02,2.466e-02,8.207e-01,3.015e-02,1.003e-01,1.088e-01,5.167e-02,1.428e-01,1.376e-02,4.420e-02
MGI:98737,THBS1,11785,positive regulation of transforming growth factor beta receptor signaling pathway,GO:0030511,biological process,89,4.0,1.048e-01,8.958e-02,2.805e-02,8.058e-01,2.642e-02,9.966e-02,1.102e-01,4.814e-02,1.667e-01,1.709e-02,4.604e-02
MGI:98737,THBS1,11785,negative regulation of fibroblast growth factor receptor signaling pathway,GO:0040037,biological process,89,6.0,1.079e-01,9.110e-02,4.213e-02,7.531e-01,1.066e-02,1.023e-01,1.138e-01,4.912e-02,1.690e-01,3.443e-02,5.154e-02
MGI:98737,THBS1,11785,fibrinogen complex,GO:0005577,cellular component,89,2.0,1.080e-01,9.110e-02,3.375e-02,7.817e-01,3.338e-02,1.016e-01,1.148e-01,4.912e-02,1.690e-01,1.808e-02,6.299e-02
MGI:98737,THBS1,11785,negative regulation of cell population proliferation,GO:0008285,biological process,89,31.0,1.081e-01,9.065e-02,4.100e-02,7.567e-01,1.620e-02,9.957e-02,1.173e-01,4.877e-02,1.685e-01,3.019e-02,5.567e-02
MGI:98737,THBS1,11785,collagen V binding,GO:0070052,molecular function,89,2.0,1.096e-01,9.214e-02,3.074e-02,7.892e-01,4.588e-02,1.010e-01,1.191e-01,4.863e-02,1.746e-01,1.228e-02,7.693e-02
MGI:98737,THBS1,11785,positive regulation of reactive oxygen species metabolic process,GO:2000379,biological process,89,8.0,1.101e-01,9.122e-02,3.699e-02,7.697e-01,3.168e-02,9.687e-02,1.252e-01,4.767e-02,1.746e-01,2.070e-02,6.609e-02
MGI:98737,THBS1,11785,positive regulation of smooth muscle cell proliferation,GO:0048661,biological process,89,5.0,1.102e-01,8.369e-02,1.036e-02,8.536e-01,6.806e-02,9.682e-02,1.253e-01,4.096e-02,1.710e-01,1.149e-03,9.344e-02
MGI:98737,THBS1,11785,positive regulation of angiogenesis,GO:0045766,biological process,89,12.0,1.103e-01,9.080e-02,1.871e-02,8.073e-01,6.282e-02,9.458e-02,1.286e-01,5.113e-02,1.612e-01,2.731e-03,1.282e-01
MGI:98737,THBS1,11785,positive regulation of phosphatidylinositol 3-kinase/protein kinase B signal transduction,GO:0051897,biological process,89,7.0,1.114e-01,9.232e-02,4.445e-02,7.457e-01,2.133e-02,9.965e-02,1.244e-01,4.854e-02,1.756e-01,3.005e-02,6.575e-02
MGI:98737,THBS1,11785,positive regulation of phosphorylation,GO:0042327,biological process,89,5.0,1.123e-01,8.578e-02,2.601e-02,8.108e-01,5.582e-02,9.522e-02,1.325e-01,4.242e-02,1.734e-01,8.968e-03,7.541e-02
MGI:98737,THBS1,11785,extracellular matrix structural constituent,GO:0005201,molecular function,89,10.0,1.132e-01,9.941e-02,4.737e-02,7.385e-01,2.068e-02,9.974e-02,1.285e-01,6.608e-02,1.496e-01,3.217e-02,6.975e-02
MGI:98737,THBS1,11785,positive regulation of blood coagulation,GO:0030194,biological process,89,11.0,1.133e-01,8.578e-02,2.784e-02,8.032e-01,5.546e-02,9.447e-02,1.359e-01,4.242e-02,1.734e-01,9.814e-03,7.899e-02
MGI:98737,THBS1,11785,chronic inflammatory response,GO:0002544,biological process,89,4.0,1.133e-01,9.100e-02,2.467e-02,8.097e-01,6.041e-02,9.444e-02,1.360e-01,4.699e-02,1.762e-01,7.094e-03,8.583e-02
MGI:98737,THBS1,11785,positive regulation of fibroblast migration,GO:0010763,biological process,89,4.0,1.136e-01,9.272e-02,3.640e-02,7.700e-01,4.630e-02,1.004e-01,1.286e-01,4.836e-02,1.778e-01,1.513e-02,8.757e-02
MGI:98737,THBS1,11785,positive regulation of cell population proliferation,GO:0008284,biological process,89,36.0,1.166e-01,9.377e-02,4.334e-02,7.478e-01,4.300e-02,9.308e-02,1.461e-01,4.589e-02,1.916e-01,2.007e-02,9.358e-02
MGI:98737,THBS1,11785,phosphatidylserine binding,GO:0001786,molecular function,89,4.0,1.167e-01,8.926e-02,3.506e-02,7.702e-01,5.796e-02,9.635e-02,1.414e-01,4.464e-02,1.785e-01,1.114e-02,1.103e-01
MGI:98737,THBS1,11785,response to xenobiotic stimulus,GO:0009410,biological process,89,4.0,1.169e-01,9.363e-02,3.539e-02,7.734e-01,5.443e-02,9.180e-02,1.489e-01,4.578e-02,1.915e-01,1.328e-02,9.431e-02
MGI:98737,THBS1,11785,laminin binding,GO:0043236,molecular function,89,5.0,1.187e-01,9.377e-02,4.268e-02,7.491e-01,5.019e-02,9.053e-02,1.556e-01,4.589e-02,1.916e-01,1.757e-02,1.037e-01
MGI:98737,THBS1,11785,positive regulation of cell migration,GO:0030335,biological process,89,36.0,1.191e-01,1.005e-01,4.907e-02,7.331e-01,3.574e-02,9.934e-02,1.427e-01,5.807e-02,1.738e-01,2.557e-02,9.416e-02
MGI:98737,THBS1,11785,positive regulation of MAP kinase activity,GO:0043406,biological process,89,7.0,1.201e-01,9.425e-02,4.983e-02,7.284e-01,4.331e-02,9.145e-02,1.577e-01,4.627e-02,1.920e-01,2.328e-02,1.066e-01
MGI:98737,THBS1,11785,positive regulation of endothelial cell apoptotic process,GO:2000353,biological process,89,3.0,1.209e-01,1.037e-01,5.095e-02,7.264e-01,4.279e-02,9.784e-02,1.495e-01,5.630e-02,1.912e-01,2.389e-02,1.087e-01
MGI:98737,THBS1,11785,heparin binding,GO:0008201,molecular function,89,7.0,1.212e-01,1.109e-01,5.824e-02,7.102e-01,2.398e-02,9.921e-02,1.480e-01,7.699e-02,1.596e-01,3.788e-02,8.953e-02
MGI:98737,THBS1,11785,negative regulation of cysteine-type endopeptidase activity involved in apoptotic process,GO:0043154,biological process,89,8.0,1.225e-01,9.700e-02,4.300e-02,7.463e-01,6.011e-02,8.809e-02,1.703e-01,4.507e-02,2.088e-01,1.501e-02,1.232e-01
MGI:98737,THBS1,11785,extracellular region,GO:0005576,cellular component,89,22.0,1.249e-01,1.091e-01,4.360e-02,7.416e-01,6.704e-02,9.057e-02,1.723e-01,6.156e-02,1.932e-01,1.248e-02,1.523e-01
MGI:98737,THBS1,11785,positive regulation of macrophage activation,GO:0043032,biological process,89,4.0,1.260e-01,9.881e-02,5.696e-02,7.114e-01,4.279e-02,1.017e-01,1.562e-01,4.958e-02,1.969e-01,2.664e-02,1.218e-01
MGI:98737,THBS1,11785,positive regulation of translation,GO:0045727,biological process,89,15.0,1.267e-01,9.818e-02,5.368e-02,7.170e-01,5.411e-02,9.126e-02,1.759e-01,4.594e-02,2.098e-01,2.122e-02,1.358e-01
MGI:98737,THBS1,11785,negative regulation of fibrinolysis,GO:0051918,biological process,89,5.0,1.305e-01,9.925e-02,4.772e-02,7.286e-01,7.253e-02,9.008e-02,1.890e-01,4.616e-02,2.134e-01,1.328e-02,1.715e-01
MGI:98737,THBS1,11785,secretory granule,GO:0030141,cellular component,89,18.0,1.322e-01,9.989e-02,5.810e-02,7.048e-01,6.104e-02,9.047e-02,1.931e-01,4.661e-02,2.140e-01,2.078e-02,1.625e-01
MGI:98737,THBS1,11785,fibrinogen binding,GO:0070051,molecular function,89,3.0,1.327e-01,1.011e-01,5.671e-02,7.082e-01,6.299e-02,9.396e-02,1.875e-01,4.745e-02,2.154e-01,1.917e-02,1.677e-01
MGI:98737,THBS1,11785,negative regulation of nitric oxide mediated signal transduction,GO:0010751,biological process,89,4.0,1.368e-01,1.110e-01,6.874e-02,6.843e-01,4.698e-02,1.081e-01,1.731e-01,5.581e-02,2.209e-01,3.004e-02,1.573e-01
MGI:98737,THBS1,11785,extracellular space,GO:0005615,cellular component,89,55.0,1.380e-01,1.197e-01,7.166e-02,6.784e-01,4.640e-02,1.004e-01,1.897e-01,6.899e-02,2.077e-01,3.178e-02,1.616e-01
MGI:98737,THBS1,11785,integrin binding,GO:0005178,molecular function,89,16.0,1.395e-01,1.131e-01,7.831e-02,6.667e-01,3.688e-02,1.036e-01,1.880e-01,6.140e-02,2.085e-01,4.317e-02,1.420e-01
MGI:98737,THBS1,11785,immune response,GO:0006955,biological process,89,16.0,1.399e-01,1.228e-01,8.041e-02,6.641e-01,3.217e-02,1.069e-01,1.832e-01,7.427e-02,2.029e-01,4.649e-02,1.391e-01
MGI:98737,THBS1,11785,cell surface,GO:0009986,cellular component,89,22.0,1.401e-01,1.122e-01,7.725e-02,6.674e-01,4.285e-02,9.988e-02,1.965e-01,6.013e-02,2.093e-01,3.859e-02,1.546e-01
MGI:98737,THBS1,11785,fibroblast growth factor binding,GO:0017134,molecular function,89,2.0,1.440e-01,1.091e-01,5.606e-02,7.007e-01,9.126e-02,7.936e-02,2.613e-01,4.170e-02,2.855e-01,1.283e-02,2.450e-01
MGI:98737,THBS1,11785,negative regulation of cGMP-mediated signaling,GO:0010754,biological process,89,3.0,1.464e-01,1.105e-01,8.175e-02,6.576e-01,5.082e-02,1.022e-01,2.099e-01,5.120e-02,2.385e-01,3.555e-02,1.880e-01
MGI:98737,THBS1,11785,positive regulation of tumor necrosis factor production,GO:0032760,biological process,89,5.0,1.472e-01,1.128e-01,6.732e-02,6.737e-01,8.772e-02,7.484e-02,2.897e-01,4.043e-02,3.147e-01,1.752e-02,2.586e-01
MGI:98737,THBS1,11785,external side of plasma membrane,GO:0009897,cellular component,89,15.0,1.507e-01,1.276e-01,9.513e-02,6.401e-01,2.386e-02,1.210e-01,1.877e-01,7.732e-02,2.107e-01,6.480e-02,1.397e-01
MGI:98737,THBS1,11785,sprouting angiogenesis,GO:0002040,biological process,89,2.0,1.543e-01,1.154e-01,5.834e-02,6.872e-01,1.081e-01,7.520e-02,3.167e-01,3.957e-02,3.366e-01,1.057e-02,3.220e-01
MGI:98737,THBS1,11785,peptide cross-linking,GO:0018149,biological process,89,32.0,1.563e-01,1.254e-01,8.330e-02,6.522e-01,6.374e-02,1.082e-01,2.256e-01,5.782e-02,2.718e-01,2.823e-02,2.458e-01
MGI:98737,THBS1,11785,negative regulation of plasminogen activation,GO:0010757,biological process,89,3.0,1.564e-01,1.248e-01,9.475e-02,6.348e-01,5.310e-02,9.995e-02,2.447e-01,5.872e-02,2.654e-01,4.306e-02,2.085e-01
MGI:98737,THBS1,11785,negative regulation of apoptotic process,GO:0043066,biological process,89,31.0,1.603e-01,1.377e-01,1.080e-01,6.217e-01,1.345e-02,1.437e-01,1.787e-01,9.156e-02,2.071e-01,8.822e-02,1.321e-01
MGI:98737,THBS1,11785,inflammatory response,GO:0006954,biological process,89,14.0,1.604e-01,1.397e-01,1.060e-01,6.212e-01,3.817e-02,1.152e-01,2.235e-01,8.313e-02,2.348e-01,5.782e-02,1.942e-01
MGI:98737,THBS1,11785,engulfment of apoptotic cell,GO:0043652,biological process,89,2.0,1.644e-01,1.243e-01,7.874e-02,6.506e-01,9.384e-02,8.732e-02,3.094e-01,4.522e-02,3.417e-01,1.815e-02,3.415e-01
MGI:98737,THBS1,11785,extracellular exosome,GO:0070062,cellular component,89,88.0,1.654e-01,1.395e-01,1.132e-01,6.120e-01,3.144e-02,1.242e-01,2.202e-01,8.477e-02,2.294e-01,6.979e-02,1.837e-01
MGI:98737,THBS1,11785,low-density lipoprotein particle binding,GO:0030169,molecular function,89,2.0,1.674e-01,1.274e-01,9.991e-02,6.199e-01,7.476e-02,9.065e-02,3.091e-01,4.827e-02,3.365e-01,3.385e-02,2.948e-01
MGI:98737,THBS1,11785,response to magnesium ion,GO:0032026,biological process,89,3.0,1.686e-01,1.242e-01,8.856e-02,6.263e-01,1.028e-01,7.292e-02,3.896e-01,3.817e-02,4.042e-01,2.087e-02,3.758e-01
MGI:98737,THBS1,11785,positive regulation of extrinsic apoptotic signaling pathway via death domain receptors,GO:1902043,biological process,89,4.0,1.785e-01,1.419e-01,1.157e-01,6.006e-01,6.371e-02,1.070e-01,2.977e-01,6.003e-02,3.354e-01,4.535e-02,2.952e-01
MGI:98737,THBS1,11785,protein homodimerization activity,GO:0042803,molecular function,89,14.0,1.802e-01,1.537e-01,1.308e-01,5.894e-01,2.788e-02,1.400e-01,2.318e-01,9.401e-02,2.515e-01,8.833e-02,1.938e-01
MGI:98737,THBS1,11785,response to calcium ion,GO:0051592,biological process,89,8.0,1.816e-01,1.376e-01,1.113e-01,5.987e-01,8.460e-02,9.145e-02,3.608e-01,4.823e-02,3.926e-01,3.346e-02,3.703e-01
MGI:98737,THBS1,11785,cell migration,GO:0016477,biological process,89,45.0,1.825e-01,1.554e-01,1.312e-01,5.855e-01,4.421e-02,1.224e-01,2.721e-01,8.324e-02,2.902e-01,6.947e-02,2.480e-01
MGI:98737,THBS1,11785,positive regulation of chemotaxis,GO:0050921,biological process,89,17.0,1.926e-01,1.561e-01,1.301e-01,5.749e-01,8.111e-02,9.440e-02,3.928e-01,6.058e-02,4.021e-01,4.504e-02,3.757e-01
MGI:98737,THBS1,11785,protein binding,GO:0005515,molecular function,89,373.0,1.926e-01,1.682e-01,1.470e-01,5.693e-01,2.873e-02,1.468e-01,2.527e-01,1.059e-01,2.672e-01,9.786e-02,2.208e-01
MGI:98737,THBS1,11785,negative regulation of cell-matrix adhesion,GO:0001953,biological process,89,6.0,2.108e-01,1.775e-01,1.560e-01,5.513e-01,6.128e-02,1.254e-01,3.541e-01,8.250e-02,3.819e-01,6.988e-02,3.485e-01
MGI:98737,THBS1,11785,negative regulation of dendritic cell antigen processing and presentation,GO:0002605,biological process,89,5.0,2.507e-01,2.048e-01,1.841e-01,4.994e-01,1.078e-01,1.039e-01,6.047e-01,6.448e-02,6.502e-01,5.326e-02,6.361e-01
MGI:98737,THBS1,11785,negative regulation of interleukin-12 production,GO:0032695,biological process,89,3.0,2.553e-01,1.948e-01,1.524e-01,5.044e-01,1.519e-01,8.529e-02,7.645e-01,4.591e-02,8.269e-01,2.422e-02,9.590e-01
MGI:98737,THBS1,11785,response to glucose,GO:0009749,biological process,89,4.0,2.643e-01,2.011e-01,1.518e-01,4.880e-01,1.731e-01,8.087e-02,8.638e-01,4.396e-02,9.200e-01,2.106e-02,1.094e+00
MGI:98737,THBS1,11785,negative regulation of long-chain fatty acid import across plasma membrane,GO:0010748,biological process,89,4.0,2.705e-01,2.131e-01,1.421e-01,5.184e-01,1.515e-01,9.948e-02,7.354e-01,5.346e-02,8.493e-01,1.748e-02,1.155e+00
MGI:98737,THBS1,11785,negative regulation of antigen processing and presentation of peptide or polysaccharide antigen via MHC class II,GO:0002581,biological process,89,5.0,2.819e-01,2.360e-01,2.216e-01,4.560e-01,1.194e-01,1.108e-01,7.173e-01,7.560e-02,7.368e-01,6.738e-02,7.285e-01
MGI:1913310,CYSTM1,30239,extracellular exosome,GO:0070062,cellular component,2,88.0,1.302e-01,9.739e-02,7.132e-02,6.836e-01,2.761e-03,1.238e-01,1.369e-01,9.457e-02,1.003e-01,6.784e-02,7.498e-02
MGI:1913310,CYSTM1,30239,protein binding,GO:0005515,molecular function,2,373.0,1.512e-01,9.739e-02,9.739e-02,6.382e-01,1.829e-03,1.472e-01,1.553e-01,9.457e-02,1.003e-01,9.457e-02,1.003e-01
MGI:96606,ITGAL,6148,integrin alphaL-beta2 complex,GO:0034687,cellular component,37,2.0,1.025e-01,2.236e-02,1.177e-03,9.714e-01,1.155e-03,9.761e-02,1.076e-01,1.827e-02,2.738e-02,9.614e-04,1.441e-03
MGI:96606,ITGAL,6148,cell adhesion molecule binding,GO:0050839,molecular function,37,8.0,1.025e-01,3.442e-02,6.890e-03,9.266e-01,9.677e-03,9.761e-02,1.076e-01,2.613e-02,4.535e-02,3.690e-03,1.287e-02
MGI:96606,ITGAL,6148,cell adhesion mediated by integrin,GO:0033627,biological process,37,6.0,1.025e-01,3.442e-02,8.871e-03,9.146e-01,1.095e-02,9.761e-02,1.076e-01,2.613e-02,4.535e-02,5.088e-03,1.547e-02
MGI:96606,ITGAL,6148,memory T cell extravasation,GO:0035683,biological process,37,2.0,1.025e-01,3.449e-02,1.058e-02,8.993e-01,2.178e-02,9.761e-02,1.076e-01,2.621e-02,4.539e-02,5.488e-03,2.041e-02
MGI:96606,ITGAL,6148,T cell activation via T cell receptor contact with antigen bound to MHC molecule on antigen presenting cell,GO:0002291,biological process,37,2.0,1.025e-01,3.449e-02,1.249e-02,8.906e-01,1.727e-02,9.761e-02,1.076e-01,2.621e-02,4.539e-02,7.371e-03,2.117e-02
MGI:96606,ITGAL,6148,leukocyte cell-cell adhesion,GO:0007159,biological process,37,5.0,1.025e-01,3.449e-02,1.566e-02,8.766e-01,2.769e-03,9.761e-02,1.076e-01,2.621e-02,4.539e-02,1.469e-02,1.670e-02
MGI:96606,ITGAL,6148,heterophilic cell-cell adhesion via plasma membrane cell adhesion molecules,GO:0007157,biological process,37,2.0,1.025e-01,3.458e-02,1.530e-02,8.762e-01,1.413e-02,9.761e-02,1.076e-01,2.615e-02,4.573e-02,1.100e-02,2.128e-02
MGI:96606,ITGAL,6148,cell-cell adhesion,GO:0098609,biological process,37,29.0,1.025e-01,3.458e-02,1.447e-02,8.755e-01,2.594e-02,9.761e-02,1.076e-01,2.615e-02,4.573e-02,7.695e-03,2.720e-02
MGI:96606,ITGAL,6148,cell-matrix adhesion,GO:0007160,biological process,37,12.0,1.025e-01,3.458e-02,1.617e-02,8.690e-01,2.081e-02,9.761e-02,1.076e-01,2.615e-02,4.573e-02,1.020e-02,2.565e-02
MGI:96606,ITGAL,6148,integrin complex,GO:0008305,cellular component,37,29.0,1.025e-01,3.458e-02,2.061e-02,8.437e-01,1.666e-02,9.761e-02,1.076e-01,2.615e-02,4.573e-02,1.470e-02,2.888e-02
MGI:96606,ITGAL,6148,integrin binding,GO:0005178,molecular function,37,16.0,1.025e-01,3.504e-02,1.881e-02,8.554e-01,1.505e-02,9.761e-02,1.076e-01,2.718e-02,4.516e-02,1.386e-02,2.554e-02
MGI:96606,ITGAL,6148,cell surface,GO:0009986,cellular component,37,22.0,1.025e-01,3.817e-02,2.761e-02,8.083e-01,6.834e-03,9.762e-02,1.076e-01,3.113e-02,4.682e-02,2.437e-02,3.129e-02
MGI:96606,ITGAL,6148,receptor clustering,GO:0043113,biological process,37,8.0,1.030e-01,3.964e-02,2.961e-02,7.990e-01,1.070e-02,9.722e-02,1.090e-01,3.020e-02,5.203e-02,2.437e-02,3.597e-02
MGI:96606,ITGAL,6148,external side of plasma membrane,GO:0009897,cellular component,37,15.0,1.055e-01,4.120e-02,3.509e-02,7.772e-01,1.615e-02,9.566e-02,1.164e-01,3.039e-02,5.587e-02,2.596e-02,4.743e-02
MGI:96606,ITGAL,6148,integrin-mediated signaling pathway,GO:0007229,biological process,37,6.0,1.061e-01,3.773e-02,2.319e-02,8.269e-01,4.028e-02,9.443e-02,1.193e-01,2.535e-02,5.615e-02,1.054e-02,5.104e-02
MGI:96606,ITGAL,6148,membrane,GO:0016020,cellular component,37,60.0,1.065e-01,4.609e-02,3.991e-02,7.602e-01,7.881e-03,1.009e-01,1.124e-01,3.890e-02,5.460e-02,3.435e-02,4.637e-02
MGI:96606,ITGAL,6148,ICAM-3 receptor activity,GO:0030369,molecular function,37,2.0,1.071e-01,4.118e-02,2.820e-02,8.040e-01,3.723e-02,9.360e-02,1.226e-01,2.902e-02,5.842e-02,1.386e-02,5.737e-02
MGI:96606,ITGAL,6148,extracellular exosome,GO:0070062,cellular component,37,88.0,1.076e-01,4.662e-02,4.125e-02,7.560e-01,4.395e-03,1.024e-01,1.130e-01,4.020e-02,5.406e-02,3.787e-02,4.493e-02
MGI:96606,ITGAL,6148,protein binding,GO:0005515,molecular function,37,373.0,1.175e-01,5.544e-02,5.544e-02,7.180e-01,8.323e-03,1.069e-01,1.291e-01,4.769e-02,6.446e-02,4.769e-02,6.446e-02
MGI:1312922,CASP12,19004,cysteine-type endopeptidase activity,GO:0004197,molecular function,6,10.0,1.195e-01,1.234e-01,5.218e-02,7.238e-01,3.545e-02,9.883e-02,1.445e-01,5.474e-02,2.781e-01,2.785e-02,9.779e-02
MGI:1312922,CASP12,19004,NLRP1 inflammasome complex,GO:0072558,cellular component,6,4.0,1.199e-01,1.234e-01,5.223e-02,7.244e-01,3.442e-02,1.032e-01,1.393e-01,5.474e-02,2.781e-01,2.803e-02,9.733e-02
MGI:1312922,CASP12,19004,positive regulation of neuron apoptotic process,GO:0043525,biological process,6,8.0,1.240e-01,1.234e-01,4.243e-02,7.472e-01,6.455e-02,8.769e-02,1.752e-01,5.474e-02,2.781e-01,1.389e-02,1.296e-01
MGI:1312922,CASP12,19004,positive regulation of inflammatory response,GO:0050729,biological process,6,16.0,2.014e-01,1.766e-01,1.450e-01,5.659e-01,5.545e-02,1.249e-01,3.249e-01,1.049e-01,2.974e-01,6.919e-02,3.039e-01
MGI:1312922,CASP12,19004,endoplasmic reticulum,GO:0005783,cellular component,6,24.0,2.246e-01,1.971e-01,1.796e-01,5.315e-01,4.140e-02,1.533e-01,3.291e-01,1.318e-01,2.949e-01,1.064e-01,3.032e-01
MGI:1312922,CASP12,19004,cytoplasm,GO:0005737,cellular component,6,99.0,2.773e-01,2.460e-01,2.423e-01,4.756e-01,2.894e-02,2.135e-01,3.601e-01,1.711e-01,3.537e-01,1.709e-01,3.436e-01
MGI:2137679,SFXN3,16087,serine import into mitochondrion,GO:0140300,biological process,6,4.0,1.025e-01,2.854e-02,6.127e-03,9.343e-01,3.942e-03,9.761e-02,1.076e-01,2.341e-02,3.479e-02,4.676e-03,8.027e-03
MGI:2137679,SFXN3,16087,mitochondrial transmembrane transport,GO:1990542,biological process,6,17.0,1.025e-01,3.346e-02,1.964e-02,8.517e-01,3.296e-03,9.761e-02,1.076e-01,2.349e-02,4.767e-02,1.845e-02,2.090e-02
MGI:2137679,SFXN3,16087,mitochondrion,GO:0005739,cellular component,6,22.0,1.027e-01,3.542e-02,2.659e-02,8.126e-01,1.613e-02,9.793e-02,1.077e-01,2.229e-02,5.627e-02,1.972e-02,3.585e-02
MGI:2137679,SFXN3,16087,one-carbon metabolic process,GO:0006730,biological process,6,8.0,1.075e-01,4.141e-02,3.844e-02,7.651e-01,1.872e-02,9.938e-02,1.163e-01,2.529e-02,6.781e-02,2.709e-02,5.456e-02
MGI:2137679,SFXN3,16087,protein binding,GO:0005515,molecular function,6,373.0,1.154e-01,4.126e-02,3.731e-02,7.672e-01,4.895e-02,9.309e-02,1.432e-01,1.931e-02,8.815e-02,1.533e-02,9.080e-02
MGI:1333798,AVIL,14188,actin polymerization or depolymerization,GO:0008154,biological process,16,5.0,1.083e-01,1.652e-01,4.277e-02,7.515e-01,6.805e-03,1.014e-01,1.157e-01,1.215e-01,2.245e-01,3.752e-02,4.875e-02
MGI:1333798,AVIL,14188,actin filament organization,GO:0007015,biological process,16,18.0,1.128e-01,1.652e-01,4.752e-02,7.377e-01,1.921e-02,9.941e-02,1.279e-01,1.215e-01,2.245e-01,3.320e-02,6.801e-02
MGI:1333798,AVIL,14188,actin filament binding,GO:0051015,molecular function,16,11.0,1.175e-01,1.652e-01,5.499e-02,7.187e-01,1.554e-02,1.081e-01,1.278e-01,1.215e-01,2.245e-01,4.169e-02,7.254e-02
MGI:1333798,AVIL,14188,actin cytoskeleton,GO:0015629,cellular component,16,12.0,1.205e-01,1.663e-01,5.283e-02,7.216e-01,3.881e-02,9.566e-02,1.517e-01,1.224e-01,2.258e-01,2.669e-02,1.046e-01
MGI:1333798,AVIL,14188,actin filament,GO:0005884,cellular component,16,9.0,1.223e-01,1.652e-01,6.019e-02,7.063e-01,1.777e-02,1.048e-01,1.428e-01,1.215e-01,2.245e-01,4.373e-02,8.285e-02
MGI:1333798,AVIL,14188,focal adhesion,GO:0005925,cellular component,16,18.0,1.308e-01,1.698e-01,6.910e-02,6.849e-01,3.573e-02,9.668e-02,1.769e-01,1.303e-01,2.212e-01,3.801e-02,1.256e-01
MGI:1333798,AVIL,14188,actin filament severing,GO:0051014,biological process,16,4.0,1.373e-01,1.853e-01,7.886e-02,6.684e-01,2.179e-02,1.132e-01,1.664e-01,1.549e-01,2.215e-01,5.444e-02,1.142e-01
MGI:1333798,AVIL,14188,lamellipodium,GO:0030027,cellular component,16,6.0,1.481e-01,1.796e-01,8.636e-02,6.481e-01,5.561e-02,9.385e-02,2.337e-01,1.133e-01,2.847e-01,3.593e-02,2.076e-01
MGI:1333798,AVIL,14188,Arp2/3 complex binding,GO:0071933,molecular function,16,2.0,1.714e-01,1.992e-01,1.221e-01,6.020e-01,1.547e-02,1.484e-01,1.980e-01,1.644e-01,2.414e-01,9.753e-02,1.530e-01
MGI:1333798,AVIL,14188,cilium assembly,GO:0060271,biological process,16,8.0,2.000e-01,2.361e-01,1.513e-01,5.645e-01,2.920e-02,1.537e-01,2.602e-01,1.856e-01,3.003e-01,1.025e-01,2.232e-01
MGI:1333798,AVIL,14188,"phosphatidylinositol-4,5-bisphosphate binding",GO:0005546,molecular function,16,4.0,2.018e-01,2.296e-01,1.491e-01,5.620e-01,5.153e-02,1.267e-01,3.213e-01,1.511e-01,3.488e-01,7.255e-02,3.065e-01
MGI:1333798,AVIL,14188,positive regulation of lamellipodium assembly,GO:0010592,biological process,16,4.0,2.536e-01,2.620e-01,2.115e-01,4.950e-01,6.026e-02,1.463e-01,4.396e-01,1.529e-01,4.491e-01,1.038e-01,4.312e-01
MGI:1333798,AVIL,14188,barbed-end actin filament capping,GO:0051016,biological process,16,3.0,2.908e-01,2.982e-01,2.595e-01,4.628e-01,1.787e-02,2.461e-01,3.436e-01,2.401e-01,3.703e-01,2.117e-01,3.182e-01
MGI:1333798,AVIL,14188,cytoplasm,GO:0005737,cellular component,16,99.0,2.969e-01,2.982e-01,2.659e-01,4.572e-01,2.113e-02,2.439e-01,3.615e-01,2.401e-01,3.703e-01,2.083e-01,3.394e-01
MGI:1333798,AVIL,14188,protein binding,GO:0005515,molecular function,16,373.0,2.993e-01,2.982e-01,2.699e-01,4.548e-01,1.475e-02,2.596e-01,3.450e-01,2.401e-01,3.703e-01,2.283e-01,3.192e-01
MGI:1333798,AVIL,14188,regulation of diacylglycerol biosynthetic process,GO:1900480,biological process,16,5.0,3.039e-01,3.309e-01,2.402e-01,4.439e-01,1.081e-01,1.184e-01,7.798e-01,1.601e-01,6.840e-01,6.252e-02,9.228e-01
MGI:3782245,GVINP1,25813,,,,0,nan,,,,,,,,,,,
MGI:97305,NEU1,7758,exo-alpha-sialidase activity,GO:0004308,molecular function,13,5.0,1.030e-01,8.278e-02,2.553e-02,8.179e-01,1.675e-02,9.856e-02,1.076e-01,5.504e-02,1.245e-01,1.873e-02,3.479e-02
MGI:97305,NEU1,7758,oligosaccharide catabolic process,GO:0009313,biological process,13,12.0,1.059e-01,8.755e-02,1.624e-02,8.481e-01,4.903e-02,9.466e-02,1.184e-01,5.685e-02,1.348e-01,4.590e-03,5.748e-02
MGI:97305,NEU1,7758,ganglioside catabolic process,GO:0006689,biological process,13,4.0,1.060e-01,9.270e-02,3.428e-02,7.800e-01,2.165e-02,1.032e-01,1.090e-01,7.158e-02,1.200e-01,2.288e-02,5.136e-02
MGI:97305,NEU1,7758,alpha-sialidase activity,GO:0016997,molecular function,13,5.0,1.094e-01,8.278e-02,3.446e-02,7.788e-01,3.569e-02,9.833e-02,1.217e-01,5.504e-02,1.245e-01,1.786e-02,6.650e-02
MGI:97305,NEU1,7758,cell junction,GO:0030054,cellular component,13,7.0,1.193e-01,8.824e-02,4.404e-02,7.455e-01,5.019e-02,9.836e-02,1.448e-01,5.813e-02,1.339e-01,1.730e-02,1.121e-01
MGI:97305,NEU1,7758,intracellular membrane-bounded organelle,GO:0043231,cellular component,13,58.0,1.219e-01,1.095e-01,4.854e-02,7.318e-01,4.930e-02,9.302e-02,1.598e-01,7.996e-02,1.500e-01,2.043e-02,1.153e-01
MGI:97305,NEU1,7758,extracellular exosome,GO:0070062,cellular component,13,88.0,1.429e-01,1.191e-01,8.599e-02,6.562e-01,1.375e-02,1.336e-01,1.528e-01,9.705e-02,1.461e-01,6.837e-02,1.081e-01
MGI:97305,NEU1,7758,membrane,GO:0016020,cellular component,13,60.0,1.461e-01,1.191e-01,9.031e-02,6.494e-01,1.003e-02,1.390e-01,1.535e-01,9.705e-02,1.461e-01,7.672e-02,1.063e-01
MGI:97305,NEU1,7758,lysosome,GO:0005764,cellular component,13,15.0,1.608e-01,1.392e-01,1.091e-01,6.192e-01,2.496e-02,1.285e-01,2.012e-01,1.246e-01,1.554e-01,7.497e-02,1.588e-01
MGI:97305,NEU1,7758,cytoplasm,GO:0005737,cellular component,13,99.0,1.676e-01,1.231e-01,1.155e-01,6.107e-01,1.753e-02,1.501e-01,1.871e-01,9.710e-02,1.561e-01,8.857e-02,1.507e-01
MGI:97305,NEU1,7758,protein binding,GO:0005515,molecular function,13,373.0,1.689e-01,1.268e-01,1.159e-01,6.097e-01,2.490e-02,1.410e-01,2.023e-01,9.606e-02,1.674e-01,7.962e-02,1.687e-01
MGI:88491,CRABP2,2339,cyclin binding,GO:0030332,molecular function,13,3.0,1.025e-01,6.076e-02,8.340e-03,9.192e-01,9.266e-03,9.761e-02,1.076e-01,5.654e-02,6.530e-02,5.422e-03,1.283e-02
MGI:88491,CRABP2,2339,fatty acid transport,GO:0015908,biological process,13,10.0,1.025e-01,6.557e-02,2.663e-02,8.127e-01,7.490e-03,9.761e-02,1.076e-01,5.896e-02,7.293e-02,2.315e-02,3.064e-02
MGI:88491,CRABP2,2339,fatty acid binding,GO:0005504,molecular function,13,8.0,1.042e-01,6.557e-02,2.885e-02,8.025e-01,1.881e-02,1.002e-01,1.085e-01,5.896e-02,7.293e-02,2.035e-02,4.090e-02
MGI:88491,CRABP2,2339,retinoic acid binding,GO:0001972,molecular function,13,3.0,1.060e-01,6.557e-02,3.288e-02,7.854e-01,2.462e-02,1.004e-01,1.120e-01,5.896e-02,7.293e-02,2.074e-02,5.212e-02
MGI:88491,CRABP2,2339,nucleus,GO:0005634,cellular component,13,87.0,1.103e-01,6.909e-02,4.486e-02,7.454e-01,1.295e-02,1.017e-01,1.197e-01,5.639e-02,8.464e-02,3.509e-02,5.734e-02
MGI:88491,CRABP2,2339,nucleoplasm,GO:0005654,cellular component,13,49.0,1.143e-01,6.909e-02,4.986e-02,7.315e-01,1.536e-02,1.015e-01,1.288e-01,5.639e-02,8.464e-02,3.730e-02,6.665e-02
MGI:88491,CRABP2,2339,cytosol,GO:0005829,cellular component,13,76.0,1.174e-01,6.909e-02,5.587e-02,7.172e-01,2.403e-03,1.129e-01,1.222e-01,5.639e-02,8.464e-02,5.343e-02,5.843e-02
MGI:88491,CRABP2,2339,extracellular exosome,GO:0070062,cellular component,13,88.0,1.226e-01,6.957e-02,6.226e-02,7.022e-01,5.934e-03,1.160e-01,1.296e-01,5.603e-02,8.639e-02,5.624e-02,6.893e-02
MGI:88491,CRABP2,2339,cytoplasm,GO:0005737,cellular component,13,99.0,1.278e-01,7.097e-02,6.818e-02,6.896e-01,1.008e-02,1.154e-01,1.415e-01,5.623e-02,8.958e-02,5.722e-02,8.124e-02
MGI:88491,CRABP2,2339,protein binding,GO:0005515,molecular function,13,373.0,1.280e-01,7.146e-02,6.750e-02,6.904e-01,1.906e-02,1.115e-01,1.469e-01,5.466e-02,9.344e-02,4.884e-02,9.329e-02
MGI:1858227,CDKL2,1782,protein phosphorylation,GO:0006468,biological process,5,21.0,1.054e-01,1.055e-01,2.794e-02,8.048e-01,3.384e-02,9.508e-02,1.168e-01,7.268e-02,1.531e-01,1.446e-02,5.397e-02
MGI:1858227,CDKL2,1782,centrosome,GO:0005813,cellular component,5,11.0,1.275e-01,1.081e-01,6.205e-02,6.992e-01,4.122e-02,9.418e-02,1.727e-01,7.773e-02,1.503e-01,3.023e-02,1.273e-01
MGI:1858227,CDKL2,1782,nucleus,GO:0005634,cellular component,5,87.0,1.452e-01,1.114e-01,9.008e-02,6.492e-01,1.866e-02,1.201e-01,1.756e-01,8.416e-02,1.474e-01,6.674e-02,1.216e-01
MGI:1858227,CDKL2,1782,nucleoplasm,GO:0005654,cellular component,5,49.0,1.462e-01,1.114e-01,9.143e-02,6.465e-01,2.140e-02,1.189e-01,1.799e-01,8.416e-02,1.474e-01,6.512e-02,1.284e-01
MGI:1858227,CDKL2,1782,protein serine/threonine kinase activity,GO:0004674,molecular function,5,43.0,1.763e-01,1.292e-01,1.292e-01,5.933e-01,8.488e-03,1.605e-01,1.936e-01,1.144e-01,1.458e-01,1.144e-01,1.458e-01
MGI:96244,HSPA1B,5233,cellular heat acclimation,GO:0070370,biological process,72,3.0,1.025e-01,8.726e-02,6.529e-03,9.083e-01,3.385e-02,9.761e-02,1.076e-01,6.593e-02,1.155e-01,1.504e-03,2.834e-02
MGI:96244,HSPA1B,5233,positive regulation of NF-kappaB transcription factor activity,GO:0051092,biological process,72,6.0,1.025e-01,9.863e-02,1.059e-02,9.035e-01,1.545e-02,9.761e-02,1.076e-01,6.585e-02,1.477e-01,6.491e-03,1.729e-02
MGI:96244,HSPA1B,5233,histone deacetylase binding,GO:0042826,molecular function,72,2.0,1.025e-01,9.863e-02,1.201e-02,8.939e-01,1.632e-02,9.761e-02,1.076e-01,6.585e-02,1.477e-01,6.992e-03,2.063e-02
MGI:96244,HSPA1B,5233,ubiquitin protein ligase binding,GO:0031625,molecular function,72,4.0,1.025e-01,9.863e-02,1.668e-02,8.696e-01,7.436e-03,9.761e-02,1.076e-01,6.585e-02,1.477e-01,1.401e-02,1.986e-02
MGI:96244,HSPA1B,5233,regulation of protein ubiquitination,GO:0031396,biological process,72,8.0,1.025e-01,9.863e-02,1.904e-02,8.549e-01,5.434e-03,9.761e-02,1.076e-01,6.585e-02,1.477e-01,1.704e-02,2.128e-02
MGI:96244,HSPA1B,5233,positive regulation of tumor necrosis factor-mediated signaling pathway,GO:1903265,biological process,72,4.0,1.025e-01,9.863e-02,1.956e-02,8.519e-01,4.688e-03,9.761e-02,1.076e-01,6.585e-02,1.477e-01,1.784e-02,2.143e-02
MGI:96244,HSPA1B,5233,negative regulation of protein ubiquitination,GO:0031397,biological process,72,8.0,1.025e-01,9.863e-02,2.158e-02,8.395e-01,4.358e-03,9.761e-02,1.076e-01,6.585e-02,1.477e-01,1.989e-02,2.342e-02
MGI:96244,HSPA1B,5233,aggresome,GO:0016235,cellular component,72,3.0,1.025e-01,9.913e-02,2.499e-02,8.210e-01,8.461e-03,9.761e-02,1.076e-01,6.570e-02,1.496e-01,2.130e-02,2.932e-02
MGI:96244,HSPA1B,5233,enzyme binding,GO:0019899,molecular function,72,36.0,1.030e-01,1.002e-01,2.034e-02,8.406e-01,3.001e-02,9.856e-02,1.076e-01,6.896e-02,1.457e-01,1.069e-02,3.871e-02
MGI:96244,HSPA1B,5233,signaling receptor binding,GO:0005102,molecular function,72,66.0,1.047e-01,9.998e-02,2.477e-02,8.173e-01,3.525e-02,9.964e-02,1.100e-01,6.601e-02,1.514e-01,1.200e-02,5.112e-02
MGI:96244,HSPA1B,5233,protein folding chaperone,GO:0044183,molecular function,72,4.0,1.051e-01,1.038e-01,2.803e-02,8.061e-01,2.653e-02,1.005e-01,1.099e-01,7.623e-02,1.414e-01,1.707e-02,4.604e-02
MGI:96244,HSPA1B,5233,protein refolding,GO:0042026,biological process,72,2.0,1.080e-01,1.015e-01,1.341e-02,8.246e-01,6.244e-02,9.290e-02,1.255e-01,6.559e-02,1.570e-01,1.353e-03,1.328e-01
MGI:96244,HSPA1B,5233,C3HC4-type RING finger domain binding,GO:0055131,molecular function,72,2.0,1.094e-01,1.022e-01,3.356e-02,7.824e-01,3.533e-02,9.173e-02,1.305e-01,6.827e-02,1.531e-01,1.744e-02,6.457e-02
MGI:96244,HSPA1B,5233,unfolded protein binding,GO:0051082,molecular function,72,4.0,1.111e-01,1.006e-01,2.865e-02,7.987e-01,5.066e-02,9.039e-02,1.365e-01,6.523e-02,1.552e-01,1.074e-02,7.646e-02
MGI:96244,HSPA1B,5233,centrosome,GO:0005813,cellular component,72,11.0,1.117e-01,1.049e-01,4.245e-02,7.525e-01,2.524e-02,9.978e-02,1.250e-01,6.937e-02,1.587e-01,2.653e-02,6.791e-02
MGI:96244,HSPA1B,5233,inclusion body,GO:0016234,cellular component,72,16.0,1.135e-01,1.031e-01,4.445e-02,7.452e-01,3.177e-02,9.021e-02,1.427e-01,6.867e-02,1.548e-01,2.493e-02,7.927e-02
MGI:96244,HSPA1B,5233,centriole,GO:0005814,cellular component,72,2.0,1.162e-01,1.048e-01,3.705e-02,7.658e-01,5.272e-02,9.968e-02,1.354e-01,6.661e-02,1.649e-01,1.324e-02,1.037e-01
MGI:96244,HSPA1B,5233,extracellular exosome,GO:0070062,cellular component,72,88.0,1.163e-01,1.068e-01,5.315e-02,7.228e-01,1.527e-02,1.009e-01,1.340e-01,7.587e-02,1.504e-01,4.032e-02,7.007e-02
MGI:96244,HSPA1B,5233,heat shock protein binding,GO:0031072,molecular function,72,5.0,1.167e-01,1.055e-01,4.590e-02,7.401e-01,4.122e-02,8.834e-02,1.543e-01,7.028e-02,1.584e-01,2.203e-02,9.567e-02
MGI:96244,HSPA1B,5233,nucleus,GO:0005634,cellular component,72,87.0,1.176e-01,1.068e-01,5.343e-02,7.220e-01,2.024e-02,9.822e-02,1.408e-01,7.587e-02,1.504e-01,3.702e-02,7.712e-02
MGI:96244,HSPA1B,5233,nuclear speck,GO:0016607,cellular component,72,9.0,1.198e-01,1.038e-01,4.627e-02,7.389e-01,4.845e-02,9.079e-02,1.582e-01,6.483e-02,1.662e-01,1.938e-02,1.105e-01
MGI:96244,HSPA1B,5233,ATP hydrolysis activity,GO:0016887,molecular function,72,4.0,1.201e-01,1.038e-01,4.149e-02,7.514e-01,5.546e-02,9.827e-02,1.468e-01,6.637e-02,1.624e-01,1.437e-02,1.198e-01
MGI:96244,HSPA1B,5233,cytosol,GO:0005829,cellular component,72,76.0,1.201e-01,1.087e-01,5.848e-02,7.105e-01,9.992e-03,1.076e-01,1.341e-01,7.679e-02,1.538e-01,4.901e-02,6.979e-02
MGI:96244,HSPA1B,5233,vesicle,GO:0031982,cellular component,72,8.0,1.206e-01,1.118e-01,5.893e-02,7.090e-01,1.535e-02,1.063e-01,1.369e-01,8.604e-02,1.454e-01,4.475e-02,7.759e-02
MGI:96244,HSPA1B,5233,blood microparticle,GO:0072562,cellular component,72,6.0,1.218e-01,1.074e-01,5.992e-02,7.067e-01,2.181e-02,9.975e-02,1.487e-01,7.711e-02,1.497e-01,4.087e-02,8.787e-02
MGI:96244,HSPA1B,5233,positive regulation of nucleotide-binding oligomerization domain containing 2 signaling pathway,GO:0070434,biological process,72,3.0,1.236e-01,1.132e-01,4.822e-02,7.329e-01,5.319e-02,9.547e-02,1.601e-01,6.709e-02,1.911e-01,1.860e-02,1.250e-01
MGI:96244,HSPA1B,5233,focal adhesion,GO:0005925,cellular component,72,18.0,1.243e-01,1.084e-01,5.742e-02,7.114e-01,3.413e-02,1.001e-01,1.544e-01,7.021e-02,1.674e-01,3.084e-02,1.069e-01
MGI:96244,HSPA1B,5233,positive regulation of interleukin-8 production,GO:0032757,biological process,72,7.0,1.277e-01,1.152e-01,4.853e-02,7.303e-01,6.210e-02,9.512e-02,1.714e-01,6.688e-02,1.986e-01,1.585e-02,1.485e-01
MGI:96244,HSPA1B,5233,protein binding,GO:0005515,molecular function,72,373.0,1.284e-01,1.160e-01,6.911e-02,6.876e-01,1.711e-02,1.096e-01,1.505e-01,9.317e-02,1.444e-01,5.120e-02,9.330e-02
MGI:96244,HSPA1B,5233,negative regulation of extrinsic apoptotic signaling pathway in absence of ligand,GO:2001240,biological process,72,4.0,1.285e-01,1.188e-01,6.067e-02,7.009e-01,4.633e-02,9.247e-02,1.785e-01,6.987e-02,2.021e-01,2.764e-02,1.332e-01
MGI:96244,HSPA1B,5233,RNA binding,GO:0003723,molecular function,72,46.0,1.325e-01,1.202e-01,7.163e-02,6.790e-01,4.013e-02,9.416e-02,1.865e-01,7.117e-02,2.029e-01,3.727e-02,1.377e-01
MGI:96244,HSPA1B,5233,cytoplasm,GO:0005737,cellular component,72,99.0,1.339e-01,1.172e-01,7.636e-02,6.740e-01,6.547e-03,1.215e-01,1.476e-01,9.198e-02,1.493e-01,6.832e-02,8.535e-02
MGI:96244,HSPA1B,5233,mRNA catabolic process,GO:0006402,biological process,72,9.0,1.349e-01,1.235e-01,6.665e-02,6.837e-01,6.373e-02,8.173e-02,2.226e-01,6.805e-02,2.242e-01,2.386e-02,1.862e-01
MGI:96244,HSPA1B,5233,perinuclear region of cytoplasm,GO:0048471,cellular component,72,12.0,1.365e-01,1.203e-01,7.765e-02,6.706e-01,2.191e-02,1.136e-01,1.641e-01,8.020e-02,1.804e-01,5.407e-02,1.115e-01
MGI:96244,HSPA1B,5233,ribonucleoprotein complex,GO:1990904,cellular component,72,27.0,1.442e-01,1.230e-01,7.641e-02,6.632e-01,6.639e-02,8.537e-02,2.437e-01,6.347e-02,2.384e-01,2.661e-02,2.194e-01
MGI:96244,HSPA1B,5233,ATP metabolic process,GO:0046034,biological process,72,7.0,1.468e-01,1.294e-01,8.308e-02,6.551e-01,5.148e-02,9.978e-02,2.160e-01,6.938e-02,2.413e-01,3.481e-02,1.982e-01
MGI:96244,HSPA1B,5233,regulation of mitotic spindle assembly,GO:1901673,biological process,72,4.0,1.508e-01,1.380e-01,9.455e-02,6.413e-01,2.147e-02,1.294e-01,1.758e-01,1.074e-01,1.772e-01,6.735e-02,1.327e-01
MGI:96244,HSPA1B,5233,positive regulation of erythrocyte differentiation,GO:0045648,biological process,72,3.0,1.549e-01,1.326e-01,9.867e-02,6.311e-01,4.503e-02,1.043e-01,2.302e-01,7.488e-02,2.347e-01,4.990e-02,1.951e-01
MGI:96244,HSPA1B,5233,protein stabilization,GO:0050821,biological process,72,5.0,1.552e-01,1.456e-01,9.960e-02,6.304e-01,4.058e-02,1.100e-01,2.190e-01,1.013e-01,2.092e-01,5.226e-02,1.898e-01
MGI:96244,HSPA1B,5233,ATP binding,GO:0005524,molecular function,72,6.0,1.562e-01,1.379e-01,9.859e-02,6.319e-01,4.126e-02,1.100e-01,2.217e-01,7.841e-02,2.425e-01,5.069e-02,1.918e-01
MGI:96244,HSPA1B,5233,cellular response to heat,GO:0034605,biological process,72,7.0,1.674e-01,1.469e-01,9.610e-02,6.275e-01,7.224e-02,1.000e-01,2.800e-01,7.078e-02,3.048e-01,2.925e-02,3.157e-01
MGI:96244,HSPA1B,5233,positive regulation of proteasomal ubiquitin-dependent protein catabolic process,GO:0032436,biological process,72,8.0,1.806e-01,1.605e-01,1.303e-01,5.876e-01,4.158e-02,1.243e-01,2.624e-01,1.078e-01,2.389e-01,7.268e-02,2.335e-01
MGI:96244,HSPA1B,5233,positive regulation of microtubule nucleation,GO:0090063,biological process,72,4.0,1.807e-01,1.564e-01,1.190e-01,5.942e-01,6.741e-02,1.035e-01,3.156e-01,7.751e-02,3.155e-01,4.193e-02,3.376e-01
MGI:96244,HSPA1B,5233,positive regulation of gene expression,GO:0010628,biological process,72,28.0,1.864e-01,1.717e-01,1.328e-01,5.841e-01,4.077e-02,1.350e-01,2.573e-01,1.237e-01,2.385e-01,7.375e-02,2.392e-01
MGI:96244,HSPA1B,5233,chaperone cofactor-dependent protein refolding,GO:0051085,biological process,72,3.0,1.880e-01,1.583e-01,9.478e-02,6.156e-01,1.090e-01,9.052e-02,3.903e-01,6.203e-02,4.042e-01,1.724e-02,5.209e-01
MGI:96244,HSPA1B,5233,negative regulation of apoptotic process,GO:0043066,biological process,72,31.0,1.943e-01,1.727e-01,1.503e-01,5.663e-01,2.385e-02,1.552e-01,2.433e-01,1.285e-01,2.321e-01,1.089e-01,2.075e-01
MGI:96244,HSPA1B,5233,ATP-dependent protein disaggregase activity,GO:0140545,molecular function,72,3.0,2.021e-01,1.876e-01,1.600e-01,5.567e-01,5.074e-03,1.953e-01,2.092e-01,1.674e-01,2.103e-01,1.491e-01,1.716e-01
MGI:96244,HSPA1B,5233,negative regulation of cell population proliferation,GO:0008285,biological process,72,31.0,2.216e-01,1.998e-01,1.751e-01,5.323e-01,5.530e-02,1.337e-01,3.673e-01,1.048e-01,3.811e-01,8.414e-02,3.646e-01
MGI:96244,HSPA1B,5233,negative regulation of inclusion body assembly,GO:0090084,biological process,72,5.0,2.298e-01,2.127e-01,1.780e-01,5.214e-01,7.728e-02,1.157e-01,4.564e-01,9.495e-02,4.765e-01,7.082e-02,4.473e-01
MGI:96244,HSPA1B,5233,negative regulation of cell growth,GO:0030308,biological process,72,16.0,2.843e-01,2.614e-01,2.491e-01,4.654e-01,4.823e-02,1.822e-01,4.436e-01,1.501e-01,4.552e-01,1.398e-01,4.440e-01
MGI:96244,HSPA1B,5233,G protein-coupled receptor binding,GO:0001664,molecular function,72,47.0,3.200e-01,3.144e-01,2.873e-01,4.359e-01,4.532e-02,2.151e-01,4.760e-01,2.118e-01,4.667e-01,1.741e-01,4.741e-01
MGI:96244,HSPA1B,5233,protein-containing complex,GO:0032991,cellular component,72,295.0,4.427e-01,4.372e-01,4.103e-01,3.258e-01,9.262e-02,2.166e-01,9.049e-01,2.137e-01,8.941e-01,1.782e-01,9.449e-01
MGI:2444773,MAVS,29233,antiviral innate immune response,GO:0140374,biological process,41,5.0,1.025e-01,1.032e-01,1.823e-02,8.591e-01,1.327e-02,9.761e-02,1.076e-01,5.363e-02,1.984e-01,1.385e-02,2.398e-02
MGI:2444773,MAVS,29233,positive regulation of DNA-binding transcription factor activity,GO:0051091,biological process,41,8.0,1.028e-01,1.052e-01,3.069e-02,7.943e-01,1.021e-02,9.816e-02,1.078e-01,5.522e-02,2.002e-01,2.551e-02,3.691e-02
MGI:2444773,MAVS,29233,positive regulation of type I interferon-mediated signaling pathway,GO:0060340,biological process,41,4.0,1.034e-01,1.032e-01,2.155e-02,8.370e-01,3.027e-02,9.677e-02,1.106e-01,5.363e-02,1.984e-01,1.205e-02,3.854e-02
MGI:2444773,MAVS,29233,positive regulation of IP-10 production,GO:0071660,biological process,41,3.0,1.046e-01,6.927e-02,8.824e-03,8.650e-01,5.307e-02,9.579e-02,1.141e-01,1.825e-02,2.630e-01,9.374e-04,8.306e-02
MGI:2444773,MAVS,29233,positive regulation of interferon-alpha production,GO:0032727,biological process,41,3.0,1.046e-01,1.032e-01,1.799e-02,8.452e-01,4.238e-02,9.579e-02,1.141e-01,5.363e-02,1.984e-01,6.463e-03,5.005e-02
MGI:2444773,MAVS,29233,positive regulation of chemokine (C-C motif) ligand 5 production,GO:0071651,biological process,41,3.0,1.047e-01,6.927e-02,7.552e-03,8.653e-01,5.480e-02,9.564e-02,1.147e-01,1.825e-02,2.630e-01,5.739e-04,9.938e-02
MGI:2444773,MAVS,29233,positive regulation of interferon-beta production,GO:0032728,biological process,41,4.0,1.048e-01,1.032e-01,1.222e-02,8.706e-01,5.098e-02,9.557e-02,1.149e-01,5.363e-02,1.984e-01,3.407e-03,4.384e-02
MGI:2444773,MAVS,29233,positive regulation of type I interferon production,GO:0032481,biological process,41,5.0,1.056e-01,1.049e-01,3.316e-02,7.843e-01,2.213e-02,9.578e-02,1.164e-01,5.494e-02,2.004e-01,2.193e-02,5.014e-02
MGI:2444773,MAVS,29233,protein kinase binding,GO:0019901,molecular function,41,21.0,1.095e-01,1.152e-01,4.287e-02,7.510e-01,1.434e-02,1.011e-01,1.185e-01,6.301e-02,2.106e-01,3.274e-02,5.614e-02
MGI:2444773,MAVS,29233,molecular condensate scaffold activity,GO:0140693,molecular function,41,2.0,1.103e-01,1.052e-01,2.772e-02,8.048e-01,4.802e-02,9.104e-02,1.335e-01,5.272e-02,2.098e-01,1.122e-02,6.851e-02
MGI:2444773,MAVS,29233,defense response to virus,GO:0051607,biological process,41,14.0,1.105e-01,1.129e-01,3.619e-02,7.723e-01,3.880e-02,9.890e-02,1.234e-01,5.973e-02,2.136e-01,1.739e-02,7.532e-02
MGI:2444773,MAVS,29233,positive regulation of tumor necrosis factor production,GO:0032760,biological process,41,5.0,1.146e-01,1.052e-01,2.937e-02,7.964e-01,5.906e-02,8.774e-02,1.496e-01,5.272e-02,2.098e-01,9.870e-03,8.741e-02
MGI:2444773,MAVS,29233,signaling adaptor activity,GO:0035591,molecular function,41,5.0,1.151e-01,1.052e-01,3.417e-02,7.783e-01,5.351e-02,8.737e-02,1.516e-01,5.272e-02,2.098e-01,1.298e-02,8.997e-02
MGI:2444773,MAVS,29233,RIG-I binding,GO:0039552,molecular function,41,2.0,1.169e-01,1.129e-01,4.588e-02,7.418e-01,3.666e-02,9.923e-02,1.377e-01,5.973e-02,2.136e-01,2.345e-02,8.978e-02
MGI:2444773,MAVS,29233,positive regulation of response to cytokine stimulus,GO:0060760,biological process,41,6.0,1.187e-01,1.073e-01,4.650e-02,7.375e-01,4.705e-02,8.627e-02,1.634e-01,5.524e-02,2.083e-01,2.026e-02,1.067e-01
MGI:2444773,MAVS,29233,positive regulation of transcription by RNA polymerase II,GO:0045944,biological process,41,23.0,1.194e-01,1.175e-01,5.417e-02,7.198e-01,2.627e-02,9.823e-02,1.452e-01,6.216e-02,2.219e-01,3.352e-02,8.755e-02
MGI:2444773,MAVS,29233,activation of innate immune response,GO:0002218,biological process,41,7.0,1.198e-01,1.073e-01,4.494e-02,7.412e-01,5.335e-02,8.525e-02,1.684e-01,5.524e-02,2.083e-01,1.755e-02,1.151e-01
MGI:2444773,MAVS,29233,defense response to bacterium,GO:0042742,biological process,41,11.0,1.224e-01,1.052e-01,3.582e-02,7.648e-01,7.499e-02,8.232e-02,1.821e-01,5.272e-02,2.098e-01,9.217e-03,1.392e-01
MGI:2444773,MAVS,29233,molecular adaptor activity,GO:0060090,molecular function,41,7.0,1.248e-01,1.205e-01,6.223e-02,7.003e-01,3.082e-02,9.530e-02,1.633e-01,6.653e-02,2.182e-01,3.674e-02,1.054e-01
MGI:2444773,MAVS,29233,positive regulation of interleukin-8 production,GO:0032757,biological process,41,7.0,1.263e-01,1.175e-01,6.279e-02,6.984e-01,3.402e-02,9.593e-02,1.662e-01,6.216e-02,2.219e-01,3.457e-02,1.140e-01
MGI:2444773,MAVS,29233,positive regulation of canonical NF-kappaB signal transduction,GO:0043123,biological process,41,7.0,1.274e-01,1.130e-01,5.918e-02,7.038e-01,5.187e-02,8.812e-02,1.843e-01,6.219e-02,2.055e-01,2.448e-02,1.430e-01
MGI:2444773,MAVS,29233,CARD domain binding,GO:0050700,molecular function,41,4.0,1.323e-01,1.358e-01,7.355e-02,6.788e-01,1.053e-02,1.239e-01,1.413e-01,8.933e-02,2.065e-01,6.139e-02,8.813e-02
MGI:2444773,MAVS,29233,innate immune response,GO:0045087,biological process,41,21.0,1.340e-01,1.164e-01,4.516e-02,7.278e-01,7.830e-02,9.747e-02,1.842e-01,5.955e-02,2.275e-01,9.318e-03,2.189e-01
MGI:2444773,MAVS,29233,mitochondrial membrane,GO:0031966,cellular component,41,7.0,1.377e-01,1.238e-01,7.924e-02,6.653e-01,3.454e-02,1.018e-01,1.864e-01,7.137e-02,2.147e-01,4.537e-02,1.384e-01
MGI:2444773,MAVS,29233,mitochondrial outer membrane,GO:0005741,cellular component,41,5.0,1.501e-01,1.285e-01,9.308e-02,6.401e-01,4.381e-02,1.016e-01,2.217e-01,7.246e-02,2.280e-01,4.776e-02,1.814e-01
MGI:2444773,MAVS,29233,positive regulation of interleukin-6 production,GO:0032755,biological process,41,5.0,1.516e-01,1.361e-01,9.627e-02,6.361e-01,3.791e-02,1.077e-01,2.134e-01,8.328e-02,2.226e-01,5.422e-02,1.710e-01
MGI:2444773,MAVS,29233,positive regulation of protein phosphorylation,GO:0001934,biological process,41,18.0,1.524e-01,1.374e-01,9.921e-02,6.351e-01,1.308e-02,1.326e-01,1.751e-01,9.114e-02,2.073e-01,8.103e-02,1.215e-01
MGI:2444773,MAVS,29233,positive regulation of defense response to virus by host,GO:0002230,biological process,41,2.0,1.558e-01,1.265e-01,7.772e-02,6.575e-01,8.096e-02,9.042e-02,2.684e-01,5.629e-02,2.842e-01,2.074e-02,2.912e-01
MGI:2444773,MAVS,29233,negative regulation of viral genome replication,GO:0045071,biological process,41,9.0,1.572e-01,1.377e-01,1.048e-01,6.252e-01,2.564e-02,1.235e-01,2.001e-01,8.850e-02,2.143e-01,7.021e-02,1.564e-01
MGI:2444773,MAVS,29233,positive regulation of NLRP3 inflammasome complex assembly,GO:1900227,biological process,41,3.0,1.577e-01,1.343e-01,9.778e-02,6.284e-01,5.937e-02,9.340e-02,2.662e-01,6.667e-02,2.705e-01,4.091e-02,2.337e-01
MGI:2444773,MAVS,29233,cellular response to exogenous dsRNA,GO:0071360,biological process,41,4.0,1.598e-01,1.313e-01,8.970e-02,6.350e-01,7.871e-02,8.416e-02,3.035e-01,5.743e-02,3.001e-01,2.724e-02,2.954e-01
MGI:2444773,MAVS,29233,identical protein binding,GO:0042802,molecular function,41,28.0,1.650e-01,1.506e-01,1.143e-01,6.125e-01,1.703e-02,1.420e-01,1.918e-01,1.092e-01,2.076e-01,8.828e-02,1.481e-01
MGI:2444773,MAVS,29233,cytoplasmic pattern recognition receptor signaling pathway,GO:0002753,biological process,41,10.0,1.751e-01,1.515e-01,1.142e-01,6.033e-01,6.062e-02,1.060e-01,2.892e-01,7.374e-02,3.112e-01,4.395e-02,2.966e-01
MGI:2444773,MAVS,29233,peroxisomal membrane,GO:0005778,cellular component,41,4.0,1.753e-01,1.426e-01,1.136e-01,6.019e-01,6.816e-02,9.796e-02,3.137e-01,6.559e-02,3.099e-01,4.117e-02,3.135e-01
MGI:2444773,MAVS,29233,mitochondrion,GO:0005739,cellular component,41,22.0,1.766e-01,1.511e-01,1.290e-01,5.924e-01,2.150e-02,1.434e-01,2.175e-01,1.007e-01,2.266e-01,9.452e-02,1.760e-01
MGI:2444773,MAVS,29233,positive regulation of protein import into nucleus,GO:0042307,biological process,41,6.0,1.849e-01,1.567e-01,1.366e-01,5.798e-01,4.039e-02,1.270e-01,2.692e-01,9.275e-02,2.648e-01,7.891e-02,2.365e-01
MGI:2444773,MAVS,29233,regulation of peroxisome organization,GO:1900063,biological process,41,3.0,1.964e-01,1.661e-01,1.432e-01,5.651e-01,6.543e-02,1.081e-01,3.569e-01,8.007e-02,3.447e-01,6.111e-02,3.354e-01
MGI:2444773,MAVS,29233,protein binding,GO:0005515,molecular function,41,373.0,2.295e-01,2.091e-01,1.912e-01,5.244e-01,9.672e-03,2.082e-01,2.529e-01,1.859e-01,2.352e-01,1.694e-01,2.157e-01
MGI:2444773,MAVS,29233,signal transduction,GO:0007165,biological process,41,50.0,2.641e-01,2.552e-01,2.208e-01,4.855e-01,6.304e-02,1.512e-01,4.611e-01,1.458e-01,4.466e-01,1.097e-01,4.443e-01
MGI:2444773,MAVS,29233,protein localization to mitochondrion,GO:0070585,biological process,41,3.0,3.781e-01,3.505e-01,3.446e-01,3.679e-01,1.003e-01,1.808e-01,7.905e-01,1.557e-01,7.894e-01,1.495e-01,7.943e-01
MGI:1914877,OLFML3,24956,extracellular vesicle,GO:1903561,cellular component,5,13.0,1.108e-01,5.472e-02,2.298e-02,8.208e-01,5.734e-02,9.732e-02,1.261e-01,2.625e-02,1.141e-01,7.206e-03,7.328e-02
MGI:1914877,OLFML3,24956,extracellular space,GO:0005615,cellular component,5,55.0,1.314e-01,1.121e-01,7.197e-02,6.803e-01,2.888e-02,1.014e-01,1.701e-01,7.011e-02,1.793e-01,4.447e-02,1.165e-01
MGI:1914877,OLFML3,24956,signal transduction,GO:0007165,biological process,5,50.0,2.623e-01,2.210e-01,2.210e-01,4.898e-01,4.796e-02,1.695e-01,4.059e-01,1.229e-01,3.972e-01,1.229e-01,3.972e-01
MGI:1346016,ARHGEF28,30322,cell morphogenesis,GO:0000902,biological process,3,24.0,1.049e-01,5.372e-02,2.316e-02,8.159e-01,4.409e-02,9.929e-02,1.109e-01,2.214e-02,1.303e-01,8.219e-03,6.528e-02
MGI:1346016,ARHGEF28,30322,regulation of Rho protein signal transduction,GO:0035023,biological process,3,7.0,1.132e-01,6.353e-02,3.685e-02,7.694e-01,4.373e-02,9.599e-02,1.336e-01,3.431e-02,1.176e-01,1.651e-02,8.228e-02
MGI:1346016,ARHGEF28,30322,guanyl-nucleotide exchange factor activity,GO:0005085,molecular function,3,10.0,1.329e-01,6.878e-02,6.878e-02,6.850e-01,3.764e-02,9.986e-02,1.770e-01,3.630e-02,1.303e-01,3.630e-02,1.303e-01
MGI:94917,DPEP1,3002,negative regulation of cysteine-type endopeptidase activity involved in apoptotic process,GO:0043154,biological process,25,8.0,1.025e-01,1.527e-01,1.672e-02,8.599e-01,2.548e-02,9.761e-02,1.076e-01,9.669e-02,2.411e-01,8.581e-03,3.258e-02
MGI:94917,DPEP1,3002,metallodipeptidase activity,GO:0070573,molecular function,25,3.0,1.076e-01,1.527e-01,2.781e-02,8.043e-01,4.195e-02,9.958e-02,1.163e-01,9.669e-02,2.411e-01,1.233e-02,6.272e-02
MGI:94917,DPEP1,3002,zinc ion binding,GO:0008270,molecular function,25,4.0,1.121e-01,1.568e-01,2.973e-02,7.960e-01,5.048e-02,8.958e-02,1.404e-01,9.626e-02,2.556e-01,1.159e-02,7.621e-02
MGI:94917,DPEP1,3002,dipeptidase activity,GO:0016805,molecular function,25,6.0,1.175e-01,1.568e-01,5.358e-02,7.215e-01,2.180e-02,1.023e-01,1.349e-01,9.626e-02,2.556e-01,3.587e-02,8.004e-02
MGI:94917,DPEP1,3002,leukotriene D4 catabolic process,GO:1901749,biological process,25,7.0,1.469e-01,1.717e-01,8.250e-02,6.563e-01,5.048e-02,9.751e-02,2.213e-01,9.652e-02,3.056e-01,3.752e-02,1.814e-01
MGI:94917,DPEP1,3002,antibiotic metabolic process,GO:0016999,biological process,25,12.0,1.533e-01,1.763e-01,7.633e-02,6.586e-01,8.087e-02,8.152e-02,2.882e-01,9.357e-02,3.321e-01,2.218e-02,2.627e-01
MGI:94917,DPEP1,3002,extracellular exosome,GO:0070062,cellular component,25,88.0,1.575e-01,1.949e-01,1.037e-01,6.248e-01,3.903e-02,1.108e-01,2.239e-01,1.098e-01,3.458e-01,5.822e-02,1.846e-01
MGI:94917,DPEP1,3002,cell junction,GO:0030054,cellular component,25,7.0,1.588e-01,1.947e-01,8.458e-02,6.483e-01,7.068e-02,1.002e-01,2.518e-01,9.600e-02,3.948e-01,2.583e-02,2.769e-01
MGI:94917,DPEP1,3002,plasma membrane,GO:0005886,cellular component,25,93.0,1.685e-01,2.147e-01,1.189e-01,6.058e-01,2.081e-02,1.382e-01,2.054e-01,1.429e-01,3.224e-01,8.720e-02,1.622e-01
MGI:94917,DPEP1,3002,nucleoplasm,GO:0005654,cellular component,25,49.0,1.730e-01,1.980e-01,1.170e-01,6.001e-01,6.010e-02,1.005e-01,2.980e-01,1.084e-01,3.618e-01,5.094e-02,2.686e-01
MGI:94917,DPEP1,3002,apical part of cell,GO:0045177,cellular component,25,2.0,1.758e-01,1.903e-01,9.829e-02,6.175e-01,8.954e-02,9.061e-02,3.413e-01,9.086e-02,3.986e-01,2.459e-02,3.930e-01
MGI:94917,DPEP1,3002,protein binding,GO:0005515,molecular function,25,373.0,1.799e-01,2.162e-01,1.304e-01,5.877e-01,3.957e-02,1.254e-01,2.583e-01,1.420e-01,3.291e-01,7.407e-02,2.295e-01
MGI:94917,DPEP1,3002,cellular response to xenobiotic stimulus,GO:0071466,biological process,25,3.0,1.857e-01,1.944e-01,1.160e-01,5.896e-01,8.942e-02,8.804e-02,3.917e-01,8.967e-02,4.215e-01,3.207e-02,4.198e-01
MGI:94917,DPEP1,3002,modified amino acid binding,GO:0072341,molecular function,25,10.0,1.927e-01,2.178e-01,1.390e-01,5.769e-01,3.925e-02,1.412e-01,2.630e-01,1.761e-01,2.693e-01,7.860e-02,2.459e-01
MGI:94917,DPEP1,3002,cysteine-type endopeptidase inhibitor activity involved in apoptotic process,GO:0043027,molecular function,25,3.0,1.929e-01,2.232e-01,1.350e-01,5.725e-01,7.092e-02,1.028e-01,3.623e-01,1.403e-01,3.551e-01,4.987e-02,3.653e-01
MGI:94917,DPEP1,3002,homocysteine metabolic process,GO:0050667,biological process,25,6.0,1.994e-01,2.067e-01,1.372e-01,5.693e-01,7.063e-02,1.097e-01,3.628e-01,9.682e-02,4.411e-01,4.713e-02,3.995e-01
MGI:94917,DPEP1,3002,negative regulation of apoptotic process,GO:0043066,biological process,25,31.0,2.106e-01,2.068e-01,1.479e-01,5.471e-01,9.355e-02,9.296e-02,4.772e-01,8.600e-02,4.974e-01,4.480e-02,4.882e-01
MGI:94917,DPEP1,3002,beta-lactamase activity,GO:0008800,molecular function,25,4.0,2.848e-01,2.973e-01,2.519e-01,4.671e-01,3.148e-02,2.133e-01,3.801e-01,2.108e-01,4.193e-01,1.776e-01,3.572e-01
MGI:94917,DPEP1,3002,negative regulation of cell migration,GO:0030336,biological process,25,27.0,4.822e-01,5.043e-01,4.555e-01,2.655e-01,1.285e-01,2.337e-01,9.947e-01,2.641e-01,9.629e-01,2.066e-01,1.004e+00
MGI:1928392,DPT,3011,collagen fibril organization,GO:0030199,biological process,4,7.0,1.025e-01,5.744e-02,1.760e-02,8.632e-01,9.970e-03,9.761e-02,1.076e-01,4.878e-02,6.763e-02,1.407e-02,2.201e-02
MGI:1928392,DPT,3011,collagen-containing extracellular matrix,GO:0062023,cellular component,4,32.0,1.026e-01,5.744e-02,2.872e-02,8.030e-01,9.078e-03,9.749e-02,1.081e-01,4.878e-02,6.763e-02,2.439e-02,3.382e-02
MGI:1928392,DPT,3011,extracellular space,GO:0005615,cellular component,4,55.0,1.393e-01,1.098e-01,8.235e-02,6.631e-01,8.737e-03,1.276e-01,1.520e-01,9.470e-02,1.273e-01,7.103e-02,9.548e-02
MGI:1928392,DPT,3011,protein binding,GO:0005515,molecular function,4,373.0,1.972e-01,1.540e-01,1.540e-01,5.635e-01,2.750e-03,1.947e-01,1.998e-01,1.480e-01,1.603e-01,1.480e-01,1.603e-01
MGI:2152214,PIP4K2C,23786,"1-phosphatidyl-1D-myo-inositol 4,5-bisphosphate biosynthetic process",GO:1902635,biological process,23,3.0,1.025e-01,4.373e-02,1.623e-02,8.724e-01,7.659e-03,9.761e-02,1.076e-01,3.235e-02,5.911e-02,1.369e-02,1.925e-02
MGI:2152214,PIP4K2C,23786,1-phosphatidylinositol-4-phosphate 5-kinase activity,GO:0016308,molecular function,23,2.0,1.025e-01,4.373e-02,1.699e-02,8.645e-01,1.702e-02,9.761e-02,1.076e-01,3.235e-02,5.911e-02,1.141e-02,2.528e-02
MGI:2152214,PIP4K2C,23786,1-phosphatidylinositol-5-phosphate 4-kinase activity,GO:0016309,molecular function,23,2.0,1.025e-01,4.373e-02,1.782e-02,8.608e-01,1.429e-02,9.761e-02,1.076e-01,3.235e-02,5.911e-02,1.305e-02,2.434e-02
MGI:2152214,PIP4K2C,23786,phosphatidylinositol phosphate biosynthetic process,GO:0046854,biological process,23,9.0,1.025e-01,4.373e-02,2.314e-02,8.308e-01,1.144e-02,9.761e-02,1.076e-01,3.235e-02,5.911e-02,1.861e-02,2.877e-02
MGI:2152214,PIP4K2C,23786,autophagosome,GO:0005776,cellular component,23,6.0,1.025e-01,4.373e-02,2.754e-02,8.086e-01,3.768e-03,9.761e-02,1.076e-01,3.235e-02,5.911e-02,2.575e-02,2.946e-02
MGI:2152214,PIP4K2C,23786,plasma membrane,GO:0005886,cellular component,23,93.0,1.026e-01,4.373e-02,2.925e-02,8.007e-01,1.016e-02,9.776e-02,1.076e-01,3.235e-02,5.911e-02,2.431e-02,3.521e-02
MGI:2152214,PIP4K2C,23786,identical protein binding,GO:0042802,molecular function,23,28.0,1.028e-01,4.388e-02,2.651e-02,8.132e-01,1.433e-02,9.813e-02,1.077e-01,3.225e-02,5.970e-02,2.038e-02,3.448e-02
MGI:2152214,PIP4K2C,23786,extracellular exosome,GO:0070062,cellular component,23,88.0,1.030e-01,4.388e-02,2.752e-02,8.085e-01,1.405e-02,9.833e-02,1.078e-01,3.225e-02,5.970e-02,2.130e-02,3.555e-02
MGI:2152214,PIP4K2C,23786,protein binding,GO:0005515,molecular function,23,373.0,1.061e-01,4.523e-02,3.758e-02,7.682e-01,1.494e-02,9.964e-02,1.130e-01,3.137e-02,6.521e-02,2.837e-02,4.978e-02
MGI:2152214,PIP4K2C,23786,regulation of autophagy,GO:0010506,biological process,23,10.0,1.071e-01,4.523e-02,2.614e-02,8.081e-01,4.416e-02,9.890e-02,1.160e-01,3.137e-02,6.521e-02,1.043e-02,6.555e-02
MGI:2152214,PIP4K2C,23786,cytosol,GO:0005829,cellular component,23,76.0,1.075e-01,4.523e-02,3.625e-02,7.730e-01,2.350e-02,9.889e-02,1.170e-01,3.137e-02,6.521e-02,2.336e-02,5.626e-02
MGI:2152214,PIP4K2C,23786,nucleoplasm,GO:0005654,cellular component,23,49.0,1.085e-01,4.523e-02,3.756e-02,7.681e-01,2.560e-02,9.799e-02,1.202e-01,3.137e-02,6.521e-02,2.339e-02,6.032e-02
MGI:2152214,PIP4K2C,23786,intracellular organelle,GO:0043229,cellular component,23,4.0,1.087e-01,4.838e-02,3.864e-02,7.650e-01,2.374e-02,1.060e-01,1.114e-01,3.414e-02,6.856e-02,2.486e-02,6.008e-02
MGI:2152214,PIP4K2C,23786,positive regulation of autophagosome assembly,GO:2000786,biological process,23,6.0,1.090e-01,5.327e-02,3.797e-02,7.669e-01,2.654e-02,9.796e-02,1.213e-01,4.808e-02,5.902e-02,2.314e-02,6.231e-02
MGI:2152214,PIP4K2C,23786,negative regulation of insulin receptor signaling pathway,GO:0046627,biological process,23,5.0,2.230e-01,1.280e-01,1.200e-01,5.387e-01,1.640e-01,6.630e-02,7.502e-01,2.113e-02,7.749e-01,1.809e-02,7.956e-01
MGI:2386052,CERK,19256,phosphorylation,GO:0016310,biological process,9,10.0,1.025e-01,8.010e-02,1.950e-02,8.507e-01,1.664e-02,9.761e-02,1.076e-01,3.827e-02,1.676e-01,1.398e-02,2.721e-02
MGI:2386052,CERK,19256,ceramide metabolic process,GO:0006672,biological process,9,8.0,1.139e-01,8.010e-02,3.697e-02,7.681e-01,4.778e-02,9.698e-02,1.337e-01,3.827e-02,1.676e-01,1.524e-02,8.969e-02
MGI:2386052,CERK,19256,ceramide kinase activity,GO:0001729,molecular function,9,2.0,1.164e-01,8.010e-02,3.197e-02,7.848e-01,6.012e-02,9.304e-02,1.456e-01,3.827e-02,1.676e-01,1.060e-02,9.642e-02
MGI:2386052,CERK,19256,magnesium ion binding,GO:0000287,molecular function,9,5.0,1.229e-01,9.859e-02,5.832e-02,7.089e-01,3.199e-02,1.001e-01,1.507e-01,6.060e-02,1.604e-01,3.352e-02,1.015e-01
MGI:2386052,CERK,19256,membrane,GO:0016020,cellular component,9,60.0,1.684e-01,1.528e-01,1.187e-01,6.062e-01,2.005e-02,1.402e-01,2.023e-01,1.281e-01,1.823e-01,8.814e-02,1.598e-01
MGI:2386052,CERK,19256,plasma membrane,GO:0005886,cellular component,9,93.0,1.950e-01,1.655e-01,1.504e-01,5.674e-01,9.579e-03,1.821e-01,2.088e-01,1.586e-01,1.727e-01,1.314e-01,1.722e-01
MGI:2386052,CERK,19256,protein binding,GO:0005515,molecular function,9,373.0,2.044e-01,1.655e-01,1.629e-01,5.537e-01,4.893e-03,1.935e-01,2.160e-01,1.586e-01,1.727e-01,1.523e-01,1.741e-01
MGI:97302,NEDD9,7733,protein tyrosine kinase binding,GO:1990782,molecular function,21,3.0,1.036e-01,1.531e-01,2.395e-02,8.259e-01,2.419e-02,9.907e-02,1.083e-01,1.062e-01,2.206e-01,1.528e-02,3.755e-02
MGI:97302,NEDD9,7733,transmembrane receptor protein tyrosine kinase signaling pathway,GO:0007169,biological process,21,24.0,1.076e-01,1.531e-01,3.817e-02,7.663e-01,1.810e-02,9.675e-02,1.196e-01,1.062e-01,2.206e-01,2.724e-02,5.348e-02
MGI:97302,NEDD9,7733,positive regulation of protein tyrosine kinase activity,GO:0061098,biological process,21,7.0,1.117e-01,1.807e-01,4.707e-02,7.392e-01,1.133e-02,1.049e-01,1.190e-01,1.481e-01,2.206e-01,3.801e-02,5.829e-02
MGI:97302,NEDD9,7733,focal adhesion,GO:0005925,cellular component,21,18.0,1.192e-01,1.531e-01,5.119e-02,7.273e-01,3.290e-02,9.787e-02,1.452e-01,1.062e-01,2.206e-01,2.805e-02,9.340e-02
MGI:97302,NEDD9,7733,mitotic spindle,GO:0072686,cellular component,21,3.0,1.209e-01,1.531e-01,4.774e-02,7.327e-01,5.402e-02,8.334e-02,1.754e-01,1.062e-01,2.206e-01,1.875e-02,1.216e-01
MGI:97302,NEDD9,7733,positive regulation of substrate adhesion-dependent cell spreading,GO:1900026,biological process,21,4.0,1.274e-01,1.828e-01,6.722e-02,6.913e-01,1.670e-02,1.116e-01,1.454e-01,1.492e-01,2.238e-01,5.022e-02,8.997e-02
MGI:97302,NEDD9,7733,positive regulation of cell migration,GO:0030335,biological process,21,36.0,1.406e-01,1.812e-01,8.430e-02,6.592e-01,1.133e-02,1.234e-01,1.603e-01,1.483e-01,2.212e-01,6.970e-02,1.020e-01
MGI:97302,NEDD9,7733,plasma membrane,GO:0005886,cellular component,21,93.0,1.709e-01,1.828e-01,1.228e-01,6.014e-01,1.153e-02,1.515e-01,1.927e-01,1.492e-01,2.238e-01,1.040e-01,1.450e-01
MGI:97302,NEDD9,7733,cell migration,GO:0016477,biological process,21,45.0,1.879e-01,1.828e-01,1.435e-01,5.753e-01,5.311e-03,1.769e-01,1.995e-01,1.492e-01,2.238e-01,1.332e-01,1.547e-01
MGI:97302,NEDD9,7733,protein binding,GO:0005515,molecular function,21,373.0,1.926e-01,1.828e-01,1.484e-01,5.694e-01,1.557e-02,1.665e-01,2.229e-01,1.492e-01,2.238e-01,1.196e-01,1.840e-01
MGI:97302,NEDD9,7733,nucleoplasm,GO:0005654,cellular component,21,49.0,1.942e-01,1.828e-01,1.508e-01,5.665e-01,1.547e-02,1.678e-01,2.248e-01,1.492e-01,2.238e-01,1.220e-01,1.863e-01
MGI:97302,NEDD9,7733,cytoplasm,GO:0005737,cellular component,21,99.0,1.972e-01,1.828e-01,1.544e-01,5.629e-01,8.379e-03,1.807e-01,2.153e-01,1.492e-01,2.238e-01,1.375e-01,1.733e-01
MGI:97302,NEDD9,7733,cytosol,GO:0005829,cellular component,21,76.0,2.011e-01,1.828e-01,1.590e-01,5.579e-01,9.304e-03,1.833e-01,2.207e-01,1.492e-01,2.238e-01,1.400e-01,1.806e-01
MGI:97302,NEDD9,7733,nucleus,GO:0005634,cellular component,21,87.0,2.059e-01,1.836e-01,1.630e-01,5.524e-01,2.084e-02,1.704e-01,2.488e-01,1.489e-01,2.263e-01,1.229e-01,2.163e-01
MGI:97302,NEDD9,7733,ciliary basal body,GO:0036064,cellular component,21,13.0,2.154e-01,2.091e-01,1.659e-01,5.435e-01,5.053e-02,1.362e-01,3.406e-01,1.454e-01,3.006e-01,8.357e-02,3.294e-01
MGI:97302,NEDD9,7733,cilium disassembly,GO:0061523,biological process,21,4.0,2.162e-01,2.086e-01,1.666e-01,5.425e-01,5.080e-02,1.369e-01,3.416e-01,1.466e-01,2.969e-01,8.215e-02,3.380e-01
MGI:96396,ID1,5360,transcription regulator inhibitor activity,GO:0140416,molecular function,11,2.0,1.025e-01,4.249e-02,1.118e-02,8.677e-01,3.833e-02,9.761e-02,1.076e-01,2.026e-02,8.911e-02,2.292e-03,5.457e-02
MGI:96396,ID1,5360,negative regulation of transcription by RNA polymerase II,GO:0000122,biological process,11,16.0,1.025e-01,5.349e-02,1.234e-02,8.880e-01,2.334e-02,9.761e-02,1.076e-01,3.508e-02,8.155e-02,6.324e-03,2.406e-02
MGI:96396,ID1,5360,negative regulation of DNA-binding transcription factor activity,GO:0043433,biological process,11,7.0,1.025e-01,5.453e-02,2.000e-02,8.471e-01,2.040e-02,9.761e-02,1.076e-01,3.631e-02,8.188e-02,1.332e-02,3.002e-02
MGI:96396,ID1,5360,negative regulation of DNA-templated transcription,GO:0045892,biological process,11,24.0,1.049e-01,6.145e-02,3.517e-02,7.766e-01,1.297e-02,9.965e-02,1.104e-01,4.166e-02,9.066e-02,2.757e-02,4.485e-02
MGI:96396,ID1,5360,transcription regulator activity,GO:0140110,molecular function,11,11.0,1.061e-01,5.349e-02,2.512e-02,8.169e-01,3.887e-02,9.941e-02,1.133e-01,3.508e-02,8.155e-02,1.167e-02,5.407e-02
MGI:96396,ID1,5360,nucleus,GO:0005634,cellular component,11,87.0,1.078e-01,6.365e-02,3.964e-02,7.616e-01,1.620e-02,9.848e-02,1.179e-01,4.225e-02,9.589e-02,2.926e-02,5.371e-02
MGI:96396,ID1,5360,protein binding,GO:0005515,molecular function,11,373.0,1.170e-01,6.580e-02,5.264e-02,7.238e-01,1.939e-02,1.018e-01,1.346e-01,4.595e-02,9.424e-02,3.676e-02,7.539e-02
MGI:96396,ID1,5360,nucleoplasm,GO:0005654,cellular component,11,49.0,1.180e-01,6.423e-02,4.909e-02,7.325e-01,3.323e-02,9.915e-02,1.405e-01,4.234e-02,9.745e-02,2.668e-02,9.034e-02
MGI:96396,ID1,5360,circadian regulation of gene expression,GO:0032922,biological process,11,5.0,1.327e-01,8.775e-02,7.263e-02,6.804e-01,1.853e-02,1.208e-01,1.458e-01,7.476e-02,1.030e-01,5.255e-02,1.004e-01
MGI:96396,ID1,5360,cell differentiation,GO:0030154,biological process,11,84.0,4.590e-01,4.351e-01,4.351e-01,3.139e-01,8.607e-02,2.485e-01,8.478e-01,2.206e-01,8.583e-01,2.206e-01,8.583e-01
MGI:1859646,GOLGA4,4427,small GTPase binding,GO:0031267,molecular function,12,8.0,1.025e-01,5.497e-02,1.234e-02,8.928e-01,1.473e-02,9.761e-02,1.076e-01,3.530e-02,8.559e-02,7.609e-03,2.000e-02
MGI:1859646,GOLGA4,4427,GTPase binding,GO:0051020,molecular function,12,4.0,1.025e-01,5.497e-02,1.506e-02,8.689e-01,3.093e-02,9.761e-02,1.076e-01,3.530e-02,8.559e-02,7.094e-03,3.197e-02
MGI:1859646,GOLGA4,4427,Golgi vesicle transport,GO:0048193,biological process,12,9.0,1.025e-01,6.059e-02,2.269e-02,8.328e-01,1.511e-02,9.762e-02,1.076e-01,4.318e-02,8.502e-02,1.702e-02,3.025e-02
MGI:1859646,GOLGA4,4427,Golgi to plasma membrane protein transport,GO:0043001,biological process,12,4.0,1.026e-01,6.059e-02,2.315e-02,8.295e-01,2.131e-02,9.749e-02,1.081e-01,4.318e-02,8.502e-02,1.545e-02,3.471e-02
MGI:1859646,GOLGA4,4427,extracellular exosome,GO:0070062,cellular component,12,88.0,1.153e-01,7.052e-02,4.416e-02,7.467e-01,3.700e-02,9.266e-02,1.435e-01,3.741e-02,1.329e-01,2.254e-02,8.650e-02
MGI:1859646,GOLGA4,4427,Golgi apparatus,GO:0005794,cellular component,12,20.0,1.167e-01,7.052e-02,5.106e-02,7.275e-01,2.790e-02,9.389e-02,1.451e-01,3.741e-02,1.329e-01,3.082e-02,8.457e-02
MGI:1859646,GOLGA4,4427,protein binding,GO:0005515,molecular function,12,373.0,1.244e-01,7.052e-02,6.100e-02,7.028e-01,3.238e-02,9.458e-02,1.636e-01,3.741e-02,1.329e-01,3.499e-02,1.064e-01
MGI:1859646,GOLGA4,4427,cytoplasm,GO:0005737,cellular component,12,99.0,1.246e-01,7.052e-02,6.026e-02,7.035e-01,3.747e-02,9.196e-02,1.689e-01,3.741e-02,1.329e-01,3.148e-02,1.153e-01
MGI:1859646,GOLGA4,4427,nucleoplasm,GO:0005654,cellular component,12,49.0,1.259e-01,7.052e-02,6.237e-02,6.987e-01,3.848e-02,9.141e-02,1.734e-01,3.741e-02,1.329e-01,3.259e-02,1.194e-01
MGI:1859646,GOLGA4,4427,positive regulation of axon extension,GO:0045773,biological process,12,7.0,1.458e-01,9.511e-02,7.645e-02,6.657e-01,6.117e-02,9.592e-02,2.217e-01,5.036e-02,1.796e-01,2.722e-02,2.147e-01
MGI:95574,FOS,3796,positive regulation of DNA-templated transcription,GO:0045893,biological process,41,24.0,1.025e-01,2.433e-02,4.176e-03,9.180e-01,3.069e-02,9.761e-02,1.076e-01,1.113e-02,5.319e-02,4.355e-04,4.005e-02
MGI:95574,FOS,3796,positive regulation of transcription by RNA polymerase II,GO:0045944,biological process,41,23.0,1.025e-01,3.047e-02,4.299e-03,9.433e-01,9.066e-03,9.761e-02,1.076e-01,2.166e-02,4.286e-02,2.087e-03,8.858e-03
MGI:95574,FOS,3796,"DNA-binding transcription activator activity, RNA polymerase II-specific",GO:0001228,molecular function,41,6.0,1.025e-01,3.047e-02,4.916e-03,9.402e-01,7.417e-03,9.761e-02,1.076e-01,2.166e-02,4.286e-02,2.828e-03,8.544e-03
MGI:95574,FOS,3796,"DNA-binding transcription factor activity, RNA polymerase II-specific",GO:0000981,molecular function,41,20.0,1.025e-01,3.047e-02,9.033e-03,9.044e-01,2.166e-02,9.761e-02,1.076e-01,2.166e-02,4.286e-02,3.364e-03,2.426e-02
MGI:95574,FOS,3796,nucleus,GO:0005634,cellular component,41,87.0,1.025e-01,3.047e-02,1.023e-02,8.993e-01,2.262e-02,9.761e-02,1.076e-01,2.166e-02,4.286e-02,4.688e-03,2.233e-02
MGI:95574,FOS,3796,regulation of transcription by RNA polymerase II,GO:0006357,biological process,41,27.0,1.025e-01,3.047e-02,1.133e-02,8.912e-01,2.374e-02,9.761e-02,1.076e-01,2.166e-02,4.286e-02,4.992e-03,2.571e-02
MGI:95574,FOS,3796,nucleoplasm,GO:0005654,cellular component,41,49.0,1.025e-01,3.092e-02,1.158e-02,8.958e-01,1.873e-02,9.761e-02,1.076e-01,2.262e-02,4.226e-02,6.784e-03,1.976e-02
MGI:95574,FOS,3796,sequence-specific double-stranded DNA binding,GO:1990837,molecular function,41,22.0,1.025e-01,3.117e-02,1.363e-02,8.809e-01,2.391e-02,9.761e-02,1.076e-01,2.262e-02,4.297e-02,7.292e-03,2.549e-02
MGI:95574,FOS,3796,identical protein binding,GO:0042802,molecular function,41,28.0,1.025e-01,3.119e-02,1.309e-02,8.914e-01,8.436e-03,9.761e-02,1.076e-01,2.261e-02,4.302e-02,1.023e-02,1.674e-02
MGI:95574,FOS,3796,protein binding,GO:0005515,molecular function,41,373.0,1.025e-01,3.145e-02,1.754e-02,8.593e-01,2.441e-02,9.761e-02,1.076e-01,2.262e-02,4.371e-02,1.032e-02,2.982e-02
MGI:95574,FOS,3796,transcription factor AP-1 complex,GO:0035976,cellular component,41,3.0,1.025e-01,3.161e-02,1.407e-02,8.786e-01,2.189e-02,9.761e-02,1.076e-01,2.257e-02,4.429e-02,7.720e-03,2.563e-02
MGI:95574,FOS,3796,RNA polymerase II cis-regulatory region sequence-specific DNA binding,GO:0000978,molecular function,41,27.0,1.025e-01,3.188e-02,1.809e-02,8.521e-01,2.623e-02,9.761e-02,1.076e-01,2.261e-02,4.496e-02,9.460e-03,3.458e-02
MGI:95574,FOS,3796,DNA-binding transcription factor activity,GO:0003700,molecular function,41,10.0,1.025e-01,3.310e-02,1.833e-02,8.601e-01,1.737e-03,9.761e-02,1.076e-01,2.697e-02,4.064e-02,1.770e-02,1.899e-02
MGI:95574,FOS,3796,positive regulation of miRNA transcription,GO:1902895,biological process,41,4.0,1.025e-01,3.663e-02,1.617e-02,8.612e-01,3.153e-02,9.761e-02,1.076e-01,3.590e-02,3.737e-02,7.383e-03,3.543e-02
MGI:95574,FOS,3796,R-SMAD binding,GO:0070412,molecular function,41,2.0,1.025e-01,3.269e-02,2.137e-02,8.354e-01,2.718e-02,9.762e-02,1.076e-01,2.249e-02,4.753e-02,1.182e-02,3.862e-02
MGI:95574,FOS,3796,RNA polymerase II-specific DNA-binding transcription factor binding,GO:0061629,molecular function,41,8.0,1.026e-01,3.314e-02,1.208e-02,8.774e-01,3.583e-02,9.776e-02,1.076e-01,2.389e-02,4.598e-02,3.997e-03,3.653e-02
MGI:95574,FOS,3796,RNA polymerase II core promoter sequence-specific DNA binding,GO:0000979,molecular function,41,3.0,1.026e-01,3.642e-02,2.423e-02,8.243e-01,1.911e-02,9.776e-02,1.076e-01,3.114e-02,4.259e-02,1.682e-02,3.492e-02
MGI:95574,FOS,3796,transforming growth factor beta receptor signaling pathway,GO:0007179,biological process,41,3.0,1.030e-01,3.441e-02,2.314e-02,8.288e-01,2.492e-02,9.840e-02,1.078e-01,2.571e-02,4.606e-02,1.427e-02,3.751e-02
MGI:95574,FOS,3796,transcription coregulator binding,GO:0001221,molecular function,41,4.0,1.032e-01,3.470e-02,2.712e-02,8.099e-01,1.929e-02,9.886e-02,1.077e-01,2.675e-02,4.502e-02,1.893e-02,3.886e-02
MGI:95574,FOS,3796,protein-DNA complex,GO:0032993,cellular component,41,20.0,1.032e-01,3.535e-02,2.685e-02,8.103e-01,2.431e-02,9.893e-02,1.076e-01,2.627e-02,4.757e-02,1.688e-02,4.269e-02
MGI:95574,FOS,3796,transcription cis-regulatory region binding,GO:0000976,molecular function,41,13.0,1.048e-01,4.139e-02,3.191e-02,7.889e-01,2.140e-02,9.747e-02,1.127e-01,3.575e-02,4.792e-02,2.144e-02,4.748e-02
MGI:95574,FOS,3796,SMAD protein signal transduction,GO:0060395,biological process,41,2.0,1.075e-01,4.518e-02,3.315e-02,7.844e-01,2.912e-02,9.350e-02,1.235e-01,3.336e-02,6.120e-02,1.922e-02,5.719e-02
MGI:95574,FOS,3796,RNA polymerase II transcription regulator complex,GO:0090575,cellular component,41,43.0,1.155e-01,4.789e-02,4.370e-02,7.481e-01,3.825e-02,1.079e-01,1.236e-01,2.820e-02,8.132e-02,2.152e-02,8.877e-02
MGI:95574,FOS,3796,cellular response to cadmium ion,GO:0071276,biological process,41,3.0,1.314e-01,7.384e-02,7.070e-02,6.821e-01,3.433e-02,9.790e-02,1.762e-01,4.194e-02,1.300e-01,4.001e-02,1.249e-01
MGI:95574,FOS,3796,cellular response to reactive oxygen species,GO:0034614,biological process,41,8.0,1.321e-01,7.384e-02,7.177e-02,6.794e-01,3.637e-02,9.708e-02,1.799e-01,4.194e-02,1.300e-01,3.929e-02,1.311e-01
MGI:2153044,ELMO1,16286,actin filament organization,GO:0007015,biological process,14,18.0,1.039e-01,9.910e-02,3.335e-02,7.835e-01,9.731e-03,9.983e-02,1.081e-01,6.897e-02,1.424e-01,2.790e-02,3.988e-02
MGI:2153044,ELMO1,16286,cell motility,GO:0048870,biological process,14,14.0,1.114e-01,9.910e-02,3.810e-02,7.659e-01,3.657e-02,9.683e-02,1.281e-01,6.897e-02,1.424e-01,1.950e-02,7.444e-02
MGI:2153044,ELMO1,16286,actin cytoskeleton organization,GO:0030036,biological process,14,14.0,1.167e-01,9.910e-02,5.302e-02,7.230e-01,2.117e-02,1.056e-01,1.289e-01,6.897e-02,1.424e-01,3.608e-02,7.790e-02
MGI:2153044,ELMO1,16286,Rac protein signal transduction,GO:0016601,biological process,14,2.0,1.205e-01,1.032e-01,2.457e-02,8.067e-01,7.954e-02,9.008e-02,1.611e-01,6.825e-02,1.559e-01,5.391e-03,1.119e-01
MGI:2153044,ELMO1,16286,plasma membrane,GO:0005886,cellular component,14,93.0,1.205e-01,1.041e-01,5.430e-02,7.192e-01,3.270e-02,9.710e-02,1.495e-01,6.895e-02,1.572e-01,2.997e-02,9.838e-02
MGI:2153044,ELMO1,16286,SH3 domain binding,GO:0017124,molecular function,14,3.0,1.242e-01,1.041e-01,5.994e-02,7.049e-01,3.551e-02,9.373e-02,1.646e-01,6.895e-02,1.572e-01,3.219e-02,1.116e-01
MGI:2153044,ELMO1,16286,guanyl-nucleotide exchange factor activity,GO:0005085,molecular function,14,10.0,1.333e-01,1.041e-01,7.213e-02,6.798e-01,3.147e-02,1.036e-01,1.716e-01,6.895e-02,1.572e-01,4.179e-02,1.245e-01
MGI:2153044,ELMO1,16286,membrane,GO:0016020,cellular component,14,60.0,1.334e-01,1.041e-01,7.166e-02,6.803e-01,3.353e-02,1.025e-01,1.735e-01,6.895e-02,1.572e-01,4.000e-02,1.284e-01
MGI:2153044,ELMO1,16286,protein binding,GO:0005515,molecular function,14,373.0,1.374e-01,1.041e-01,7.910e-02,6.672e-01,2.817e-02,1.071e-01,1.763e-01,6.895e-02,1.572e-01,4.941e-02,1.266e-01
MGI:2153044,ELMO1,16286,cytoplasm,GO:0005737,cellular component,14,99.0,1.461e-01,1.093e-01,9.079e-02,6.473e-01,2.391e-02,1.178e-01,1.812e-01,7.543e-02,1.584e-01,6.150e-02,1.340e-01
MGI:2153044,ELMO1,16286,"phagocytosis, engulfment",GO:0006911,biological process,14,3.0,1.492e-01,1.249e-01,9.063e-02,6.463e-01,3.161e-02,1.208e-01,1.842e-01,9.991e-02,1.562e-01,5.420e-02,1.515e-01
MGI:2153044,ELMO1,16286,guanyl-nucleotide exchange factor complex,GO:0032045,cellular component,14,5.0,2.190e-01,1.725e-01,1.712e-01,5.390e-01,4.638e-02,1.431e-01,3.350e-01,9.465e-02,3.143e-01,9.281e-02,3.159e-01
MGI:1926005,PABIR2,30490,,,,0,nan,,,,,,,,,,,
MGI:1913772,PGPEP1,13568,,,,0,nan,,,,,,,,,,,
MGI:1353586,LMO7,6646,focal adhesion,GO:0005925,cellular component,12,18.0,1.025e-01,3.960e-02,2.013e-02,8.484e-01,1.043e-02,9.761e-02,1.076e-01,3.114e-02,5.035e-02,1.646e-02,2.462e-02
MGI:1353586,LMO7,6646,positive regulation of transcription by RNA polymerase II,GO:0045944,biological process,12,23.0,1.025e-01,3.960e-02,2.609e-02,8.157e-01,3.532e-03,9.761e-02,1.076e-01,3.114e-02,5.035e-02,2.447e-02,2.782e-02
MGI:1353586,LMO7,6646,nucleus,GO:0005634,cellular component,12,87.0,1.026e-01,3.960e-02,2.406e-02,8.254e-01,1.266e-02,9.776e-02,1.076e-01,3.114e-02,5.035e-02,1.899e-02,3.049e-02
MGI:1353586,LMO7,6646,cytoplasm,GO:0005737,cellular component,12,99.0,1.043e-01,3.960e-02,2.822e-02,8.051e-01,2.082e-02,1.002e-01,1.085e-01,3.114e-02,5.035e-02,1.919e-02,4.151e-02
MGI:1353586,LMO7,6646,cell surface,GO:0009986,cellular component,12,22.0,1.073e-01,4.425e-02,3.518e-02,7.765e-01,2.532e-02,9.536e-02,1.206e-01,3.344e-02,5.856e-02,2.196e-02,5.636e-02
MGI:1353586,LMO7,6646,nuclear envelope,GO:0005635,cellular component,12,4.0,1.073e-01,4.252e-02,4.002e-02,7.600e-01,1.290e-02,1.038e-01,1.108e-01,3.604e-02,5.017e-02,3.138e-02,5.103e-02
MGI:2156774,STARD6,18066,,,,0,nan,,,,,,,,,,,
MGI:1277103,NUDCD2,30535,unfolded protein binding,GO:0051082,molecular function,10,4.0,1.025e-01,3.190e-02,5.496e-03,9.112e-01,3.749e-02,9.761e-02,1.076e-01,1.112e-02,9.153e-02,1.098e-03,2.752e-02
MGI:1277103,NUDCD2,30535,microtubule cytoskeleton,GO:0015630,cellular component,10,6.0,1.064e-01,6.535e-02,2.501e-02,8.187e-01,3.919e-02,1.003e-01,1.129e-01,5.544e-02,7.703e-02,1.184e-02,5.286e-02
MGI:1277103,NUDCD2,30535,mitotic spindle,GO:0072686,cellular component,10,3.0,1.079e-01,6.535e-02,3.192e-02,7.891e-01,3.492e-02,9.296e-02,1.252e-01,5.544e-02,7.703e-02,1.659e-02,6.143e-02
MGI:1277103,NUDCD2,30535,intercellular bridge,GO:0045171,cellular component,10,7.0,1.098e-01,6.535e-02,3.946e-02,7.623e-01,2.673e-02,1.006e-01,1.199e-01,5.544e-02,7.703e-02,2.403e-02,6.479e-02
MGI:1277103,NUDCD2,30535,protein binding,GO:0005515,molecular function,10,373.0,1.137e-01,6.750e-02,5.092e-02,7.293e-01,6.927e-04,1.082e-01,1.194e-01,5.777e-02,7.887e-02,5.030e-02,5.155e-02
MGI:1277103,NUDCD2,30535,cytoplasm,GO:0005737,cellular component,10,99.0,1.154e-01,6.750e-02,5.285e-02,7.245e-01,7.794e-03,1.148e-01,1.160e-01,5.777e-02,7.887e-02,4.567e-02,6.116e-02
MGI:1277103,NUDCD2,30535,cytosol,GO:0005829,cellular component,10,76.0,1.200e-01,6.766e-02,5.819e-02,7.112e-01,1.069e-02,1.066e-01,1.350e-01,5.768e-02,7.935e-02,4.812e-02,7.037e-02
MGI:1277103,NUDCD2,30535,protein folding,GO:0006457,biological process,10,8.0,1.735e-01,1.201e-01,1.201e-01,5.988e-01,4.856e-02,1.129e-01,2.666e-01,5.753e-02,2.508e-01,5.753e-02,2.508e-01
MGI:109568,WBP4,12739,proline-rich region binding,GO:0070064,molecular function,11,3.0,1.025e-01,4.835e-02,6.753e-03,9.280e-01,1.014e-02,9.761e-02,1.076e-01,4.016e-02,5.821e-02,3.988e-03,1.144e-02
MGI:109568,WBP4,12739,"mRNA cis splicing, via spliceosome",GO:0045292,biological process,11,2.0,1.025e-01,4.835e-02,1.131e-02,8.995e-01,1.514e-02,9.761e-02,1.076e-01,4.016e-02,5.821e-02,7.159e-03,1.785e-02
MGI:109568,WBP4,12739,precatalytic spliceosome,GO:0071011,cellular component,11,4.0,1.025e-01,4.843e-02,2.285e-02,8.317e-01,1.655e-02,9.761e-02,1.076e-01,4.031e-02,5.819e-02,1.655e-02,3.156e-02
MGI:109568,WBP4,12739,RNA binding,GO:0003723,molecular function,11,46.0,1.025e-01,4.843e-02,2.562e-02,8.180e-01,2.495e-03,9.761e-02,1.076e-01,4.031e-02,5.819e-02,2.454e-02,2.676e-02
MGI:109568,WBP4,12739,U2-type precatalytic spliceosome,GO:0071005,cellular component,11,3.0,1.026e-01,4.843e-02,2.379e-02,8.271e-01,1.254e-02,9.776e-02,1.076e-01,4.031e-02,5.819e-02,1.881e-02,3.007e-02
MGI:109568,WBP4,12739,RNA splicing,GO:0008380,biological process,11,5.0,1.048e-01,5.205e-02,2.823e-02,8.051e-01,2.653e-02,9.561e-02,1.148e-01,3.766e-02,7.194e-02,1.715e-02,4.644e-02
MGI:109568,WBP4,12739,nuclear speck,GO:0016607,cellular component,11,9.0,1.100e-01,5.849e-02,4.331e-02,7.500e-01,1.652e-02,9.866e-02,1.226e-01,4.472e-02,7.649e-02,3.181e-02,5.896e-02
MGI:109568,WBP4,12739,"mRNA splicing, via spliceosome",GO:0000398,biological process,11,7.0,1.113e-01,6.010e-02,4.599e-02,7.420e-01,1.198e-02,9.882e-02,1.254e-01,4.975e-02,7.259e-02,3.668e-02,5.766e-02
MGI:109568,WBP4,12739,nucleus,GO:0005634,cellular component,11,87.0,1.275e-01,7.592e-02,6.833e-02,6.893e-01,3.339e-03,1.188e-01,1.368e-01,7.160e-02,8.050e-02,6.444e-02,7.245e-02
MGI:109568,WBP4,12739,protein binding,GO:0005515,molecular function,11,373.0,1.706e-01,1.208e-01,1.208e-01,6.046e-01,2.569e-03,1.690e-01,1.722e-01,1.163e-01,1.254e-01,1.163e-01,1.254e-01
MGI:2444826,VASH2,25723,actin binding,GO:0003779,molecular function,12,7.0,1.408e-01,3.324e-01,6.802e-02,6.807e-01,6.483e-02,8.839e-02,2.244e-01,1.795e-01,6.157e-01,2.383e-02,1.941e-01
MGI:2444826,VASH2,25723,positive regulation of angiogenesis,GO:0045766,biological process,12,12.0,1.551e-01,3.771e-01,9.801e-02,6.304e-01,5.107e-02,9.868e-02,2.438e-01,1.875e-01,7.586e-01,4.607e-02,2.085e-01
MGI:2444826,VASH2,25723,regulation of angiogenesis,GO:0045765,biological process,12,9.0,1.567e-01,3.771e-01,9.151e-02,6.361e-01,6.674e-02,9.237e-02,2.657e-01,1.875e-01,7.586e-01,3.187e-02,2.627e-01
MGI:2444826,VASH2,25723,positive regulation of endothelial cell proliferation,GO:0001938,biological process,12,5.0,1.607e-01,3.771e-01,8.700e-02,6.438e-01,7.139e-02,1.014e-01,2.546e-01,1.875e-01,7.586e-01,2.617e-02,2.892e-01
MGI:2444826,VASH2,25723,microtubule binding,GO:0008017,molecular function,12,8.0,2.366e-01,3.935e-01,1.892e-01,5.190e-01,5.227e-02,1.488e-01,3.763e-01,2.126e-01,7.283e-01,1.002e-01,3.574e-01
MGI:2444826,VASH2,25723,cytosol,GO:0005829,cellular component,12,76.0,3.185e-01,4.032e-01,2.880e-01,4.368e-01,3.934e-02,2.222e-01,4.564e-01,2.125e-01,7.650e-01,1.854e-01,4.474e-01
MGI:2444826,VASH2,25723,cytoplasm,GO:0005737,cellular component,12,99.0,3.232e-01,4.032e-01,2.932e-01,4.332e-01,3.711e-02,2.298e-01,4.545e-01,2.125e-01,7.650e-01,1.932e-01,4.449e-01
MGI:2444826,VASH2,25723,protein binding,GO:0005515,molecular function,12,373.0,3.238e-01,4.032e-01,2.943e-01,4.336e-01,3.176e-02,2.429e-01,4.315e-01,2.125e-01,7.650e-01,2.077e-01,4.172e-01
MGI:2444826,VASH2,25723,metallocarboxypeptidase activity,GO:0004181,molecular function,12,7.0,3.621e-01,4.068e-01,3.335e-01,4.010e-01,4.663e-02,2.390e-01,5.485e-01,2.124e-01,7.794e-01,2.034e-01,5.467e-01
MGI:2444826,VASH2,25723,axon development,GO:0061564,biological process,12,4.0,4.016e-01,4.337e-01,3.715e-01,3.663e-01,6.787e-02,2.235e-01,7.215e-01,2.125e-01,8.852e-01,1.862e-01,7.412e-01
MGI:2444826,VASH2,25723,cell-cell fusion,GO:0140253,biological process,12,3.0,4.565e-01,4.570e-01,4.280e-01,3.214e-01,8.068e-02,2.402e-01,8.673e-01,2.103e-01,9.932e-01,2.053e-01,8.925e-01
MGI:2444826,VASH2,25723,proteolysis,GO:0006508,biological process,12,12.0,4.724e-01,4.757e-01,4.353e-01,2.943e-01,1.111e-01,2.024e-01,1.103e+00,2.100e-01,1.077e+00,1.619e-01,1.170e+00
MGI:88457,COL5A1,2209,extracellular matrix structural constituent conferring tensile strength,GO:0030020,molecular function,33,8.0,1.025e-01,4.271e-02,5.745e-03,9.366e-01,2.980e-03,9.761e-02,1.076e-01,4.074e-02,4.476e-02,4.661e-03,7.082e-03
MGI:88457,COL5A1,2209,proteoglycan binding,GO:0043394,molecular function,33,6.0,1.025e-01,4.271e-02,5.156e-03,9.345e-01,1.426e-02,9.761e-02,1.076e-01,4.074e-02,4.476e-02,2.111e-03,1.259e-02
MGI:88457,COL5A1,2209,collagen fibril organization,GO:0030199,biological process,33,7.0,1.025e-01,4.271e-02,1.265e-02,8.946e-01,7.018e-03,9.761e-02,1.076e-01,4.074e-02,4.476e-02,1.015e-02,1.578e-02
MGI:88457,COL5A1,2209,collagen type V trimer,GO:0005588,cellular component,33,3.0,1.025e-01,4.271e-02,1.268e-02,8.933e-01,9.737e-03,9.761e-02,1.076e-01,4.074e-02,4.476e-02,9.233e-03,1.741e-02
MGI:88457,COL5A1,2209,skin development,GO:0043588,biological process,33,6.0,1.025e-01,4.271e-02,1.508e-02,8.781e-01,1.177e-02,9.761e-02,1.076e-01,4.074e-02,4.476e-02,1.124e-02,2.024e-02
MGI:88457,COL5A1,2209,eye morphogenesis,GO:0048592,biological process,33,8.0,1.025e-01,4.353e-02,1.782e-02,8.620e-01,1.021e-02,9.761e-02,1.076e-01,4.043e-02,4.687e-02,1.436e-02,2.210e-02
MGI:88457,COL5A1,2209,platelet-derived growth factor binding,GO:0048407,molecular function,33,6.0,1.025e-01,4.373e-02,1.509e-02,8.731e-01,1.949e-02,9.761e-02,1.076e-01,4.030e-02,4.745e-02,8.683e-03,2.624e-02
MGI:88457,COL5A1,2209,supramolecular fiber organization,GO:0097435,biological process,33,17.0,1.025e-01,4.477e-02,2.035e-02,8.447e-01,2.066e-02,9.761e-02,1.076e-01,4.078e-02,4.915e-02,1.340e-02,3.092e-02
MGI:88457,COL5A1,2209,collagen-containing extracellular matrix,GO:0062023,cellular component,33,32.0,1.025e-01,4.477e-02,2.294e-02,8.317e-01,1.313e-02,9.761e-02,1.076e-01,4.078e-02,4.915e-02,1.793e-02,2.936e-02
MGI:88457,COL5A1,2209,heparin binding,GO:0008201,molecular function,33,7.0,1.039e-01,5.125e-02,2.593e-02,8.157e-01,2.307e-02,9.982e-02,1.081e-01,3.710e-02,7.080e-02,1.689e-02,3.982e-02
MGI:88457,COL5A1,2209,"wound healing, spreading of epidermal cells",GO:0035313,biological process,33,2.0,1.066e-01,5.549e-02,3.224e-02,7.878e-01,2.946e-02,1.047e-01,1.085e-01,4.232e-02,7.276e-02,1.856e-02,5.600e-02
MGI:88457,COL5A1,2209,negative regulation of endodermal cell differentiation,GO:1903225,biological process,33,5.0,1.095e-01,6.050e-02,4.407e-02,7.473e-01,1.161e-02,1.046e-01,1.145e-01,5.107e-02,7.167e-02,3.538e-02,5.488e-02
MGI:88457,COL5A1,2209,cell adhesion,GO:0007155,biological process,33,15.0,1.104e-01,6.050e-02,4.587e-02,7.424e-01,6.930e-03,1.072e-01,1.137e-01,5.107e-02,7.167e-02,4.028e-02,5.224e-02
MGI:88457,COL5A1,2209,integrin biosynthetic process,GO:0045112,biological process,33,3.0,1.115e-01,6.050e-02,4.705e-02,7.394e-01,9.854e-03,1.059e-01,1.174e-01,5.107e-02,7.167e-02,3.906e-02,5.667e-02
MGI:88457,COL5A1,2209,extracellular region,GO:0005576,cellular component,33,22.0,1.118e-01,6.007e-02,4.268e-02,7.519e-01,2.573e-02,9.675e-02,1.293e-01,4.640e-02,7.777e-02,2.649e-02,6.876e-02
MGI:88457,COL5A1,2209,extracellular space,GO:0005615,cellular component,33,55.0,1.211e-01,6.724e-02,5.896e-02,7.095e-01,1.698e-02,1.087e-01,1.348e-01,5.128e-02,8.816e-02,4.368e-02,7.958e-02
MGI:88457,COL5A1,2209,cell migration,GO:0016477,biological process,33,45.0,1.271e-01,7.367e-02,5.769e-02,7.093e-01,4.520e-02,1.001e-01,1.615e-01,4.419e-02,1.228e-01,2.603e-02,1.278e-01
MGI:88457,COL5A1,2209,collagen biosynthetic process,GO:0032964,biological process,33,4.0,1.300e-01,7.685e-02,6.868e-02,6.882e-01,2.131e-02,1.170e-01,1.445e-01,5.619e-02,1.051e-01,4.725e-02,9.981e-02
MGI:88457,COL5A1,2209,protein binding,GO:0005515,molecular function,33,373.0,1.717e-01,1.217e-01,1.217e-01,6.031e-01,9.306e-03,1.614e-01,1.827e-01,1.063e-01,1.392e-01,1.063e-01,1.392e-01
MGI:98389,SPP1,11255,cellular response to testosterone stimulus,GO:0071394,biological process,18,5.0,1.388e-01,2.526e-01,6.859e-02,6.835e-01,5.347e-02,9.911e-02,1.944e-01,1.699e-01,3.756e-01,2.709e-02,1.737e-01
MGI:98389,SPP1,11255,positive regulation of bone resorption,GO:0045780,biological process,18,3.0,1.498e-01,2.526e-01,9.523e-02,6.412e-01,1.516e-02,1.318e-01,1.703e-01,1.699e-01,3.756e-01,7.466e-02,1.215e-01
MGI:98389,SPP1,11255,ion binding,GO:0043167,molecular function,18,4.0,1.577e-01,2.526e-01,1.057e-01,6.257e-01,4.493e-03,1.476e-01,1.685e-01,1.699e-01,3.756e-01,9.850e-02,1.134e-01
MGI:98389,SPP1,11255,response to vitamin D,GO:0033280,biological process,18,7.0,1.717e-01,2.572e-01,1.211e-01,6.032e-01,1.796e-02,1.473e-01,2.003e-01,1.769e-01,3.740e-01,9.292e-02,1.578e-01
MGI:98389,SPP1,11255,osteoblast differentiation,GO:0001649,biological process,18,4.0,1.784e-01,2.526e-01,1.137e-01,5.999e-01,7.417e-02,9.549e-02,3.333e-01,1.699e-01,3.756e-01,4.058e-02,3.184e-01
MGI:98389,SPP1,11255,positive regulation of DNA-templated transcription,GO:0045893,biological process,18,24.0,1.949e-01,2.526e-01,1.497e-01,5.658e-01,3.168e-02,1.452e-01,2.615e-01,1.699e-01,3.756e-01,9.503e-02,2.357e-01
MGI:98389,SPP1,11255,small molecule binding,GO:0036094,molecular function,18,12.0,1.966e-01,2.526e-01,1.532e-01,5.630e-01,2.218e-02,1.594e-01,2.425e-01,1.699e-01,3.756e-01,1.137e-01,2.064e-01
MGI:98389,SPP1,11255,integrin binding,GO:0005178,molecular function,18,16.0,1.990e-01,2.526e-01,1.469e-01,5.641e-01,5.425e-02,1.234e-01,3.210e-01,1.699e-01,3.756e-01,7.258e-02,2.973e-01
MGI:98389,SPP1,11255,extracellular exosome,GO:0070062,cellular component,18,88.0,2.029e-01,2.526e-01,1.568e-01,5.560e-01,3.988e-02,1.402e-01,2.936e-01,1.699e-01,3.756e-01,9.213e-02,2.670e-01
MGI:98389,SPP1,11255,extracellular space,GO:0005615,cellular component,18,55.0,2.214e-01,2.526e-01,1.791e-01,5.325e-01,3.931e-02,1.541e-01,3.181e-01,1.699e-01,3.756e-01,1.083e-01,2.961e-01
MGI:98389,SPP1,11255,extracellular matrix binding,GO:0050840,molecular function,18,5.0,2.337e-01,2.621e-01,1.866e-01,5.168e-01,6.665e-02,1.283e-01,4.257e-01,1.642e-01,4.182e-01,8.449e-02,4.120e-01
MGI:98389,SPP1,11255,Golgi apparatus,GO:0005794,cellular component,18,20.0,2.357e-01,2.616e-01,1.909e-01,5.191e-01,4.635e-02,1.574e-01,3.528e-01,1.833e-01,3.733e-01,1.077e-01,3.385e-01
MGI:98389,SPP1,11255,protein binding,GO:0005515,molecular function,18,373.0,2.557e-01,2.621e-01,2.143e-01,4.928e-01,5.922e-02,1.503e-01,4.348e-01,1.642e-01,4.182e-01,1.089e-01,4.218e-01
MGI:98389,SPP1,11255,cell adhesion,GO:0007155,biological process,18,15.0,2.614e-01,2.632e-01,2.267e-01,4.895e-01,2.700e-02,2.052e-01,3.332e-01,1.856e-01,3.732e-01,1.656e-01,3.104e-01
MGI:98389,SPP1,11255,androgen catabolic process,GO:0006710,biological process,18,4.0,2.798e-01,3.571e-01,2.349e-01,4.664e-01,7.944e-02,1.418e-01,5.519e-01,2.133e-01,5.981e-01,1.024e-01,5.390e-01
MGI:98389,SPP1,11255,positive regulation of estradiol secretion,GO:2000866,biological process,18,3.0,2.908e-01,2.896e-01,2.607e-01,4.624e-01,1.002e-02,2.674e-01,3.163e-01,2.232e-01,3.758e-01,2.328e-01,2.918e-01
MGI:88067,ARC,648,cytoskeleton organization,GO:0007010,biological process,11,13.0,1.114e-01,1.775e-01,4.040e-02,7.585e-01,3.234e-02,1.004e-01,1.237e-01,1.393e-01,2.262e-01,2.224e-02,7.341e-02
MGI:88067,ARC,648,actin cytoskeleton,GO:0015629,cellular component,11,12.0,1.133e-01,1.775e-01,4.736e-02,7.374e-01,2.308e-02,1.019e-01,1.260e-01,1.393e-01,2.262e-01,3.106e-02,7.222e-02
MGI:88067,ARC,648,regulation of cell morphogenesis,GO:0022604,biological process,11,15.0,1.291e-01,1.775e-01,6.869e-02,6.872e-01,2.681e-02,1.019e-01,1.635e-01,1.393e-01,2.262e-01,4.352e-02,1.084e-01
MGI:88067,ARC,648,regulation of neuronal synaptic plasticity,GO:0048168,biological process,11,5.0,1.714e-01,1.942e-01,1.184e-01,6.061e-01,2.461e-02,1.436e-01,2.046e-01,1.465e-01,2.573e-01,8.182e-02,1.714e-01
MGI:88067,ARC,648,plasma membrane,GO:0005886,cellular component,11,93.0,1.815e-01,1.989e-01,1.317e-01,5.880e-01,2.905e-02,1.408e-01,2.340e-01,1.510e-01,2.620e-01,8.577e-02,2.023e-01
MGI:88067,ARC,648,cell migration,GO:0016477,biological process,11,45.0,1.966e-01,2.036e-01,1.405e-01,5.713e-01,5.497e-02,1.205e-01,3.206e-01,1.405e-01,2.949e-01,6.810e-02,2.899e-01
MGI:88067,ARC,648,regulation of long-term synaptic potentiation,GO:1900271,biological process,11,4.0,1.980e-01,1.942e-01,1.522e-01,5.650e-01,1.706e-02,1.727e-01,2.271e-01,1.465e-01,2.573e-01,1.201e-01,1.929e-01
MGI:88067,ARC,648,protein binding,GO:0005515,molecular function,11,373.0,2.169e-01,1.998e-01,1.740e-01,5.400e-01,2.562e-02,1.714e-01,2.746e-01,1.518e-01,2.632e-01,1.231e-01,2.459e-01
MGI:88067,ARC,648,cytoplasm,GO:0005737,cellular component,11,99.0,2.241e-01,1.998e-01,1.838e-01,5.308e-01,1.850e-02,1.872e-01,2.683e-01,1.518e-01,2.632e-01,1.445e-01,2.338e-01
MGI:2135760,SGPP1,17720,sphingosine-1-phosphate phosphatase activity,GO:0042392,molecular function,7,2.0,1.025e-01,1.916e-02,1.120e-02,8.967e-01,1.951e-02,9.761e-02,1.076e-01,1.557e-02,2.358e-02,6.029e-03,2.080e-02
MGI:2135760,SGPP1,17720,endoplasmic reticulum membrane,GO:0005789,cellular component,7,17.0,1.025e-01,1.916e-02,1.398e-02,8.785e-01,2.036e-02,9.761e-02,1.076e-01,1.557e-02,2.358e-02,7.440e-03,2.627e-02
MGI:2135760,SGPP1,17720,sphingosine metabolic process,GO:0006670,biological process,7,6.0,1.025e-01,1.916e-02,1.462e-02,8.777e-01,1.751e-02,9.761e-02,1.076e-01,1.557e-02,2.358e-02,9.118e-03,2.344e-02
MGI:2135760,SGPP1,17720,phospholipid dephosphorylation,GO:0046839,biological process,7,4.0,1.025e-01,1.939e-02,1.434e-02,8.848e-01,4.065e-03,9.761e-02,1.076e-01,1.612e-02,2.332e-02,1.294e-02,1.589e-02
MGI:2135760,SGPP1,17720,ER to Golgi ceramide transport,GO:0035621,biological process,7,3.0,1.025e-01,1.939e-02,1.343e-02,8.813e-01,2.128e-02,9.761e-02,1.076e-01,1.612e-02,2.332e-02,6.988e-03,2.581e-02
MGI:2138935,EEIG1,31419,protein binding,GO:0005515,molecular function,2,373.0,1.025e-01,1.993e-02,1.993e-02,8.481e-01,1.477e-02,9.761e-02,1.076e-01,1.462e-02,2.715e-02,1.462e-02,2.715e-02
MGI:1913819,GDPD1,20883,endoplasmic reticulum membrane,GO:0005789,cellular component,10,17.0,1.025e-01,6.427e-02,2.082e-02,8.426e-01,1.877e-02,9.761e-02,1.076e-01,5.317e-02,7.769e-02,1.438e-02,3.014e-02
MGI:1913819,GDPD1,20883,N-acylethanolamine metabolic process,GO:0070291,biological process,10,3.0,1.089e-01,6.431e-02,3.534e-02,7.757e-01,3.265e-02,9.868e-02,1.203e-01,5.315e-02,7.783e-02,1.935e-02,6.455e-02
MGI:1913819,GDPD1,20883,lysophospholipase activity,GO:0004622,molecular function,10,3.0,1.102e-01,6.970e-02,4.284e-02,7.507e-01,1.975e-02,9.386e-02,1.294e-01,6.251e-02,7.771e-02,2.968e-02,6.184e-02
MGI:1913819,GDPD1,20883,glycerophospholipid catabolic process,GO:0046475,biological process,10,11.0,1.115e-01,7.467e-02,4.312e-02,7.505e-01,2.364e-02,9.975e-02,1.246e-01,6.531e-02,8.538e-02,2.782e-02,6.685e-02
MGI:1913819,GDPD1,20883,membrane,GO:0016020,cellular component,10,60.0,1.212e-01,7.737e-02,5.629e-02,7.141e-01,2.854e-02,9.988e-02,1.471e-01,6.350e-02,9.426e-02,3.419e-02,9.267e-02
MGI:1913819,GDPD1,20883,phosphoric diester hydrolase activity,GO:0008081,molecular function,10,34.0,1.234e-01,7.321e-02,4.138e-02,7.471e-01,6.556e-02,9.552e-02,1.595e-01,5.205e-02,1.030e-01,1.147e-02,1.493e-01
MGI:1913819,GDPD1,20883,endoplasmic reticulum,GO:0005783,cellular component,10,24.0,1.305e-01,8.198e-02,6.602e-02,6.918e-01,3.434e-02,1.094e-01,1.557e-01,6.650e-02,1.011e-01,3.572e-02,1.220e-01
MGI:96544,CASP1,1499,positive regulation of cysteine-type endopeptidase activity involved in apoptotic process,GO:0043280,biological process,42,7.0,1.025e-01,7.157e-02,8.108e-03,9.176e-01,1.263e-02,9.761e-02,1.076e-01,5.119e-02,1.001e-01,4.060e-03,1.619e-02
MGI:96544,CASP1,1499,canonical inflammasome complex,GO:0061702,cellular component,42,8.0,1.025e-01,7.157e-02,9.068e-03,9.106e-01,1.702e-02,9.761e-02,1.076e-01,5.119e-02,1.001e-01,4.848e-03,1.696e-02
MGI:96544,CASP1,1499,caspase binding,GO:0089720,molecular function,42,2.0,1.025e-01,7.157e-02,1.258e-02,8.905e-01,1.768e-02,9.761e-02,1.076e-01,5.119e-02,1.001e-01,7.679e-03,2.059e-02
MGI:96544,CASP1,1499,positive regulation of tumor necrosis factor-mediated signaling pathway,GO:1903265,biological process,42,4.0,1.025e-01,7.157e-02,1.195e-02,8.869e-01,2.392e-02,9.761e-02,1.076e-01,5.119e-02,1.001e-01,5.237e-03,2.725e-02
MGI:96544,CASP1,1499,cytokine precursor processing,GO:0140447,biological process,42,2.0,1.025e-01,7.157e-02,1.607e-02,8.733e-01,8.004e-03,9.761e-02,1.076e-01,5.119e-02,1.001e-01,1.327e-02,1.945e-02
MGI:96544,CASP1,1499,IPAF inflammasome complex,GO:0072557,cellular component,42,2.0,1.025e-01,7.157e-02,2.244e-02,8.342e-01,1.745e-02,9.761e-02,1.076e-01,5.119e-02,1.001e-01,1.614e-02,3.118e-02
MGI:96544,CASP1,1499,NLRP3 inflammasome complex,GO:0072559,cellular component,42,2.0,1.025e-01,7.157e-02,2.280e-02,8.322e-01,1.790e-02,9.761e-02,1.076e-01,5.119e-02,1.001e-01,1.631e-02,3.188e-02
MGI:96544,CASP1,1499,AIM2 inflammasome complex,GO:0097169,cellular component,42,2.0,1.025e-01,7.157e-02,2.293e-02,8.314e-01,1.938e-02,9.761e-02,1.076e-01,5.119e-02,1.001e-01,1.597e-02,3.293e-02
MGI:96544,CASP1,1499,kinase binding,GO:0019900,molecular function,42,6.0,1.025e-01,7.270e-02,1.187e-02,8.790e-01,2.925e-02,9.761e-02,1.076e-01,5.253e-02,1.006e-01,3.920e-03,3.596e-02
MGI:96544,CASP1,1499,NLRP1 inflammasome complex,GO:0072558,cellular component,42,4.0,1.025e-01,7.630e-02,2.388e-02,8.247e-01,2.413e-02,9.762e-02,1.076e-01,5.590e-02,1.041e-01,1.477e-02,3.861e-02
MGI:96544,CASP1,1499,cysteine-type endopeptidase activity,GO:0004197,molecular function,42,10.0,1.034e-01,8.127e-02,3.375e-02,7.817e-01,4.791e-03,9.800e-02,1.091e-01,6.568e-02,1.006e-01,3.094e-02,3.681e-02
MGI:96544,CASP1,1499,endopeptidase activity,GO:0004175,molecular function,42,12.0,1.046e-01,8.038e-02,2.669e-02,8.109e-01,2.963e-02,1.004e-01,1.090e-01,6.171e-02,1.047e-01,1.504e-02,4.735e-02
MGI:96544,CASP1,1499,positive regulation of interleukin-1 beta production,GO:0032731,biological process,42,4.0,1.095e-01,8.019e-02,1.639e-02,8.468e-01,6.151e-02,9.163e-02,1.309e-01,4.595e-02,1.399e-01,4.220e-03,6.366e-02
MGI:96544,CASP1,1499,regulation of inflammatory response,GO:0050727,biological process,42,13.0,1.132e-01,8.542e-02,3.068e-02,7.881e-01,5.593e-02,8.873e-02,1.445e-01,5.199e-02,1.403e-01,1.031e-02,9.130e-02
MGI:96544,CASP1,1499,positive regulation of canonical NF-kappaB signal transduction,GO:0043123,biological process,42,7.0,1.145e-01,9.601e-02,4.829e-02,7.346e-01,2.637e-02,9.258e-02,1.416e-01,6.563e-02,1.405e-01,2.992e-02,7.793e-02
MGI:96544,CASP1,1499,CARD domain binding,GO:0050700,molecular function,42,4.0,1.153e-01,1.083e-01,5.142e-02,7.274e-01,1.326e-02,1.057e-01,1.258e-01,8.252e-02,1.420e-01,4.050e-02,6.529e-02
MGI:96544,CASP1,1499,cellular response to lipopolysaccharide,GO:0071222,biological process,42,7.0,1.189e-01,9.634e-02,4.813e-02,7.339e-01,4.286e-02,8.976e-02,1.576e-01,6.058e-02,1.532e-01,2.248e-02,1.030e-01
MGI:96544,CASP1,1499,positive regulation of inflammatory response,GO:0050729,biological process,42,16.0,1.376e-01,1.353e-01,8.042e-02,6.670e-01,6.904e-04,1.310e-01,1.446e-01,1.290e-01,1.419e-01,7.946e-02,8.139e-02
MGI:96544,CASP1,1499,cellular response to mechanical stimulus,GO:0071260,biological process,42,6.0,1.470e-01,1.138e-01,6.061e-02,6.848e-01,1.004e-01,6.937e-02,3.114e-01,4.408e-02,2.936e-01,1.290e-02,2.847e-01
MGI:96544,CASP1,1499,signaling receptor ligand precursor processing,GO:0140448,biological process,42,5.0,1.496e-01,1.404e-01,9.433e-02,6.428e-01,1.210e-02,1.415e-01,1.582e-01,1.339e-01,1.472e-01,7.784e-02,1.143e-01
MGI:96544,CASP1,1499,identical protein binding,GO:0042802,molecular function,42,28.0,1.497e-01,1.433e-01,9.495e-02,6.419e-01,1.197e-02,1.370e-01,1.636e-01,1.373e-01,1.495e-01,7.871e-02,1.145e-01
MGI:96544,CASP1,1499,pyroptosis,GO:0070269,biological process,42,3.0,1.554e-01,1.494e-01,1.013e-01,6.303e-01,2.576e-02,1.232e-01,1.960e-01,1.245e-01,1.794e-01,6.778e-02,1.514e-01
MGI:96544,CASP1,1499,protein autoprocessing,GO:0016540,biological process,42,2.0,1.610e-01,1.534e-01,1.093e-01,6.186e-01,2.758e-02,1.250e-01,2.075e-01,1.182e-01,1.990e-01,7.277e-02,1.641e-01
MGI:96544,CASP1,1499,positive regulation of interleukin-18 production,GO:0032741,biological process,42,3.0,1.624e-01,1.489e-01,1.124e-01,6.155e-01,1.169e-02,1.439e-01,1.832e-01,1.311e-01,1.691e-01,9.443e-02,1.339e-01
MGI:96544,CASP1,1499,cytosol,GO:0005829,cellular component,42,76.0,1.658e-01,1.595e-01,1.136e-01,6.129e-01,2.347e-02,1.366e-01,2.012e-01,1.353e-01,1.880e-01,8.039e-02,1.604e-01
MGI:96544,CASP1,1499,cellular response to type II interferon,GO:0071346,biological process,42,7.0,1.946e-01,1.836e-01,1.424e-01,5.734e-01,3.711e-02,1.459e-01,2.596e-01,1.418e-01,2.375e-01,8.284e-02,2.447e-01
MGI:96544,CASP1,1499,protease inhibitor complex,GO:0097179,cellular component,42,3.0,1.964e-01,1.804e-01,1.463e-01,5.681e-01,3.962e-02,1.374e-01,2.808e-01,1.297e-01,2.509e-01,8.312e-02,2.577e-01
MGI:96544,CASP1,1499,protein binding,GO:0005515,molecular function,42,373.0,1.977e-01,1.822e-01,1.508e-01,5.649e-01,2.896e-02,1.542e-01,2.534e-01,1.460e-01,2.273e-01,1.022e-01,2.226e-01
MGI:96544,CASP1,1499,cytoplasm,GO:0005737,cellular component,42,99.0,2.005e-01,1.843e-01,1.549e-01,5.608e-01,2.501e-02,1.617e-01,2.486e-01,1.493e-01,2.274e-01,1.109e-01,2.163e-01
MGI:96544,CASP1,1499,cellular response to organic substance,GO:0071310,biological process,42,27.0,2.070e-01,1.943e-01,1.645e-01,5.493e-01,3.175e-02,1.532e-01,2.796e-01,1.413e-01,2.673e-01,1.070e-01,2.527e-01
MGI:96544,CASP1,1499,proteolysis,GO:0006508,biological process,42,12.0,2.072e-01,1.938e-01,1.594e-01,5.527e-01,4.141e-02,1.433e-01,2.996e-01,1.305e-01,2.877e-01,8.885e-02,2.858e-01
MGI:96544,CASP1,1499,AIM2 inflammasome complex assembly,GO:0140970,biological process,42,2.0,2.180e-01,2.061e-01,1.659e-01,5.412e-01,5.725e-02,1.314e-01,3.616e-01,1.277e-01,3.327e-01,7.453e-02,3.691e-01
MGI:96544,CASP1,1499,protein maturation,GO:0051604,biological process,42,13.0,2.360e-01,2.190e-01,1.931e-01,5.147e-01,5.336e-02,1.446e-01,3.851e-01,1.315e-01,3.649e-01,1.025e-01,3.636e-01
MGI:96544,CASP1,1499,protein-containing complex,GO:0032991,cellular component,42,295.0,4.524e-01,4.374e-01,4.040e-01,2.990e-01,1.299e-01,1.792e-01,1.142e+00,1.648e-01,1.161e+00,1.310e-01,1.246e+00
MGI:87902,ACTA1,129,actin filament,GO:0005884,cellular component,19,9.0,1.025e-01,2.490e-02,9.408e-03,9.078e-01,1.607e-02,9.761e-02,1.076e-01,2.119e-02,2.927e-02,4.594e-03,1.927e-02
MGI:87902,ACTA1,129,skeletal muscle thin filament assembly,GO:0030240,biological process,19,2.0,1.025e-01,2.490e-02,1.179e-02,8.993e-01,8.329e-03,9.761e-02,1.076e-01,2.119e-02,2.927e-02,8.767e-03,1.586e-02
MGI:87902,ACTA1,129,blood microparticle,GO:0072562,cellular component,19,6.0,1.025e-01,2.490e-02,1.189e-02,8.981e-01,1.001e-02,9.761e-02,1.076e-01,2.119e-02,2.927e-02,8.827e-03,1.601e-02
MGI:87902,ACTA1,129,sarcomere,GO:0030017,cellular component,19,2.0,1.025e-01,2.490e-02,1.011e-02,8.918e-01,3.001e-02,9.761e-02,1.076e-01,2.119e-02,2.927e-02,3.332e-03,3.066e-02
MGI:87902,ACTA1,129,striated muscle thin filament,GO:0005865,cellular component,19,2.0,1.025e-01,2.614e-02,1.985e-02,8.470e-01,1.920e-02,9.761e-02,1.076e-01,2.210e-02,3.091e-02,1.322e-02,2.979e-02
MGI:87902,ACTA1,129,extracellular exosome,GO:0070062,cellular component,19,88.0,1.025e-01,2.653e-02,1.810e-02,8.597e-01,1.148e-02,9.761e-02,1.076e-01,2.551e-02,2.759e-02,1.432e-02,2.288e-02
MGI:87902,ACTA1,129,extracellular space,GO:0005615,cellular component,19,55.0,1.025e-01,2.653e-02,1.939e-02,8.506e-01,1.625e-02,9.761e-02,1.076e-01,2.551e-02,2.759e-02,1.367e-02,2.752e-02
MGI:87902,ACTA1,129,actin cytoskeleton,GO:0015629,cellular component,19,12.0,1.025e-01,2.698e-02,1.749e-02,8.630e-01,1.357e-02,9.761e-02,1.076e-01,2.551e-02,2.853e-02,1.298e-02,2.356e-02
MGI:87902,ACTA1,129,protein binding,GO:0005515,molecular function,19,373.0,1.025e-01,2.731e-02,2.347e-02,8.287e-01,6.331e-03,9.761e-02,1.076e-01,2.641e-02,2.824e-02,2.084e-02,2.644e-02
MGI:87902,ACTA1,129,stress fiber,GO:0001725,cellular component,19,4.0,1.025e-01,2.610e-02,1.769e-02,8.452e-01,3.566e-02,9.762e-02,1.076e-01,2.099e-02,3.245e-02,6.695e-03,4.674e-02
MGI:1915464,GSTO2,23064,glutathione metabolic process,GO:0006749,biological process,13,6.0,1.282e-01,3.120e-01,6.713e-02,6.910e-01,2.196e-02,1.056e-01,1.558e-01,2.955e-01,3.294e-01,4.585e-02,9.828e-02
MGI:1915464,GSTO2,23064,xenobiotic metabolic process,GO:0006805,biological process,13,30.0,1.674e-01,3.120e-01,1.135e-01,6.126e-01,2.718e-02,1.333e-01,2.104e-01,2.955e-01,3.294e-01,7.617e-02,1.691e-01
MGI:1915464,GSTO2,23064,L-ascorbic acid metabolic process,GO:0019852,biological process,13,8.0,1.696e-01,3.120e-01,1.128e-01,6.098e-01,4.489e-02,1.170e-01,2.456e-01,2.955e-01,3.294e-01,5.864e-02,2.168e-01
MGI:1915464,GSTO2,23064,glutathione transferase activity,GO:0004364,molecular function,13,3.0,1.900e-01,3.120e-01,1.396e-01,5.770e-01,3.563e-02,1.376e-01,2.624e-01,2.955e-01,3.294e-01,8.464e-02,2.301e-01
MGI:1915464,GSTO2,23064,identical protein binding,GO:0042802,molecular function,13,28.0,2.118e-01,3.120e-01,1.703e-01,5.452e-01,1.166e-02,1.893e-01,2.371e-01,2.955e-01,3.294e-01,1.459e-01,1.989e-01
MGI:1915464,GSTO2,23064,glutathione dehydrogenase (ascorbate) activity,GO:0045174,molecular function,13,4.0,2.386e-01,3.120e-01,2.009e-01,5.120e-01,3.198e-02,1.765e-01,3.227e-01,2.955e-01,3.294e-01,1.326e-01,3.042e-01
MGI:1915464,GSTO2,23064,extracellular exosome,GO:0070062,cellular component,13,88.0,2.554e-01,3.120e-01,2.201e-01,4.967e-01,1.553e-02,2.191e-01,2.977e-01,2.955e-01,3.294e-01,1.824e-01,2.655e-01
MGI:1915464,GSTO2,23064,protein binding,GO:0005515,molecular function,13,373.0,2.856e-01,3.120e-01,2.545e-01,4.677e-01,4.851e-03,2.704e-01,3.016e-01,2.955e-01,3.294e-01,2.406e-01,2.693e-01
MGI:1915464,GSTO2,23064,cytoplasm,GO:0005737,cellular component,13,99.0,2.918e-01,3.129e-01,2.613e-01,4.618e-01,1.306e-02,2.575e-01,3.306e-01,2.947e-01,3.323e-01,2.257e-01,3.026e-01
MGI:1915464,GSTO2,23064,oxidoreductase activity,GO:0016491,molecular function,13,81.0,2.937e-01,3.786e-01,2.554e-01,4.564e-01,6.005e-02,1.697e-01,5.082e-01,3.262e-01,4.395e-01,1.238e-01,5.270e-01
MGI:1915464,GSTO2,23064,cellular response to arsenic-containing substance,GO:0071243,biological process,13,5.0,5.218e-01,5.066e-01,5.066e-01,2.900e-01,4.105e-02,3.838e-01,7.092e-01,3.609e-01,7.112e-01,3.609e-01,7.112e-01
MGI:2180781,SLC8B1,26175,regulation of cytosolic calcium ion concentration,GO:0051480,biological process,17,6.0,1.025e-01,2.128e-02,4.524e-03,9.356e-01,1.654e-02,9.761e-02,1.076e-01,8.915e-03,5.078e-02,1.344e-03,1.523e-02
MGI:2180781,SLC8B1,26175,intracellular calcium ion homeostasis,GO:0006874,biological process,17,11.0,1.025e-01,2.128e-02,5.313e-03,9.151e-01,2.627e-02,9.761e-02,1.076e-01,8.915e-03,5.078e-02,7.551e-04,3.739e-02
MGI:2180781,SLC8B1,26175,mitochondrial membrane,GO:0031966,cellular component,17,7.0,1.025e-01,3.674e-02,1.109e-02,9.043e-01,6.753e-03,9.761e-02,1.076e-01,2.364e-02,5.711e-02,8.659e-03,1.419e-02
MGI:2180781,SLC8B1,26175,regulation of store-operated calcium entry,GO:2001256,biological process,17,5.0,1.025e-01,3.674e-02,1.427e-02,8.745e-01,3.095e-02,9.761e-02,1.076e-01,2.364e-02,5.711e-02,6.882e-03,2.957e-02
MGI:2180781,SLC8B1,26175,calcium export from the mitochondrion,GO:0099093,biological process,17,4.0,1.025e-01,3.795e-02,2.011e-02,8.479e-01,1.139e-02,9.761e-02,1.076e-01,2.600e-02,5.541e-02,1.600e-02,2.527e-02
MGI:2180781,SLC8B1,26175,glucose homeostasis,GO:0042593,biological process,17,3.0,1.048e-01,4.119e-02,2.931e-02,7.997e-01,2.815e-02,9.986e-02,1.100e-01,2.529e-02,6.709e-02,1.722e-02,4.990e-02
MGI:2180781,SLC8B1,26175,calcium:sodium antiporter activity,GO:0005432,molecular function,17,5.0,1.060e-01,4.090e-02,2.584e-02,8.129e-01,3.857e-02,1.004e-01,1.120e-01,2.350e-02,7.120e-02,1.199e-02,5.571e-02
MGI:2180781,SLC8B1,26175,membrane,GO:0016020,cellular component,17,60.0,1.061e-01,4.984e-02,3.417e-02,7.803e-01,2.126e-02,9.879e-02,1.139e-01,4.335e-02,5.730e-02,2.302e-02,5.073e-02
MGI:2180781,SLC8B1,26175,mitochondrial calcium ion transmembrane transport,GO:0006851,biological process,17,5.0,1.074e-01,4.127e-02,2.625e-02,8.111e-01,4.238e-02,9.969e-02,1.158e-01,2.343e-02,7.270e-02,1.137e-02,6.061e-02
MGI:2180781,SLC8B1,26175,protein homodimerization activity,GO:0042803,molecular function,17,14.0,1.080e-01,5.171e-02,3.467e-02,7.786e-01,2.964e-02,9.725e-02,1.199e-01,4.694e-02,5.697e-02,1.992e-02,6.035e-02
MGI:2180781,SLC8B1,26175,mitochondrial crista,GO:0030061,cellular component,17,2.0,1.116e-01,4.779e-02,3.782e-02,7.665e-01,3.593e-02,9.654e-02,1.289e-01,2.494e-02,9.160e-02,1.954e-02,7.322e-02
MGI:2180781,SLC8B1,26175,mitochondrial calcium ion homeostasis,GO:0051560,biological process,17,4.0,1.182e-01,4.968e-02,3.459e-02,7.688e-01,6.193e-02,9.725e-02,1.438e-01,2.290e-02,1.078e-01,9.901e-03,1.208e-01
MGI:2180781,SLC8B1,26175,regulation of insulin secretion,GO:0050796,biological process,17,6.0,1.389e-01,6.558e-02,5.487e-02,7.102e-01,7.298e-02,1.050e-01,1.837e-01,2.347e-02,1.833e-01,1.454e-02,2.071e-01
MGI:88315,CCND3,1585,cyclin-dependent protein serine/threonine kinase regulator activity,GO:0016538,molecular function,21,4.0,1.025e-01,2.368e-02,3.317e-03,9.421e-01,1.755e-02,9.761e-02,1.076e-01,5.972e-03,9.391e-02,7.127e-04,1.543e-02
MGI:88315,CCND3,1585,cyclin-dependent protein serine/threonine kinase activator activity,GO:0061575,molecular function,21,3.0,1.025e-01,2.555e-02,4.518e-03,9.293e-01,1.934e-02,9.761e-02,1.076e-01,6.040e-03,1.081e-01,7.955e-04,2.566e-02
MGI:88315,CCND3,1585,cyclin D3-CDK4 complex,GO:0097130,cellular component,21,2.0,1.025e-01,2.860e-02,3.465e-03,9.508e-01,5.087e-03,9.761e-02,1.076e-01,1.539e-02,5.318e-02,2.187e-03,5.490e-03
MGI:88315,CCND3,1585,protein kinase binding,GO:0019901,molecular function,21,21.0,1.025e-01,5.680e-02,2.156e-02,8.395e-01,1.097e-02,9.761e-02,1.076e-01,4.758e-02,6.782e-02,1.741e-02,2.670e-02
MGI:88315,CCND3,1585,positive regulation of cyclin-dependent protein serine/threonine kinase activity,GO:0045737,biological process,21,6.0,1.060e-01,6.015e-02,2.428e-02,8.225e-01,3.801e-02,1.004e-01,1.120e-01,4.731e-02,7.648e-02,1.171e-02,5.037e-02
MGI:88315,CCND3,1585,regulation of cyclin-dependent protein serine/threonine kinase activity,GO:0000079,biological process,21,5.0,1.062e-01,6.448e-02,3.277e-02,7.857e-01,2.707e-02,1.003e-01,1.125e-01,5.117e-02,8.126e-02,1.975e-02,5.436e-02
MGI:88315,CCND3,1585,positive regulation of protein phosphorylation,GO:0001934,biological process,21,18.0,1.104e-01,7.355e-02,3.750e-02,7.679e-01,3.286e-02,9.093e-02,1.340e-01,4.716e-02,1.147e-01,2.058e-02,6.832e-02
MGI:88315,CCND3,1585,centrosome,GO:0005813,cellular component,21,11.0,1.201e-01,7.854e-02,4.061e-02,7.537e-01,5.572e-02,9.991e-02,1.443e-01,4.989e-02,1.236e-01,1.384e-02,1.192e-01
MGI:88315,CCND3,1585,nucleus,GO:0005634,cellular component,21,87.0,1.248e-01,9.003e-02,6.188e-02,7.019e-01,2.364e-02,1.033e-01,1.508e-01,7.211e-02,1.124e-01,4.043e-02,9.471e-02
MGI:88315,CCND3,1585,nucleoplasm,GO:0005654,cellular component,21,49.0,1.272e-01,9.003e-02,6.578e-02,6.937e-01,2.289e-02,1.044e-01,1.551e-01,7.211e-02,1.124e-01,4.395e-02,9.847e-02
MGI:88315,CCND3,1585,positive regulation of G1/S transition of mitotic cell cycle,GO:1900087,biological process,21,6.0,1.321e-01,8.856e-02,6.551e-02,6.919e-01,4.314e-02,1.005e-01,1.736e-01,5.193e-02,1.510e-01,3.062e-02,1.402e-01
MGI:88315,CCND3,1585,G1/S transition of mitotic cell cycle,GO:0000082,biological process,21,3.0,1.352e-01,8.628e-02,6.102e-02,6.990e-01,6.108e-02,9.673e-02,1.890e-01,5.045e-02,1.476e-01,2.079e-02,1.791e-01
MGI:88315,CCND3,1585,cyclin-dependent protein kinase holoenzyme complex,GO:0000307,cellular component,21,23.0,1.377e-01,9.900e-02,6.518e-02,6.881e-01,6.151e-02,9.060e-02,2.094e-01,5.732e-02,1.710e-01,2.369e-02,1.794e-01
MGI:88315,CCND3,1585,protein binding,GO:0005515,molecular function,21,373.0,1.418e-01,9.621e-02,8.515e-02,6.574e-01,1.891e-02,1.180e-01,1.704e-01,7.563e-02,1.224e-01,6.212e-02,1.167e-01
MGI:88315,CCND3,1585,cytoplasm,GO:0005737,cellular component,21,99.0,1.429e-01,9.754e-02,8.588e-02,6.555e-01,2.583e-02,1.130e-01,1.808e-01,7.422e-02,1.282e-01,5.600e-02,1.317e-01
MGI:2443318,UAP1L1,28082,UDP-N-acetylglucosamine diphosphorylase activity,GO:0003977,molecular function,3,2.0,1.046e-01,4.019e-02,3.166e-02,7.906e-01,1.667e-02,1.004e-01,1.090e-01,2.547e-02,6.342e-02,2.325e-02,4.309e-02
MGI:2443318,UAP1L1,28082,UDP-N-acetylglucosamine biosynthetic process,GO:0006048,biological process,3,5.0,1.155e-01,4.527e-02,3.892e-02,7.616e-01,4.894e-02,9.255e-02,1.441e-01,2.365e-02,8.667e-02,1.560e-02,9.708e-02
MGI:893575,PLSCR1,9092,enzyme binding,GO:0019899,molecular function,44,36.0,1.025e-01,1.426e-01,1.176e-02,8.963e-01,1.609e-02,9.761e-02,1.076e-01,1.194e-01,1.702e-01,7.404e-03,1.867e-02
MGI:893575,PLSCR1,9092,"DNA-binding transcription activator activity, RNA polymerase II-specific",GO:0001228,molecular function,44,6.0,1.025e-01,1.426e-01,2.592e-02,8.166e-01,5.803e-03,9.761e-02,1.076e-01,1.194e-01,1.702e-01,2.334e-02,2.878e-02
MGI:893575,PLSCR1,9092,response to interferon-beta,GO:0035456,biological process,44,3.0,1.044e-01,1.426e-01,2.520e-02,8.188e-01,2.815e-02,9.593e-02,1.136e-01,1.194e-01,1.702e-01,1.477e-02,4.299e-02
MGI:893575,PLSCR1,9092,epidermal growth factor receptor binding,GO:0005154,molecular function,44,3.0,1.045e-01,1.426e-01,3.592e-02,7.735e-01,4.912e-03,9.813e-02,1.112e-01,1.194e-01,1.702e-01,3.276e-02,3.939e-02
MGI:893575,PLSCR1,9092,CD4 receptor binding,GO:0042609,molecular function,44,4.0,1.046e-01,1.426e-01,2.446e-02,8.158e-01,3.868e-02,9.982e-02,1.096e-01,1.194e-01,1.702e-01,1.062e-02,5.633e-02
MGI:893575,PLSCR1,9092,defense response to virus,GO:0051607,biological process,44,14.0,1.072e-01,1.426e-01,4.045e-02,7.585e-01,6.840e-03,1.009e-01,1.138e-01,1.194e-01,1.702e-01,3.549e-02,4.611e-02
MGI:893575,PLSCR1,9092,collagen-containing extracellular matrix,GO:0062023,cellular component,44,32.0,1.081e-01,1.494e-01,3.140e-02,7.895e-01,3.917e-02,9.406e-02,1.242e-01,1.144e-01,1.950e-01,1.474e-02,6.687e-02
MGI:893575,PLSCR1,9092,lead ion binding,GO:0032791,molecular function,44,2.0,1.118e-01,1.452e-01,4.523e-02,7.443e-01,2.016e-02,1.043e-01,1.198e-01,1.225e-01,1.721e-01,3.111e-02,6.576e-02
MGI:893575,PLSCR1,9092,mercury ion binding,GO:0045340,molecular function,44,2.0,1.123e-01,1.452e-01,4.308e-02,7.505e-01,2.690e-02,1.040e-01,1.212e-01,1.225e-01,1.721e-01,2.618e-02,7.088e-02
MGI:893575,PLSCR1,9092,positive regulation of transcription by RNA polymerase II,GO:0045944,biological process,44,23.0,1.215e-01,1.494e-01,5.634e-02,7.129e-01,3.585e-02,9.063e-02,1.630e-01,1.144e-01,1.950e-01,3.021e-02,1.051e-01
MGI:893575,PLSCR1,9092,positive regulation of innate immune response,GO:0045089,biological process,44,19.0,1.230e-01,1.461e-01,5.665e-02,7.116e-01,3.862e-02,9.561e-02,1.582e-01,1.258e-01,1.696e-01,2.905e-02,1.105e-01
MGI:893575,PLSCR1,9092,magnesium ion binding,GO:0000287,molecular function,44,5.0,1.234e-01,1.521e-01,5.989e-02,7.065e-01,2.192e-02,1.048e-01,1.453e-01,1.178e-01,1.964e-01,4.033e-02,8.893e-02
MGI:893575,PLSCR1,9092,nuclease activity,GO:0004518,molecular function,44,7.0,1.288e-01,1.494e-01,6.603e-02,6.925e-01,2.786e-02,1.055e-01,1.572e-01,1.144e-01,1.950e-01,4.032e-02,1.081e-01
MGI:893575,PLSCR1,9092,phosphatidylserine exposure on apoptotic cell surface,GO:0070782,biological process,44,2.0,1.349e-01,1.530e-01,4.324e-02,7.362e-01,9.412e-02,7.501e-02,2.426e-01,1.118e-01,2.093e-01,9.130e-03,2.048e-01
MGI:893575,PLSCR1,9092,zinc ion binding,GO:0008270,molecular function,44,4.0,1.358e-01,1.521e-01,7.705e-02,6.714e-01,2.184e-02,1.114e-01,1.656e-01,1.178e-01,1.964e-01,5.297e-02,1.121e-01
MGI:893575,PLSCR1,9092,plasma membrane phospholipid scrambling,GO:0017121,biological process,44,7.0,1.377e-01,1.494e-01,7.644e-02,6.703e-01,3.715e-02,1.038e-01,1.825e-01,1.144e-01,1.950e-01,4.015e-02,1.455e-01
MGI:893575,PLSCR1,9092,membrane raft,GO:0045121,cellular component,44,11.0,1.405e-01,1.498e-01,7.598e-02,6.673e-01,5.473e-02,9.225e-02,2.139e-01,1.141e-01,1.966e-01,3.072e-02,1.879e-01
MGI:893575,PLSCR1,9092,SH3 domain binding,GO:0017124,molecular function,44,3.0,1.438e-01,1.521e-01,8.769e-02,6.526e-01,2.292e-02,1.156e-01,1.788e-01,1.178e-01,1.964e-01,5.997e-02,1.282e-01
MGI:893575,PLSCR1,9092,extracellular exosome,GO:0070062,cellular component,44,88.0,1.441e-01,1.521e-01,8.844e-02,6.508e-01,2.673e-02,1.124e-01,1.848e-01,1.178e-01,1.964e-01,5.790e-02,1.351e-01
MGI:893575,PLSCR1,9092,positive regulation of DNA topoisomerase (ATP-hydrolyzing) activity,GO:2000373,biological process,44,4.0,1.506e-01,1.595e-01,9.444e-02,6.407e-01,3.011e-02,1.168e-01,1.943e-01,1.307e-01,1.948e-01,5.771e-02,1.546e-01
MGI:893575,PLSCR1,9092,nucleolus,GO:0005730,cellular component,44,8.0,1.517e-01,1.521e-01,9.791e-02,6.373e-01,9.634e-03,1.355e-01,1.699e-01,1.178e-01,1.964e-01,8.421e-02,1.138e-01
MGI:893575,PLSCR1,9092,phospholipid scramblase activity,GO:0017128,molecular function,44,3.0,1.518e-01,1.799e-01,7.972e-02,6.543e-01,7.299e-02,8.370e-02,2.754e-01,1.307e-01,2.475e-01,2.646e-02,2.402e-01
MGI:893575,PLSCR1,9092,calcium ion binding,GO:0005509,molecular function,44,12.0,1.526e-01,1.525e-01,9.863e-02,6.343e-01,2.815e-02,1.183e-01,1.970e-01,1.175e-01,1.980e-01,6.443e-02,1.510e-01
MGI:893575,PLSCR1,9092,negative regulation of viral genome replication,GO:0045071,biological process,44,9.0,1.550e-01,1.521e-01,1.024e-01,6.302e-01,1.204e-02,1.360e-01,1.768e-01,1.178e-01,1.964e-01,8.512e-02,1.232e-01
MGI:893575,PLSCR1,9092,Golgi apparatus,GO:0005794,cellular component,44,20.0,1.553e-01,1.594e-01,1.021e-01,6.309e-01,1.208e-02,1.382e-01,1.745e-01,1.242e-01,2.046e-01,8.456e-02,1.232e-01
MGI:893575,PLSCR1,9092,membrane,GO:0016020,cellular component,44,60.0,1.596e-01,1.531e-01,1.053e-01,6.215e-01,4.127e-02,1.102e-01,2.310e-01,1.172e-01,2.000e-01,5.662e-02,1.960e-01
MGI:893575,PLSCR1,9092,plasma membrane,GO:0005886,cellular component,44,93.0,1.610e-01,1.525e-01,1.094e-01,6.181e-01,2.857e-02,1.235e-01,2.099e-01,1.175e-01,1.980e-01,7.161e-02,1.673e-01
MGI:893575,PLSCR1,9092,response to lead ion,GO:0010288,biological process,44,3.0,1.622e-01,1.613e-01,9.466e-02,6.315e-01,6.617e-02,1.001e-01,2.628e-01,1.248e-01,2.083e-01,3.168e-02,2.829e-01
MGI:893575,PLSCR1,9092,nucleoplasm,GO:0005654,cellular component,44,49.0,1.627e-01,1.594e-01,1.117e-01,6.153e-01,2.315e-02,1.309e-01,2.021e-01,1.242e-01,2.046e-01,7.810e-02,1.598e-01
MGI:893575,PLSCR1,9092,nucleus,GO:0005634,cellular component,44,87.0,1.632e-01,1.594e-01,1.114e-01,6.166e-01,1.702e-02,1.389e-01,1.916e-01,1.242e-01,2.046e-01,8.618e-02,1.441e-01
MGI:893575,PLSCR1,9092,virus receptor activity,GO:0001618,molecular function,44,3.0,1.642e-01,1.657e-01,1.122e-01,6.152e-01,2.107e-02,1.371e-01,1.967e-01,1.386e-01,1.982e-01,8.136e-02,1.547e-01
MGI:893575,PLSCR1,9092,cytosol,GO:0005829,cellular component,44,76.0,1.671e-01,1.594e-01,1.175e-01,6.079e-01,1.589e-02,1.428e-01,1.954e-01,1.242e-01,2.046e-01,9.241e-02,1.495e-01
MGI:893575,PLSCR1,9092,protein binding,GO:0005515,molecular function,44,373.0,1.683e-01,1.594e-01,1.185e-01,6.064e-01,2.007e-02,1.394e-01,2.032e-01,1.242e-01,2.046e-01,8.751e-02,1.605e-01
MGI:893575,PLSCR1,9092,cytoplasm,GO:0005737,cellular component,44,99.0,1.847e-01,1.613e-01,1.392e-01,5.795e-01,2.313e-02,1.477e-01,2.310e-01,1.248e-01,2.083e-01,9.968e-02,1.944e-01
MGI:893575,PLSCR1,9092,perinuclear region of cytoplasm,GO:0048471,cellular component,44,12.0,1.918e-01,1.688e-01,1.472e-01,5.696e-01,2.688e-02,1.486e-01,2.476e-01,1.269e-01,2.247e-01,9.991e-02,2.167e-01
MGI:893575,PLSCR1,9092,positive regulation of gene expression,GO:0010628,biological process,44,28.0,2.185e-01,2.019e-01,1.777e-01,5.363e-01,2.384e-02,1.760e-01,2.714e-01,1.615e-01,2.524e-01,1.311e-01,2.407e-01
MGI:893575,PLSCR1,9092,negative regulation of phagocytosis,GO:0050765,biological process,44,7.0,2.241e-01,2.010e-01,1.825e-01,5.311e-01,2.615e-02,1.753e-01,2.866e-01,1.622e-01,2.493e-01,1.290e-01,2.582e-01
MGI:893575,PLSCR1,9092,apoptotic process,GO:0006915,biological process,44,23.0,2.287e-01,2.251e-01,1.819e-01,5.295e-01,3.901e-02,1.649e-01,3.172e-01,1.902e-01,2.666e-01,1.081e-01,3.061e-01
MGI:893575,PLSCR1,9092,positive regulation of chromosome separation,GO:1905820,biological process,44,5.0,2.414e-01,2.183e-01,2.047e-01,5.113e-01,9.955e-03,2.215e-01,2.632e-01,1.961e-01,2.430e-01,1.808e-01,2.317e-01
MGI:105940,RENBP,9959,N-acetylglucosamine metabolic process,GO:0006044,biological process,7,4.0,2.301e-01,3.850e-01,1.895e-01,5.237e-01,2.867e-02,1.765e-01,3.000e-01,3.453e-01,4.294e-01,1.303e-01,2.755e-01
MGI:105940,RENBP,9959,identical protein binding,GO:0042802,molecular function,7,28.0,2.397e-01,3.850e-01,1.991e-01,5.149e-01,2.541e-02,1.910e-01,3.007e-01,3.453e-01,4.294e-01,1.432e-01,2.766e-01
MGI:105940,RENBP,9959,extracellular exosome,GO:0070062,cellular component,7,88.0,2.802e-01,3.850e-01,2.445e-01,4.726e-01,3.502e-02,2.047e-01,3.835e-01,3.453e-01,4.294e-01,1.602e-01,3.733e-01
MGI:105940,RENBP,9959,peptidase inhibitor activity,GO:0030414,molecular function,7,5.0,3.230e-01,3.850e-01,2.879e-01,4.331e-01,5.223e-02,2.040e-01,5.114e-01,3.453e-01,4.294e-01,1.594e-01,5.199e-01
MGI:105940,RENBP,9959,protein binding,GO:0005515,molecular function,7,373.0,3.446e-01,3.850e-01,3.169e-01,4.151e-01,3.915e-02,2.432e-01,4.883e-01,3.453e-01,4.294e-01,2.072e-01,4.848e-01
MGI:105940,RENBP,9959,N-acetylmannosamine metabolic process,GO:0006051,biological process,7,4.0,3.722e-01,3.989e-01,3.509e-01,3.958e-01,1.050e-02,3.400e-01,4.075e-01,3.750e-01,4.242e-01,3.168e-01,3.886e-01
MGI:105940,RENBP,9959,N-acylglucosamine 2-epimerase activity,GO:0050121,molecular function,7,2.0,3.933e-01,3.989e-01,3.735e-01,3.802e-01,1.093e-02,3.594e-01,4.305e-01,3.750e-01,4.242e-01,3.362e-01,4.150e-01
MGI:1914939,ALDH3B1,410,aldehyde dehydrogenase (NAD+) activity,GO:0004029,molecular function,24,24.0,1.025e-01,3.542e-02,6.828e-03,9.212e-01,1.824e-02,9.761e-02,1.076e-01,2.676e-02,4.690e-02,2.658e-03,1.754e-02
MGI:1914939,ALDH3B1,410,3-chloroallyl aldehyde dehydrogenase activity,GO:0004028,molecular function,24,3.0,1.025e-01,3.542e-02,1.250e-02,8.884e-01,1.936e-02,9.761e-02,1.076e-01,2.676e-02,4.690e-02,6.706e-03,2.331e-02
MGI:1914939,ALDH3B1,410,aldehyde catabolic process,GO:0046185,biological process,24,14.0,1.025e-01,3.542e-02,1.490e-02,8.799e-01,1.029e-02,9.761e-02,1.076e-01,2.676e-02,4.690e-02,1.133e-02,1.959e-02
MGI:1914939,ALDH3B1,410,aldehyde dehydrogenase [NAD(P)+] activity,GO:0004030,molecular function,24,6.0,1.025e-01,3.542e-02,1.553e-02,8.742e-01,1.519e-02,9.761e-02,1.076e-01,2.676e-02,4.690e-02,1.082e-02,2.227e-02
MGI:1914939,ALDH3B1,410,cellular aldehyde metabolic process,GO:0006081,biological process,24,22.0,1.025e-01,3.959e-02,1.917e-02,8.533e-01,1.163e-02,9.761e-02,1.076e-01,3.025e-02,5.181e-02,1.506e-02,2.440e-02
MGI:1914939,ALDH3B1,410,vesicle,GO:0031982,cellular component,24,8.0,1.025e-01,3.909e-02,2.250e-02,8.329e-01,1.870e-02,9.762e-02,1.076e-01,2.718e-02,5.623e-02,1.561e-02,3.243e-02
MGI:1914939,ALDH3B1,410,response to oxidative stress,GO:0006979,biological process,24,7.0,1.058e-01,4.802e-02,3.863e-02,7.641e-01,4.100e-03,1.011e-01,1.107e-01,3.444e-02,6.696e-02,3.572e-02,4.179e-02
MGI:1914939,ALDH3B1,410,extracellular exosome,GO:0070062,cellular component,24,88.0,1.078e-01,4.504e-02,3.512e-02,7.766e-01,2.933e-02,9.918e-02,1.171e-01,2.897e-02,7.004e-02,2.029e-02,6.080e-02
MGI:1914939,ALDH3B1,410,cytoplasm,GO:0005737,cellular component,24,99.0,1.104e-01,4.509e-02,4.042e-02,7.582e-01,2.751e-02,9.760e-02,1.248e-01,2.905e-02,6.999e-02,2.442e-02,6.688e-02
MGI:1914939,ALDH3B1,410,protein binding,GO:0005515,molecular function,24,373.0,1.116e-01,4.532e-02,4.038e-02,7.588e-01,3.043e-02,9.910e-02,1.256e-01,2.912e-02,7.051e-02,2.310e-02,7.059e-02
MGI:1914939,ALDH3B1,410,cellular response to oxidative stress,GO:0034599,biological process,24,6.0,1.205e-01,5.817e-02,4.970e-02,7.300e-01,4.414e-02,9.168e-02,1.585e-01,2.939e-02,1.151e-01,2.266e-02,1.090e-01
MGI:1915678,STEAP3,24592,multivesicular body,GO:0005771,cellular component,12,3.0,1.025e-01,1.265e-01,2.405e-02,8.255e-01,1.534e-02,9.761e-02,1.076e-01,9.798e-02,1.633e-01,1.807e-02,3.202e-02
MGI:1915678,STEAP3,24592,endosome,GO:0005768,cellular component,12,15.0,1.161e-01,1.265e-01,4.939e-02,7.325e-01,2.766e-02,1.007e-01,1.338e-01,9.798e-02,1.633e-01,2.971e-02,8.211e-02
MGI:1915678,STEAP3,24592,FAD binding,GO:0071949,molecular function,12,2.0,1.273e-01,1.265e-01,4.755e-02,7.318e-01,6.485e-02,9.505e-02,1.705e-01,9.798e-02,1.633e-01,1.490e-02,1.517e-01
MGI:1915678,STEAP3,24592,copper ion import,GO:0015677,biological process,12,2.0,1.448e-01,1.265e-01,8.401e-02,6.563e-01,3.890e-02,1.062e-01,1.974e-01,9.798e-02,1.633e-01,4.515e-02,1.563e-01
MGI:1915678,STEAP3,24592,cupric reductase activity,GO:0008823,molecular function,12,2.0,1.498e-01,1.299e-01,9.471e-02,6.421e-01,1.391e-02,1.347e-01,1.667e-01,1.022e-01,1.651e-01,7.600e-02,1.180e-01
MGI:1915678,STEAP3,24592,heme binding,GO:0020037,molecular function,12,3.0,1.502e-01,1.313e-01,7.557e-02,6.670e-01,6.442e-02,1.045e-01,2.159e-01,1.037e-01,1.664e-01,2.532e-02,2.256e-01
MGI:1915678,STEAP3,24592,ferric-chelate reductase (NADPH) activity,GO:0052851,molecular function,12,3.0,1.533e-01,1.299e-01,9.846e-02,6.356e-01,1.951e-02,1.310e-01,1.795e-01,1.022e-01,1.651e-01,7.262e-02,1.335e-01
MGI:1915678,STEAP3,24592,plasma membrane,GO:0005886,cellular component,12,93.0,1.569e-01,1.313e-01,1.023e-01,6.298e-01,1.794e-02,1.406e-01,1.751e-01,1.037e-01,1.664e-01,7.748e-02,1.352e-01
MGI:1915678,STEAP3,24592,protein secretion,GO:0009306,biological process,12,24.0,1.764e-01,1.779e-01,1.159e-01,5.976e-01,7.200e-02,9.415e-02,3.306e-01,1.023e-01,3.092e-01,4.162e-02,3.226e-01
MGI:1915678,STEAP3,24592,protein binding,GO:0005515,molecular function,12,373.0,1.816e-01,1.521e-01,1.295e-01,5.900e-01,3.338e-02,1.388e-01,2.375e-01,1.069e-01,2.165e-01,8.024e-02,2.091e-01
MGI:1915678,STEAP3,24592,cytoplasm,GO:0005737,cellular component,12,99.0,1.834e-01,1.520e-01,1.335e-01,5.862e-01,2.572e-02,1.508e-01,2.231e-01,1.070e-01,2.160e-01,9.186e-02,1.940e-01
MGI:99512,CCL7,10634,CCR1 chemokine receptor binding,GO:0031726,molecular function,24,3.0,1.025e-01,1.566e-01,1.779e-02,8.580e-01,2.685e-02,9.761e-02,1.076e-01,1.131e-01,2.170e-01,1.027e-02,3.083e-02
MGI:99512,CCL7,10634,positive regulation of natural killer cell chemotaxis,GO:2000503,biological process,24,3.0,1.100e-01,1.566e-01,3.370e-02,7.819e-01,3.814e-02,9.787e-02,1.237e-01,1.131e-01,2.170e-01,1.676e-02,6.776e-02
MGI:99512,CCL7,10634,monocyte chemotaxis,GO:0002548,biological process,24,7.0,1.189e-01,1.566e-01,5.485e-02,7.179e-01,2.562e-02,9.530e-02,1.483e-01,1.131e-01,2.170e-01,3.480e-02,8.645e-02
MGI:99512,CCL7,10634,CCR chemokine receptor binding,GO:0048020,molecular function,24,15.0,1.198e-01,1.566e-01,5.128e-02,7.269e-01,3.532e-02,1.002e-01,1.433e-01,1.131e-01,2.170e-01,2.701e-02,9.736e-02
MGI:99512,CCL7,10634,regulation of cell shape,GO:0008360,biological process,24,9.0,1.235e-01,1.660e-01,5.434e-02,7.182e-01,3.942e-02,9.816e-02,1.554e-01,1.255e-01,2.195e-01,2.686e-02,1.099e-01
MGI:99512,CCL7,10634,cytoskeleton organization,GO:0007010,biological process,24,13.0,1.239e-01,1.566e-01,6.259e-02,7.013e-01,1.378e-02,1.081e-01,1.421e-01,1.131e-01,2.170e-01,4.900e-02,7.996e-02
MGI:99512,CCL7,10634,positive regulation of ERK1 and ERK2 cascade,GO:0070374,biological process,24,12.0,1.270e-01,1.566e-01,6.489e-02,6.943e-01,3.312e-02,9.551e-02,1.687e-01,1.131e-01,2.170e-01,3.719e-02,1.132e-01
MGI:99512,CCL7,10634,eosinophil chemotaxis,GO:0048245,biological process,24,5.0,1.358e-01,1.566e-01,7.819e-02,6.697e-01,2.073e-02,1.117e-01,1.652e-01,1.131e-01,2.170e-01,5.541e-02,1.103e-01
MGI:99512,CCL7,10634,lymphocyte chemotaxis,GO:0048247,biological process,24,9.0,1.414e-01,1.691e-01,8.068e-02,6.630e-01,3.514e-02,1.077e-01,1.856e-01,1.263e-01,2.265e-01,4.441e-02,1.466e-01
MGI:99512,CCL7,10634,neutrophil chemotaxis,GO:0030593,biological process,24,5.0,1.415e-01,1.566e-01,8.511e-02,6.584e-01,1.108e-02,1.252e-01,1.600e-01,1.131e-01,2.170e-01,7.115e-02,1.018e-01
MGI:99512,CCL7,10634,chemokine-mediated signaling pathway,GO:0070098,biological process,24,15.0,1.485e-01,1.687e-01,9.231e-02,6.422e-01,3.975e-02,1.043e-01,2.116e-01,1.053e-01,2.704e-01,5.025e-02,1.695e-01
MGI:99512,CCL7,10634,positive regulation of cell migration,GO:0030335,biological process,24,36.0,1.532e-01,1.774e-01,9.744e-02,6.348e-01,3.497e-02,1.131e-01,2.076e-01,1.268e-01,2.480e-01,5.523e-02,1.719e-01
MGI:99512,CCL7,10634,positive regulation of GTPase activity,GO:0043547,biological process,24,10.0,1.581e-01,1.786e-01,9.263e-02,6.319e-01,7.304e-02,8.445e-02,2.960e-01,9.967e-02,3.202e-01,3.162e-02,2.713e-01
MGI:99512,CCL7,10634,chemokine activity,GO:0008009,molecular function,24,5.0,1.635e-01,1.847e-01,1.050e-01,6.214e-01,4.483e-02,1.113e-01,2.402e-01,1.312e-01,2.601e-01,5.290e-02,2.086e-01
MGI:99512,CCL7,10634,extracellular space,GO:0005615,cellular component,24,55.0,1.761e-01,1.907e-01,1.236e-01,5.944e-01,4.708e-02,1.157e-01,2.682e-01,1.205e-01,3.018e-01,6.108e-02,2.500e-01
MGI:99512,CCL7,10634,G protein-coupled receptor signaling pathway,GO:0007186,biological process,24,48.0,1.942e-01,2.011e-01,1.458e-01,5.671e-01,4.803e-02,1.246e-01,3.026e-01,1.260e-01,3.209e-01,7.753e-02,2.741e-01
MGI:99512,CCL7,10634,protein binding,GO:0005515,molecular function,24,373.0,2.209e-01,2.198e-01,1.815e-01,5.326e-01,2.344e-02,1.773e-01,2.753e-01,1.505e-01,3.211e-01,1.351e-01,2.439e-01
MGI:99512,CCL7,10634,inflammatory response,GO:0006954,biological process,24,14.0,2.351e-01,2.175e-01,1.948e-01,5.160e-01,4.280e-02,1.580e-01,3.499e-01,1.452e-01,3.256e-01,1.160e-01,3.269e-01
MGI:99512,CCL7,10634,cellular response to type II interferon,GO:0071346,biological process,24,7.0,2.412e-01,2.365e-01,2.022e-01,5.119e-01,2.730e-02,1.860e-01,3.128e-01,1.731e-01,3.231e-01,1.450e-01,2.818e-01
MGI:99512,CCL7,10634,cellular response to tumor necrosis factor,GO:0071356,biological process,24,7.0,2.747e-01,2.492e-01,2.394e-01,4.776e-01,3.249e-02,2.027e-01,3.722e-01,1.710e-01,3.633e-01,1.623e-01,3.533e-01
MGI:99512,CCL7,10634,cellular response to interleukin-1,GO:0071347,biological process,24,6.0,2.811e-01,2.583e-01,2.481e-01,4.716e-01,2.313e-02,2.264e-01,3.490e-01,1.894e-01,3.522e-01,1.892e-01,3.254e-01
MGI:103181,SOD3,11181,collagen-containing extracellular matrix,GO:0062023,cellular component,11,32.0,1.043e-01,1.399e-01,3.494e-02,7.773e-01,8.645e-03,9.737e-02,1.116e-01,9.538e-02,2.053e-01,2.978e-02,4.100e-02
MGI:103181,SOD3,11181,copper ion binding,GO:0005507,molecular function,11,4.0,1.125e-01,1.399e-01,4.883e-02,7.349e-01,1.975e-03,1.072e-01,1.182e-01,9.538e-02,2.053e-01,4.709e-02,5.062e-02
MGI:103181,SOD3,11181,superoxide dismutase activity,GO:0004784,molecular function,11,3.0,1.344e-01,1.399e-01,7.238e-02,6.788e-01,3.438e-02,1.021e-01,1.769e-01,9.538e-02,2.053e-01,3.993e-02,1.312e-01
MGI:103181,SOD3,11181,extracellular region,GO:0005576,cellular component,11,22.0,1.388e-01,1.399e-01,7.744e-02,6.660e-01,4.762e-02,9.337e-02,2.063e-01,9.538e-02,2.053e-01,3.596e-02,1.668e-01
MGI:103181,SOD3,11181,extracellular space,GO:0005615,cellular component,11,55.0,1.469e-01,1.399e-01,9.197e-02,6.449e-01,2.596e-02,1.154e-01,1.870e-01,9.538e-02,2.053e-01,6.105e-02,1.386e-01
MGI:103181,SOD3,11181,extracellular exosome,GO:0070062,cellular component,11,88.0,1.575e-01,1.543e-01,1.053e-01,6.259e-01,1.356e-02,1.384e-01,1.792e-01,1.083e-01,2.199e-01,8.542e-02,1.298e-01
MGI:103181,SOD3,11181,protein binding,GO:0005515,molecular function,11,373.0,1.813e-01,1.666e-01,1.349e-01,5.860e-01,5.319e-03,1.706e-01,1.926e-01,1.331e-01,2.085e-01,1.251e-01,1.456e-01
MGI:103181,SOD3,11181,molecular adaptor activity,GO:0060090,molecular function,11,7.0,2.050e-01,1.763e-01,1.563e-01,5.554e-01,4.575e-02,1.364e-01,3.079e-01,1.098e-01,2.831e-01,8.237e-02,2.964e-01
MGI:103181,SOD3,11181,removal of superoxide radicals,GO:0019430,biological process,11,4.0,2.122e-01,1.787e-01,1.704e-01,5.449e-01,1.654e-02,1.815e-01,2.481e-01,1.400e-01,2.280e-01,1.361e-01,2.133e-01
MGI:1919154,PAQR7,23146,steroid binding,GO:0005496,molecular function,5,13.0,1.049e-01,7.876e-02,3.241e-02,7.873e-01,2.031e-02,9.548e-02,1.153e-01,3.558e-02,1.743e-01,2.218e-02,4.735e-02
MGI:1919154,PAQR7,23146,nuclear steroid receptor activity,GO:0003707,molecular function,5,4.0,1.129e-01,6.879e-02,2.214e-02,8.245e-01,6.252e-02,9.476e-02,1.346e-01,2.900e-02,1.632e-01,6.448e-03,7.604e-02
MGI:1919154,PAQR7,23146,response to steroid hormone,GO:0048545,biological process,5,8.0,1.173e-01,6.879e-02,3.606e-02,7.711e-01,5.540e-02,9.148e-02,1.505e-01,2.900e-02,1.632e-01,1.335e-02,9.736e-02
MGI:1919154,PAQR7,23146,plasma membrane,GO:0005886,cellular component,5,93.0,1.829e-01,1.578e-01,1.299e-01,5.874e-01,4.448e-02,1.230e-01,2.718e-01,8.349e-02,2.981e-01,7.015e-02,2.405e-01
MGI:1919154,PAQR7,23146,protein binding,GO:0005515,molecular function,5,373.0,2.169e-01,1.680e-01,1.680e-01,5.381e-01,6.117e-02,1.250e-01,3.765e-01,7.879e-02,3.581e-01,7.879e-02,3.581e-01
MGI:1100500,FLOT1,3757,protein kinase C signaling,GO:0070528,biological process,61,2.0,1.025e-01,1.116e-01,1.434e-02,8.804e-01,1.794e-02,9.761e-02,1.076e-01,5.870e-02,2.120e-01,9.339e-03,2.202e-02
MGI:1100500,FLOT1,3757,cell-cell contact zone,GO:0044291,cellular component,61,4.0,1.026e-01,1.116e-01,1.297e-02,8.719e-01,3.770e-02,9.776e-02,1.076e-01,5.870e-02,2.120e-01,4.319e-03,3.892e-02
MGI:1100500,FLOT1,3757,focal adhesion,GO:0005925,cellular component,61,18.0,1.035e-01,1.151e-01,3.428e-02,7.796e-01,4.363e-03,9.813e-02,1.091e-01,6.303e-02,2.104e-01,3.170e-02,3.707e-02
MGI:1100500,FLOT1,3757,cell-cell junction,GO:0005911,cellular component,61,19.0,1.045e-01,1.116e-01,2.697e-02,8.098e-01,2.846e-02,1.003e-01,1.088e-01,5.870e-02,2.120e-01,1.560e-02,4.663e-02
MGI:1100500,FLOT1,3757,protease binding,GO:0002020,molecular function,61,9.0,1.053e-01,1.151e-01,3.304e-02,7.847e-01,2.167e-02,1.014e-01,1.094e-01,6.303e-02,2.104e-01,2.204e-02,4.953e-02
MGI:1100500,FLOT1,3757,adherens junction,GO:0005912,cellular component,61,9.0,1.067e-01,1.151e-01,3.738e-02,7.688e-01,1.941e-02,1.001e-01,1.137e-01,6.303e-02,2.104e-01,2.601e-02,5.371e-02
MGI:1100500,FLOT1,3757,endosome,GO:0005768,cellular component,61,15.0,1.089e-01,1.116e-01,2.408e-02,8.148e-01,5.142e-02,9.869e-02,1.202e-01,5.870e-02,2.120e-01,8.163e-03,7.107e-02
MGI:1100500,FLOT1,3757,plasma membrane raft organization,GO:0044857,biological process,61,3.0,1.090e-01,1.116e-01,2.583e-02,8.076e-01,5.034e-02,9.862e-02,1.205e-01,5.870e-02,2.120e-01,9.107e-03,7.327e-02
MGI:1100500,FLOT1,3757,membrane raft,GO:0045121,cellular component,61,11.0,1.110e-01,1.116e-01,3.487e-02,7.762e-01,4.323e-02,1.001e-01,1.231e-01,5.870e-02,2.120e-01,1.514e-02,8.034e-02
MGI:1100500,FLOT1,3757,positive regulation of canonical NF-kappaB signal transduction,GO:0043123,biological process,61,7.0,1.153e-01,1.268e-01,5.199e-02,7.258e-01,1.665e-02,1.094e-01,1.216e-01,7.611e-02,2.114e-01,3.817e-02,7.081e-02
MGI:1100500,FLOT1,3757,plasma membrane raft assembly,GO:0044854,biological process,61,4.0,1.165e-01,1.152e-01,4.624e-02,7.406e-01,3.638e-02,9.823e-02,1.381e-01,6.302e-02,2.104e-01,2.392e-02,8.935e-02
MGI:1100500,FLOT1,3757,extracellular exosome,GO:0070062,cellular component,61,88.0,1.176e-01,1.151e-01,5.308e-02,7.225e-01,2.363e-02,1.002e-01,1.379e-01,6.303e-02,2.104e-01,3.438e-02,8.196e-02
MGI:1100500,FLOT1,3757,positive regulation of interferon-beta production,GO:0032728,biological process,61,4.0,1.177e-01,1.277e-01,4.890e-02,7.338e-01,3.198e-02,1.049e-01,1.320e-01,7.696e-02,2.119e-01,2.722e-02,8.784e-02
MGI:1100500,FLOT1,3757,positive regulation of heterotypic cell-cell adhesion,GO:0034116,biological process,61,5.0,1.198e-01,1.331e-01,4.843e-02,7.329e-01,4.260e-02,9.534e-02,1.506e-01,8.181e-02,2.166e-01,2.272e-02,1.032e-01
MGI:1100500,FLOT1,3757,membrane,GO:0016020,cellular component,61,60.0,1.243e-01,1.158e-01,5.651e-02,7.134e-01,3.743e-02,1.009e-01,1.532e-01,6.360e-02,2.107e-01,2.871e-02,1.112e-01
MGI:1100500,FLOT1,3757,plasma membrane,GO:0005886,cellular component,61,93.0,1.244e-01,1.214e-01,6.291e-02,7.003e-01,1.940e-02,1.089e-01,1.421e-01,7.033e-02,2.097e-01,4.485e-02,8.822e-02
MGI:1100500,FLOT1,3757,centriolar satellite,GO:0034451,cellular component,61,7.0,1.249e-01,1.181e-01,6.176e-02,7.019e-01,2.515e-02,1.050e-01,1.485e-01,6.647e-02,2.098e-01,3.930e-02,9.705e-02
MGI:1100500,FLOT1,3757,basolateral plasma membrane,GO:0016323,cellular component,61,5.0,1.263e-01,1.131e-01,4.274e-02,7.422e-01,6.863e-02,9.761e-02,1.635e-01,5.796e-02,2.206e-01,1.142e-02,1.600e-01
MGI:1100500,FLOT1,3757,positive regulation of protein phosphorylation,GO:0001934,biological process,61,18.0,1.310e-01,1.340e-01,6.887e-02,6.864e-01,2.917e-02,1.044e-01,1.643e-01,8.251e-02,2.176e-01,4.186e-02,1.133e-01
MGI:1100500,FLOT1,3757,microtubule organizing center,GO:0005815,cellular component,61,7.0,1.313e-01,1.170e-01,3.649e-02,7.416e-01,8.103e-02,1.007e-01,1.711e-01,6.107e-02,2.240e-01,5.643e-03,2.359e-01
MGI:1100500,FLOT1,3757,flotillin complex,GO:0016600,cellular component,61,2.0,1.320e-01,1.216e-01,5.638e-02,7.083e-01,6.326e-02,8.798e-02,1.982e-01,5.988e-02,2.467e-01,1.949e-02,1.630e-01
MGI:1100500,FLOT1,3757,lysosomal membrane,GO:0005765,cellular component,61,15.0,1.323e-01,1.197e-01,6.850e-02,6.856e-01,3.789e-02,1.006e-01,1.740e-01,6.562e-02,2.183e-01,3.634e-02,1.291e-01
MGI:1100500,FLOT1,3757,early endosome,GO:0005769,cellular component,61,5.0,1.340e-01,1.197e-01,7.044e-02,6.817e-01,3.765e-02,1.018e-01,1.764e-01,6.562e-02,2.183e-01,3.757e-02,1.321e-01
MGI:1100500,FLOT1,3757,extracellular matrix disassembly,GO:0022617,biological process,61,6.0,1.347e-01,1.198e-01,4.661e-02,7.281e-01,8.375e-02,8.195e-02,2.215e-01,5.495e-02,2.611e-01,1.123e-02,1.934e-01
MGI:1100500,FLOT1,3757,positive regulation of toll-like receptor 3 signaling pathway,GO:0034141,biological process,61,3.0,1.377e-01,1.339e-01,6.508e-02,6.894e-01,5.816e-02,9.713e-02,1.953e-01,7.235e-02,2.478e-01,2.436e-02,1.739e-01
MGI:1100500,FLOT1,3757,protein binding,GO:0005515,molecular function,61,373.0,1.401e-01,1.353e-01,8.340e-02,6.606e-01,1.379e-02,1.233e-01,1.591e-01,8.485e-02,2.156e-01,6.612e-02,1.052e-01
MGI:1100500,FLOT1,3757,dopaminergic synapse,GO:0098691,cellular component,61,2.0,1.411e-01,1.271e-01,4.561e-02,7.284e-01,9.552e-02,7.752e-02,2.568e-01,5.741e-02,2.813e-01,9.611e-03,2.164e-01
MGI:1100500,FLOT1,3757,lamellipodium,GO:0030027,cellular component,61,6.0,1.431e-01,1.306e-01,7.979e-02,6.623e-01,4.631e-02,9.890e-02,2.071e-01,6.886e-02,2.476e-01,3.858e-02,1.650e-01
MGI:1100500,FLOT1,3757,cortical actin cytoskeleton,GO:0030864,cellular component,61,5.0,1.435e-01,1.198e-01,5.204e-02,7.098e-01,8.917e-02,8.718e-02,2.363e-01,5.495e-02,2.611e-01,1.086e-02,2.493e-01
MGI:1100500,FLOT1,3757,positive regulation of cell-cell adhesion mediated by cadherin,GO:2000049,biological process,61,3.0,1.455e-01,1.393e-01,8.378e-02,6.569e-01,3.826e-02,1.146e-01,1.848e-01,8.416e-02,2.307e-01,4.369e-02,1.607e-01
MGI:1100500,FLOT1,3757,protein stabilization,GO:0050821,biological process,61,5.0,1.543e-01,1.371e-01,8.947e-02,6.435e-01,5.401e-02,1.009e-01,2.360e-01,7.203e-02,2.610e-01,3.897e-02,2.054e-01
MGI:1100500,FLOT1,3757,positive regulation of endocytosis,GO:0045807,biological process,61,10.0,1.592e-01,1.573e-01,7.635e-02,6.615e-01,7.925e-02,1.065e-01,2.379e-01,9.128e-02,2.711e-01,1.966e-02,2.965e-01
MGI:1100500,FLOT1,3757,uropod,GO:0001931,cellular component,61,2.0,1.614e-01,1.338e-01,8.166e-02,6.450e-01,9.029e-02,7.854e-02,3.315e-01,5.465e-02,3.276e-01,2.142e-02,3.113e-01
MGI:1100500,FLOT1,3757,protein localization to plasma membrane,GO:0072659,biological process,61,8.0,1.663e-01,1.556e-01,1.158e-01,6.106e-01,1.351e-02,1.469e-01,1.882e-01,1.091e-01,2.219e-01,9.438e-02,1.421e-01
MGI:1100500,FLOT1,3757,COP9 signalosome,GO:0008180,cellular component,61,2.0,1.674e-01,1.395e-01,6.159e-02,6.687e-01,1.301e-01,6.581e-02,4.260e-01,4.760e-02,4.091e-01,9.179e-03,4.133e-01
MGI:1100500,FLOT1,3757,positive regulation of myoblast fusion,GO:1901741,biological process,61,3.0,1.691e-01,1.447e-01,1.012e-01,6.203e-01,6.864e-02,9.566e-02,2.990e-01,6.848e-02,3.057e-01,3.733e-02,2.742e-01
MGI:1100500,FLOT1,3757,positive regulation of skeletal muscle tissue development,GO:0048643,biological process,61,7.0,1.726e-01,1.466e-01,1.130e-01,6.087e-01,5.026e-02,1.114e-01,2.673e-01,7.512e-02,2.860e-01,5.543e-02,2.303e-01
MGI:1100500,FLOT1,3757,cellular response to exogenous dsRNA,GO:0071360,biological process,61,4.0,1.764e-01,1.588e-01,1.260e-01,5.966e-01,2.065e-02,1.476e-01,2.108e-01,1.015e-01,2.485e-01,9.366e-02,1.694e-01
MGI:1100500,FLOT1,3757,response to endoplasmic reticulum stress,GO:0034976,biological process,61,8.0,1.797e-01,1.508e-01,1.223e-01,5.967e-01,4.742e-02,1.185e-01,2.726e-01,7.946e-02,2.862e-01,6.335e-02,2.360e-01
MGI:1100500,FLOT1,3757,dsRNA transport,GO:0033227,biological process,61,2.0,1.881e-01,1.665e-01,1.322e-01,5.815e-01,5.346e-02,1.163e-01,3.042e-01,9.112e-02,3.041e-01,6.130e-02,2.850e-01
MGI:1100500,FLOT1,3757,positive regulation of cell junction assembly,GO:1901890,biological process,61,8.0,1.912e-01,1.546e-01,1.247e-01,5.820e-01,8.079e-02,9.506e-02,3.844e-01,6.434e-02,3.714e-01,4.309e-02,3.611e-01
MGI:1100500,FLOT1,3757,regulation of neurotransmitter uptake,GO:0051580,biological process,61,8.0,1.926e-01,1.839e-01,1.175e-01,5.914e-01,8.034e-02,1.082e-01,3.428e-01,9.200e-02,3.675e-01,3.318e-02,4.163e-01
MGI:1100500,FLOT1,3757,cytoplasmic vesicle,GO:0031410,cellular component,61,32.0,2.075e-01,1.774e-01,1.568e-01,5.541e-01,4.892e-02,1.329e-01,3.240e-01,9.576e-02,3.287e-01,8.344e-02,2.946e-01
MGI:1100500,FLOT1,3757,positive regulation of cytokine production,GO:0001819,biological process,61,54.0,2.307e-01,2.501e-01,1.782e-01,5.211e-01,7.711e-02,1.158e-01,4.596e-01,1.477e-01,4.236e-01,6.779e-02,4.684e-01
MGI:1100500,FLOT1,3757,regulation of receptor internalization,GO:0002090,biological process,61,6.0,2.520e-01,2.182e-01,1.888e-01,5.088e-01,7.866e-02,1.321e-01,4.809e-01,9.230e-02,5.160e-01,6.410e-02,5.558e-01
MGI:1100500,FLOT1,3757,positive regulation of protein binding,GO:0032092,biological process,61,11.0,2.700e-01,2.449e-01,2.341e-01,4.824e-01,3.085e-02,2.037e-01,3.578e-01,1.661e-01,3.610e-01,1.618e-01,3.385e-01
MGI:87920,PLIN2,248,cytosol,GO:0005829,cellular component,9,76.0,1.434e-01,2.266e-01,8.362e-02,6.568e-01,3.918e-02,1.045e-01,1.968e-01,1.437e-01,3.573e-01,4.341e-02,1.611e-01
MGI:87920,PLIN2,248,protein binding,GO:0005515,molecular function,9,373.0,1.534e-01,2.266e-01,9.445e-02,6.381e-01,4.201e-02,1.079e-01,2.179e-01,1.437e-01,3.573e-01,4.766e-02,1.872e-01
MGI:87920,PLIN2,248,cellular response to glucose starvation,GO:0042149,biological process,9,4.0,1.611e-01,2.266e-01,1.086e-01,6.182e-01,3.082e-02,1.216e-01,2.136e-01,1.437e-01,3.573e-01,6.686e-02,1.766e-01
MGI:87920,PLIN2,248,lipid droplet,GO:0005811,cellular component,9,5.0,1.984e-01,2.729e-01,1.498e-01,5.628e-01,4.551e-02,1.318e-01,2.986e-01,1.937e-01,3.844e-01,8.038e-02,2.791e-01
MGI:87920,PLIN2,248,positive regulation of sequestering of triglyceride,GO:0010890,biological process,9,3.0,2.833e-01,3.142e-01,2.510e-01,4.680e-01,3.148e-02,2.130e-01,3.767e-01,2.422e-01,4.075e-01,1.734e-01,3.635e-01
MGI:87920,PLIN2,248,lipid droplet disassembly,GO:1905691,biological process,9,4.0,2.948e-01,3.226e-01,2.527e-01,4.549e-01,6.983e-02,1.603e-01,5.423e-01,1.755e-01,5.929e-01,1.185e-01,5.392e-01
MGI:87920,PLIN2,248,lipid storage,GO:0019915,biological process,9,4.0,3.737e-01,3.576e-01,3.396e-01,3.770e-01,9.151e-02,1.881e-01,7.427e-01,1.747e-01,7.318e-01,1.560e-01,7.394e-01
MGI:107285,CTSH,2535,membrane protein proteolysis,GO:0033619,biological process,36,5.0,1.025e-01,1.077e-01,7.817e-03,8.983e-01,3.014e-02,9.761e-02,1.076e-01,5.539e-02,2.093e-01,1.626e-03,3.758e-02
MGI:107285,CTSH,2535,endopeptidase activity,GO:0004175,molecular function,36,12.0,1.025e-01,1.417e-01,1.171e-02,8.993e-01,9.401e-03,9.761e-02,1.076e-01,1.247e-01,1.609e-01,8.821e-03,1.555e-02
MGI:107285,CTSH,2535,cysteine-type peptidase activity,GO:0008234,molecular function,36,11.0,1.025e-01,1.510e-01,2.430e-02,8.248e-01,4.548e-03,9.761e-02,1.076e-01,1.486e-01,1.535e-01,2.227e-02,2.653e-02
MGI:107285,CTSH,2535,positive regulation of apoptotic signaling pathway,GO:2001235,biological process,36,7.0,1.044e-01,1.560e-01,3.573e-02,7.743e-01,7.312e-03,9.947e-02,1.095e-01,1.483e-01,1.640e-01,3.125e-02,4.084e-02
MGI:107285,CTSH,2535,thyroid hormone binding,GO:0070324,molecular function,36,2.0,1.062e-01,1.541e-01,3.582e-02,7.742e-01,1.811e-02,1.016e-01,1.110e-01,1.460e-01,1.626e-01,2.551e-02,5.029e-02
MGI:107285,CTSH,2535,immune response-regulating signaling pathway,GO:0002764,biological process,36,6.0,1.073e-01,1.449e-01,2.770e-02,8.058e-01,3.945e-02,9.880e-02,1.165e-01,1.237e-01,1.697e-01,1.294e-02,5.932e-02
MGI:107285,CTSH,2535,ERK1 and ERK2 cascade,GO:0070371,biological process,36,3.0,1.085e-01,1.638e-01,4.019e-02,7.598e-01,1.749e-02,9.783e-02,1.203e-01,1.487e-01,1.804e-01,2.896e-02,5.576e-02
MGI:107285,CTSH,2535,cytoplasmic ribonucleoprotein granule,GO:0036464,cellular component,36,13.0,1.145e-01,1.734e-01,4.635e-02,7.399e-01,3.195e-02,9.637e-02,1.360e-01,1.449e-01,2.075e-01,2.599e-02,8.265e-02
MGI:107285,CTSH,2535,proteolysis involved in protein catabolic process,GO:0051603,biological process,36,10.0,1.153e-01,1.506e-01,3.308e-02,7.806e-01,5.740e-02,8.722e-02,1.524e-01,1.226e-01,1.850e-01,1.143e-02,9.573e-02
MGI:107285,CTSH,2535,adaptive immune response,GO:0002250,biological process,36,8.0,1.225e-01,1.642e-01,5.896e-02,7.078e-01,2.839e-02,9.746e-02,1.541e-01,1.491e-01,1.808e-01,3.548e-02,9.798e-02
MGI:107285,CTSH,2535,alveolar lamellar body,GO:0097208,cellular component,36,2.0,1.236e-01,1.787e-01,6.377e-02,6.989e-01,1.775e-03,1.160e-01,1.318e-01,1.623e-01,1.968e-01,6.192e-02,6.569e-02
MGI:107285,CTSH,2535,positive regulation of peptidase activity,GO:0010952,biological process,36,10.0,1.267e-01,1.693e-01,5.445e-02,7.146e-01,5.766e-02,8.611e-02,1.864e-01,1.445e-01,1.984e-01,2.036e-02,1.456e-01
MGI:107285,CTSH,2535,collagen-containing extracellular matrix,GO:0062023,cellular component,36,32.0,1.279e-01,1.821e-01,6.511e-02,6.945e-01,2.722e-02,1.052e-01,1.555e-01,1.585e-01,2.093e-01,4.010e-02,1.057e-01
MGI:107285,CTSH,2535,cysteine-type endopeptidase activity,GO:0004197,molecular function,36,10.0,1.299e-01,1.790e-01,5.522e-02,7.140e-01,5.488e-02,1.035e-01,1.631e-01,1.395e-01,2.297e-01,2.076e-02,1.469e-01
MGI:107285,CTSH,2535,peptidase activity,GO:0008233,molecular function,36,14.0,1.735e-01,2.224e-01,1.175e-01,6.048e-01,3.755e-02,1.321e-01,2.278e-01,1.797e-01,2.752e-01,6.546e-02,2.109e-01
MGI:107285,CTSH,2535,cellular response to thyroid hormone stimulus,GO:0097067,biological process,36,4.0,1.741e-01,2.224e-01,1.187e-01,6.036e-01,3.497e-02,1.339e-01,2.265e-01,1.797e-01,2.752e-01,6.938e-02,2.030e-01
MGI:107285,CTSH,2535,bradykinin catabolic process,GO:0010815,biological process,36,2.0,1.773e-01,2.174e-01,1.278e-01,5.927e-01,3.101e-02,1.340e-01,2.345e-01,1.896e-01,2.492e-01,8.099e-02,2.018e-01
MGI:107285,CTSH,2535,neuropeptide catabolic process,GO:0010813,biological process,36,3.0,1.787e-01,2.174e-01,1.298e-01,5.905e-01,2.905e-02,1.372e-01,2.326e-01,1.896e-01,2.492e-01,8.457e-02,1.992e-01
MGI:107285,CTSH,2535,intracellular membrane-bounded organelle,GO:0043231,cellular component,36,58.0,1.819e-01,2.224e-01,1.307e-01,5.897e-01,2.626e-02,1.491e-01,2.221e-01,1.797e-01,2.752e-01,8.887e-02,1.923e-01
MGI:107285,CTSH,2535,aminopeptidase activity,GO:0004177,molecular function,36,7.0,1.829e-01,2.205e-01,1.328e-01,5.869e-01,2.694e-02,1.473e-01,2.272e-01,1.795e-01,2.709e-01,9.055e-02,1.947e-01
MGI:107285,CTSH,2535,immune response,GO:0006955,biological process,36,16.0,1.905e-01,2.273e-01,1.428e-01,5.760e-01,1.692e-02,1.685e-01,2.154e-01,1.916e-01,2.695e-01,1.122e-01,1.816e-01
MGI:107285,CTSH,2535,zymogen activation,GO:0031638,biological process,36,7.0,1.945e-01,2.292e-01,1.389e-01,5.760e-01,4.429e-02,1.367e-01,2.767e-01,1.791e-01,2.935e-01,7.302e-02,2.641e-01
MGI:107285,CTSH,2535,protein destabilization,GO:0031648,biological process,36,2.0,1.946e-01,2.303e-01,1.510e-01,5.667e-01,1.020e-02,1.777e-01,2.130e-01,1.993e-01,2.661e-01,1.311e-01,1.739e-01
MGI:107285,CTSH,2535,positive regulation of cell migration,GO:0030335,biological process,36,36.0,2.120e-01,2.374e-01,1.702e-01,5.446e-01,1.908e-02,1.790e-01,2.511e-01,1.976e-01,2.853e-01,1.328e-01,2.182e-01
MGI:107285,CTSH,2535,surfactant homeostasis,GO:0043129,biological process,36,2.0,2.212e-01,2.581e-01,1.653e-01,5.339e-01,8.039e-02,1.095e-01,4.470e-01,1.509e-01,4.412e-01,6.325e-02,4.322e-01
MGI:107285,CTSH,2535,extracellular space,GO:0005615,cellular component,36,55.0,2.397e-01,2.566e-01,2.031e-01,5.126e-01,1.278e-02,2.116e-01,2.716e-01,2.495e-01,2.638e-01,1.732e-01,2.383e-01
MGI:107285,CTSH,2535,proteolysis,GO:0006508,biological process,36,12.0,2.535e-01,2.755e-01,2.126e-01,4.981e-01,4.694e-02,1.653e-01,3.887e-01,1.989e-01,3.817e-01,1.235e-01,3.659e-01
MGI:107285,CTSH,2535,extracellular exosome,GO:0070062,cellular component,36,88.0,2.616e-01,2.728e-01,2.267e-01,4.901e-01,2.200e-02,2.121e-01,3.227e-01,2.318e-01,3.210e-01,1.751e-01,2.935e-01
MGI:107285,CTSH,2535,positive regulation of gene expression,GO:0010628,biological process,36,28.0,2.708e-01,2.764e-01,2.380e-01,4.799e-01,2.523e-02,2.157e-01,3.400e-01,2.338e-01,3.269e-01,1.770e-01,3.200e-01
MGI:107285,CTSH,2535,HLA-A specific activating MHC class I receptor activity,GO:0030108,molecular function,36,2.0,2.804e-01,2.862e-01,2.485e-01,4.715e-01,2.088e-02,2.321e-01,3.387e-01,2.548e-01,3.214e-01,1.953e-01,3.161e-01
MGI:107285,CTSH,2535,cysteine-type endopeptidase activator activity involved in apoptotic process,GO:0008656,molecular function,36,3.0,2.915e-01,2.955e-01,2.603e-01,4.618e-01,2.242e-02,2.384e-01,3.563e-01,2.506e-01,3.484e-01,2.017e-01,3.358e-01
MGI:107285,CTSH,2535,cytosol,GO:0005829,cellular component,36,76.0,3.030e-01,3.003e-01,2.731e-01,4.505e-01,2.793e-02,2.347e-01,3.911e-01,2.373e-01,3.800e-01,2.020e-01,3.691e-01
MGI:107285,CTSH,2535,protein binding,GO:0005515,molecular function,36,373.0,3.089e-01,3.037e-01,2.792e-01,4.452e-01,3.133e-02,2.328e-01,4.099e-01,2.371e-01,3.888e-01,1.993e-01,3.912e-01
MGI:107285,CTSH,2535,lysosome,GO:0005764,cellular component,36,15.0,3.133e-01,3.098e-01,2.850e-01,4.432e-01,1.421e-02,2.746e-01,3.575e-01,2.821e-01,3.402e-01,2.437e-01,3.333e-01
MGI:1335088,PSTPIP2,9581,actin filament polymerization,GO:0030041,biological process,5,4.0,1.025e-01,3.989e-02,1.003e-02,9.105e-01,7.482e-03,9.761e-02,1.076e-01,3.492e-02,4.558e-02,7.594e-03,1.325e-02
MGI:1335088,PSTPIP2,9581,actin filament binding,GO:0051015,molecular function,5,11.0,1.025e-01,4.343e-02,2.024e-02,8.474e-01,7.789e-03,9.761e-02,1.076e-01,3.401e-02,5.546e-02,1.738e-02,2.357e-02
MGI:1335088,PSTPIP2,9581,actin filament,GO:0005884,cellular component,5,9.0,1.025e-01,4.511e-02,2.614e-02,8.148e-01,1.731e-02,9.761e-02,1.076e-01,3.489e-02,5.832e-02,1.891e-02,3.613e-02
MGI:1335088,PSTPIP2,9581,plasma membrane,GO:0005886,cellular component,5,93.0,1.271e-01,8.357e-02,6.785e-02,6.902e-01,2.365e-03,1.226e-01,1.318e-01,7.907e-02,8.832e-02,6.507e-02,7.074e-02
MGI:1335088,PSTPIP2,9581,cytoplasm,GO:0005737,cellular component,5,99.0,1.427e-01,8.651e-02,8.651e-02,6.562e-01,7.368e-03,1.364e-01,1.493e-01,7.687e-02,9.735e-02,7.687e-02,9.735e-02
MGI:95933,HLA-E,4962,positive regulation of natural killer cell activation,GO:0032816,biological process,45,5.0,1.025e-01,1.187e-01,1.946e-02,8.512e-01,1.092e-02,9.761e-02,1.076e-01,9.789e-02,1.439e-01,1.549e-02,2.445e-02
MGI:95933,HLA-E,4962,protection from natural killer cell mediated cytotoxicity,GO:0042270,biological process,45,3.0,1.025e-01,1.187e-01,2.365e-02,8.266e-01,1.942e-02,9.761e-02,1.076e-01,9.789e-02,1.439e-01,1.613e-02,3.467e-02
MGI:95933,HLA-E,4962,positive regulation of natural killer cell mediated immunity,GO:0002717,biological process,45,7.0,1.025e-01,1.187e-01,1.402e-02,8.757e-01,3.077e-02,9.762e-02,1.076e-01,9.789e-02,1.439e-01,6.806e-03,2.887e-02
MGI:95933,HLA-E,4962,beta-2-microglobulin binding,GO:0030881,molecular function,45,2.0,1.025e-01,1.187e-01,1.989e-02,8.405e-01,3.075e-02,9.762e-02,1.076e-01,9.789e-02,1.439e-01,9.690e-03,4.084e-02
MGI:95933,HLA-E,4962,"positive regulation of CD8-positive, alpha-beta T cell activation",GO:2001187,biological process,45,5.0,1.043e-01,1.187e-01,2.389e-02,8.207e-01,3.551e-02,1.002e-01,1.085e-01,9.789e-02,1.439e-01,1.133e-02,5.038e-02
MGI:95933,HLA-E,4962,T cell receptor binding,GO:0042608,molecular function,45,4.0,1.045e-01,1.187e-01,2.491e-02,8.154e-01,3.683e-02,9.582e-02,1.140e-01,9.789e-02,1.439e-01,1.152e-02,5.386e-02
MGI:95933,HLA-E,4962,negative regulation of natural killer cell activation,GO:0032815,biological process,45,6.0,1.048e-01,1.187e-01,2.470e-02,8.205e-01,3.226e-02,9.561e-02,1.148e-01,9.789e-02,1.439e-01,1.324e-02,4.609e-02
MGI:95933,HLA-E,4962,natural killer cell lectin-like receptor binding,GO:0046703,molecular function,45,2.0,1.048e-01,1.247e-01,3.400e-02,7.812e-01,1.401e-02,9.986e-02,1.100e-01,9.894e-02,1.571e-01,2.618e-02,4.415e-02
MGI:95933,HLA-E,4962,defense response to Gram-positive bacterium,GO:0050830,biological process,45,5.0,1.051e-01,1.187e-01,3.341e-02,7.837e-01,1.789e-02,9.549e-02,1.157e-01,9.789e-02,1.439e-01,2.395e-02,4.661e-02
MGI:95933,HLA-E,4962,"positive regulation of CD8-positive, alpha-beta T cell proliferation",GO:2000566,biological process,45,4.0,1.071e-01,1.247e-01,4.034e-02,7.589e-01,8.441e-03,1.057e-01,1.085e-01,9.894e-02,1.571e-01,3.435e-02,4.738e-02
MGI:95933,HLA-E,4962,antibacterial humoral response,GO:0019731,biological process,45,8.0,1.114e-01,1.254e-01,3.894e-02,7.627e-01,3.426e-02,9.360e-02,1.327e-01,9.449e-02,1.663e-01,2.073e-02,7.315e-02
MGI:95933,HLA-E,4962,positive regulation of natural killer cell proliferation,GO:0032819,biological process,45,5.0,1.116e-01,1.309e-01,4.725e-02,7.388e-01,8.784e-03,1.074e-01,1.160e-01,9.731e-02,1.760e-01,4.009e-02,5.570e-02
MGI:95933,HLA-E,4962,adaptive immune response,GO:0002250,biological process,45,8.0,1.187e-01,1.406e-01,5.430e-02,7.198e-01,2.045e-02,1.031e-01,1.367e-01,9.291e-02,2.127e-01,3.762e-02,7.837e-02
MGI:95933,HLA-E,4962,negative regulation of natural killer cell mediated cytotoxicity,GO:0045953,biological process,45,7.0,1.266e-01,1.597e-01,6.157e-02,7.007e-01,3.748e-02,1.001e-01,1.602e-01,9.796e-02,2.602e-01,3.207e-02,1.182e-01
MGI:95933,HLA-E,4962,signaling receptor binding,GO:0005102,molecular function,45,66.0,1.303e-01,1.603e-01,4.959e-02,7.252e-01,6.933e-02,8.900e-02,1.907e-01,8.336e-02,3.084e-01,1.494e-02,1.647e-01
MGI:95933,HLA-E,4962,negative regulation of T cell proliferation,GO:0042130,biological process,45,10.0,1.391e-01,1.734e-01,8.230e-02,6.627e-01,1.412e-02,1.209e-01,1.602e-01,1.522e-01,1.975e-01,6.488e-02,1.044e-01
MGI:95933,HLA-E,4962,positive regulation of natural killer cell cytokine production,GO:0002729,biological process,45,4.0,1.429e-01,1.694e-01,7.802e-02,6.644e-01,4.985e-02,9.685e-02,2.109e-01,8.948e-02,3.206e-01,3.491e-02,1.744e-01
MGI:95933,HLA-E,4962,MHC class Ib protein complex,GO:0032398,cellular component,45,2.0,1.442e-01,1.485e-01,7.092e-02,6.688e-01,8.129e-02,7.500e-02,2.772e-01,8.164e-02,2.700e-01,2.032e-02,2.475e-01
MGI:95933,HLA-E,4962,MHC class I protein complex,GO:0042612,cellular component,45,2.0,1.450e-01,1.485e-01,7.040e-02,6.693e-01,8.338e-02,7.450e-02,2.822e-01,8.164e-02,2.700e-01,1.956e-02,2.534e-01
MGI:95933,HLA-E,4962,peptide antigen binding,GO:0042605,molecular function,45,3.0,1.502e-01,1.645e-01,7.373e-02,6.633e-01,8.196e-02,8.001e-02,2.819e-01,8.454e-02,3.200e-01,2.099e-02,2.590e-01
MGI:95933,HLA-E,4962,natural killer cell tolerance induction,GO:0002519,biological process,45,2.0,1.642e-01,2.109e-01,1.137e-01,6.135e-01,1.452e-02,1.435e-01,1.878e-01,1.759e-01,2.528e-01,9.125e-02,1.418e-01
MGI:95933,HLA-E,4962,positive regulation of TRAIL production,GO:0032759,biological process,45,3.0,1.727e-01,1.976e-01,1.112e-01,6.071e-01,6.164e-02,1.054e-01,2.828e-01,9.931e-02,3.930e-01,4.139e-02,2.988e-01
MGI:95933,HLA-E,4962,immune response,GO:0006955,biological process,45,16.0,1.794e-01,1.895e-01,1.115e-01,5.981e-01,8.610e-02,8.595e-02,3.746e-01,9.704e-02,3.700e-01,3.496e-02,3.556e-01
MGI:95933,HLA-E,4962,regulation of natural killer cell mediated immunity,GO:0002715,biological process,45,8.0,1.806e-01,2.064e-01,1.254e-01,5.938e-01,4.064e-02,1.309e-01,2.492e-01,1.411e-01,3.019e-01,6.963e-02,2.259e-01
MGI:95933,HLA-E,4962,positive regulation of tumor necrosis factor production,GO:0032760,biological process,45,5.0,1.817e-01,1.976e-01,1.226e-01,5.916e-01,6.147e-02,1.084e-01,3.047e-01,9.931e-02,3.930e-01,4.746e-02,3.169e-01
MGI:95933,HLA-E,4962,positive regulation of natural killer cell mediated cytotoxicity,GO:0045954,biological process,45,7.0,1.984e-01,2.217e-01,1.456e-01,5.665e-01,5.145e-02,1.276e-01,3.087e-01,1.487e-01,3.306e-01,7.356e-02,2.881e-01
MGI:95933,HLA-E,4962,MHC class I protein binding,GO:0042288,molecular function,45,4.0,2.028e-01,2.079e-01,1.337e-01,5.670e-01,8.574e-02,1.007e-01,4.086e-01,9.789e-02,4.418e-01,3.665e-02,4.880e-01
MGI:95933,HLA-E,4962,positive regulation of immunoglobulin production,GO:0002639,biological process,45,5.0,2.040e-01,2.318e-01,1.547e-01,5.599e-01,3.260e-02,1.575e-01,2.644e-01,1.754e-01,3.062e-01,9.753e-02,2.454e-01
MGI:95933,HLA-E,4962,external side of plasma membrane,GO:0009897,cellular component,45,15.0,2.073e-01,2.394e-01,1.654e-01,5.489e-01,2.791e-02,1.591e-01,2.702e-01,1.741e-01,3.293e-01,1.128e-01,2.426e-01
MGI:95933,HLA-E,4962,extracellular space,GO:0005615,cellular component,45,55.0,2.202e-01,2.568e-01,1.814e-01,5.341e-01,9.599e-03,2.009e-01,2.414e-01,2.120e-01,3.111e-01,1.602e-01,2.054e-01
MGI:95933,HLA-E,4962,positive regulation of T cell mediated cytotoxicity,GO:0001916,biological process,45,7.0,2.252e-01,2.497e-01,1.814e-01,5.284e-01,4.638e-02,1.479e-01,3.431e-01,1.672e-01,3.730e-01,1.023e-01,3.215e-01
MGI:95933,HLA-E,4962,cell surface,GO:0009986,cellular component,45,22.0,2.353e-01,2.523e-01,1.985e-01,5.164e-01,1.847e-02,1.980e-01,2.795e-01,2.021e-01,3.152e-01,1.567e-01,2.514e-01
MGI:95933,HLA-E,4962,"CD8-positive, alpha-beta T cell activation",GO:0036037,biological process,45,4.0,2.354e-01,2.607e-01,1.986e-01,5.165e-01,1.920e-02,1.968e-01,2.816e-01,2.147e-01,3.167e-01,1.570e-01,2.513e-01
MGI:95933,HLA-E,4962,positive regulation of interleukin-4 production,GO:0032753,biological process,45,3.0,2.381e-01,2.561e-01,1.951e-01,5.121e-01,5.627e-02,1.427e-01,3.973e-01,1.675e-01,3.915e-01,9.859e-02,3.861e-01
MGI:95933,HLA-E,4962,positive regulation of antibody-dependent cellular cytotoxicity,GO:0001815,biological process,45,4.0,2.390e-01,2.624e-01,1.958e-01,5.134e-01,4.874e-02,1.556e-01,3.672e-01,1.852e-01,3.718e-01,1.092e-01,3.510e-01
MGI:95933,HLA-E,4962,positive regulation of interleukin-13 production,GO:0032736,biological process,45,3.0,2.470e-01,2.579e-01,2.078e-01,5.021e-01,4.770e-02,1.599e-01,3.817e-01,1.707e-01,3.895e-01,1.176e-01,3.673e-01
MGI:95933,HLA-E,4962,antigen processing and presentation of exogenous peptide antigen via MHC class Ib,GO:0002477,biological process,45,5.0,2.517e-01,2.696e-01,2.164e-01,4.997e-01,1.980e-02,2.093e-01,3.026e-01,2.300e-01,3.160e-01,1.707e-01,2.743e-01
MGI:95933,HLA-E,4962,extracellular exosome,GO:0070062,cellular component,45,88.0,2.520e-01,2.682e-01,2.169e-01,5.001e-01,4.550e-03,2.410e-01,2.635e-01,2.369e-01,3.037e-01,2.052e-01,2.293e-01
MGI:95933,HLA-E,4962,plasma membrane,GO:0005886,cellular component,45,93.0,2.754e-01,2.802e-01,2.427e-01,4.772e-01,1.186e-02,2.464e-01,3.078e-01,2.453e-01,3.201e-01,2.108e-01,2.794e-01
MGI:95933,HLA-E,4962,"antigen processing and presentation of endogenous peptide antigen via MHC class I via ER pathway, TAP-independent",GO:0002486,biological process,45,2.0,2.762e-01,2.795e-01,2.443e-01,4.762e-01,6.218e-03,2.591e-01,2.944e-01,2.575e-01,3.033e-01,2.271e-01,2.628e-01
MGI:95933,HLA-E,4962,antigen processing and presentation of endogenous peptide antigen via MHC class Ib,GO:0002476,biological process,45,4.0,2.835e-01,2.861e-01,2.516e-01,4.697e-01,1.453e-02,2.466e-01,3.258e-01,2.696e-01,3.035e-01,2.120e-01,2.984e-01
MGI:95933,HLA-E,4962,protein binding,GO:0005515,molecular function,45,373.0,2.846e-01,2.892e-01,2.535e-01,4.678e-01,1.567e-02,2.446e-01,3.310e-01,2.578e-01,3.246e-01,2.120e-01,3.032e-01
MGI:5141924,PALM2AKAP2,33529,,,,0,nan,,,,,,,,,,,
MGI:2154244,PLXND1,9107,regulation of GTPase activity,GO:0043087,biological process,13,6.0,1.025e-01,6.570e-02,2.214e-02,8.366e-01,5.878e-03,9.761e-02,1.076e-01,5.053e-02,8.541e-02,1.976e-02,2.479e-02
MGI:2154244,PLXND1,9107,semaphorin receptor complex,GO:0002116,cellular component,13,2.0,1.026e-01,6.570e-02,1.710e-02,8.560e-01,3.181e-02,9.776e-02,1.076e-01,5.053e-02,8.541e-02,7.899e-03,3.703e-02
MGI:2154244,PLXND1,9107,endothelial cell migration,GO:0043542,biological process,13,6.0,1.052e-01,6.570e-02,3.732e-02,7.688e-01,8.834e-03,9.685e-02,1.142e-01,5.053e-02,8.541e-02,3.156e-02,4.414e-02
MGI:2154244,PLXND1,9107,positive regulation of axonogenesis,GO:0050772,biological process,13,6.0,1.053e-01,6.570e-02,3.027e-02,7.962e-01,2.555e-02,9.517e-02,1.164e-01,5.053e-02,8.541e-02,1.874e-02,4.889e-02
MGI:2154244,PLXND1,9107,regulation of cell shape,GO:0008360,biological process,13,9.0,1.054e-01,6.570e-02,3.280e-02,7.855e-01,2.250e-02,9.693e-02,1.147e-01,5.053e-02,8.541e-02,2.155e-02,4.992e-02
MGI:2154244,PLXND1,9107,lamellipodium,GO:0030027,cellular component,13,6.0,1.157e-01,7.608e-02,2.770e-02,7.842e-01,6.451e-02,9.674e-02,1.384e-01,5.791e-02,9.995e-02,6.095e-03,1.259e-01
MGI:2154244,PLXND1,9107,protein binding,GO:0005515,molecular function,13,373.0,1.231e-01,8.359e-02,6.271e-02,7.014e-01,1.090e-03,1.158e-01,1.308e-01,6.822e-02,1.024e-01,6.158e-02,6.386e-02
MGI:2154244,PLXND1,9107,negative regulation of cell adhesion,GO:0007162,biological process,13,11.0,1.242e-01,8.222e-02,5.787e-02,7.095e-01,3.867e-02,9.525e-02,1.620e-01,4.865e-02,1.390e-01,2.908e-02,1.152e-01
MGI:2154244,PLXND1,9107,semaphorin receptor activity,GO:0017154,molecular function,13,2.0,1.273e-01,8.596e-02,5.144e-02,7.197e-01,6.660e-02,8.064e-02,2.009e-01,3.904e-02,1.893e-01,1.674e-02,1.581e-01
MGI:2154244,PLXND1,9107,protein domain specific binding,GO:0019904,molecular function,13,77.0,1.707e-01,1.301e-01,1.179e-01,6.026e-01,4.525e-02,1.144e-01,2.546e-01,7.018e-02,2.412e-01,6.100e-02,2.278e-01
MGI:2154244,PLXND1,9107,regulation of cell migration,GO:0030334,biological process,13,29.0,2.337e-01,1.848e-01,1.662e-01,5.185e-01,1.071e-01,9.378e-02,5.826e-01,5.719e-02,5.973e-01,4.289e-02,6.441e-01
MGI:98289,SCG5,10816,unfolded protein binding,GO:0051082,molecular function,5,4.0,1.082e-01,8.760e-02,2.255e-02,8.098e-01,5.414e-02,9.322e-02,1.255e-01,2.332e-02,3.291e-01,5.777e-03,8.802e-02
MGI:98289,SCG5,10816,protein binding,GO:0005515,molecular function,5,373.0,1.505e-01,1.877e-01,9.384e-02,6.415e-01,3.047e-02,1.152e-01,1.965e-01,1.147e-01,3.070e-01,5.737e-02,1.535e-01
MGI:98289,SCG5,10816,regulation of hormone secretion,GO:0046883,biological process,5,19.0,4.159e-01,4.904e-01,3.978e-01,3.642e-01,9.332e-03,3.851e-01,4.492e-01,3.853e-01,6.241e-01,3.644e-01,4.343e-01
MGI:98289,SCG5,10816,enzyme regulator activity,GO:0030234,molecular function,5,26.0,6.611e-01,6.489e-01,6.489e-01,1.812e-01,7.882e-02,4.068e-01,1.074e+00,3.875e-01,1.087e+00,3.875e-01,1.087e+00
MGI:95802,GPT,4552,extracellular exosome,GO:0070062,cellular component,8,88.0,1.074e-01,5.710e-02,4.087e-02,7.569e-01,1.177e-02,1.015e-01,1.136e-01,4.126e-02,7.903e-02,3.268e-02,5.111e-02
MGI:95802,GPT,4552,L-alanine:2-oxoglutarate aminotransferase activity,GO:0004021,molecular function,8,2.0,1.202e-01,5.710e-02,5.710e-02,7.133e-01,1.779e-02,1.024e-01,1.410e-01,4.126e-02,7.903e-02,4.126e-02,7.903e-02
MGI:1914323,PI4K2B,18215,phosphatidylinositol phosphate biosynthetic process,GO:0046854,biological process,14,9.0,1.025e-01,8.273e-02,1.828e-02,8.509e-01,2.660e-02,9.761e-02,1.076e-01,7.232e-02,9.463e-02,9.439e-03,3.539e-02
MGI:1914323,PI4K2B,18215,1-phosphatidylinositol 4-kinase activity,GO:0004430,molecular function,14,2.0,1.025e-01,8.273e-02,2.155e-02,8.398e-01,8.426e-03,9.761e-02,1.076e-01,7.232e-02,9.463e-02,1.833e-02,2.533e-02
MGI:1914323,PI4K2B,18215,early endosome membrane,GO:0031901,cellular component,14,5.0,1.025e-01,8.273e-02,2.824e-02,8.052e-01,7.550e-03,9.762e-02,1.076e-01,7.232e-02,9.463e-02,2.460e-02,3.241e-02
MGI:1914323,PI4K2B,18215,endoplasmic reticulum membrane,GO:0005789,cellular component,14,17.0,1.051e-01,8.273e-02,3.714e-02,7.691e-01,3.265e-03,1.008e-01,1.096e-01,7.232e-02,9.463e-02,3.492e-02,3.951e-02
MGI:1914323,PI4K2B,18215,Golgi membrane,GO:0000139,cellular component,14,3.0,1.052e-01,8.273e-02,3.795e-02,7.664e-01,3.165e-03,1.002e-01,1.104e-01,7.232e-02,9.463e-02,3.576e-02,4.027e-02
MGI:1914323,PI4K2B,18215,endosome,GO:0005768,cellular component,14,15.0,1.146e-01,9.227e-02,4.024e-02,7.581e-01,4.256e-02,9.441e-02,1.390e-01,6.512e-02,1.307e-01,1.869e-02,8.662e-02
MGI:1914323,PI4K2B,18215,Golgi organization,GO:0007030,biological process,14,9.0,1.183e-01,9.441e-02,5.527e-02,7.177e-01,1.887e-02,1.059e-01,1.321e-01,6.798e-02,1.311e-01,3.952e-02,7.729e-02
MGI:1914323,PI4K2B,18215,membrane,GO:0016020,cellular component,14,60.0,1.381e-01,1.050e-01,8.094e-02,6.659e-01,6.322e-03,1.297e-01,1.470e-01,8.374e-02,1.316e-01,7.279e-02,9.001e-02
MGI:1914323,PI4K2B,18215,endosome organization,GO:0007032,biological process,14,6.0,1.390e-01,1.003e-01,7.999e-02,6.655e-01,2.824e-02,1.109e-01,1.743e-01,7.001e-02,1.436e-01,4.993e-02,1.281e-01
MGI:1914323,PI4K2B,18215,plasma membrane,GO:0005886,cellular component,14,93.0,1.512e-01,1.170e-01,9.519e-02,6.404e-01,2.111e-02,1.332e-01,1.716e-01,8.956e-02,1.530e-01,6.736e-02,1.345e-01
MGI:1914323,PI4K2B,18215,trans-Golgi network,GO:0005802,cellular component,14,4.0,1.693e-01,1.246e-01,1.149e-01,6.104e-01,2.918e-02,1.347e-01,2.129e-01,8.627e-02,1.799e-01,7.473e-02,1.766e-01
MGI:1914323,PI4K2B,18215,cytosol,GO:0005829,cellular component,14,76.0,1.833e-01,1.394e-01,1.354e-01,5.852e-01,1.228e-02,1.684e-01,1.996e-01,1.115e-01,1.743e-01,1.135e-01,1.616e-01
MGI:1338779,PURB,9702,purine-rich negative regulatory element binding,GO:0032422,molecular function,11,2.0,1.025e-01,1.839e-02,4.435e-03,9.435e-01,7.314e-03,9.761e-02,1.076e-01,6.622e-03,5.107e-02,2.471e-03,7.961e-03
MGI:1338779,PURB,9702,RNA polymerase II transcription regulatory region sequence-specific DNA binding,GO:0000977,molecular function,11,7.0,1.025e-01,1.859e-02,6.991e-03,9.246e-01,1.160e-02,9.761e-02,1.076e-01,6.604e-03,5.235e-02,3.332e-03,1.466e-02
MGI:1338779,PURB,9702,regulation of transcription by RNA polymerase II,GO:0006357,biological process,11,27.0,1.025e-01,1.859e-02,6.663e-03,9.108e-01,3.227e-02,9.761e-02,1.076e-01,6.604e-03,5.235e-02,1.884e-03,2.357e-02
MGI:1338779,PURB,9702,"DNA-binding transcription factor activity, RNA polymerase II-specific",GO:0000981,molecular function,11,20.0,1.025e-01,1.925e-02,1.018e-02,8.885e-01,2.851e-02,9.761e-02,1.076e-01,6.666e-03,5.558e-02,3.013e-03,3.437e-02
MGI:1338779,PURB,9702,RNA binding,GO:0003723,molecular function,11,46.0,1.025e-01,2.569e-02,1.358e-02,8.866e-01,1.287e-02,9.761e-02,1.076e-01,1.556e-02,4.243e-02,9.431e-03,1.955e-02
MGI:1338779,PURB,9702,nucleus,GO:0005634,cellular component,11,87.0,1.028e-01,2.933e-02,2.276e-02,8.290e-01,2.712e-02,9.810e-02,1.076e-01,1.758e-02,4.892e-02,1.306e-02,3.964e-02
MGI:1338779,PURB,9702,nucleoplasm,GO:0005654,cellular component,11,49.0,1.036e-01,3.168e-02,2.772e-02,8.062e-01,2.567e-02,9.968e-02,1.077e-01,1.943e-02,5.164e-02,1.700e-02,4.518e-02
MGI:1338779,PURB,9702,protein binding,GO:0005515,molecular function,11,373.0,1.124e-01,4.230e-02,4.230e-02,7.530e-01,3.113e-02,1.065e-01,1.185e-01,2.380e-02,7.518e-02,2.380e-02,7.518e-02
MGI:104533,CCL23,10622,CCR1 chemokine receptor binding,GO:0031726,molecular function,16,3.0,1.030e-01,2.108e-01,2.400e-02,8.257e-01,2.032e-02,9.721e-02,1.090e-01,1.768e-01,2.512e-01,1.646e-02,3.498e-02
MGI:104533,CCL23,10622,CCR chemokine receptor binding,GO:0048020,molecular function,16,15.0,1.237e-01,2.108e-01,6.041e-02,7.046e-01,2.721e-02,1.034e-01,1.481e-01,1.768e-01,2.512e-01,3.739e-02,9.759e-02
MGI:104533,CCL23,10622,monocyte chemotaxis,GO:0002548,biological process,16,7.0,1.355e-01,2.108e-01,7.756e-02,6.709e-01,2.031e-02,1.106e-01,1.660e-01,1.768e-01,2.512e-01,5.534e-02,1.087e-01
MGI:104533,CCL23,10622,positive regulation of ERK1 and ERK2 cascade,GO:0070374,biological process,16,12.0,1.456e-01,2.108e-01,9.043e-02,6.479e-01,2.253e-02,1.173e-01,1.806e-01,1.768e-01,2.512e-01,6.300e-02,1.298e-01
MGI:104533,CCL23,10622,eosinophil chemotaxis,GO:0048245,biological process,16,5.0,1.574e-01,2.108e-01,1.060e-01,6.250e-01,1.069e-02,1.398e-01,1.773e-01,1.768e-01,2.512e-01,9.010e-02,1.246e-01
MGI:104533,CCL23,10622,lymphocyte chemotaxis,GO:0048247,biological process,16,9.0,1.584e-01,2.179e-01,1.039e-01,6.265e-01,2.519e-02,1.281e-01,1.958e-01,1.892e-01,2.509e-01,7.008e-02,1.540e-01
MGI:104533,CCL23,10622,neutrophil chemotaxis,GO:0030593,biological process,16,5.0,1.652e-01,2.108e-01,1.149e-01,6.125e-01,7.429e-03,1.508e-01,1.809e-01,1.769e-01,2.512e-01,1.027e-01,1.285e-01
MGI:104533,CCL23,10622,chemokine-mediated signaling pathway,GO:0070098,biological process,16,15.0,1.747e-01,2.266e-01,1.263e-01,5.949e-01,3.029e-02,1.320e-01,2.314e-01,1.652e-01,3.107e-01,8.243e-02,1.935e-01
MGI:104533,CCL23,10622,chemokine activity,GO:0008009,molecular function,16,5.0,1.855e-01,2.400e-01,1.320e-01,5.859e-01,3.859e-02,1.312e-01,2.623e-01,1.983e-01,2.904e-01,7.736e-02,2.253e-01
MGI:104533,CCL23,10622,positive regulation of GTPase activity,GO:0043547,biological process,16,10.0,1.893e-01,2.368e-01,1.358e-01,5.749e-01,6.230e-02,1.073e-01,3.340e-01,1.585e-01,3.537e-01,5.880e-02,3.134e-01
MGI:104533,CCL23,10622,extracellular space,GO:0005615,cellular component,16,55.0,2.247e-01,2.670e-01,1.829e-01,5.280e-01,4.102e-02,1.530e-01,3.301e-01,1.845e-01,3.864e-01,1.056e-01,3.170e-01
MGI:104533,CCL23,10622,G protein-coupled receptor signaling pathway,GO:0007186,biological process,16,48.0,2.296e-01,2.648e-01,1.906e-01,5.221e-01,3.305e-02,1.683e-01,3.132e-01,1.940e-01,3.615e-01,1.263e-01,2.876e-01
MGI:104533,CCL23,10622,cellular response to type II interferon,GO:0071346,biological process,16,7.0,2.926e-01,3.175e-01,2.608e-01,4.599e-01,3.099e-02,2.204e-01,3.884e-01,2.786e-01,3.617e-01,1.844e-01,3.687e-01
MGI:104533,CCL23,10622,inflammatory response,GO:0006954,biological process,16,14.0,2.964e-01,2.983e-01,2.652e-01,4.565e-01,3.011e-02,2.261e-01,3.886e-01,2.490e-01,3.574e-01,1.891e-01,3.719e-01
MGI:104533,CCL23,10622,cellular response to tumor necrosis factor,GO:0071356,biological process,16,7.0,3.391e-01,3.317e-01,3.133e-01,4.214e-01,1.909e-02,2.844e-01,4.042e-01,2.864e-01,3.842e-01,2.554e-01,3.843e-01
MGI:104533,CCL23,10622,cellular response to interleukin-1,GO:0071347,biological process,16,6.0,3.474e-01,3.359e-01,3.239e-01,4.147e-01,8.419e-03,3.202e-01,3.769e-01,2.973e-01,3.796e-01,2.966e-01,3.538e-01
MGI:1916318,TCIM,1357,negative regulation of Notch signaling pathway,GO:0045746,biological process,17,5.0,1.422e-01,3.128e-01,8.234e-02,6.605e-01,2.989e-02,1.142e-01,1.769e-01,2.422e-01,4.041e-01,5.115e-02,1.326e-01
MGI:1916318,TCIM,1357,positive regulation of protein kinase C activity,GO:1900020,biological process,17,3.0,1.447e-01,3.128e-01,8.377e-02,6.566e-01,3.922e-02,1.063e-01,1.970e-01,2.422e-01,4.041e-01,4.530e-02,1.549e-01
MGI:1916318,TCIM,1357,positive regulation of non-canonical NF-kappaB signal transduction,GO:1901224,biological process,17,6.0,1.460e-01,3.128e-01,8.922e-02,6.498e-01,2.590e-02,1.178e-01,1.809e-01,2.422e-01,4.041e-01,5.822e-02,1.367e-01
MGI:1916318,TCIM,1357,nucleolus,GO:0005730,cellular component,17,8.0,1.505e-01,3.128e-01,9.550e-02,6.381e-01,3.404e-02,1.104e-01,2.052e-01,2.422e-01,4.041e-01,5.663e-02,1.611e-01
MGI:1916318,TCIM,1357,Notch binding,GO:0005112,molecular function,17,2.0,1.803e-01,3.128e-01,1.220e-01,5.965e-01,4.868e-02,1.186e-01,2.740e-01,2.422e-01,4.041e-01,6.171e-02,2.411e-01
MGI:1916318,TCIM,1357,nuclear speck,GO:0016607,cellular component,17,9.0,1.941e-01,3.128e-01,1.509e-01,5.666e-01,1.395e-02,1.688e-01,2.231e-01,2.422e-01,4.041e-01,1.242e-01,1.834e-01
MGI:1916318,TCIM,1357,nucleus,GO:0005634,cellular component,17,87.0,2.345e-01,3.128e-01,1.958e-01,5.190e-01,1.890e-02,1.950e-01,2.819e-01,2.422e-01,4.041e-01,1.548e-01,2.477e-01
MGI:1916318,TCIM,1357,cellular response to heat,GO:0034605,biological process,17,7.0,2.373e-01,3.263e-01,1.948e-01,5.158e-01,4.335e-02,1.598e-01,3.523e-01,2.485e-01,4.284e-01,1.133e-01,3.350e-01
MGI:1916318,TCIM,1357,positive regulation of protein kinase A signaling,GO:0010739,biological process,17,3.0,2.423e-01,3.128e-01,2.013e-01,5.104e-01,3.854e-02,1.694e-01,3.466e-01,2.422e-01,4.041e-01,1.240e-01,3.267e-01
MGI:1916318,TCIM,1357,nucleoplasm,GO:0005654,cellular component,17,49.0,2.493e-01,3.128e-01,2.137e-01,5.029e-01,6.400e-03,2.331e-01,2.666e-01,2.422e-01,4.041e-01,1.977e-01,2.311e-01
MGI:1916318,TCIM,1357,cytosol,GO:0005829,cellular component,17,76.0,2.583e-01,3.128e-01,2.235e-01,4.938e-01,1.276e-02,2.277e-01,2.930e-01,2.422e-01,4.041e-01,1.917e-01,2.606e-01
MGI:1916318,TCIM,1357,regulation of cell cycle G1/S phase transition,GO:1902806,biological process,17,6.0,2.726e-01,3.447e-01,2.273e-01,4.742e-01,7.689e-02,1.400e-01,5.308e-01,2.245e-01,5.291e-01,9.951e-02,5.191e-01
MGI:1916318,TCIM,1357,plasma membrane,GO:0005886,cellular component,17,93.0,2.746e-01,3.128e-01,2.417e-01,4.774e-01,1.992e-02,2.268e-01,3.325e-01,2.422e-01,4.041e-01,1.909e-01,3.059e-01
MGI:1916318,TCIM,1357,protein binding,GO:0005515,molecular function,17,373.0,2.810e-01,3.128e-01,2.489e-01,4.711e-01,2.223e-02,2.281e-01,3.462e-01,2.422e-01,4.041e-01,1.935e-01,3.201e-01
MGI:1916318,TCIM,1357,cytoplasm,GO:0005737,cellular component,17,99.0,3.044e-01,3.259e-01,2.760e-01,4.505e-01,9.136e-03,2.785e-01,3.328e-01,2.699e-01,3.935e-01,2.497e-01,3.049e-01
MGI:1916318,TCIM,1357,negative regulation of apoptotic process,GO:0043066,biological process,17,31.0,3.070e-01,3.453e-01,2.686e-01,4.460e-01,5.847e-02,1.802e-01,5.230e-01,2.496e-01,4.776e-01,1.342e-01,5.377e-01
MGI:1916318,TCIM,1357,endothelial cell activation involved in immune response,GO:0002264,biological process,17,4.0,3.801e-01,3.662e-01,3.589e-01,3.893e-01,1.883e-02,3.208e-01,4.504e-01,2.969e-01,4.516e-01,2.970e-01,4.335e-01
MGI:2385067,LIMS2,16084,cell-cell junction organization,GO:0045216,biological process,18,9.0,1.025e-01,2.998e-02,1.226e-02,8.927e-01,1.741e-02,9.761e-02,1.076e-01,2.132e-02,4.215e-02,7.566e-03,1.988e-02
MGI:2385067,LIMS2,16084,positive regulation of substrate adhesion-dependent cell spreading,GO:1900026,biological process,18,4.0,1.025e-01,2.998e-02,1.830e-02,8.578e-01,1.588e-02,9.761e-02,1.076e-01,2.132e-02,4.215e-02,1.305e-02,2.567e-02
MGI:2385067,LIMS2,16084,cell-cell junction,GO:0005911,cellular component,18,19.0,1.025e-01,2.998e-02,1.887e-02,8.529e-01,1.899e-02,9.761e-02,1.076e-01,2.132e-02,4.215e-02,1.244e-02,2.864e-02
MGI:2385067,LIMS2,16084,cell-cell adhesion,GO:0098609,biological process,18,29.0,1.025e-01,2.998e-02,1.960e-02,8.496e-01,1.997e-02,9.761e-02,1.076e-01,2.132e-02,4.215e-02,1.321e-02,2.906e-02
MGI:2385067,LIMS2,16084,focal adhesion,GO:0005925,cellular component,18,18.0,1.025e-01,3.338e-02,2.445e-02,8.236e-01,1.324e-02,9.761e-02,1.076e-01,2.929e-02,3.804e-02,1.904e-02,3.140e-02
MGI:2385067,LIMS2,16084,positive regulation of integrin-mediated signaling pathway,GO:2001046,biological process,18,3.0,1.026e-01,2.970e-02,1.269e-02,8.748e-01,3.634e-02,9.776e-02,1.076e-01,2.125e-02,4.150e-02,4.383e-03,3.673e-02
MGI:2385067,LIMS2,16084,cytoplasm,GO:0005737,cellular component,18,99.0,1.434e-01,8.783e-02,8.783e-02,6.529e-01,2.042e-02,1.176e-01,1.748e-01,6.358e-02,1.213e-01,6.358e-02,1.213e-01
MGI:1913340,YPEL3,18327,positive regulation of cellular senescence,GO:2000774,biological process,1,3.0,1.309e-01,6.441e-02,6.441e-02,6.908e-01,5.456e-02,8.551e-02,2.005e-01,2.608e-02,1.591e-01,2.608e-02,1.591e-01
MGI:1918128,CCDC136,22225,acrosome assembly,GO:0001675,biological process,4,6.0,2.136e-01,2.911e-01,1.378e-01,5.581e-01,9.451e-02,1.007e-01,4.531e-01,9.461e-02,8.958e-01,3.292e-02,5.769e-01
MGI:1918128,CCDC136,22225,acrosomal membrane,GO:0002080,cellular component,4,2.0,2.510e-01,3.023e-01,2.042e-01,4.970e-01,7.285e-02,1.300e-01,4.848e-01,1.055e-01,8.663e-01,8.571e-02,4.865e-01
MGI:1918128,CCDC136,22225,single fertilization,GO:0007338,biological process,4,2.0,4.287e-01,3.783e-01,3.783e-01,3.232e-01,1.231e-01,1.578e-01,1.165e+00,1.103e-01,1.297e+00,1.103e-01,1.297e+00
MGI:98731,TGM2,11778,collagen-containing extracellular matrix,GO:0062023,cellular component,46,32.0,1.025e-01,1.606e-01,1.431e-02,8.713e-01,2.666e-02,9.761e-02,1.076e-01,1.194e-01,2.161e-01,6.359e-03,3.222e-02
MGI:98731,TGM2,11778,nucleosome,GO:0000786,cellular component,46,8.0,1.060e-01,1.665e-01,3.010e-02,7.970e-01,2.794e-02,1.004e-01,1.120e-01,1.301e-01,2.132e-01,1.787e-02,5.071e-02
MGI:98731,TGM2,11778,extracellular matrix,GO:0031012,cellular component,46,14.0,1.099e-01,1.665e-01,2.805e-02,7.926e-01,5.267e-02,1.076e-01,1.122e-01,1.301e-01,2.132e-01,8.574e-03,9.180e-02
MGI:98731,TGM2,11778,cellular response to dopamine,GO:1903351,biological process,46,3.0,1.152e-01,1.665e-01,4.875e-02,7.343e-01,2.298e-02,9.904e-02,1.339e-01,1.301e-01,2.132e-01,3.185e-02,7.461e-02
MGI:98731,TGM2,11778,calcium ion binding,GO:0005509,molecular function,46,12.0,1.184e-01,1.665e-01,4.608e-02,7.406e-01,4.189e-02,9.945e-02,1.409e-01,1.301e-01,2.132e-01,2.130e-02,9.968e-02
MGI:98731,TGM2,11778,positive regulation of apoptotic process,GO:0043065,biological process,46,22.0,1.184e-01,1.665e-01,5.466e-02,7.188e-01,2.151e-02,9.850e-02,1.423e-01,1.301e-01,2.132e-01,3.705e-02,8.065e-02
MGI:98731,TGM2,11778,cellular response to serotonin,GO:1904015,biological process,46,5.0,1.236e-01,1.665e-01,6.212e-02,7.022e-01,1.468e-02,1.066e-01,1.434e-01,1.301e-01,2.132e-01,4.781e-02,8.071e-02
MGI:98731,TGM2,11778,extracellular exosome,GO:0070062,cellular component,46,88.0,1.258e-01,1.665e-01,6.607e-02,6.936e-01,1.831e-02,1.050e-01,1.507e-01,1.301e-01,2.132e-01,4.818e-02,9.060e-02
MGI:98731,TGM2,11778,regulation of apoptotic process,GO:0042981,biological process,46,22.0,1.276e-01,1.735e-01,4.599e-02,7.340e-01,7.406e-02,7.913e-02,2.057e-01,1.252e-01,2.404e-01,1.322e-02,1.600e-01
MGI:98731,TGM2,11778,focal adhesion,GO:0005925,cellular component,46,18.0,1.308e-01,1.665e-01,6.692e-02,6.882e-01,4.253e-02,9.495e-02,1.802e-01,1.301e-01,2.132e-01,3.216e-02,1.392e-01
MGI:98731,TGM2,11778,chromatin,GO:0000785,cellular component,46,7.0,1.375e-01,1.823e-01,7.571e-02,6.718e-01,3.605e-02,1.063e-01,1.779e-01,1.505e-01,2.207e-01,4.218e-02,1.359e-01
MGI:98731,TGM2,11778,nucleus,GO:0005634,cellular component,46,87.0,1.400e-01,1.676e-01,8.371e-02,6.608e-01,9.310e-03,1.249e-01,1.569e-01,1.315e-01,2.137e-01,7.196e-02,9.737e-02
MGI:98731,TGM2,11778,positive regulation of neurogenesis,GO:0050769,biological process,46,10.0,1.404e-01,1.674e-01,4.574e-02,7.166e-01,9.236e-02,8.875e-02,2.222e-01,1.152e-01,2.431e-01,7.378e-03,2.836e-01
MGI:98731,TGM2,11778,plasma membrane,GO:0005886,cellular component,46,93.0,1.415e-01,1.676e-01,8.534e-02,6.571e-01,1.845e-02,1.171e-01,1.709e-01,1.315e-01,2.137e-01,6.309e-02,1.154e-01
MGI:98731,TGM2,11778,cytosol,GO:0005829,cellular component,46,76.0,1.431e-01,1.665e-01,8.688e-02,6.537e-01,2.522e-02,1.141e-01,1.794e-01,1.301e-01,2.132e-01,5.784e-02,1.305e-01
MGI:98731,TGM2,11778,protein binding,GO:0005515,molecular function,46,373.0,1.433e-01,1.676e-01,8.782e-02,6.537e-01,9.715e-03,1.270e-01,1.616e-01,1.315e-01,2.137e-01,7.503e-02,1.028e-01
MGI:98731,TGM2,11778,cellular response to cocaine,GO:0071314,biological process,46,6.0,1.444e-01,1.678e-01,8.697e-02,6.520e-01,3.406e-02,1.076e-01,1.938e-01,1.317e-01,2.137e-01,4.980e-02,1.519e-01
MGI:98731,TGM2,11778,GTP binding,GO:0005525,molecular function,46,9.0,1.525e-01,1.743e-01,8.459e-02,6.480e-01,6.831e-02,9.096e-02,2.557e-01,1.264e-01,2.402e-01,2.830e-02,2.528e-01
MGI:98731,TGM2,11778,peptide histaminyltransferase activity,GO:0120299,molecular function,46,2.0,1.609e-01,1.896e-01,7.783e-02,6.575e-01,8.275e-02,1.001e-01,2.588e-01,1.531e-01,2.348e-01,1.903e-02,3.184e-01
MGI:98731,TGM2,11778,gene expression,GO:0010467,biological process,46,9.0,1.704e-01,1.804e-01,1.152e-01,6.039e-01,5.479e-02,1.037e-01,2.799e-01,1.229e-01,2.649e-01,5.315e-02,2.498e-01
MGI:98731,TGM2,11778,histone serotonyltransferase activity,GO:0120295,molecular function,46,3.0,1.709e-01,2.073e-01,1.038e-01,6.177e-01,6.223e-02,1.087e-01,2.685e-01,1.990e-01,2.158e-01,3.815e-02,2.827e-01
MGI:98731,TGM2,11778,histone dopaminyltransferase activity,GO:0120297,molecular function,46,3.0,1.709e-01,2.093e-01,1.017e-01,6.199e-01,6.543e-02,1.060e-01,2.755e-01,1.993e-01,2.198e-01,3.568e-02,2.900e-01
MGI:98731,TGM2,11778,apoptotic cell clearance,GO:0043277,biological process,46,3.0,1.862e-01,1.897e-01,1.384e-01,5.783e-01,3.657e-02,1.334e-01,2.599e-01,1.399e-01,2.572e-01,8.240e-02,2.326e-01
MGI:98731,TGM2,11778,positive regulation of mitochondrial calcium ion concentration,GO:0051561,biological process,46,2.0,1.900e-01,2.178e-01,1.383e-01,5.781e-01,3.780e-02,1.402e-01,2.574e-01,1.821e-01,2.606e-01,8.107e-02,2.361e-01
MGI:98731,TGM2,11778,peptide cross-linking,GO:0018149,biological process,46,32.0,1.951e-01,2.066e-01,1.441e-01,5.682e-01,5.055e-02,1.236e-01,3.080e-01,1.374e-01,3.108e-01,7.257e-02,2.862e-01
MGI:98731,TGM2,11778,protein deamination,GO:0018277,biological process,46,3.0,2.033e-01,2.145e-01,1.609e-01,5.549e-01,2.128e-02,1.661e-01,2.489e-01,1.727e-01,2.665e-01,1.200e-01,2.157e-01
MGI:98731,TGM2,11778,dopamine secretion,GO:0014046,biological process,46,6.0,2.124e-01,2.100e-01,1.698e-01,5.442e-01,2.771e-02,1.651e-01,2.734e-01,1.797e-01,2.454e-01,1.166e-01,2.472e-01
MGI:98731,TGM2,11778,regulation of apoptotic cell clearance,GO:2000425,biological process,46,4.0,2.241e-01,2.248e-01,1.821e-01,5.287e-01,4.290e-02,1.502e-01,3.342e-01,1.622e-01,3.117e-01,1.064e-01,3.117e-01
MGI:98731,TGM2,11778,phospholipase C-activating G protein-coupled receptor signaling pathway,GO:0007200,biological process,46,11.0,2.314e-01,2.304e-01,1.839e-01,5.209e-01,6.223e-02,1.318e-01,4.062e-01,1.364e-01,3.892e-01,8.119e-02,4.164e-01
MGI:98731,TGM2,11778,mitochondrion,GO:0005739,cellular component,46,22.0,2.325e-01,2.254e-01,1.950e-01,5.191e-01,2.454e-02,1.846e-01,2.928e-01,1.843e-01,2.755e-01,1.441e-01,2.639e-01
MGI:98731,TGM2,11778,protein-glutamine gamma-glutamyltransferase activity,GO:0003810,molecular function,46,3.0,2.373e-01,2.305e-01,2.009e-01,5.140e-01,1.883e-02,1.989e-01,2.832e-01,1.926e-01,2.760e-01,1.582e-01,2.552e-01
MGI:98731,TGM2,11778,protein-glutamine glutaminase activity,GO:0050568,molecular function,46,3.0,2.448e-01,2.739e-01,1.871e-01,5.076e-01,8.752e-02,1.172e-01,5.110e-01,1.520e-01,4.935e-01,6.714e-02,5.214e-01
MGI:98731,TGM2,11778,negative regulation of endoplasmic reticulum calcium ion concentration,GO:0032471,biological process,46,3.0,2.493e-01,2.368e-01,2.143e-01,5.024e-01,7.038e-03,2.346e-01,2.648e-01,2.079e-01,2.697e-01,1.966e-01,2.335e-01
MGI:1354721,SLC25A13,10983,calcium ion binding,GO:0005509,molecular function,21,12.0,1.025e-01,3.484e-02,5.383e-03,9.293e-01,1.946e-02,9.761e-02,1.076e-01,2.533e-02,4.790e-02,1.973e-03,1.468e-02
MGI:1354721,SLC25A13,10983,identical protein binding,GO:0042802,molecular function,21,28.0,1.025e-01,3.484e-02,8.223e-03,9.089e-01,2.375e-02,9.761e-02,1.076e-01,2.533e-02,4.790e-02,3.079e-03,2.196e-02
MGI:1354721,SLC25A13,10983,acidic amino acid transmembrane transporter activity,GO:0015172,molecular function,21,4.0,1.025e-01,4.187e-02,1.488e-02,8.811e-01,7.060e-03,9.761e-02,1.076e-01,3.747e-02,4.678e-02,1.251e-02,1.769e-02
MGI:1354721,SLC25A13,10983,L-aspartate transmembrane transporter activity,GO:0015183,molecular function,21,6.0,1.025e-01,4.187e-02,1.726e-02,8.636e-01,1.557e-02,9.761e-02,1.076e-01,3.747e-02,4.678e-02,1.216e-02,2.450e-02
MGI:1354721,SLC25A13,10983,L-glutamate transmembrane transporter activity,GO:0005313,molecular function,21,9.0,1.025e-01,4.187e-02,1.994e-02,8.496e-01,4.599e-03,9.761e-02,1.076e-01,3.747e-02,4.678e-02,1.831e-02,2.172e-02
MGI:1354721,SLC25A13,10983,"aspartate:glutamate, proton antiporter activity",GO:0000515,molecular function,21,7.0,1.025e-01,4.187e-02,2.457e-02,8.228e-01,1.299e-02,9.761e-02,1.076e-01,3.747e-02,4.678e-02,1.926e-02,3.135e-02
MGI:1354721,SLC25A13,10983,"3-sulfino-L-alanine: proton, glutamate antiporter activity",GO:0000514,molecular function,21,9.0,1.025e-01,4.206e-02,2.455e-02,8.229e-01,1.592e-02,9.761e-02,1.076e-01,3.747e-02,4.722e-02,1.827e-02,3.299e-02
MGI:1354721,SLC25A13,10983,mitochondrion,GO:0005739,cellular component,21,22.0,1.025e-01,4.421e-02,1.493e-02,8.717e-01,2.938e-02,9.761e-02,1.076e-01,4.400e-02,4.441e-02,7.616e-03,2.926e-02
MGI:1354721,SLC25A13,10983,mitochondrial inner membrane,GO:0005743,cellular component,21,4.0,1.035e-01,4.694e-02,2.681e-02,8.115e-01,2.116e-02,9.897e-02,1.082e-01,4.159e-02,5.297e-02,1.808e-02,3.976e-02
MGI:1354721,SLC25A13,10983,malate-aspartate shuttle,GO:0043490,biological process,21,2.0,1.041e-01,4.446e-02,2.477e-02,8.177e-01,3.336e-02,9.944e-02,1.090e-01,3.645e-02,5.422e-02,1.253e-02,4.895e-02
MGI:1354721,SLC25A13,10983,aspartate transmembrane transport,GO:0015810,biological process,21,6.0,1.088e-01,5.131e-02,4.189e-02,7.541e-01,1.543e-02,9.991e-02,1.186e-01,4.182e-02,6.295e-02,3.137e-02,5.592e-02
MGI:1354721,SLC25A13,10983,cellular respiration,GO:0045333,biological process,21,4.0,1.092e-01,5.069e-02,4.384e-02,7.484e-01,3.959e-03,1.053e-01,1.133e-01,4.801e-02,5.351e-02,4.056e-02,4.739e-02
MGI:1354721,SLC25A13,10983,L-glutamate transmembrane transport,GO:0015813,biological process,21,7.0,1.150e-01,5.595e-02,4.519e-02,7.431e-01,3.409e-02,9.606e-02,1.378e-01,3.554e-02,8.807e-02,2.436e-02,8.382e-02
MGI:1354721,SLC25A13,10983,ATP biosynthetic process,GO:0006754,biological process,21,6.0,1.227e-01,6.370e-02,5.172e-02,7.255e-01,4.185e-02,1.005e-01,1.497e-01,4.461e-02,9.097e-02,2.409e-02,1.110e-01
MGI:1354721,SLC25A13,10983,response to calcium ion,GO:0051592,biological process,21,8.0,2.059e-01,1.256e-01,1.140e-01,5.611e-01,1.446e-01,6.547e-02,6.474e-01,2.453e-02,6.429e-01,1.998e-02,6.502e-01
MGI:1932288,EGLN3,14661,activation of cysteine-type endopeptidase activity involved in apoptotic process,GO:0006919,biological process,21,6.0,1.025e-01,1.019e-01,2.017e-02,8.388e-01,3.070e-02,9.762e-02,1.076e-01,5.571e-02,1.864e-01,9.855e-03,4.127e-02
MGI:1932288,EGLN3,14661,ferrous iron binding,GO:0008198,molecular function,21,2.0,1.038e-01,1.019e-01,3.291e-02,7.851e-01,9.968e-03,9.937e-02,1.084e-01,5.571e-02,1.864e-01,2.743e-02,3.948e-02
MGI:1932288,EGLN3,14661,response to hypoxia,GO:0001666,biological process,21,7.0,1.126e-01,1.049e-01,4.842e-02,7.354e-01,1.103e-02,1.024e-01,1.238e-01,6.025e-02,1.827e-01,3.933e-02,5.960e-02
MGI:1932288,EGLN3,14661,cytosol,GO:0005829,cellular component,21,76.0,1.148e-01,1.019e-01,4.549e-02,7.430e-01,3.081e-02,1.002e-01,1.315e-01,5.571e-02,1.864e-01,2.592e-02,7.982e-02
MGI:1932288,EGLN3,14661,protein binding,GO:0005515,molecular function,21,373.0,1.164e-01,1.019e-01,4.639e-02,7.392e-01,3.663e-02,9.473e-02,1.429e-01,5.571e-02,1.864e-01,2.403e-02,8.956e-02
MGI:1932288,EGLN3,14661,cytoplasm,GO:0005737,cellular component,21,99.0,1.170e-01,1.019e-01,5.080e-02,7.282e-01,2.710e-02,1.008e-01,1.358e-01,5.571e-02,1.864e-01,3.105e-02,8.311e-02
MGI:1932288,EGLN3,14661,cellular response to hypoxia,GO:0071456,biological process,21,7.0,1.194e-01,1.060e-01,5.835e-02,7.107e-01,9.535e-03,1.133e-01,1.258e-01,6.087e-02,1.845e-01,4.938e-02,6.895e-02
MGI:1932288,EGLN3,14661,nucleus,GO:0005634,cellular component,21,87.0,1.214e-01,1.019e-01,5.039e-02,7.282e-01,4.352e-02,9.824e-02,1.501e-01,5.571e-02,1.864e-01,2.324e-02,1.093e-01
MGI:1932288,EGLN3,14661,apoptotic process,GO:0006915,biological process,21,23.0,1.401e-01,1.163e-01,7.291e-02,6.728e-01,5.582e-02,9.427e-02,2.083e-01,5.141e-02,2.633e-01,2.921e-02,1.820e-01
MGI:1932288,EGLN3,14661,peptidyl-proline 4-dioxygenase activity,GO:0031545,molecular function,21,4.0,1.531e-01,1.231e-01,8.988e-02,6.436e-01,5.069e-02,1.062e-01,2.208e-01,5.727e-02,2.646e-01,3.974e-02,2.033e-01
MGI:1932288,EGLN3,14661,peptidyl-proline hydroxylation to 4-hydroxy-L-proline,GO:0018401,biological process,21,3.0,1.618e-01,1.271e-01,8.124e-02,6.479e-01,8.823e-02,8.631e-02,3.035e-01,4.780e-02,3.380e-01,2.088e-02,3.160e-01
MGI:1932288,EGLN3,14661,protein hydroxylation,GO:0018126,biological process,21,8.0,1.940e-01,1.505e-01,1.375e-01,5.728e-01,6.314e-02,1.119e-01,3.365e-01,6.823e-02,3.322e-01,5.996e-02,3.152e-01
MGI:1932288,EGLN3,14661,2-oxoglutarate-dependent dioxygenase activity,GO:0016706,molecular function,21,88.0,2.973e-01,2.463e-01,2.159e-01,4.277e-01,1.602e-01,9.568e-02,9.241e-01,5.619e-02,1.080e+00,4.515e-02,1.032e+00
MGI:1932288,EGLN3,14661,regulation of cell population proliferation,GO:0042127,biological process,21,34.0,3.940e-01,3.808e-01,3.715e-01,3.780e-01,3.426e-02,2.975e-01,5.217e-01,2.866e-01,5.061e-01,2.717e-01,5.081e-01
MGI:2443738,CLBA1,20126,trans-Golgi network membrane,GO:0032588,cellular component,4,3.0,1.025e-01,3.906e-02,1.682e-02,8.692e-01,3.529e-03,9.761e-02,1.076e-01,2.811e-02,5.428e-02,1.545e-02,1.830e-02
MGI:2443738,CLBA1,20126,AP-1 adaptor complex,GO:0030121,cellular component,4,2.0,1.041e-01,3.948e-02,2.053e-02,8.277e-01,4.262e-02,1.001e-01,1.084e-01,2.719e-02,5.732e-02,7.072e-03,5.960e-02
MGI:2443738,CLBA1,20126,intracellular transport,GO:0046907,biological process,4,27.0,1.048e-01,4.410e-02,2.732e-02,8.055e-01,3.567e-02,9.911e-02,1.108e-01,3.109e-02,6.255e-02,1.337e-02,5.584e-02
MGI:2443738,CLBA1,20126,clathrin binding,GO:0030276,molecular function,4,4.0,1.159e-01,5.340e-02,5.340e-02,7.229e-01,8.896e-03,1.095e-01,1.228e-01,4.552e-02,6.265e-02,4.552e-02,6.265e-02
MGI:101863,ALDOC,418,cytoskeletal protein binding,GO:0008092,molecular function,13,22.0,1.025e-01,3.562e-02,1.144e-02,9.004e-01,1.095e-02,9.761e-02,1.076e-01,2.671e-02,4.749e-02,8.178e-03,1.599e-02
MGI:101863,ALDOC,418,glycolytic process,GO:0006096,biological process,13,13.0,1.025e-01,3.562e-02,1.260e-02,8.900e-01,1.829e-02,9.761e-02,1.076e-01,2.671e-02,4.749e-02,7.768e-03,2.045e-02
MGI:101863,ALDOC,418,"fructose 1,6-bisphosphate metabolic process",GO:0030388,biological process,13,4.0,1.025e-01,3.745e-02,1.064e-02,8.851e-01,2.850e-02,9.761e-02,1.076e-01,2.475e-02,5.667e-02,3.156e-03,3.590e-02
MGI:101863,ALDOC,418,fructose-bisphosphate aldolase activity,GO:0004332,molecular function,13,2.0,1.079e-01,6.490e-02,4.077e-02,7.575e-01,1.057e-02,9.763e-02,1.192e-01,4.314e-02,9.763e-02,3.333e-02,4.987e-02
MGI:101863,ALDOC,418,extracellular exosome,GO:0070062,cellular component,13,88.0,1.141e-01,6.490e-02,4.764e-02,7.370e-01,2.454e-02,9.692e-02,1.344e-01,4.314e-02,9.763e-02,3.037e-02,7.471e-02
MGI:101863,ALDOC,418,cytosol,GO:0005829,cellular component,13,76.0,1.178e-01,6.490e-02,5.158e-02,7.266e-01,2.849e-02,9.658e-02,1.436e-01,4.314e-02,9.763e-02,3.068e-02,8.673e-02
MGI:101863,ALDOC,418,protein binding,GO:0005515,molecular function,13,373.0,1.227e-01,6.490e-02,5.937e-02,7.073e-01,2.626e-02,9.917e-02,1.519e-01,4.314e-02,9.763e-02,3.700e-02,9.528e-02
MGI:101863,ALDOC,418,epithelial cell differentiation,GO:0030855,biological process,13,28.0,1.958e-01,1.526e-01,1.332e-01,5.739e-01,7.433e-02,1.055e-01,3.634e-01,6.795e-02,3.429e-01,4.843e-02,3.663e-01
MGI:1921660,TTLL11,18113,tubulin binding,GO:0015631,molecular function,6,6.0,1.237e-01,1.766e-01,5.049e-02,7.273e-01,4.969e-02,9.728e-02,1.572e-01,9.835e-02,3.172e-01,2.047e-02,1.246e-01
MGI:1921660,TTLL11,18113,tubulin-glutamic acid ligase activity,GO:0070740,molecular function,6,2.0,1.933e-01,2.696e-01,1.413e-01,5.739e-01,4.098e-02,1.332e-01,2.805e-01,1.614e-01,4.505e-01,8.150e-02,2.451e-01
MGI:1921660,TTLL11,18113,protein polyglutamylation,GO:0018095,biological process,6,2.0,2.372e-01,2.653e-01,1.815e-01,5.111e-01,9.182e-02,1.056e-01,5.328e-01,1.407e-01,5.004e-01,6.115e-02,5.387e-01
MGI:1921660,TTLL11,18113,microtubule cytoskeleton organization,GO:0000226,biological process,6,23.0,2.612e-01,3.197e-01,1.987e-01,4.932e-01,9.009e-02,1.184e-01,5.759e-01,1.455e-01,7.022e-01,5.888e-02,6.708e-01
MGI:1921660,TTLL11,18113,cilium,GO:0005929,cellular component,6,7.0,4.074e-01,4.095e-01,3.860e-01,3.677e-01,3.640e-02,2.984e-01,5.562e-01,2.752e-01,6.093e-01,2.718e-01,5.480e-01
MGI:1914291,OXCT1,8527,mitochondrion,GO:0005739,cellular component,6,22.0,1.025e-01,2.970e-02,1.230e-02,8.866e-01,2.122e-02,9.761e-02,1.076e-01,1.711e-02,5.155e-02,5.876e-03,2.576e-02
MGI:1914291,OXCT1,8527,cellular ketone body metabolic process,GO:0046950,biological process,6,5.0,1.028e-01,3.516e-02,3.080e-02,7.938e-01,6.992e-03,9.813e-02,1.077e-01,2.611e-02,4.733e-02,2.716e-02,3.493e-02
MGI:1914291,OXCT1,8527,succinyl-CoA:3-oxo-acid CoA-transferase activity,GO:0008260,molecular function,6,2.0,1.051e-01,3.441e-02,2.678e-02,8.117e-01,2.870e-02,9.528e-02,1.160e-01,2.539e-02,4.663e-02,1.561e-02,4.592e-02
MGI:88038,FABP4,3559,nucleus,GO:0005634,cellular component,9,87.0,1.040e-01,4.497e-02,3.090e-02,7.935e-01,1.396e-02,9.936e-02,1.088e-01,3.278e-02,6.171e-02,2.392e-02,3.992e-02
MGI:88038,FABP4,3559,fatty acid transport,GO:0015908,biological process,9,10.0,1.043e-01,4.497e-02,2.845e-02,8.042e-01,2.014e-02,9.953e-02,1.093e-01,3.278e-02,6.171e-02,1.962e-02,4.126e-02
MGI:88038,FABP4,3559,fatty acid binding,GO:0005504,molecular function,9,8.0,1.048e-01,4.497e-02,3.194e-02,7.890e-01,1.996e-02,1.011e-01,1.086e-01,3.278e-02,6.171e-02,2.204e-02,4.628e-02
MGI:88038,FABP4,3559,cytosol,GO:0005829,cellular component,9,76.0,1.075e-01,4.497e-02,4.052e-02,7.583e-01,1.138e-02,1.045e-01,1.105e-01,3.278e-02,6.171e-02,3.263e-02,5.031e-02
MGI:88038,FABP4,3559,extracellular exosome,GO:0070062,cellular component,9,88.0,1.126e-01,4.633e-02,4.624e-02,7.407e-01,2.032e-02,1.022e-01,1.241e-01,3.196e-02,6.715e-02,3.188e-02,6.708e-02
MGI:1341799,NDRG1,7679,small GTPase binding,GO:0031267,molecular function,21,8.0,1.037e-01,1.188e-01,2.700e-02,8.108e-01,2.091e-02,9.653e-02,1.115e-01,6.791e-02,2.079e-01,1.834e-02,3.975e-02
MGI:1341799,NDRG1,7679,adherens junction,GO:0005912,cellular component,21,9.0,1.097e-01,1.188e-01,3.165e-02,7.879e-01,4.430e-02,9.151e-02,1.314e-01,6.791e-02,2.079e-01,1.362e-02,7.355e-02
MGI:1341799,NDRG1,7679,cadherin binding,GO:0045296,molecular function,21,8.0,1.121e-01,1.188e-01,3.700e-02,7.697e-01,3.846e-02,8.961e-02,1.402e-01,6.791e-02,2.079e-01,1.832e-02,7.471e-02
MGI:1341799,NDRG1,7679,microtubule cytoskeleton,GO:0015630,cellular component,21,6.0,1.121e-01,1.188e-01,3.725e-02,7.688e-01,3.864e-02,8.958e-02,1.404e-01,6.791e-02,2.079e-01,1.843e-02,7.527e-02
MGI:1341799,NDRG1,7679,centrosome,GO:0005813,cellular component,21,11.0,1.152e-01,1.188e-01,5.150e-02,7.273e-01,1.295e-02,1.011e-01,1.312e-01,6.791e-02,2.079e-01,4.079e-02,6.502e-02
MGI:1341799,NDRG1,7679,gamma-tubulin binding,GO:0043015,molecular function,21,2.0,1.217e-01,1.188e-01,6.035e-02,7.060e-01,1.513e-02,1.075e-01,1.378e-01,6.791e-02,2.079e-01,4.606e-02,7.908e-02
MGI:1341799,NDRG1,7679,extracellular exosome,GO:0070062,cellular component,21,88.0,1.330e-01,1.188e-01,6.519e-02,6.915e-01,4.937e-02,9.648e-02,1.834e-01,6.791e-02,2.079e-01,2.752e-02,1.544e-01
MGI:1341799,NDRG1,7679,nucleus,GO:0005634,cellular component,21,87.0,1.361e-01,1.201e-01,7.803e-02,6.689e-01,2.827e-02,1.056e-01,1.754e-01,6.995e-02,2.062e-01,4.899e-02,1.243e-01
MGI:1341799,NDRG1,7679,plasma membrane,GO:0005886,cellular component,21,93.0,1.399e-01,1.188e-01,6.876e-02,6.806e-01,6.394e-02,9.096e-02,2.153e-01,6.791e-02,2.079e-01,2.355e-02,2.007e-01
MGI:1341799,NDRG1,7679,cytosol,GO:0005829,cellular component,21,76.0,1.408e-01,1.188e-01,8.199e-02,6.605e-01,3.574e-02,1.055e-01,1.878e-01,6.791e-02,2.079e-01,4.491e-02,1.497e-01
MGI:1341799,NDRG1,7679,recycling endosome membrane,GO:0055038,cellular component,21,3.0,1.427e-01,1.201e-01,8.575e-02,6.535e-01,3.654e-02,1.031e-01,1.976e-01,6.998e-02,2.062e-01,4.845e-02,1.518e-01
MGI:1341799,NDRG1,7679,"DNA damage response, signal transduction by p53 class mediator",GO:0030330,biological process,21,5.0,1.435e-01,1.225e-01,8.215e-02,6.577e-01,4.805e-02,9.604e-02,2.143e-01,7.391e-02,2.031e-01,3.822e-02,1.766e-01
MGI:1341799,NDRG1,7679,protein binding,GO:0005515,molecular function,21,373.0,1.442e-01,1.188e-01,8.408e-02,6.550e-01,4.319e-02,1.025e-01,2.028e-01,6.791e-02,2.079e-01,4.112e-02,1.719e-01
MGI:1341799,NDRG1,7679,perinuclear region of cytoplasm,GO:0048471,cellular component,21,12.0,1.455e-01,1.216e-01,9.007e-02,6.486e-01,2.251e-02,1.182e-01,1.790e-01,7.231e-02,2.043e-01,6.294e-02,1.289e-01
MGI:1341799,NDRG1,7679,cytoplasm,GO:0005737,cellular component,21,99.0,1.460e-01,1.188e-01,8.820e-02,6.490e-01,3.883e-02,1.060e-01,2.009e-01,6.791e-02,2.079e-01,4.672e-02,1.665e-01
MGI:1341799,NDRG1,7679,microtubule,GO:0005874,cellular component,21,11.0,1.502e-01,1.334e-01,7.310e-02,6.707e-01,6.951e-02,9.958e-02,2.265e-01,7.161e-02,2.486e-01,2.215e-02,2.413e-01
MGI:1341799,NDRG1,7679,microtubule binding,GO:0008017,molecular function,21,8.0,1.651e-01,1.349e-01,1.100e-01,6.153e-01,3.790e-02,1.194e-01,2.283e-01,7.393e-02,2.460e-01,6.096e-02,1.987e-01
MGI:1341799,NDRG1,7679,cellular response to hypoxia,GO:0071456,biological process,21,7.0,1.664e-01,1.368e-01,1.004e-01,6.200e-01,7.186e-02,9.366e-02,2.957e-01,6.508e-02,2.875e-01,3.281e-02,3.072e-01
MGI:1341799,NDRG1,7679,signal transduction,GO:0007165,biological process,21,50.0,2.121e-01,1.629e-01,1.629e-01,5.464e-01,5.193e-02,1.334e-01,3.373e-01,8.011e-02,3.313e-01,8.011e-02,3.313e-01
MGI:2441854,ATOSB,25666,protein binding,GO:0005515,molecular function,4,373.0,1.025e-01,2.240e-02,1.829e-02,8.573e-01,1.645e-02,9.761e-02,1.076e-01,1.813e-02,2.767e-02,1.275e-02,2.626e-02
MGI:2441854,ATOSB,25666,nucleus,GO:0005634,cellular component,4,87.0,1.025e-01,2.240e-02,2.188e-02,8.379e-01,1.030e-02,9.761e-02,1.076e-01,1.813e-02,2.767e-02,1.794e-02,2.669e-02
MGI:2138302,IFI16,5395,activation of cysteine-type endopeptidase activity,GO:0097202,biological process,36,3.0,1.025e-01,5.526e-02,2.544e-03,9.569e-01,5.798e-03,9.761e-02,1.076e-01,3.495e-02,8.738e-02,1.226e-03,5.282e-03
MGI:2138302,IFI16,5395,double-stranded DNA binding,GO:0003690,molecular function,36,11.0,1.025e-01,6.192e-02,1.060e-02,9.077e-01,5.159e-03,9.761e-02,1.076e-01,4.843e-02,7.916e-02,8.749e-03,1.285e-02
MGI:2138302,IFI16,5395,positive regulation of interleukin-1 beta production,GO:0032731,biological process,36,4.0,1.025e-01,6.192e-02,1.152e-02,8.881e-01,2.736e-02,9.761e-02,1.076e-01,4.843e-02,7.916e-02,4.773e-03,2.780e-02
MGI:2138302,IFI16,5395,"negative regulation of gene expression, epigenetic",GO:0045814,biological process,36,5.0,1.025e-01,6.192e-02,1.769e-02,8.608e-01,1.482e-02,9.761e-02,1.076e-01,4.843e-02,7.916e-02,1.255e-02,2.493e-02
MGI:2138302,IFI16,5395,defense response to virus,GO:0051607,biological process,36,14.0,1.025e-01,6.192e-02,1.760e-02,8.602e-01,2.288e-02,9.761e-02,1.076e-01,4.843e-02,7.916e-02,1.098e-02,2.821e-02
MGI:2138302,IFI16,5395,RNA binding,GO:0003723,molecular function,36,46.0,1.025e-01,6.201e-02,2.012e-02,8.414e-01,2.742e-02,9.761e-02,1.076e-01,4.849e-02,7.930e-02,1.076e-02,3.761e-02
MGI:2138302,IFI16,5395,transcription factor binding,GO:0008134,molecular function,36,6.0,1.025e-01,6.494e-02,1.266e-02,8.921e-01,1.395e-02,9.761e-02,1.076e-01,5.507e-02,7.659e-02,8.592e-03,1.866e-02
MGI:2138302,IFI16,5395,monocyte differentiation,GO:0030224,biological process,36,3.0,1.025e-01,6.504e-02,2.929e-02,8.004e-01,5.578e-03,9.761e-02,1.076e-01,5.517e-02,7.667e-02,2.646e-02,3.243e-02
MGI:2138302,IFI16,5395,intrinsic apoptotic signaling pathway by p53 class mediator,GO:0072332,biological process,36,5.0,1.025e-01,6.504e-02,2.892e-02,8.022e-01,1.596e-03,9.762e-02,1.076e-01,5.517e-02,7.667e-02,2.808e-02,2.979e-02
MGI:2138302,IFI16,5395,negative regulation of transcription by RNA polymerase II,GO:0000122,biological process,36,16.0,1.032e-01,6.494e-02,2.772e-02,8.070e-01,2.130e-02,9.885e-02,1.077e-01,5.507e-02,7.659e-02,1.864e-02,4.123e-02
MGI:2138302,IFI16,5395,intrinsic apoptotic signaling pathway in response to DNA damage by p53 class mediator,GO:0042771,biological process,36,3.0,1.032e-01,6.504e-02,3.087e-02,7.935e-01,1.124e-02,9.892e-02,1.077e-01,5.517e-02,7.667e-02,2.519e-02,3.782e-02
MGI:2138302,IFI16,5395,negative regulation of cysteine-type endopeptidase activity,GO:2000117,biological process,36,5.0,1.041e-01,6.192e-02,1.206e-02,8.732e-01,4.769e-02,9.618e-02,1.127e-01,4.843e-02,7.916e-02,3.539e-03,4.112e-02
MGI:2138302,IFI16,5395,positive regulation of transcription by RNA polymerase II,GO:0045944,biological process,36,23.0,1.045e-01,6.192e-02,2.298e-02,8.277e-01,3.387e-02,9.581e-02,1.140e-01,4.843e-02,7.916e-02,1.167e-02,4.523e-02
MGI:2138302,IFI16,5395,activation of innate immune response,GO:0002218,biological process,36,7.0,1.078e-01,6.561e-02,3.439e-02,7.796e-01,2.886e-02,9.725e-02,1.194e-01,5.648e-02,7.620e-02,2.006e-02,5.897e-02
MGI:2138302,IFI16,5395,negative regulation of viral genome replication,GO:0045071,biological process,36,9.0,1.078e-01,6.588e-02,3.752e-02,7.681e-01,2.243e-02,9.470e-02,1.227e-01,5.594e-02,7.759e-02,2.469e-02,5.702e-02
MGI:2138302,IFI16,5395,cellular response to glucose starvation,GO:0042149,biological process,36,4.0,1.085e-01,7.029e-02,3.993e-02,7.602e-01,2.030e-02,9.898e-02,1.190e-01,5.694e-02,8.677e-02,2.735e-02,5.830e-02
MGI:2138302,IFI16,5395,nucleolus,GO:0005730,cellular component,36,8.0,1.087e-01,6.588e-02,4.171e-02,7.546e-01,1.479e-02,9.682e-02,1.219e-01,5.594e-02,7.759e-02,3.162e-02,5.501e-02
MGI:2138302,IFI16,5395,negative regulation of DNA-templated transcription,GO:0045892,biological process,36,24.0,1.104e-01,6.936e-02,4.439e-02,7.467e-01,1.541e-02,1.006e-01,1.211e-01,6.306e-02,7.629e-02,3.317e-02,5.939e-02
MGI:2138302,IFI16,5395,nuclear speck,GO:0016607,cellular component,36,9.0,1.117e-01,6.746e-02,4.554e-02,7.426e-01,1.868e-02,9.522e-02,1.310e-01,5.499e-02,8.275e-02,3.228e-02,6.424e-02
MGI:2138302,IFI16,5395,cellular response to interferon-beta,GO:0035458,biological process,36,3.0,1.128e-01,7.131e-02,4.892e-02,7.345e-01,8.528e-03,1.065e-01,1.193e-01,5.939e-02,8.561e-02,4.175e-02,5.733e-02
MGI:2138302,IFI16,5395,regulation of autophagy,GO:0010506,biological process,36,10.0,1.137e-01,7.234e-02,4.722e-02,7.377e-01,2.321e-02,9.880e-02,1.309e-01,5.633e-02,9.288e-02,3.087e-02,7.223e-02
MGI:2138302,IFI16,5395,negative regulation of innate immune response,GO:0045824,biological process,36,17.0,1.163e-01,7.490e-02,4.242e-02,7.506e-01,4.319e-02,9.226e-02,1.466e-01,5.521e-02,1.016e-01,1.961e-02,9.179e-02
MGI:2138302,IFI16,5395,cellular response to ionizing radiation,GO:0071479,biological process,36,5.0,1.230e-01,7.925e-02,6.039e-02,7.049e-01,2.738e-02,9.661e-02,1.567e-01,5.629e-02,1.116e-01,3.765e-02,9.687e-02
MGI:2138302,IFI16,5395,nucleus,GO:0005634,cellular component,36,87.0,1.247e-01,8.188e-02,6.477e-02,6.968e-01,3.167e-03,1.183e-01,1.314e-01,8.138e-02,8.238e-02,6.140e-02,6.833e-02
MGI:2138302,IFI16,5395,nucleoplasm,GO:0005654,cellular component,36,49.0,1.352e-01,9.156e-02,7.786e-02,6.714e-01,4.879e-03,1.248e-01,1.466e-01,8.299e-02,1.010e-01,7.155e-02,8.474e-02
MGI:2138302,IFI16,5395,negative regulation of DNA binding,GO:0043392,biological process,36,9.0,1.397e-01,9.288e-02,8.297e-02,6.612e-01,1.759e-02,1.173e-01,1.663e-01,7.689e-02,1.122e-01,6.209e-02,1.109e-01
MGI:2138302,IFI16,5395,cytosol,GO:0005829,cellular component,36,76.0,1.424e-01,9.456e-02,8.650e-02,6.562e-01,5.716e-03,1.328e-01,1.528e-01,8.705e-02,1.027e-01,7.893e-02,9.481e-02
MGI:2138302,IFI16,5395,protein binding,GO:0005515,molecular function,36,373.0,1.580e-01,1.081e-01,1.060e-01,6.253e-01,3.362e-03,1.518e-01,1.645e-01,1.014e-01,1.152e-01,1.007e-01,1.116e-01
MGI:2138302,IFI16,5395,membrane,GO:0016020,cellular component,36,60.0,1.596e-01,1.136e-01,1.082e-01,6.207e-01,2.159e-02,1.306e-01,1.951e-01,8.690e-02,1.484e-01,7.849e-02,1.493e-01
MGI:1919254,C1QTNF1,14324,negative regulation of platelet aggregation,GO:0090331,biological process,9,5.0,1.069e-01,2.416e-01,3.442e-02,7.793e-01,2.771e-02,9.966e-02,1.148e-01,1.478e-01,3.947e-01,2.052e-02,5.773e-02
MGI:1919254,C1QTNF1,14324,collagen binding,GO:0005518,molecular function,9,6.0,1.473e-01,2.472e-01,8.419e-02,6.542e-01,4.658e-02,1.061e-01,2.045e-01,1.544e-01,3.957e-01,3.922e-02,1.807e-01
MGI:1919254,C1QTNF1,14324,negative regulation of platelet activation,GO:0010544,biological process,9,5.0,1.605e-01,2.512e-01,1.006e-01,6.264e-01,5.042e-02,1.050e-01,2.454e-01,1.597e-01,3.951e-01,4.799e-02,2.109e-01
MGI:1919254,C1QTNF1,14324,positive regulation of cytosolic calcium ion concentration,GO:0007204,biological process,9,10.0,1.862e-01,2.694e-01,1.369e-01,5.798e-01,3.843e-02,1.309e-01,2.650e-01,1.811e-01,4.008e-01,7.817e-02,2.398e-01
MGI:1919254,C1QTNF1,14324,extracellular space,GO:0005615,cellular component,9,55.0,2.353e-01,3.263e-01,1.966e-01,5.184e-01,1.687e-02,2.032e-01,2.726e-01,2.423e-01,4.395e-01,1.588e-01,2.435e-01
MGI:1919254,C1QTNF1,14324,plasma membrane,GO:0005886,cellular component,9,93.0,2.759e-01,3.371e-01,2.371e-01,4.771e-01,4.223e-02,1.892e-01,4.022e-01,2.439e-01,4.660e-01,1.409e-01,3.991e-01
MGI:1919254,C1QTNF1,14324,protein binding,GO:0005515,molecular function,9,373.0,3.159e-01,3.556e-01,2.879e-01,4.392e-01,2.680e-02,2.471e-01,4.038e-01,2.739e-01,4.615e-01,2.145e-01,3.865e-01
MGI:1919254,C1QTNF1,14324,positive regulation of aldosterone secretion,GO:2000860,biological process,9,3.0,3.693e-01,4.125e-01,3.403e-01,3.910e-01,6.196e-02,2.257e-01,6.044e-01,2.522e-01,6.747e-01,1.938e-01,5.974e-01
MGI:1919254,C1QTNF1,14324,positive regulation of gene expression,GO:0010628,biological process,9,28.0,4.935e-01,4.777e-01,4.777e-01,3.067e-01,4.416e-02,3.565e-01,6.831e-01,3.346e-01,6.821e-01,3.346e-01,6.821e-01
MGI:2148252,ZNF616,28062,"DNA-binding transcription factor activity, RNA polymerase II-specific",GO:0000981,molecular function,4,20.0,1.025e-01,3.039e-02,1.943e-02,8.525e-01,6.149e-03,9.761e-02,1.076e-01,2.581e-02,3.579e-02,1.724e-02,2.191e-02
MGI:2148252,ZNF616,28062,regulation of transcription by RNA polymerase II,GO:0006357,biological process,4,27.0,1.025e-01,3.039e-02,1.983e-02,8.490e-01,1.557e-02,9.761e-02,1.076e-01,2.581e-02,3.579e-02,1.461e-02,2.692e-02
MGI:2148252,ZNF616,28062,RNA polymerase II cis-regulatory region sequence-specific DNA binding,GO:0000978,molecular function,4,27.0,1.025e-01,3.039e-02,2.032e-02,8.472e-01,3.471e-03,9.761e-02,1.076e-01,2.581e-02,3.579e-02,1.906e-02,2.166e-02
MGI:2148252,ZNF616,28062,nucleus,GO:0005634,cellular component,4,87.0,1.204e-01,5.905e-02,5.905e-02,7.094e-01,5.978e-03,1.100e-01,1.319e-01,5.314e-02,6.561e-02,5.314e-02,6.561e-02
MGI:1914954,C4orf3,19225,,,,1,nan,,,,,,,,,,,
MGI:1316649,SPHK1,11240,response to tumor necrosis factor,GO:0034612,biological process,50,3.0,1.025e-01,8.433e-02,7.096e-03,9.048e-01,3.554e-02,9.761e-02,1.076e-01,5.724e-02,1.242e-01,1.806e-03,2.789e-02
MGI:1316649,SPHK1,11240,cellular response to vascular endothelial growth factor stimulus,GO:0035924,biological process,50,3.0,1.025e-01,8.433e-02,1.746e-02,8.639e-01,1.029e-02,9.761e-02,1.076e-01,5.724e-02,1.242e-01,1.408e-02,2.164e-02
MGI:1316649,SPHK1,11240,protein phosphatase 2A binding,GO:0051721,molecular function,50,2.0,1.025e-01,8.544e-02,1.336e-02,8.594e-01,3.854e-02,9.761e-02,1.076e-01,5.880e-02,1.241e-01,3.432e-03,5.200e-02
MGI:1316649,SPHK1,11240,calmodulin binding,GO:0005516,molecular function,50,4.0,1.025e-01,8.544e-02,1.831e-02,8.580e-01,1.555e-02,9.761e-02,1.076e-01,5.880e-02,1.241e-01,1.323e-02,2.533e-02
MGI:1316649,SPHK1,11240,positive regulation of fibroblast proliferation,GO:0048146,biological process,50,7.0,1.026e-01,8.433e-02,2.114e-02,8.377e-01,2.672e-02,9.776e-02,1.076e-01,5.724e-02,1.242e-01,1.209e-02,3.696e-02
MGI:1316649,SPHK1,11240,positive regulation of peptidyl-threonine phosphorylation,GO:0010800,biological process,50,3.0,1.026e-01,8.433e-02,2.205e-02,8.337e-01,2.389e-02,9.776e-02,1.076e-01,5.724e-02,1.242e-01,1.344e-02,3.619e-02
MGI:1316649,SPHK1,11240,cellular response to growth factor stimulus,GO:0071363,biological process,50,13.0,1.030e-01,8.531e-02,2.664e-02,8.119e-01,2.275e-02,9.846e-02,1.078e-01,5.662e-02,1.285e-01,1.733e-02,4.095e-02
MGI:1316649,SPHK1,11240,sphinganine kinase activity,GO:0008481,molecular function,50,3.0,1.041e-01,8.433e-02,1.959e-02,8.433e-01,3.659e-02,1.001e-01,1.084e-01,5.724e-02,1.242e-01,8.951e-03,4.289e-02
MGI:1316649,SPHK1,11240,D-erythro-sphingosine kinase activity,GO:0017050,molecular function,50,3.0,1.043e-01,8.433e-02,1.965e-02,8.425e-01,3.788e-02,1.002e-01,1.085e-01,5.724e-02,1.242e-01,8.732e-03,4.421e-02
MGI:1316649,SPHK1,11240,sphingosine metabolic process,GO:0006670,biological process,50,6.0,1.055e-01,8.531e-02,2.177e-02,8.340e-01,4.002e-02,9.961e-02,1.117e-01,5.662e-02,1.285e-01,9.901e-03,4.785e-02
MGI:1316649,SPHK1,11240,positive regulation of p38MAPK cascade,GO:1900745,biological process,50,4.0,1.096e-01,8.531e-02,3.389e-02,7.803e-01,3.925e-02,9.950e-02,1.207e-01,5.662e-02,1.285e-01,1.618e-02,7.100e-02
MGI:1316649,SPHK1,11240,positive regulation of mitotic cell cycle,GO:0045931,biological process,50,9.0,1.100e-01,8.643e-02,4.375e-02,7.488e-01,1.706e-02,1.045e-01,1.157e-01,5.816e-02,1.285e-01,3.178e-02,6.023e-02
MGI:1316649,SPHK1,11240,positive regulation of NF-kappaB transcription factor activity,GO:0051092,biological process,50,6.0,1.101e-01,8.917e-02,4.243e-02,7.520e-01,2.265e-02,1.013e-01,1.196e-01,6.157e-02,1.291e-01,2.796e-02,6.439e-02
MGI:1316649,SPHK1,11240,positive regulation of protein ubiquitination,GO:0031398,biological process,50,8.0,1.137e-01,9.247e-02,4.378e-02,7.479e-01,3.166e-02,1.016e-01,1.271e-01,6.507e-02,1.314e-01,2.448e-02,7.829e-02
MGI:1316649,SPHK1,11240,intracellular membrane-bounded organelle,GO:0043231,cellular component,50,58.0,1.148e-01,9.281e-02,4.139e-02,7.550e-01,3.999e-02,9.778e-02,1.349e-01,6.568e-02,1.312e-01,1.986e-02,8.627e-02
MGI:1316649,SPHK1,11240,clathrin-coated pit,GO:0005905,cellular component,50,3.0,1.184e-01,9.736e-02,4.805e-02,7.356e-01,3.620e-02,9.964e-02,1.406e-01,6.922e-02,1.370e-01,2.480e-02,9.309e-02
MGI:1316649,SPHK1,11240,positive regulation of smooth muscle contraction,GO:0045987,biological process,50,8.0,1.205e-01,8.881e-02,5.043e-02,7.291e-01,3.864e-02,1.028e-01,1.411e-01,6.114e-02,1.290e-01,2.503e-02,1.016e-01
MGI:1316649,SPHK1,11240,membrane,GO:0016020,cellular component,50,60.0,1.210e-01,1.012e-01,5.540e-02,7.163e-01,3.323e-02,9.455e-02,1.548e-01,7.088e-02,1.444e-01,3.062e-02,1.002e-01
MGI:1316649,SPHK1,11240,phosphorylation,GO:0016310,biological process,50,10.0,1.215e-01,8.578e-02,3.285e-02,7.802e-01,7.055e-02,8.853e-02,1.668e-01,5.632e-02,1.307e-01,9.323e-03,1.158e-01
MGI:1316649,SPHK1,11240,magnesium ion binding,GO:0000287,molecular function,50,5.0,1.216e-01,9.208e-02,5.174e-02,7.235e-01,4.353e-02,9.217e-02,1.605e-01,6.410e-02,1.323e-01,2.421e-02,1.106e-01
MGI:1316649,SPHK1,11240,lipid binding,GO:0008289,molecular function,50,16.0,1.240e-01,8.691e-02,5.538e-02,7.142e-01,4.412e-02,9.291e-02,1.655e-01,5.785e-02,1.306e-01,2.587e-02,1.186e-01
MGI:1316649,SPHK1,11240,calcium-mediated signaling,GO:0019722,biological process,50,12.0,1.241e-01,1.072e-01,6.234e-02,7.016e-01,1.890e-02,1.088e-01,1.416e-01,8.906e-02,1.290e-01,4.476e-02,8.683e-02
MGI:1316649,SPHK1,11240,negative regulation of ceramide biosynthetic process,GO:1900060,biological process,50,5.0,1.248e-01,9.644e-02,6.140e-02,7.027e-01,2.562e-02,1.036e-01,1.504e-01,6.864e-02,1.355e-01,3.922e-02,9.612e-02
MGI:1316649,SPHK1,11240,early endosome membrane,GO:0031901,cellular component,50,5.0,1.258e-01,9.736e-02,5.844e-02,7.083e-01,3.712e-02,9.944e-02,1.590e-01,6.922e-02,1.370e-01,3.008e-02,1.135e-01
MGI:1316649,SPHK1,11240,regulation of tumor necrosis factor-mediated signaling pathway,GO:0010803,biological process,50,4.0,1.259e-01,9.714e-02,5.091e-02,7.265e-01,5.126e-02,1.074e-01,1.476e-01,6.848e-02,1.378e-01,1.999e-02,1.297e-01
MGI:1316649,SPHK1,11240,sphingosine biosynthetic process,GO:0046512,biological process,50,5.0,1.265e-01,9.533e-02,6.053e-02,7.026e-01,3.875e-02,9.590e-02,1.668e-01,6.715e-02,1.353e-01,3.104e-02,1.180e-01
MGI:1316649,SPHK1,11240,plasma membrane,GO:0005886,cellular component,50,93.0,1.281e-01,9.834e-02,6.708e-02,6.913e-01,1.965e-02,1.089e-01,1.507e-01,7.116e-02,1.359e-01,4.764e-02,9.447e-02
MGI:1316649,SPHK1,11240,ATP binding,GO:0005524,molecular function,50,6.0,1.299e-01,1.041e-01,7.111e-02,6.833e-01,1.742e-02,1.086e-01,1.555e-01,7.675e-02,1.413e-01,5.310e-02,9.522e-02
MGI:1316649,SPHK1,11240,positive regulation of angiogenesis,GO:0045766,biological process,50,12.0,1.300e-01,9.861e-02,6.049e-02,7.031e-01,4.491e-02,9.984e-02,1.692e-01,6.989e-02,1.391e-01,2.713e-02,1.349e-01
MGI:1316649,SPHK1,11240,sphingosine-1-phosphate receptor activity,GO:0038036,molecular function,50,2.0,1.317e-01,9.861e-02,6.939e-02,6.857e-01,2.817e-02,1.058e-01,1.640e-01,6.989e-02,1.391e-01,4.231e-02,1.138e-01
MGI:1316649,SPHK1,11240,positive regulation of cell migration,GO:0030335,biological process,50,36.0,1.320e-01,9.859e-02,7.023e-02,6.841e-01,2.736e-02,1.062e-01,1.641e-01,6.988e-02,1.391e-01,4.379e-02,1.127e-01
MGI:1316649,SPHK1,11240,protein binding,GO:0005515,molecular function,50,373.0,1.365e-01,1.032e-01,7.775e-02,6.700e-01,2.395e-02,1.100e-01,1.694e-01,7.409e-02,1.438e-01,5.160e-02,1.171e-01
MGI:1316649,SPHK1,11240,positive regulation of non-canonical NF-kappaB signal transduction,GO:1901224,biological process,50,6.0,1.419e-01,1.108e-01,8.195e-02,6.617e-01,2.975e-02,1.192e-01,1.689e-01,9.043e-02,1.358e-01,4.946e-02,1.358e-01
MGI:1316649,SPHK1,11240,cytoplasm,GO:0005737,cellular component,50,99.0,1.443e-01,1.044e-01,8.637e-02,6.546e-01,2.688e-02,1.141e-01,1.823e-01,7.648e-02,1.426e-01,5.577e-02,1.337e-01
MGI:1316649,SPHK1,11240,cytosol,GO:0005829,cellular component,50,76.0,1.487e-01,1.053e-01,9.257e-02,6.443e-01,2.523e-02,1.180e-01,1.874e-01,7.679e-02,1.443e-01,6.128e-02,1.398e-01
MGI:1316649,SPHK1,11240,DNA binding,GO:0003677,molecular function,50,23.0,1.585e-01,1.211e-01,1.066e-01,6.244e-01,5.633e-03,1.516e-01,1.656e-01,1.130e-01,1.297e-01,9.771e-02,1.162e-01
MGI:1316649,SPHK1,11240,positive regulation of cell growth,GO:0030307,biological process,50,15.0,1.632e-01,1.369e-01,9.028e-02,6.336e-01,8.162e-02,8.649e-02,3.078e-01,6.299e-02,2.975e-01,2.570e-02,3.171e-01
MGI:1316649,SPHK1,11240,negative regulation of apoptotic process,GO:0043066,biological process,50,31.0,2.022e-01,1.650e-01,1.565e-01,5.569e-01,3.737e-02,1.429e-01,2.861e-01,1.011e-01,2.691e-01,9.308e-02,2.630e-01
MGI:1316649,SPHK1,11240,regulation of endocytosis,GO:0030100,biological process,50,12.0,2.858e-01,2.539e-01,2.539e-01,4.657e-01,3.094e-02,2.155e-01,3.790e-01,1.762e-01,3.658e-01,1.762e-01,3.658e-01
MGI:99607,ABCA1,29,apolipoprotein binding,GO:0034185,molecular function,51,3.0,1.025e-01,6.639e-02,3.700e-03,9.495e-01,4.097e-03,9.761e-02,1.076e-01,5.281e-02,8.346e-02,2.578e-03,5.311e-03
MGI:99607,ABCA1,29,apolipoprotein A-I binding,GO:0034186,molecular function,51,2.0,1.025e-01,6.737e-02,8.140e-03,9.228e-01,2.780e-03,9.761e-02,1.076e-01,5.208e-02,8.716e-02,7.114e-03,9.314e-03
MGI:99607,ABCA1,29,phosphatidylserine floppase activity,GO:0090556,molecular function,51,3.0,1.025e-01,6.737e-02,1.035e-02,9.067e-01,1.052e-02,9.761e-02,1.076e-01,5.208e-02,8.716e-02,6.754e-03,1.586e-02
MGI:99607,ABCA1,29,floppase activity,GO:0140328,molecular function,51,9.0,1.025e-01,6.737e-02,1.733e-02,8.636e-01,1.700e-02,9.761e-02,1.076e-01,5.208e-02,8.716e-02,1.216e-02,2.468e-02
MGI:99607,ABCA1,29,phagocytic vesicle,GO:0045335,cellular component,51,7.0,1.025e-01,6.737e-02,1.755e-02,8.628e-01,1.299e-02,9.761e-02,1.076e-01,5.208e-02,8.716e-02,1.333e-02,2.310e-02
MGI:99607,ABCA1,29,small GTPase binding,GO:0031267,molecular function,51,8.0,1.025e-01,6.737e-02,2.624e-02,8.144e-01,1.519e-02,9.762e-02,1.076e-01,5.208e-02,8.716e-02,1.973e-02,3.489e-02
MGI:99607,ABCA1,29,phosphatidylcholine floppase activity,GO:0090554,molecular function,51,3.0,1.037e-01,6.737e-02,2.438e-02,8.210e-01,2.970e-02,9.918e-02,1.085e-01,5.208e-02,8.716e-02,1.351e-02,4.399e-02
MGI:99607,ABCA1,29,intracellular cholesterol transport,GO:0032367,biological process,51,5.0,1.042e-01,6.954e-02,3.329e-02,7.837e-01,1.228e-02,9.615e-02,1.128e-01,5.544e-02,8.723e-02,2.654e-02,4.176e-02
MGI:99607,ABCA1,29,syntaxin binding,GO:0019905,molecular function,51,4.0,1.045e-01,6.737e-02,2.482e-02,8.207e-01,2.922e-02,9.961e-02,1.097e-01,5.208e-02,8.716e-02,1.426e-02,4.320e-02
MGI:99607,ABCA1,29,cholesterol homeostasis,GO:0042632,biological process,51,2.0,1.046e-01,6.843e-02,3.320e-02,7.842e-01,1.529e-02,9.925e-02,1.103e-01,5.344e-02,8.763e-02,2.509e-02,4.395e-02
MGI:99607,ABCA1,29,ATPase binding,GO:0051117,molecular function,51,4.0,1.049e-01,7.100e-02,2.740e-02,8.089e-01,2.700e-02,1.005e-01,1.095e-01,5.744e-02,8.776e-02,1.655e-02,4.535e-02
MGI:99607,ABCA1,29,phospholipid homeostasis,GO:0055091,biological process,51,2.0,1.049e-01,6.996e-02,1.306e-02,8.627e-01,5.038e-02,1.005e-01,1.095e-01,5.818e-02,8.412e-02,3.236e-03,5.274e-02
MGI:99607,ABCA1,29,intracellular membrane-bounded organelle,GO:0043231,cellular component,51,58.0,1.054e-01,7.100e-02,1.957e-02,8.409e-01,4.363e-02,1.005e-01,1.106e-01,5.744e-02,8.776e-02,7.663e-03,4.998e-02
MGI:99607,ABCA1,29,response to laminar fluid shear stress,GO:0034616,biological process,51,3.0,1.060e-01,7.100e-02,3.313e-02,7.848e-01,2.223e-02,1.004e-01,1.119e-01,5.744e-02,8.776e-02,2.192e-02,5.009e-02
MGI:99607,ABCA1,29,sphingolipid floppase activity,GO:0046623,molecular function,51,4.0,1.061e-01,6.737e-02,3.291e-02,7.857e-01,2.338e-02,9.942e-02,1.131e-01,5.208e-02,8.716e-02,2.130e-02,5.083e-02
MGI:99607,ABCA1,29,intracellular vesicle,GO:0097708,cellular component,51,5.0,1.061e-01,6.737e-02,2.695e-02,8.109e-01,3.334e-02,9.941e-02,1.133e-01,5.208e-02,8.716e-02,1.443e-02,5.033e-02
MGI:99607,ABCA1,29,reverse cholesterol transport,GO:0043691,biological process,51,2.0,1.067e-01,6.843e-02,3.489e-02,7.778e-01,2.355e-02,9.960e-02,1.143e-01,5.344e-02,8.763e-02,2.247e-02,5.420e-02
MGI:99607,ABCA1,29,cholesterol efflux,GO:0033344,biological process,51,2.0,1.071e-01,6.843e-02,3.493e-02,7.776e-01,2.489e-02,9.949e-02,1.153e-01,5.344e-02,8.763e-02,2.189e-02,5.573e-02
MGI:99607,ABCA1,29,endocytic vesicle,GO:0030139,cellular component,51,6.0,1.076e-01,7.090e-02,3.488e-02,7.777e-01,2.731e-02,9.977e-02,1.160e-01,5.680e-02,8.850e-02,2.095e-02,5.809e-02
MGI:99607,ABCA1,29,adenylate cyclase-activating G protein-coupled receptor signaling pathway,GO:0007189,biological process,51,7.0,1.086e-01,7.476e-02,2.516e-02,8.081e-01,5.035e-02,9.241e-02,1.275e-01,6.017e-02,9.289e-02,8.385e-03,7.547e-02
MGI:99607,ABCA1,29,endosome,GO:0005768,cellular component,51,15.0,1.107e-01,7.398e-02,4.540e-02,7.436e-01,1.659e-02,1.016e-01,1.207e-01,6.213e-02,8.808e-02,3.337e-02,6.177e-02
MGI:99607,ABCA1,29,cholesterol metabolic process,GO:0008203,biological process,51,7.0,1.114e-01,7.067e-02,3.011e-02,7.867e-01,5.230e-02,9.943e-02,1.248e-01,5.536e-02,9.021e-02,9.728e-03,9.317e-02
MGI:99607,ABCA1,29,phospholipid efflux,GO:0033700,biological process,51,2.0,1.122e-01,7.035e-02,2.960e-02,7.968e-01,4.976e-02,9.527e-02,1.322e-01,4.999e-02,9.902e-02,1.169e-02,7.495e-02
MGI:99607,ABCA1,29,membrane raft,GO:0045121,cellular component,51,11.0,1.141e-01,7.747e-02,4.956e-02,7.317e-01,1.944e-02,1.023e-01,1.273e-01,6.602e-02,9.090e-02,3.474e-02,7.071e-02
MGI:99607,ABCA1,29,ATP binding,GO:0005524,molecular function,51,6.0,1.150e-01,7.391e-02,4.088e-02,7.566e-01,4.097e-02,1.033e-01,1.280e-01,5.538e-02,9.864e-02,1.914e-02,8.730e-02
MGI:99607,ABCA1,29,regulation of Cdc42 protein signal transduction,GO:0032489,biological process,51,2.0,1.165e-01,7.261e-02,3.760e-02,7.661e-01,5.022e-02,9.209e-02,1.474e-01,4.850e-02,1.087e-01,1.526e-02,9.261e-02
MGI:99607,ABCA1,29,phosphatidylcholine binding,GO:0031210,molecular function,51,3.0,1.183e-01,7.574e-02,3.818e-02,7.608e-01,5.642e-02,1.045e-01,1.339e-01,5.703e-02,1.006e-01,1.259e-02,1.158e-01
MGI:99607,ABCA1,29,phospholipid translocation,GO:0045332,biological process,51,7.0,1.184e-01,7.384e-02,3.882e-02,7.597e-01,5.667e-02,9.334e-02,1.502e-01,4.981e-02,1.095e-01,1.361e-02,1.107e-01
MGI:99607,ABCA1,29,platelet dense granule organization,GO:0060155,biological process,51,2.0,1.188e-01,8.672e-02,5.172e-02,7.251e-01,3.551e-02,9.171e-02,1.539e-01,6.537e-02,1.151e-01,2.753e-02,9.718e-02
MGI:99607,ABCA1,29,phospholipid transporter activity,GO:0005548,molecular function,51,11.0,1.192e-01,7.462e-02,4.127e-02,7.533e-01,5.334e-02,9.012e-02,1.578e-01,4.726e-02,1.178e-01,1.611e-02,1.057e-01
MGI:99607,ABCA1,29,plasma membrane,GO:0005886,cellular component,51,93.0,1.211e-01,7.847e-02,5.908e-02,7.089e-01,1.662e-02,1.133e-01,1.294e-01,6.458e-02,9.535e-02,4.388e-02,7.953e-02
MGI:99607,ABCA1,29,endosomal transport,GO:0016197,biological process,51,10.0,1.226e-01,8.287e-02,4.691e-02,7.369e-01,5.391e-02,9.439e-02,1.593e-01,5.675e-02,1.210e-01,1.760e-02,1.250e-01
MGI:99607,ABCA1,29,ATPase-coupled transmembrane transporter activity,GO:0042626,molecular function,51,17.0,1.263e-01,8.156e-02,4.596e-02,7.366e-01,6.387e-02,9.728e-02,1.640e-01,5.341e-02,1.245e-01,1.428e-02,1.479e-01
MGI:99607,ABCA1,29,apolipoprotein A-I receptor activity,GO:0034188,molecular function,51,3.0,1.274e-01,9.409e-02,5.865e-02,7.073e-01,4.500e-02,9.759e-02,1.664e-01,7.812e-02,1.133e-01,2.620e-02,1.313e-01
MGI:99607,ABCA1,29,cholesterol transfer activity,GO:0120020,molecular function,51,2.0,1.276e-01,8.215e-02,6.168e-02,6.998e-01,4.038e-02,9.528e-02,1.709e-01,5.263e-02,1.282e-01,3.119e-02,1.220e-01
MGI:99607,ABCA1,29,signal release,GO:0023061,biological process,51,12.0,1.292e-01,9.056e-02,6.585e-02,6.922e-01,3.237e-02,1.005e-01,1.662e-01,6.726e-02,1.219e-01,3.696e-02,1.173e-01
MGI:99607,ABCA1,29,lysosome organization,GO:0007040,biological process,51,4.0,1.347e-01,9.486e-02,7.479e-02,6.747e-01,3.031e-02,1.031e-01,1.760e-01,6.562e-02,1.371e-01,4.511e-02,1.240e-01
MGI:99607,ABCA1,29,protein binding,GO:0005515,molecular function,51,373.0,1.379e-01,9.025e-02,7.334e-02,6.752e-01,4.228e-02,1.051e-01,1.809e-01,6.025e-02,1.352e-01,3.555e-02,1.513e-01
MGI:99607,ABCA1,29,perinuclear region of cytoplasm,GO:0048471,cellular component,51,12.0,1.424e-01,9.627e-02,8.372e-02,6.587e-01,2.791e-02,1.125e-01,1.803e-01,6.874e-02,1.348e-01,5.353e-02,1.309e-01
MGI:99607,ABCA1,29,high-density lipoprotein particle assembly,GO:0034380,biological process,51,2.0,1.476e-01,1.072e-01,9.285e-02,6.456e-01,6.821e-03,1.424e-01,1.529e-01,1.053e-01,1.092e-01,8.336e-02,1.034e-01
MGI:99607,ABCA1,29,protein secretion,GO:0009306,biological process,51,24.0,1.492e-01,1.108e-01,8.583e-02,6.481e-01,5.920e-02,9.201e-02,2.421e-01,5.929e-02,2.071e-01,3.364e-02,2.190e-01
MGI:99607,ABCA1,29,signaling receptor binding,GO:0005102,molecular function,51,66.0,1.860e-01,1.618e-01,9.695e-02,6.177e-01,9.653e-02,9.986e-02,3.463e-01,8.594e-02,3.046e-01,2.012e-02,4.672e-01
MGI:99607,ABCA1,29,G protein-coupled receptor signaling pathway,GO:0007186,biological process,51,48.0,2.216e-01,1.922e-01,1.437e-01,5.397e-01,1.150e-01,8.578e-02,5.726e-01,6.737e-02,5.481e-01,3.242e-02,6.371e-01
MGI:1914930,SDHB,10681,mitochondrion,GO:0005739,cellular component,17,22.0,1.025e-01,1.578e-02,3.066e-03,9.543e-01,2.683e-03,9.761e-02,1.076e-01,9.882e-03,2.519e-02,2.315e-03,4.059e-03
MGI:1914930,SDHB,10681,mitochondrial membrane,GO:0031966,cellular component,17,7.0,1.025e-01,1.676e-02,4.514e-03,9.385e-01,1.269e-02,9.761e-02,1.076e-01,1.092e-02,2.572e-02,1.514e-03,1.346e-02
MGI:1914930,SDHB,10681,nucleoplasm,GO:0005654,cellular component,17,49.0,1.025e-01,1.988e-02,1.346e-02,8.780e-01,2.295e-02,9.761e-02,1.076e-01,1.238e-02,3.191e-02,6.255e-03,2.897e-02
MGI:1914930,SDHB,10681,plasma membrane,GO:0005886,cellular component,17,93.0,1.025e-01,1.994e-02,1.304e-02,8.729e-01,3.149e-02,9.761e-02,1.076e-01,1.237e-02,3.213e-02,4.598e-03,3.699e-02
MGI:1914930,SDHB,10681,protein binding,GO:0005515,molecular function,17,373.0,1.025e-01,1.994e-02,1.306e-02,8.695e-01,3.222e-02,9.761e-02,1.076e-01,1.237e-02,3.213e-02,4.221e-03,4.042e-02
MGI:1914930,SDHB,10681,succinate dehydrogenase (ubiquinone) activity,GO:0008177,molecular function,17,2.0,1.025e-01,2.083e-02,1.049e-02,8.967e-01,2.254e-02,9.761e-02,1.076e-01,1.267e-02,3.426e-02,4.539e-03,2.426e-02
MGI:1914930,SDHB,10681,respiratory electron transport chain,GO:0022904,biological process,17,7.0,1.417e-01,5.189e-02,3.427e-02,7.573e-01,1.089e-01,7.718e-02,2.603e-01,1.201e-02,2.243e-01,5.321e-03,2.207e-01
MGI:1914930,SDHB,10681,aerobic respiration,GO:0009060,biological process,17,12.0,1.423e-01,5.696e-02,5.077e-02,7.139e-01,9.323e-02,7.692e-02,2.631e-01,1.446e-02,2.244e-01,1.127e-02,2.287e-01
MGI:1930704,BHLHE41,16617,E-box binding,GO:0070888,molecular function,15,2.0,1.025e-01,5.897e-02,1.301e-02,8.906e-01,1.227e-02,9.761e-02,1.076e-01,4.123e-02,8.434e-02,9.137e-03,1.852e-02
MGI:1930704,BHLHE41,16617,"DNA-binding transcription repressor activity, RNA polymerase II-specific",GO:0001227,molecular function,15,6.0,1.025e-01,5.897e-02,1.426e-02,8.791e-01,1.922e-02,9.761e-02,1.076e-01,4.123e-02,8.434e-02,8.520e-03,2.387e-02
MGI:1930704,BHLHE41,16617,negative regulation of transcription by RNA polymerase II,GO:0000122,biological process,15,16.0,1.025e-01,5.897e-02,2.187e-02,8.380e-01,6.773e-03,9.761e-02,1.076e-01,4.123e-02,8.434e-02,1.921e-02,2.490e-02
MGI:1930704,BHLHE41,16617,"DNA-binding transcription factor activity, RNA polymerase II-specific",GO:0000981,molecular function,15,20.0,1.032e-01,6.094e-02,2.757e-02,8.073e-01,2.404e-02,9.722e-02,1.095e-01,4.178e-02,8.889e-02,1.753e-02,4.334e-02
MGI:1930704,BHLHE41,16617,sequence-specific double-stranded DNA binding,GO:1990837,molecular function,15,22.0,1.034e-01,5.983e-02,2.364e-02,8.263e-01,2.652e-02,9.685e-02,1.103e-01,4.069e-02,8.798e-02,1.423e-02,3.926e-02
MGI:1930704,BHLHE41,16617,bHLH transcription factor binding,GO:0043425,molecular function,15,3.0,1.041e-01,6.594e-02,2.479e-02,8.210e-01,2.683e-02,9.947e-02,1.090e-01,5.119e-02,8.493e-02,1.493e-02,4.116e-02
MGI:1930704,BHLHE41,16617,RNA polymerase II cis-regulatory region sequence-specific DNA binding,GO:0000978,molecular function,15,27.0,1.046e-01,6.094e-02,2.965e-02,7.988e-01,2.336e-02,9.579e-02,1.141e-01,4.178e-02,8.889e-02,1.915e-02,4.590e-02
MGI:1930704,BHLHE41,16617,regulation of transcription by RNA polymerase II,GO:0006357,biological process,15,27.0,1.100e-01,6.227e-02,3.245e-02,7.850e-01,4.324e-02,9.143e-02,1.324e-01,4.102e-02,9.451e-02,1.433e-02,7.344e-02
MGI:1930704,BHLHE41,16617,protein heterodimerization activity,GO:0046982,molecular function,15,4.0,1.184e-01,8.596e-02,5.382e-02,7.209e-01,2.518e-02,1.016e-01,1.381e-01,6.113e-02,1.209e-01,3.400e-02,8.517e-02
MGI:1930704,BHLHE41,16617,regulation of neurogenesis,GO:0050767,biological process,15,7.0,1.256e-01,9.187e-02,6.574e-02,6.947e-01,3.748e-03,1.204e-01,1.311e-01,7.480e-02,1.128e-01,6.165e-02,7.011e-02
MGI:1930704,BHLHE41,16617,anterior/posterior pattern specification,GO:0009952,biological process,15,17.0,1.435e-01,9.721e-02,8.656e-02,6.556e-01,1.292e-02,1.330e-01,1.549e-01,7.900e-02,1.196e-01,7.032e-02,1.066e-01
MGI:1930704,BHLHE41,16617,nucleus,GO:0005634,cellular component,15,87.0,1.541e-01,1.141e-01,1.004e-01,6.311e-01,2.854e-02,1.199e-01,1.979e-01,7.296e-02,1.784e-01,6.386e-02,1.579e-01
MGI:1930704,BHLHE41,16617,circadian regulation of gene expression,GO:0032922,biological process,15,5.0,1.542e-01,1.145e-01,9.956e-02,6.316e-01,3.456e-02,1.141e-01,2.083e-01,7.278e-02,1.802e-01,5.778e-02,1.716e-01
MGI:1930704,BHLHE41,16617,protein binding,GO:0005515,molecular function,15,373.0,1.849e-01,1.356e-01,1.356e-01,5.822e-01,3.461e-02,1.368e-01,2.500e-01,8.141e-02,2.259e-01,8.141e-02,2.259e-01
MGI:1914500,UBE2L6,12490,ubiquitin protein ligase binding,GO:0031625,molecular function,15,4.0,1.025e-01,3.722e-02,6.863e-03,9.294e-01,5.171e-03,9.761e-02,1.076e-01,3.409e-02,4.065e-02,5.127e-03,9.187e-03
MGI:1914500,UBE2L6,12490,ubiquitin-dependent protein catabolic process,GO:0006511,biological process,15,5.0,1.025e-01,3.722e-02,1.660e-02,8.704e-01,5.595e-03,9.761e-02,1.076e-01,3.409e-02,4.065e-02,1.463e-02,1.882e-02
MGI:1914500,UBE2L6,12490,ISG15-protein conjugation,GO:0032020,biological process,15,2.0,1.025e-01,3.722e-02,2.065e-02,8.443e-01,1.219e-02,9.761e-02,1.076e-01,3.409e-02,4.065e-02,1.612e-02,2.646e-02
MGI:1914500,UBE2L6,12490,ubiquitin conjugating enzyme activity,GO:0061631,molecular function,15,3.0,1.025e-01,4.032e-02,2.296e-02,8.308e-01,1.945e-02,9.761e-02,1.076e-01,3.454e-02,4.706e-02,1.582e-02,3.332e-02
MGI:1914500,UBE2L6,12490,protein polyubiquitination,GO:0000209,biological process,15,10.0,1.026e-01,3.901e-02,1.852e-02,8.550e-01,2.316e-02,9.774e-02,1.076e-01,3.262e-02,4.665e-02,1.163e-02,2.952e-02
MGI:1914500,UBE2L6,12490,ubiquitin binding,GO:0043130,molecular function,15,4.0,1.033e-01,4.041e-02,2.620e-02,8.143e-01,1.950e-02,9.694e-02,1.100e-01,3.448e-02,4.735e-02,1.823e-02,3.765e-02
MGI:1914500,UBE2L6,12490,ISG15 transferase activity,GO:0042296,molecular function,15,4.0,1.047e-01,4.087e-02,2.421e-02,8.221e-01,3.313e-02,1.004e-01,1.092e-01,3.121e-02,5.351e-02,1.261e-02,4.648e-02
MGI:1914500,UBE2L6,12490,nucleus,GO:0005634,cellular component,15,87.0,1.064e-01,4.821e-02,3.885e-02,7.636e-01,7.744e-03,1.049e-01,1.079e-01,4.330e-02,5.367e-02,3.354e-02,4.500e-02
MGI:1914500,UBE2L6,12490,protein binding,GO:0005515,molecular function,15,373.0,1.133e-01,5.177e-02,4.691e-02,7.392e-01,2.319e-02,1.007e-01,1.275e-01,3.786e-02,7.081e-02,3.065e-02,7.180e-02
MGI:1914500,UBE2L6,12490,innate immune response,GO:0045087,biological process,15,21.0,1.138e-01,4.948e-02,3.477e-02,7.769e-01,4.885e-02,8.833e-02,1.466e-01,2.889e-02,8.473e-02,1.427e-02,8.472e-02
MGI:1914500,UBE2L6,12490,ubiquitin ligase complex,GO:0000151,cellular component,15,14.0,1.197e-01,6.200e-02,5.117e-02,7.271e-01,3.481e-02,1.017e-01,1.408e-01,4.346e-02,8.846e-02,2.726e-02,9.603e-02
MGI:2138828,EPS8L2,21296,cadherin binding,GO:0045296,molecular function,18,8.0,1.025e-01,6.656e-02,1.497e-02,8.766e-01,1.773e-02,9.761e-02,1.076e-01,4.914e-02,9.014e-02,9.762e-03,2.295e-02
MGI:2138828,EPS8L2,21296,actin binding,GO:0003779,molecular function,18,7.0,1.025e-01,6.656e-02,1.727e-02,8.640e-01,1.576e-02,9.761e-02,1.076e-01,4.914e-02,9.014e-02,1.230e-02,2.424e-02
MGI:2138828,EPS8L2,21296,Rho protein signal transduction,GO:0007266,biological process,18,3.0,1.025e-01,6.656e-02,1.990e-02,8.430e-01,2.651e-02,9.761e-02,1.076e-01,4.914e-02,9.014e-02,1.083e-02,3.656e-02
MGI:2138828,EPS8L2,21296,centrosome,GO:0005813,cellular component,18,11.0,1.093e-01,7.846e-02,4.386e-02,7.483e-01,1.051e-02,9.966e-02,1.199e-01,6.463e-02,9.525e-02,3.588e-02,5.361e-02
MGI:2138828,EPS8L2,21296,ruffle membrane,GO:0032587,cellular component,18,5.0,1.097e-01,7.262e-02,3.851e-02,7.653e-01,2.802e-02,9.962e-02,1.207e-01,6.236e-02,8.458e-02,2.282e-02,6.498e-02
MGI:2138828,EPS8L2,21296,guanyl-nucleotide exchange factor activity,GO:0005085,molecular function,18,10.0,1.102e-01,7.114e-02,3.732e-02,7.686e-01,3.190e-02,9.699e-02,1.253e-01,5.810e-02,8.711e-02,2.083e-02,6.685e-02
MGI:2138828,EPS8L2,21296,extracellular exosome,GO:0070062,cellular component,18,88.0,1.118e-01,8.068e-02,4.306e-02,7.496e-01,2.999e-02,9.668e-02,1.294e-01,6.394e-02,1.018e-01,2.488e-02,7.451e-02
MGI:2138828,EPS8L2,21296,vesicle,GO:0031982,cellular component,18,8.0,1.122e-01,7.565e-02,3.981e-02,7.606e-01,3.493e-02,1.058e-01,1.189e-01,5.806e-02,9.857e-02,2.079e-02,7.624e-02
MGI:2138828,EPS8L2,21296,regulation of Rho protein signal transduction,GO:0035023,biological process,18,7.0,1.173e-01,7.383e-02,2.944e-02,7.941e-01,6.472e-02,9.150e-02,1.504e-01,4.587e-02,1.188e-01,8.895e-03,9.747e-02
MGI:2138828,EPS8L2,21296,protein binding,GO:0005515,molecular function,18,373.0,1.202e-01,8.068e-02,5.708e-02,7.131e-01,2.208e-02,1.051e-01,1.376e-01,6.394e-02,1.018e-01,3.865e-02,8.432e-02
MGI:2138828,EPS8L2,21296,plasma membrane,GO:0005886,cellular component,18,93.0,1.203e-01,8.204e-02,5.966e-02,7.083e-01,4.806e-03,1.147e-01,1.263e-01,6.702e-02,1.004e-01,5.503e-02,6.469e-02
MGI:2138828,EPS8L2,21296,cytosol,GO:0005829,cellular component,18,76.0,1.241e-01,8.068e-02,6.195e-02,7.021e-01,2.133e-02,1.095e-01,1.407e-01,6.394e-02,1.018e-01,4.281e-02,8.965e-02
MGI:2138828,EPS8L2,21296,positive regulation of ruffle assembly,GO:1900029,biological process,18,3.0,1.522e-01,1.092e-01,9.735e-02,6.374e-01,1.977e-02,1.286e-01,1.801e-01,8.430e-02,1.414e-01,7.189e-02,1.318e-01
MGI:2138828,EPS8L2,21296,protein-containing complex,GO:0032991,cellular component,18,295.0,3.945e-01,3.676e-01,3.676e-01,3.681e-01,7.050e-02,2.279e-01,6.830e-01,1.990e-01,6.791e-01,1.990e-01,6.791e-01
MGI:894659,HBP1,23200,regulation of transcription by RNA polymerase II,GO:0006357,biological process,7,27.0,1.025e-01,5.466e-02,2.114e-02,8.423e-01,1.016e-02,9.761e-02,1.076e-01,4.909e-02,6.087e-02,1.736e-02,2.575e-02
MGI:894659,HBP1,23200,"DNA-binding transcription factor activity, RNA polymerase II-specific",GO:0000981,molecular function,7,20.0,1.025e-01,5.466e-02,2.190e-02,8.375e-01,1.034e-02,9.761e-02,1.076e-01,4.909e-02,6.087e-02,1.803e-02,2.661e-02
MGI:894659,HBP1,23200,RNA polymerase II cis-regulatory region sequence-specific DNA binding,GO:0000978,molecular function,7,27.0,1.025e-01,5.466e-02,2.343e-02,8.296e-01,5.494e-03,9.761e-02,1.076e-01,4.909e-02,6.087e-02,2.105e-02,2.607e-02
MGI:894659,HBP1,23200,nuclear speck,GO:0016607,cellular component,7,9.0,1.076e-01,7.035e-02,4.020e-02,7.597e-01,1.209e-02,9.952e-02,1.164e-01,5.601e-02,8.837e-02,3.200e-02,5.050e-02
MGI:894659,HBP1,23200,nucleus,GO:0005634,cellular component,7,87.0,1.190e-01,7.628e-02,5.790e-02,7.124e-01,3.711e-03,1.150e-01,1.231e-01,6.681e-02,8.710e-02,5.417e-02,6.189e-02
MGI:894659,HBP1,23200,nucleoplasm,GO:0005654,cellular component,7,49.0,1.295e-01,7.958e-02,6.938e-02,6.872e-01,1.471e-02,1.125e-01,1.492e-01,6.720e-02,9.425e-02,5.365e-02,8.972e-02
MGI:894659,HBP1,23200,protein binding,GO:0005515,molecular function,7,373.0,1.465e-01,9.124e-02,9.124e-02,6.481e-01,8.144e-03,1.430e-01,1.501e-01,8.018e-02,1.038e-01,8.018e-02,1.038e-01
MGI:2444797,XYLT2,15517,magnesium ion binding,GO:0000287,molecular function,11,5.0,1.038e-01,6.539e-02,2.790e-02,8.066e-01,1.918e-02,9.979e-02,1.081e-01,3.561e-02,1.201e-01,1.955e-02,3.981e-02
MGI:2444797,XYLT2,15517,manganese ion binding,GO:0030145,molecular function,11,2.0,1.098e-01,6.539e-02,3.771e-02,7.679e-01,3.102e-02,9.974e-02,1.208e-01,3.561e-02,1.201e-01,2.115e-02,6.723e-02
MGI:2444797,XYLT2,15517,extracellular space,GO:0005615,cellular component,11,55.0,1.123e-01,6.629e-02,3.750e-02,7.674e-01,4.049e-02,8.967e-02,1.405e-01,3.590e-02,1.224e-01,1.787e-02,7.871e-02
MGI:2444797,XYLT2,15517,chondroitin sulfate proteoglycan biosynthetic process,GO:0050650,biological process,11,3.0,1.216e-01,6.820e-02,5.264e-02,7.233e-01,3.717e-02,1.004e-01,1.474e-01,3.543e-02,1.313e-01,2.663e-02,1.040e-01
MGI:2444797,XYLT2,15517,heparan sulfate proteoglycan biosynthetic process,GO:0015012,biological process,11,3.0,1.269e-01,7.244e-02,5.436e-02,7.139e-01,5.602e-02,8.749e-02,1.841e-01,3.353e-02,1.565e-01,2.107e-02,1.402e-01
MGI:2444797,XYLT2,15517,protein xylosyltransferase activity,GO:0030158,molecular function,11,3.0,1.384e-01,9.342e-02,7.462e-02,6.730e-01,4.058e-02,1.065e-01,1.800e-01,6.194e-02,1.409e-01,3.765e-02,1.479e-01
MGI:1261422,NAGA,7631,glycolipid catabolic process,GO:0019377,biological process,9,7.0,1.218e-01,2.126e-01,5.683e-02,7.124e-01,3.157e-02,1.020e-01,1.453e-01,1.533e-01,2.946e-01,3.252e-02,9.930e-02
MGI:1261422,NAGA,7631,carbohydrate catabolic process,GO:0016052,biological process,9,14.0,1.257e-01,2.003e-01,5.931e-02,7.066e-01,3.786e-02,9.888e-02,1.598e-01,1.304e-01,3.076e-01,3.003e-02,1.171e-01
MGI:1261422,NAGA,7631,oligosaccharide metabolic process,GO:0009311,biological process,9,18.0,1.368e-01,2.003e-01,6.658e-02,6.864e-01,5.922e-02,9.318e-02,2.007e-01,1.304e-01,3.076e-01,2.428e-02,1.826e-01
MGI:1261422,NAGA,7631,glycoside catabolic process,GO:0016139,biological process,9,12.0,1.680e-01,2.432e-01,1.169e-01,6.095e-01,9.156e-03,1.606e-01,1.757e-01,2.035e-01,2.907e-01,1.019e-01,1.342e-01
MGI:1261422,NAGA,7631,protein homodimerization activity,GO:0042803,molecular function,9,14.0,1.981e-01,2.542e-01,1.513e-01,5.657e-01,2.064e-02,1.691e-01,2.320e-01,1.963e-01,3.293e-01,1.131e-01,2.023e-01
MGI:1261422,NAGA,7631,alpha-galactosidase activity,GO:0004557,molecular function,9,4.0,2.265e-01,2.598e-01,1.838e-01,5.292e-01,3.102e-02,1.691e-01,3.034e-01,1.926e-01,3.504e-01,1.245e-01,2.713e-01
MGI:1261422,NAGA,7631,extracellular exosome,GO:0070062,cellular component,9,88.0,2.378e-01,2.598e-01,1.970e-01,5.169e-01,2.519e-02,1.895e-01,2.984e-01,1.926e-01,3.504e-01,1.425e-01,2.724e-01
MGI:1261422,NAGA,7631,cytoplasm,GO:0005737,cellular component,9,99.0,2.971e-01,2.876e-01,2.659e-01,4.562e-01,2.854e-02,2.285e-01,3.863e-01,2.078e-01,3.981e-01,1.926e-01,3.670e-01
MGI:1261422,NAGA,7631,alpha-N-acetylgalactosaminidase activity,GO:0008456,molecular function,9,2.0,3.089e-01,2.909e-01,2.787e-01,4.452e-01,3.387e-02,2.274e-01,4.194e-01,2.143e-01,3.949e-01,1.939e-01,4.005e-01
MGI:700011,SH3GL3,10832,synaptic vesicle uncoating,GO:0016191,biological process,10,2.0,1.025e-01,5.929e-02,1.432e-02,8.808e-01,1.607e-02,9.761e-02,1.076e-01,4.883e-02,7.198e-02,9.310e-03,2.201e-02
MGI:700011,SH3GL3,10832,glutamatergic synapse,GO:0098978,cellular component,10,3.0,1.026e-01,5.929e-02,2.094e-02,8.386e-01,2.642e-02,9.776e-02,1.076e-01,4.883e-02,7.198e-02,1.189e-02,3.689e-02
MGI:700011,SH3GL3,10832,presynapse,GO:0098793,cellular component,10,4.0,1.062e-01,6.085e-02,3.578e-02,7.745e-01,1.682e-02,9.573e-02,1.177e-01,4.766e-02,7.770e-02,2.614e-02,4.898e-02
MGI:700011,SH3GL3,10832,identical protein binding,GO:0042802,molecular function,10,28.0,1.095e-01,6.210e-02,4.338e-02,7.496e-01,1.222e-02,9.869e-02,1.214e-01,4.921e-02,7.837e-02,3.443e-02,5.465e-02
MGI:700011,SH3GL3,10832,cytoplasm,GO:0005737,cellular component,10,99.0,1.257e-01,7.006e-02,6.593e-02,6.944e-01,8.514e-03,1.124e-01,1.407e-01,5.378e-02,9.126e-02,5.685e-02,7.646e-02
MGI:700011,SH3GL3,10832,protein binding,GO:0005515,molecular function,10,373.0,1.294e-01,7.109e-02,7.038e-02,6.847e-01,1.794e-02,1.080e-01,1.552e-01,5.306e-02,9.524e-02,5.206e-02,9.515e-02
MGI:2441884,MRGPRE,30694,G protein-coupled receptor signaling pathway,GO:0007186,biological process,3,48.0,2.469e-01,3.199e-01,1.953e-01,5.017e-01,8.221e-02,1.198e-01,5.087e-01,2.083e-01,4.912e-01,7.557e-02,5.048e-01
MGI:2441884,MRGPRE,30694,plasma membrane,GO:0005886,cellular component,3,93.0,2.615e-01,3.223e-01,2.272e-01,4.909e-01,5.893e-03,2.459e-01,2.782e-01,2.244e-01,4.629e-01,2.115e-01,2.441e-01
MGI:2441884,MRGPRE,30694,G protein-coupled receptor activity,GO:0004930,molecular function,3,48.0,3.112e-01,3.318e-01,2.823e-01,4.440e-01,2.381e-02,2.532e-01,3.824e-01,2.306e-01,4.774e-01,2.163e-01,3.683e-01
MGI:2447188,CA9,1383,plasma membrane,GO:0005886,cellular component,9,93.0,1.215e-01,1.220e-01,5.852e-02,7.098e-01,1.930e-02,1.114e-01,1.324e-01,9.283e-02,1.603e-01,4.120e-02,8.312e-02
MGI:2447188,CA9,1383,zinc ion binding,GO:0008270,molecular function,9,4.0,1.299e-01,1.258e-01,7.052e-02,6.843e-01,2.195e-02,1.052e-01,1.604e-01,1.014e-01,1.560e-01,4.886e-02,1.018e-01
MGI:2447188,CA9,1383,carbonate dehydratase activity,GO:0004089,molecular function,9,4.0,1.334e-01,1.238e-01,7.401e-02,6.780e-01,1.329e-02,1.253e-01,1.420e-01,9.337e-02,1.642e-01,5.916e-02,9.257e-02
MGI:2447188,CA9,1383,protein binding,GO:0005515,molecular function,9,373.0,1.401e-01,1.290e-01,7.896e-02,6.651e-01,3.882e-02,1.042e-01,1.884e-01,9.010e-02,1.848e-01,4.244e-02,1.469e-01
MGI:2447188,CA9,1383,one-carbon metabolic process,GO:0006730,biological process,9,8.0,1.675e-01,1.475e-01,1.104e-01,6.152e-01,3.554e-02,1.298e-01,2.163e-01,9.362e-02,2.324e-01,6.337e-02,1.923e-01
MGI:2447188,CA9,1383,molecular function activator activity,GO:0140677,molecular function,9,9.0,3.109e-01,2.648e-01,2.492e-01,4.461e-01,9.221e-02,1.437e-01,6.726e-01,9.507e-02,7.374e-01,7.942e-02,7.816e-01
MGI:98259,CCL13,10611,monocyte chemotaxis,GO:0002548,biological process,23,7.0,1.228e-01,1.884e-01,5.955e-02,7.064e-01,2.875e-02,9.637e-02,1.565e-01,1.192e-01,2.979e-01,3.600e-02,9.852e-02
MGI:98259,CCL13,10611,regulation of cell shape,GO:0008360,biological process,23,9.0,1.256e-01,1.985e-01,6.004e-02,7.049e-01,3.268e-02,1.002e-01,1.573e-01,1.382e-01,2.852e-01,3.356e-02,1.074e-01
MGI:98259,CCL13,10611,cytoskeleton organization,GO:0007010,biological process,23,13.0,1.273e-01,1.884e-01,6.772e-02,6.906e-01,1.345e-02,1.101e-01,1.472e-01,1.192e-01,2.979e-01,5.372e-02,8.538e-02
MGI:98259,CCL13,10611,positive regulation of ERK1 and ERK2 cascade,GO:0070374,biological process,23,12.0,1.280e-01,1.884e-01,6.643e-02,6.907e-01,3.462e-02,9.472e-02,1.731e-01,1.192e-01,2.979e-01,3.723e-02,1.185e-01
MGI:98259,CCL13,10611,CCR chemokine receptor binding,GO:0048020,molecular function,23,15.0,1.283e-01,1.905e-01,5.858e-02,7.070e-01,4.610e-02,9.830e-02,1.675e-01,1.199e-01,3.025e-01,2.608e-02,1.316e-01
MGI:98259,CCL13,10611,eosinophil chemotaxis,GO:0048245,biological process,23,5.0,1.420e-01,1.905e-01,8.522e-02,6.569e-01,2.447e-02,1.144e-01,1.761e-01,1.199e-01,3.025e-01,5.677e-02,1.279e-01
MGI:98259,CCL13,10611,neutrophil chemotaxis,GO:0030593,biological process,23,5.0,1.478e-01,1.905e-01,9.267e-02,6.452e-01,1.487e-02,1.288e-01,1.695e-01,1.200e-01,3.024e-01,7.281e-02,1.179e-01
MGI:98259,CCL13,10611,lymphocyte chemotaxis,GO:0048247,biological process,23,9.0,1.489e-01,1.905e-01,8.749e-02,6.492e-01,4.353e-02,1.062e-01,2.087e-01,1.199e-01,3.025e-01,4.265e-02,1.795e-01
MGI:98259,CCL13,10611,chemokine-mediated signaling pathway,GO:0070098,biological process,23,15.0,1.523e-01,2.046e-01,9.666e-02,6.355e-01,3.808e-02,1.089e-01,2.129e-01,1.155e-01,3.622e-01,5.370e-02,1.740e-01
MGI:98259,CCL13,10611,positive regulation of GTPase activity,GO:0043547,biological process,23,10.0,1.626e-01,2.025e-01,9.838e-02,6.220e-01,7.505e-02,8.426e-02,3.139e-01,1.144e-01,3.584e-01,3.363e-02,2.878e-01
MGI:98259,CCL13,10611,extracellular space,GO:0005615,cellular component,23,55.0,1.753e-01,2.244e-01,1.223e-01,5.958e-01,4.823e-02,1.141e-01,2.693e-01,1.501e-01,3.354e-01,5.973e-02,2.506e-01
MGI:98259,CCL13,10611,chemokine activity,GO:0008009,molecular function,23,5.0,1.760e-01,2.125e-01,1.163e-01,6.022e-01,5.593e-02,1.077e-01,2.877e-01,1.219e-01,3.705e-01,5.078e-02,2.663e-01
MGI:98259,CCL13,10611,antimicrobial humoral immune response mediated by antimicrobial peptide,GO:0061844,biological process,23,4.0,1.872e-01,2.186e-01,1.049e-01,6.069e-01,9.094e-02,1.009e-01,3.475e-01,1.205e-01,3.967e-01,2.429e-02,4.528e-01
MGI:98259,CCL13,10611,G protein-coupled receptor signaling pathway,GO:0007186,biological process,23,48.0,2.016e-01,2.156e-01,1.533e-01,5.576e-01,4.996e-02,1.274e-01,3.189e-01,1.332e-01,3.492e-01,8.006e-02,2.936e-01
MGI:98259,CCL13,10611,killing of cells of another organism,GO:0031640,biological process,23,6.0,2.086e-01,2.306e-01,1.465e-01,5.562e-01,7.494e-02,1.095e-01,3.974e-01,1.223e-01,4.348e-01,4.856e-02,4.420e-01
MGI:98259,CCL13,10611,protein binding,GO:0005515,molecular function,23,373.0,2.146e-01,2.269e-01,1.739e-01,5.399e-01,2.566e-02,1.687e-01,2.731e-01,1.523e-01,3.379e-01,1.252e-01,2.416e-01
MGI:98259,CCL13,10611,inflammatory response,GO:0006954,biological process,23,14.0,2.313e-01,2.270e-01,1.900e-01,5.200e-01,4.536e-02,1.516e-01,3.528e-01,1.523e-01,3.384e-01,1.094e-01,3.299e-01
MGI:98259,CCL13,10611,cellular response to type II interferon,GO:0071346,biological process,23,7.0,2.462e-01,2.557e-01,2.075e-01,5.058e-01,3.306e-02,1.806e-01,3.356e-01,1.660e-01,3.940e-01,1.394e-01,3.088e-01
MGI:98259,CCL13,10611,cellular response to tumor necrosis factor,GO:0071356,biological process,23,7.0,2.788e-01,2.559e-01,2.432e-01,4.736e-01,3.601e-02,1.992e-01,3.902e-01,1.659e-01,3.945e-01,1.574e-01,3.758e-01
MGI:98259,CCL13,10611,cellular response to interleukin-1,GO:0071347,biological process,23,6.0,2.869e-01,2.656e-01,2.544e-01,4.659e-01,2.696e-02,2.226e-01,3.698e-01,1.854e-01,3.807e-01,1.852e-01,3.494e-01
MGI:894668,SERPINB9,8955,serine-type endopeptidase inhibitor activity,GO:0004867,molecular function,23,4.0,1.025e-01,1.028e-01,1.628e-02,8.713e-01,1.110e-02,9.761e-02,1.076e-01,7.068e-02,1.496e-01,1.276e-02,2.077e-02
MGI:894668,SERPINB9,8955,protease binding,GO:0002020,molecular function,23,9.0,1.025e-01,1.028e-01,1.864e-02,8.567e-01,9.133e-03,9.761e-02,1.076e-01,7.068e-02,1.496e-01,1.538e-02,2.259e-02
MGI:894668,SERPINB9,8955,protection from natural killer cell mediated cytotoxicity,GO:0042270,biological process,23,3.0,1.025e-01,1.033e-01,2.032e-02,8.431e-01,2.256e-02,9.761e-02,1.076e-01,7.098e-02,1.503e-01,1.240e-02,3.329e-02
MGI:894668,SERPINB9,8955,collagen-containing extracellular matrix,GO:0062023,cellular component,23,32.0,1.030e-01,1.135e-01,2.730e-02,8.091e-01,1.598e-02,9.719e-02,1.091e-01,9.040e-02,1.425e-01,2.031e-02,3.669e-02
MGI:894668,SERPINB9,8955,negative regulation of endopeptidase activity,GO:0010951,biological process,23,8.0,1.067e-01,1.028e-01,1.758e-02,8.483e-01,5.168e-02,9.391e-02,1.213e-01,7.068e-02,1.496e-01,5.822e-03,5.307e-02
MGI:894668,SERPINB9,8955,cellular response to estrogen stimulus,GO:0071391,biological process,23,3.0,1.459e-01,1.645e-01,7.740e-02,6.616e-01,6.388e-02,8.713e-02,2.443e-01,1.155e-01,2.342e-01,2.879e-02,2.081e-01
MGI:894668,SERPINB9,8955,extracellular space,GO:0005615,cellular component,23,55.0,1.477e-01,1.540e-01,9.299e-02,6.437e-01,2.195e-02,1.193e-01,1.827e-01,1.237e-01,1.916e-01,6.525e-02,1.325e-01
MGI:894668,SERPINB9,8955,extracellular exosome,GO:0070062,cellular component,23,88.0,1.504e-01,1.540e-01,9.672e-02,6.394e-01,6.176e-03,1.385e-01,1.634e-01,1.237e-01,1.916e-01,8.772e-02,1.067e-01
MGI:894668,SERPINB9,8955,immune response,GO:0006955,biological process,23,16.0,1.506e-01,1.540e-01,9.370e-02,6.414e-01,3.075e-02,1.166e-01,1.944e-01,1.237e-01,1.916e-01,5.846e-02,1.502e-01
MGI:894668,SERPINB9,8955,nucleus,GO:0005634,cellular component,23,87.0,1.532e-01,1.540e-01,9.992e-02,6.343e-01,5.813e-03,1.437e-01,1.632e-01,1.237e-01,1.916e-01,9.119e-02,1.095e-01
MGI:894668,SERPINB9,8955,membrane,GO:0016020,cellular component,23,60.0,1.547e-01,1.540e-01,1.018e-01,6.313e-01,6.955e-03,1.473e-01,1.625e-01,1.237e-01,1.916e-01,9.128e-02,1.136e-01
MGI:894668,SERPINB9,8955,nucleoplasm,GO:0005654,cellular component,23,49.0,1.640e-01,1.540e-01,1.133e-01,6.144e-01,1.072e-02,1.461e-01,1.841e-01,1.237e-01,1.916e-01,9.620e-02,1.336e-01
MGI:894668,SERPINB9,8955,protein binding,GO:0005515,molecular function,23,373.0,1.671e-01,1.540e-01,1.168e-01,6.093e-01,1.391e-02,1.492e-01,1.871e-01,1.237e-01,1.916e-01,9.529e-02,1.433e-01
MGI:894668,SERPINB9,8955,Golgi apparatus,GO:0005794,cellular component,23,20.0,1.676e-01,1.540e-01,1.153e-01,6.109e-01,1.958e-02,1.469e-01,1.912e-01,1.237e-01,1.916e-01,8.570e-02,1.551e-01
MGI:894668,SERPINB9,8955,cytosol,GO:0005829,cellular component,23,76.0,1.738e-01,1.540e-01,1.261e-01,5.970e-01,1.135e-02,1.547e-01,1.953e-01,1.237e-01,1.916e-01,1.068e-01,1.489e-01
MGI:894668,SERPINB9,8955,cytoplasm,GO:0005737,cellular component,23,99.0,1.867e-01,1.559e-01,1.412e-01,5.781e-01,1.218e-02,1.674e-01,2.081e-01,1.223e-01,1.986e-01,1.190e-01,1.674e-01
MGI:894668,SERPINB9,8955,negative regulation of apoptotic process,GO:0043066,biological process,23,31.0,1.889e-01,1.650e-01,1.442e-01,5.747e-01,1.007e-02,1.712e-01,2.084e-01,1.396e-01,1.951e-01,1.251e-01,1.661e-01
MGI:894668,SERPINB9,8955,cysteine-type endopeptidase inhibitor activity involved in apoptotic process,GO:0043027,molecular function,23,3.0,1.970e-01,1.711e-01,1.477e-01,5.660e-01,4.295e-02,1.339e-01,2.899e-01,1.120e-01,2.615e-01,8.380e-02,2.605e-01
MGI:894668,SERPINB9,8955,mast cell mediated immunity,GO:0002448,biological process,23,3.0,1.985e-01,1.657e-01,1.525e-01,5.630e-01,2.905e-02,1.534e-01,2.569e-01,1.155e-01,2.377e-01,1.036e-01,2.246e-01
MGI:2136886,RTN4R,18601,endoplasmic reticulum,GO:0005783,cellular component,10,24.0,2.902e-01,4.639e-01,2.518e-01,4.578e-01,6.462e-02,1.646e-01,5.118e-01,3.803e-01,5.659e-01,1.263e-01,5.020e-01
MGI:2136886,RTN4R,18601,ganglioside GT1b binding,GO:1905576,molecular function,10,3.0,3.018e-01,4.639e-01,2.715e-01,4.517e-01,2.822e-02,2.331e-01,3.908e-01,3.803e-01,5.659e-01,1.983e-01,3.718e-01
MGI:2136886,RTN4R,18601,ganglioside GM1 binding,GO:1905573,molecular function,10,3.0,3.042e-01,4.639e-01,2.751e-01,4.498e-01,2.288e-02,2.459e-01,3.763e-01,3.803e-01,5.659e-01,2.129e-01,3.554e-01
MGI:2136886,RTN4R,18601,extracellular exosome,GO:0070062,cellular component,10,88.0,3.093e-01,4.639e-01,2.815e-01,4.460e-01,1.146e-02,2.771e-01,3.451e-01,3.803e-01,5.659e-01,2.480e-01,3.195e-01
MGI:2136886,RTN4R,18601,plasma membrane,GO:0005886,cellular component,10,93.0,3.172e-01,4.639e-01,2.898e-01,4.392e-01,1.673e-02,2.731e-01,3.685e-01,3.803e-01,5.659e-01,2.408e-01,3.488e-01
MGI:2136886,RTN4R,18601,protein binding,GO:0005515,molecular function,10,373.0,3.563e-01,4.639e-01,3.327e-01,4.074e-01,1.844e-02,3.032e-01,4.186e-01,3.803e-01,5.659e-01,2.749e-01,4.028e-01
MGI:2136886,RTN4R,18601,cell surface,GO:0009986,cellular component,10,22.0,3.740e-01,4.658e-01,3.531e-01,3.942e-01,7.447e-03,3.486e-01,4.013e-01,3.836e-01,5.656e-01,3.284e-01,3.797e-01
MGI:2136886,RTN4R,18601,external side of plasma membrane,GO:0009897,cellular component,10,15.0,4.454e-01,4.697e-01,4.291e-01,3.428e-01,2.076e-02,3.757e-01,5.281e-01,3.900e-01,5.656e-01,3.577e-01,5.148e-01
MGI:2136886,RTN4R,18601,positive regulation of Rho protein signal transduction,GO:0035025,biological process,10,4.0,5.219e-01,5.283e-01,5.080e-01,2.894e-01,4.027e-02,3.879e-01,7.021e-01,4.119e-01,6.776e-01,3.684e-01,7.005e-01
MGI:2652817,MTMR11,24307,phosphatidylinositol dephosphorylation,GO:0046856,biological process,3,4.0,1.025e-01,3.783e-02,1.261e-02,8.842e-01,2.140e-02,9.761e-02,1.076e-01,1.756e-02,8.151e-02,5.853e-03,2.717e-02
MGI:2652817,MTMR11,24307,extracellular exosome,GO:0070062,cellular component,3,88.0,1.317e-01,9.361e-02,7.355e-02,6.792e-01,5.469e-03,1.203e-01,1.442e-01,8.459e-02,1.036e-01,6.681e-02,8.098e-02
MGI:2652817,MTMR11,24307,cytoplasm,GO:0005737,cellular component,3,99.0,1.479e-01,9.361e-02,9.361e-02,6.443e-01,6.419e-03,1.362e-01,1.607e-01,8.459e-02,1.036e-01,8.459e-02,1.036e-01
MGI:96534,CD74,1697,cytokine binding,GO:0019955,molecular function,50,39.0,1.025e-01,1.692e-01,2.113e-02,8.419e-01,1.054e-02,9.761e-02,1.076e-01,1.050e-01,2.725e-01,1.721e-02,2.595e-02
MGI:96534,CD74,1697,"MHC class II protein binding, via antigen binding groove",GO:0042658,molecular function,50,2.0,1.026e-01,1.692e-01,1.631e-02,8.648e-01,2.902e-02,9.776e-02,1.076e-01,1.050e-01,2.725e-01,8.678e-03,3.067e-02
MGI:96534,CD74,1697,MHC class II protein binding,GO:0042289,molecular function,50,4.0,1.053e-01,1.692e-01,3.127e-02,7.917e-01,2.512e-02,1.011e-01,1.097e-01,1.050e-01,2.725e-01,1.957e-02,4.996e-02
MGI:96534,CD74,1697,macrophage migration inhibitory factor receptor complex,GO:0035692,cellular component,50,2.0,1.054e-01,1.712e-01,1.722e-02,8.299e-01,5.124e-02,1.005e-01,1.106e-01,1.078e-01,2.717e-01,3.712e-03,7.985e-02
MGI:96534,CD74,1697,CD4 receptor binding,GO:0042609,molecular function,50,4.0,1.056e-01,1.712e-01,3.429e-02,7.802e-01,1.796e-02,9.958e-02,1.119e-01,1.078e-01,2.717e-01,2.452e-02,4.796e-02
MGI:96534,CD74,1697,positive regulation of peptidyl-tyrosine phosphorylation,GO:0050731,biological process,50,8.0,1.076e-01,1.692e-01,2.207e-02,8.267e-01,4.875e-02,9.958e-02,1.163e-01,1.050e-01,2.725e-01,7.918e-03,6.152e-02
MGI:96534,CD74,1697,positive regulation of cytokine-mediated signaling pathway,GO:0001961,biological process,50,21.0,1.084e-01,1.692e-01,3.412e-02,7.806e-01,3.440e-02,1.076e-01,1.093e-01,1.050e-01,2.725e-01,1.783e-02,6.532e-02
MGI:96534,CD74,1697,positive regulation of MAPK cascade,GO:0043410,biological process,50,11.0,1.089e-01,1.692e-01,3.660e-02,7.717e-01,3.052e-02,1.071e-01,1.108e-01,1.050e-01,2.725e-01,2.070e-02,6.474e-02
MGI:96534,CD74,1697,positive regulation of fibroblast proliferation,GO:0048146,biological process,50,7.0,1.091e-01,1.692e-01,3.206e-02,7.857e-01,4.268e-02,1.069e-01,1.114e-01,1.050e-01,2.725e-01,1.376e-02,7.468e-02
MGI:96534,CD74,1697,response to type II interferon,GO:0034341,biological process,50,3.0,1.102e-01,1.692e-01,1.756e-02,8.409e-01,6.320e-02,9.770e-02,1.244e-01,1.050e-01,2.725e-01,4.473e-03,6.892e-02
MGI:96534,CD74,1697,positive regulation of macrophage migration inhibitory factor signaling pathway,GO:2000448,biological process,50,3.0,1.164e-01,1.827e-01,4.341e-02,7.478e-01,4.299e-02,9.583e-02,1.413e-01,1.177e-01,2.837e-01,1.996e-02,9.439e-02
MGI:96534,CD74,1697,macrophage migration inhibitory factor binding,GO:0035718,molecular function,50,2.0,1.210e-01,2.010e-01,5.686e-02,7.128e-01,2.915e-02,9.804e-02,1.493e-01,1.399e-01,2.889e-01,3.348e-02,9.657e-02
MGI:96534,CD74,1697,positive regulation of viral entry into host cell,GO:0046598,biological process,50,5.0,1.336e-01,2.021e-01,6.123e-02,6.991e-01,5.525e-02,9.627e-02,1.855e-01,1.365e-01,2.994e-01,2.368e-02,1.583e-01
MGI:96534,CD74,1697,positive regulation of ERK1 and ERK2 cascade,GO:0070374,biological process,50,12.0,1.363e-01,2.321e-01,7.864e-02,6.694e-01,1.014e-02,1.231e-01,1.510e-01,1.972e-01,2.733e-01,6.634e-02,9.322e-02
MGI:96534,CD74,1697,"negative regulation of DNA damage response, signal transduction by p53 class mediator",GO:0043518,biological process,50,4.0,1.369e-01,2.179e-01,7.650e-02,6.720e-01,2.769e-02,1.172e-01,1.598e-01,1.576e-01,3.011e-01,4.757e-02,1.230e-01
MGI:96534,CD74,1697,positive regulation of type 2 immune response,GO:0002830,biological process,50,5.0,1.376e-01,1.914e-01,6.832e-02,6.815e-01,5.782e-02,8.859e-02,2.138e-01,1.227e-01,2.984e-01,2.679e-02,1.743e-01
MGI:96534,CD74,1697,negative regulation of intrinsic apoptotic signaling pathway in response to DNA damage by p53 class mediator,GO:1902166,biological process,50,4.0,1.421e-01,2.052e-01,7.432e-02,6.718e-01,5.182e-02,1.000e-01,2.018e-01,1.385e-01,3.039e-01,3.052e-02,1.810e-01
MGI:96534,CD74,1697,protein folding chaperone,GO:0044183,molecular function,50,4.0,1.488e-01,1.870e-01,7.618e-02,6.610e-01,7.299e-02,8.243e-02,2.687e-01,1.151e-01,3.037e-01,2.492e-02,2.329e-01
MGI:96534,CD74,1697,positive regulation of chemokine production,GO:0032722,biological process,50,17.0,1.549e-01,2.093e-01,8.038e-02,6.572e-01,6.641e-02,1.074e-01,2.236e-01,1.280e-01,3.423e-01,2.600e-02,2.485e-01
MGI:96534,CD74,1697,positive regulation of protein phosphorylation,GO:0001934,biological process,50,18.0,1.563e-01,2.160e-01,1.012e-01,6.289e-01,3.569e-02,1.158e-01,2.109e-01,1.492e-01,3.127e-01,5.718e-02,1.793e-01
MGI:96534,CD74,1697,positive regulation of kinase activity,GO:0033674,biological process,50,11.0,1.636e-01,2.465e-01,1.121e-01,6.158e-01,1.366e-02,1.443e-01,1.854e-01,2.057e-01,2.953e-01,9.138e-02,1.375e-01
MGI:96534,CD74,1697,positive regulation of B cell proliferation,GO:0030890,biological process,50,4.0,1.643e-01,2.090e-01,9.754e-02,6.270e-01,6.508e-02,9.500e-02,2.842e-01,1.363e-01,3.206e-01,3.675e-02,2.589e-01
MGI:96534,CD74,1697,vacuole,GO:0005773,cellular component,50,8.0,1.644e-01,2.588e-01,1.125e-01,6.131e-01,3.325e-02,1.210e-01,2.232e-01,2.450e-01,2.734e-01,6.845e-02,1.849e-01
MGI:96534,CD74,1697,positive regulation of canonical NF-kappaB signal transduction,GO:0043123,biological process,50,7.0,1.823e-01,2.508e-01,1.350e-01,5.857e-01,7.053e-03,1.753e-01,1.895e-01,2.149e-01,2.926e-01,1.222e-01,1.491e-01
MGI:96534,CD74,1697,positive regulation of interleukin-8 production,GO:0032757,biological process,50,7.0,1.867e-01,2.652e-01,1.326e-01,5.823e-01,5.125e-02,1.185e-01,2.941e-01,2.080e-01,3.383e-01,6.634e-02,2.650e-01
MGI:96534,CD74,1697,MHC class II protein complex binding,GO:0023026,molecular function,50,2.0,2.053e-01,2.510e-01,1.526e-01,5.593e-01,4.647e-02,1.373e-01,3.069e-01,2.008e-01,3.137e-01,8.163e-02,2.852e-01
MGI:96534,CD74,1697,positive regulation of macrophage cytokine production,GO:0060907,biological process,50,3.0,2.095e-01,2.774e-01,1.668e-01,5.465e-01,3.294e-02,1.536e-01,2.858e-01,2.564e-01,3.002e-01,1.065e-01,2.614e-01
MGI:96534,CD74,1697,extracellular exosome,GO:0070062,cellular component,50,88.0,2.158e-01,2.691e-01,1.748e-01,5.399e-01,1.956e-02,1.800e-01,2.586e-01,2.416e-01,2.997e-01,1.345e-01,2.271e-01
MGI:96534,CD74,1697,T cell activation involved in immune response,GO:0002286,biological process,50,9.0,2.181e-01,2.652e-01,1.759e-01,5.388e-01,1.834e-02,1.864e-01,2.552e-01,2.287e-01,3.076e-01,1.374e-01,2.252e-01
MGI:96534,CD74,1697,positive regulation of interleukin-6 production,GO:0032755,biological process,50,5.0,2.289e-01,2.803e-01,1.872e-01,5.245e-01,3.671e-02,1.648e-01,3.179e-01,2.282e-01,3.444e-01,1.191e-01,2.943e-01
MGI:96534,CD74,1697,cell surface,GO:0009986,cellular component,50,22.0,2.322e-01,2.709e-01,1.951e-01,5.204e-01,9.011e-03,2.125e-01,2.536e-01,2.454e-01,2.992e-01,1.742e-01,2.186e-01
MGI:96534,CD74,1697,positive regulation of monocyte differentiation,GO:0045657,biological process,50,4.0,2.332e-01,2.715e-01,1.941e-01,5.207e-01,1.858e-02,1.955e-01,2.782e-01,2.410e-01,3.059e-01,1.541e-01,2.444e-01
MGI:96534,CD74,1697,membrane,GO:0016020,cellular component,50,60.0,2.413e-01,2.808e-01,2.023e-01,5.110e-01,3.137e-02,1.805e-01,3.227e-01,2.500e-01,3.154e-01,1.365e-01,2.997e-01
MGI:96534,CD74,1697,positive regulation of prostaglandin biosynthetic process,GO:0031394,biological process,50,4.0,2.473e-01,2.728e-01,2.005e-01,5.090e-01,4.806e-02,1.634e-01,3.742e-01,2.075e-01,3.587e-01,1.078e-01,3.727e-01
MGI:96534,CD74,1697,amyloid-beta binding,GO:0001540,molecular function,50,3.0,2.476e-01,2.784e-01,1.961e-01,5.099e-01,5.854e-02,1.506e-01,4.069e-01,2.064e-01,3.756e-01,9.060e-02,4.245e-01
MGI:96534,CD74,1697,plasma membrane,GO:0005886,cellular component,50,93.0,2.493e-01,2.735e-01,2.126e-01,5.031e-01,1.938e-02,2.067e-01,3.008e-01,2.429e-01,3.081e-01,1.668e-01,2.709e-01
MGI:96534,CD74,1697,positive regulation of DNA-templated transcription,GO:0045893,biological process,50,24.0,2.503e-01,2.905e-01,2.108e-01,5.014e-01,3.965e-02,1.739e-01,3.604e-01,2.480e-01,3.404e-01,1.302e-01,3.413e-01
MGI:96534,CD74,1697,negative regulation of peptide secretion,GO:0002792,biological process,50,5.0,2.605e-01,2.959e-01,2.243e-01,4.916e-01,2.794e-02,2.036e-01,3.333e-01,2.528e-01,3.463e-01,1.617e-01,3.112e-01
MGI:96534,CD74,1697,nucleus,GO:0005634,cellular component,50,87.0,2.608e-01,2.830e-01,2.237e-01,4.910e-01,3.222e-02,1.924e-01,3.535e-01,2.497e-01,3.209e-01,1.494e-01,3.349e-01
MGI:96534,CD74,1697,cytokine receptor activity,GO:0004896,molecular function,50,43.0,2.620e-01,2.785e-01,2.275e-01,4.902e-01,1.391e-02,2.284e-01,3.006e-01,2.530e-01,3.067e-01,1.926e-01,2.687e-01
MGI:96534,CD74,1697,prostaglandin biosynthetic process,GO:0001516,biological process,50,4.0,2.633e-01,2.830e-01,2.263e-01,4.878e-01,3.792e-02,1.850e-01,3.746e-01,2.306e-01,3.472e-01,1.445e-01,3.543e-01
MGI:96534,CD74,1697,protein binding,GO:0005515,molecular function,50,373.0,2.638e-01,2.830e-01,2.284e-01,4.882e-01,2.551e-02,2.071e-01,3.360e-01,2.497e-01,3.209e-01,1.669e-01,3.124e-01
MGI:96534,CD74,1697,positive regulation of gene expression,GO:0010628,biological process,50,28.0,2.725e-01,3.362e-01,2.322e-01,4.737e-01,6.709e-02,1.506e-01,4.931e-01,2.247e-01,5.028e-01,1.101e-01,4.896e-01
MGI:96534,CD74,1697,negative regulation of apoptotic process,GO:0043066,biological process,50,31.0,2.752e-01,3.096e-01,2.414e-01,4.751e-01,3.647e-02,1.964e-01,3.857e-01,2.872e-01,3.336e-01,1.556e-01,3.744e-01
MGI:96534,CD74,1697,cytoplasm,GO:0005737,cellular component,50,99.0,2.893e-01,2.977e-01,2.588e-01,4.640e-01,1.175e-02,2.581e-01,3.244e-01,2.885e-01,3.072e-01,2.259e-01,2.965e-01
MGI:96534,CD74,1697,antigen processing and presentation,GO:0019882,biological process,50,16.0,3.078e-01,3.446e-01,2.726e-01,4.431e-01,5.869e-02,1.869e-01,5.069e-01,2.266e-01,5.241e-01,1.495e-01,4.971e-01
MGI:96534,CD74,1697,negative regulation of cell migration,GO:0030336,biological process,50,27.0,3.537e-01,3.569e-01,3.242e-01,4.048e-01,5.586e-02,2.229e-01,5.613e-01,2.271e-01,5.609e-01,1.896e-01,5.544e-01
MGI:96534,CD74,1697,protein-containing complex,GO:0032991,cellular component,50,295.0,4.747e-01,5.115e-01,4.179e-01,2.673e-01,1.494e-01,1.733e-01,1.300e+00,2.166e-01,1.208e+00,1.202e-01,1.453e+00
MGI:1916803,RIPOR3,16168,protein binding,GO:0005515,molecular function,1,373.0,1.903e-01,1.463e-01,1.463e-01,5.721e-01,9.122e-03,1.735e-01,2.087e-01,1.286e-01,1.664e-01,1.286e-01,1.664e-01
MGI:1196217,TCAIM,25241,mitochondrion,GO:0005739,cellular component,1,22.0,1.117e-01,4.753e-02,4.753e-02,7.381e-01,7.870e-03,1.065e-01,1.172e-01,4.107e-02,5.500e-02,4.107e-02,5.500e-02
MGI:1921518,AVEN,13509,membrane,GO:0016020,cellular component,4,60.0,3.155e-01,4.787e-01,2.862e-01,4.408e-01,2.529e-02,2.517e-01,3.955e-01,3.768e-01,6.081e-01,2.184e-01,3.750e-01
MGI:1921518,AVEN,13509,protein binding,GO:0005515,molecular function,4,373.0,3.946e-01,4.787e-01,3.751e-01,3.794e-01,3.287e-03,3.848e-01,4.046e-01,3.768e-01,6.081e-01,3.633e-01,3.872e-01
MGI:1921518,AVEN,13509,negative regulation of G2/M transition of mitotic cell cycle,GO:0010972,biological process,4,7.0,3.969e-01,4.787e-01,3.767e-01,3.757e-01,2.761e-02,3.131e-01,5.030e-01,3.768e-01,6.081e-01,2.903e-01,4.889e-01
MGI:1921518,AVEN,13509,negative regulation of apoptotic process,GO:0043066,biological process,4,31.0,5.184e-01,5.052e-01,5.052e-01,2.927e-01,3.506e-02,3.955e-01,6.795e-01,3.790e-01,6.733e-01,3.790e-01,6.733e-01
MGI:2446129,CRACR2B,28703,store-operated calcium entry,GO:0002115,biological process,3,2.0,1.461e-01,1.142e-01,8.662e-02,6.534e-01,3.131e-02,1.199e-01,1.779e-01,9.474e-02,1.376e-01,5.129e-02,1.463e-01
MGI:2446129,CRACR2B,28703,protein binding,GO:0005515,molecular function,3,373.0,1.785e-01,1.312e-01,1.312e-01,5.903e-01,1.519e-02,1.551e-01,2.054e-01,1.052e-01,1.635e-01,1.052e-01,1.635e-01
MGI:1914084,ACOT13,20999,nucleus,GO:0005634,cellular component,4,87.0,2.805e-01,5.049e-01,2.458e-01,4.721e-01,3.257e-02,2.088e-01,3.769e-01,2.452e-01,1.040e+00,1.664e-01,3.632e-01
MGI:1914084,ACOT13,20999,protein binding,GO:0005515,molecular function,4,373.0,3.199e-01,5.049e-01,2.890e-01,4.357e-01,4.124e-02,2.211e-01,4.630e-01,2.452e-01,1.040e+00,1.821e-01,4.585e-01
MGI:1914084,ACOT13,20999,protein homotetramerization,GO:0051289,biological process,4,3.0,4.139e-01,5.527e-01,3.605e-01,3.469e-01,1.110e-01,1.708e-01,1.003e+00,2.454e-01,1.245e+00,1.163e-01,1.118e+00
MGI:1914084,ACOT13,20999,acyl-CoA hydrolase activity,GO:0047617,molecular function,4,8.0,6.680e-01,6.505e-01,6.505e-01,1.314e-01,1.213e-01,3.373e-01,1.323e+00,3.124e-01,1.355e+00,3.124e-01,1.355e+00
MGI:104960,TNFAIP2,11895,SNARE binding,GO:0000149,molecular function,5,4.0,1.025e-01,4.855e-02,1.187e-02,8.981e-01,1.038e-02,9.761e-02,1.076e-01,4.062e-02,5.804e-02,8.583e-03,1.642e-02
MGI:104960,TNFAIP2,11895,exocytosis,GO:0006887,biological process,5,8.0,1.025e-01,6.011e-02,2.404e-02,8.253e-01,1.677e-02,9.762e-02,1.076e-01,4.365e-02,8.276e-02,1.746e-02,3.311e-02
MGI:104960,TNFAIP2,11895,protein binding,GO:0005515,molecular function,5,373.0,1.730e-01,1.832e-01,1.234e-01,5.993e-01,2.414e-02,1.387e-01,2.156e-01,1.498e-01,2.240e-01,8.660e-02,1.760e-01
MGI:104960,TNFAIP2,11895,exocyst localization,GO:0051601,biological process,5,3.0,1.948e-01,1.830e-01,1.464e-01,5.686e-01,3.751e-02,1.402e-01,2.708e-01,1.428e-01,2.344e-01,8.542e-02,2.509e-01
MGI:104960,TNFAIP2,11895,exocyst,GO:0000145,cellular component,5,2.0,2.292e-01,2.038e-01,1.892e-01,5.260e-01,1.327e-02,2.041e-01,2.573e-01,1.984e-01,2.094e-01,1.593e-01,2.248e-01
MGI:2385244,TMEM150A,24677,phosphatidylinositol phosphate biosynthetic process,GO:0046854,biological process,4,9.0,1.025e-01,7.452e-02,1.943e-02,8.453e-01,2.644e-02,9.761e-02,1.076e-01,4.136e-02,1.343e-01,1.047e-02,3.604e-02
MGI:2385244,TMEM150A,24677,plasma membrane,GO:0005886,cellular component,4,93.0,1.308e-01,1.092e-01,7.217e-02,6.817e-01,4.257e-03,1.262e-01,1.355e-01,8.864e-02,1.344e-01,6.694e-02,7.781e-02
MGI:2385244,TMEM150A,24677,protein binding,GO:0005515,molecular function,4,373.0,1.557e-01,1.092e-01,1.028e-01,6.299e-01,9.602e-03,1.406e-01,1.725e-01,8.864e-02,1.344e-01,8.855e-02,1.194e-01
MGI:2385244,TMEM150A,24677,protein localization to plasma membrane,GO:0072659,biological process,4,8.0,1.560e-01,1.092e-01,1.039e-01,6.279e-01,1.452e-02,1.347e-01,1.808e-01,8.864e-02,1.344e-01,8.315e-02,1.298e-01
MGI:2448481,MGST2,7063,membrane lipid catabolic process,GO:0046466,biological process,16,5.0,1.028e-01,7.052e-02,1.246e-02,8.708e-01,3.981e-02,9.828e-02,1.076e-01,3.672e-02,1.354e-01,3.605e-03,4.309e-02
MGI:2448481,MGST2,7063,leukotriene biosynthetic process,GO:0019370,biological process,16,6.0,1.037e-01,8.874e-02,2.852e-02,8.033e-01,2.367e-02,9.931e-02,1.083e-01,4.524e-02,1.741e-01,1.835e-02,4.433e-02
MGI:2448481,MGST2,7063,glutathione peroxidase activity,GO:0004602,molecular function,16,2.0,1.039e-01,8.874e-02,2.185e-02,8.354e-01,3.101e-02,9.986e-02,1.081e-01,4.524e-02,1.741e-01,1.205e-02,3.962e-02
MGI:2448481,MGST2,7063,lipid metabolic process,GO:0006629,biological process,16,10.0,1.047e-01,8.874e-02,2.812e-02,8.058e-01,2.442e-02,1.004e-01,1.092e-01,4.524e-02,1.741e-01,1.783e-02,4.432e-02
MGI:2448481,MGST2,7063,glutathione biosynthetic process,GO:0006750,biological process,16,3.0,1.049e-01,8.874e-02,2.689e-02,8.075e-01,3.641e-02,1.008e-01,1.092e-01,4.524e-02,1.741e-01,1.292e-02,5.596e-02
MGI:2448481,MGST2,7063,glutathione binding,GO:0043295,molecular function,16,2.0,1.194e-01,9.970e-02,4.716e-02,7.373e-01,4.334e-02,1.023e-01,1.395e-01,4.519e-02,2.199e-01,2.145e-02,1.037e-01
MGI:2448481,MGST2,7063,intracellular membrane-bounded organelle,GO:0043231,cellular component,16,58.0,1.207e-01,1.012e-01,4.979e-02,7.307e-01,4.006e-02,1.054e-01,1.381e-01,4.518e-02,2.267e-01,2.397e-02,1.034e-01
MGI:2448481,MGST2,7063,leukotriene-C4 synthase activity,GO:0004464,molecular function,16,2.0,1.269e-01,1.047e-01,4.521e-02,7.372e-01,6.607e-02,9.943e-02,1.621e-01,4.475e-02,2.448e-01,1.312e-02,1.558e-01
MGI:2448481,MGST2,7063,glutathione transferase activity,GO:0004364,molecular function,16,3.0,1.388e-01,1.213e-01,7.622e-02,6.710e-01,3.549e-02,1.121e-01,1.719e-01,5.959e-02,2.470e-01,4.134e-02,1.405e-01
MGI:2448481,MGST2,7063,endoplasmic reticulum,GO:0005783,cellular component,16,24.0,1.608e-01,1.300e-01,9.623e-02,6.327e-01,5.198e-02,1.120e-01,2.310e-01,5.970e-02,2.831e-01,4.108e-02,2.254e-01
MGI:2448481,MGST2,7063,identical protein binding,GO:0042802,molecular function,16,28.0,1.636e-01,1.328e-01,1.051e-01,6.216e-01,4.278e-02,1.198e-01,2.233e-01,6.616e-02,2.665e-01,5.343e-02,2.066e-01
MGI:2448481,MGST2,7063,membrane,GO:0016020,cellular component,16,60.0,1.723e-01,1.328e-01,1.154e-01,6.069e-01,4.111e-02,1.269e-01,2.340e-01,6.616e-02,2.665e-01,6.153e-02,2.166e-01
MGI:2448481,MGST2,7063,nuclear envelope,GO:0005635,cellular component,16,4.0,1.777e-01,1.322e-01,1.131e-01,6.050e-01,5.978e-02,1.148e-01,2.752e-01,5.972e-02,2.927e-01,4.379e-02,2.923e-01
MGI:2448481,MGST2,7063,plasma membrane,GO:0005886,cellular component,16,93.0,1.816e-01,1.367e-01,1.232e-01,5.948e-01,4.895e-02,1.256e-01,2.627e-01,6.638e-02,2.815e-01,5.794e-02,2.621e-01
MGI:2448481,MGST2,7063,protein binding,GO:0005515,molecular function,16,373.0,2.018e-01,1.515e-01,1.441e-01,5.656e-01,5.745e-02,1.267e-01,3.213e-01,6.512e-02,3.527e-01,6.340e-02,3.276e-01
MGI:3606001,APOL2,619,membrane,GO:0016020,cellular component,6,60.0,1.025e-01,1.724e-02,1.100e-02,8.760e-01,3.961e-02,9.761e-02,1.076e-01,4.308e-03,6.902e-02,2.691e-03,4.496e-02
MGI:3606001,APOL2,619,protein binding,GO:0005515,molecular function,6,373.0,1.025e-01,1.724e-02,1.145e-02,8.552e-01,4.500e-02,9.762e-02,1.076e-01,4.308e-03,6.902e-02,1.810e-03,7.245e-02
MGI:3606001,APOL2,619,lipid binding,GO:0008289,molecular function,6,16.0,1.036e-01,2.911e-02,2.019e-02,8.376e-01,3.534e-02,9.907e-02,1.083e-01,2.175e-02,3.898e-02,9.061e-03,4.497e-02
MGI:1194898,PPL,9273,cadherin binding,GO:0045296,molecular function,15,8.0,1.025e-01,3.183e-02,6.083e-03,9.255e-01,1.685e-02,9.761e-02,1.076e-01,2.000e-02,5.068e-02,2.016e-03,1.835e-02
MGI:1194898,PPL,9273,membrane,GO:0016020,cellular component,15,60.0,1.025e-01,3.734e-02,2.092e-02,8.415e-01,1.905e-02,9.761e-02,1.076e-01,3.000e-02,4.648e-02,1.417e-02,3.088e-02
MGI:1194898,PPL,9273,extracellular exosome,GO:0070062,cellular component,15,88.0,1.025e-01,3.734e-02,1.870e-02,8.504e-01,2.875e-02,9.762e-02,1.076e-01,3.000e-02,4.648e-02,9.959e-03,3.512e-02
MGI:1194898,PPL,9273,cytoplasm,GO:0005737,cellular component,15,99.0,1.043e-01,3.878e-02,2.785e-02,8.065e-01,2.323e-02,9.954e-02,1.093e-01,2.895e-02,5.194e-02,1.806e-02,4.294e-02
MGI:1194898,PPL,9273,intermediate filament cytoskeleton organization,GO:0045104,biological process,15,6.0,1.046e-01,4.625e-02,2.579e-02,8.144e-01,3.248e-02,9.579e-02,1.141e-01,3.297e-02,6.490e-02,1.359e-02,4.894e-02
MGI:1194898,PPL,9273,protein binding,GO:0005515,molecular function,15,373.0,1.061e-01,3.970e-02,2.462e-02,8.205e-01,3.778e-02,9.942e-02,1.131e-01,2.831e-02,5.567e-02,1.186e-02,5.112e-02
MGI:1194898,PPL,9273,intermediate filament,GO:0005882,cellular component,15,7.0,1.148e-01,4.338e-02,1.805e-02,7.947e-01,7.204e-02,9.320e-02,1.413e-01,1.607e-02,1.171e-01,1.746e-03,1.865e-01
MGI:1194898,PPL,9273,wound healing,GO:0042060,biological process,15,4.0,1.275e-01,6.599e-02,2.575e-02,7.834e-01,9.577e-02,7.917e-02,2.054e-01,2.412e-02,1.805e-01,3.737e-03,1.774e-01
MGI:1194898,PPL,9273,response to mechanical stimulus,GO:0009612,biological process,15,10.0,1.480e-01,7.817e-02,5.569e-02,6.948e-01,1.075e-01,6.864e-02,3.191e-01,2.083e-02,2.933e-01,1.054e-02,2.944e-01
MGI:1194898,PPL,9273,structural molecule activity,GO:0005198,molecular function,15,24.0,1.601e-01,8.418e-02,6.994e-02,6.647e-01,1.022e-01,7.979e-02,3.210e-01,2.288e-02,3.097e-01,1.436e-02,3.407e-01
MGI:2140651,NHSL3,29301,cell differentiation,GO:0030154,biological process,1,84.0,2.129e-01,1.451e-01,1.451e-01,5.511e-01,9.246e-02,9.740e-02,4.652e-01,4.505e-02,4.676e-01,4.505e-02,4.676e-01
MGI:1916575,C11orf97,49544,ciliary base,GO:0097546,cellular component,1,2.0,6.268e-01,6.187e-01,6.187e-01,2.211e-01,4.362e-02,4.790e-01,8.202e-01,4.682e-01,8.175e-01,4.682e-01,8.175e-01
MGI:88077,ARSA,713,arylsulfatase activity,GO:0004065,molecular function,8,2.0,1.025e-01,1.287e-02,2.575e-03,9.582e-01,2.394e-03,9.761e-02,1.076e-01,9.827e-03,1.686e-02,1.965e-03,3.373e-03
MGI:88077,ARSA,713,calcium ion binding,GO:0005509,molecular function,8,12.0,1.047e-01,4.584e-02,3.109e-02,7.930e-01,1.920e-02,1.004e-01,1.092e-01,3.754e-02,5.597e-02,2.179e-02,4.435e-02
MGI:88077,ARSA,713,sulfuric ester hydrolase activity,GO:0008484,molecular function,8,22.0,1.048e-01,4.584e-02,2.788e-02,8.069e-01,2.489e-02,1.005e-01,1.093e-01,3.754e-02,5.597e-02,1.752e-02,4.436e-02
MGI:88077,ARSA,713,extracellular exosome,GO:0070062,cellular component,8,88.0,1.069e-01,4.753e-02,3.987e-02,7.606e-01,1.093e-02,1.058e-01,1.081e-01,3.816e-02,5.919e-02,3.244e-02,4.900e-02
MGI:88077,ARSA,713,protein binding,GO:0005515,molecular function,8,373.0,1.197e-01,5.562e-02,5.562e-02,7.162e-01,2.492e-02,1.035e-01,1.383e-01,3.552e-02,8.708e-02,3.552e-02,8.708e-02
MGI:1917188,SCRN1,22192,nuclear membrane,GO:0031965,cellular component,4,5.0,1.729e-01,1.990e-01,1.187e-01,6.012e-01,4.679e-02,1.140e-01,2.622e-01,1.574e-01,2.516e-01,5.811e-02,2.423e-01
MGI:1917188,SCRN1,22192,protein binding,GO:0005515,molecular function,4,373.0,2.081e-01,1.996e-01,1.648e-01,5.510e-01,1.584e-02,1.830e-01,2.367e-01,1.584e-01,2.516e-01,1.325e-01,2.050e-01
MGI:1917188,SCRN1,22192,nucleus,GO:0005634,cellular component,4,87.0,2.274e-01,1.996e-01,1.881e-01,5.259e-01,2.411e-02,1.818e-01,2.843e-01,1.584e-01,2.516e-01,1.387e-01,2.551e-01
MGI:102726,DCK,2704,nucleoside phosphate biosynthetic process,GO:1901293,biological process,11,9.0,1.046e-01,1.665e-01,3.147e-02,7.913e-01,1.725e-02,9.579e-02,1.141e-01,1.426e-01,1.944e-01,2.288e-02,4.330e-02
MGI:102726,DCK,2704,cytidine kinase activity,GO:0043771,molecular function,11,3.0,1.246e-01,1.665e-01,6.263e-02,6.999e-01,2.554e-02,1.005e-01,1.545e-01,1.426e-01,1.944e-01,3.996e-02,9.815e-02
MGI:102726,DCK,2704,mitochondrion,GO:0005739,cellular component,11,22.0,1.424e-01,1.665e-01,8.597e-02,6.569e-01,5.858e-03,1.402e-01,1.446e-01,1.426e-01,1.944e-01,7.806e-02,9.468e-02
MGI:102726,DCK,2704,deoxycytidine kinase activity,GO:0004137,molecular function,11,2.0,1.503e-01,1.665e-01,9.638e-02,6.398e-01,9.904e-03,1.352e-01,1.670e-01,1.426e-01,1.944e-01,8.245e-02,1.127e-01
MGI:102726,DCK,2704,deoxyadenosine kinase activity,GO:0004136,molecular function,11,2.0,1.560e-01,1.665e-01,1.031e-01,6.295e-01,9.231e-03,1.419e-01,1.714e-01,1.426e-01,1.944e-01,8.926e-02,1.191e-01
MGI:102726,DCK,2704,deoxyguanosine kinase activity,GO:0004138,molecular function,11,2.0,1.572e-01,1.665e-01,1.049e-01,6.268e-01,9.686e-03,1.424e-01,1.735e-01,1.426e-01,1.944e-01,9.021e-02,1.219e-01
MGI:102726,DCK,2704,protein homodimerization activity,GO:0042803,molecular function,11,14.0,1.793e-01,1.928e-01,1.318e-01,5.883e-01,2.591e-02,1.405e-01,2.290e-01,1.569e-01,2.370e-01,9.010e-02,1.928e-01
MGI:102726,DCK,2704,nucleoplasm,GO:0005654,cellular component,11,49.0,2.314e-01,2.229e-01,1.940e-01,5.210e-01,1.628e-02,1.983e-01,2.701e-01,1.898e-01,2.618e-01,1.581e-01,2.380e-01
MGI:102726,DCK,2704,pyrimidine nucleotide metabolic process,GO:0006220,biological process,11,8.0,2.385e-01,2.252e-01,2.000e-01,5.152e-01,1.779e-02,2.010e-01,2.829e-01,2.022e-01,2.508e-01,1.609e-01,2.487e-01
MGI:102726,DCK,2704,cytoplasm,GO:0005737,cellular component,11,99.0,2.597e-01,2.340e-01,2.259e-01,4.914e-01,1.741e-02,2.212e-01,3.048e-01,2.022e-01,2.708e-01,1.829e-01,2.792e-01
MGI:104719,NDST1,7680,heparan sulfate N-deacetylase activity,GO:0102140,molecular function,9,3.0,1.212e-01,1.338e-01,4.645e-02,7.386e-01,4.920e-02,9.791e-02,1.500e-01,3.199e-02,5.595e-01,1.915e-02,1.127e-01
MGI:104719,NDST1,7680,Golgi apparatus,GO:0005794,cellular component,9,20.0,1.557e-01,1.338e-01,7.270e-02,6.686e-01,8.006e-02,1.025e-01,2.367e-01,3.199e-02,5.595e-01,1.863e-02,2.837e-01
MGI:104719,NDST1,7680,protein binding,GO:0005515,molecular function,9,373.0,1.712e-01,1.338e-01,9.296e-02,6.300e-01,7.990e-02,1.021e-01,2.873e-01,3.199e-02,5.595e-01,2.560e-02,3.375e-01
MGI:104719,NDST1,7680,deacetylase activity,GO:0019213,molecular function,9,28.0,1.816e-01,1.350e-01,1.025e-01,6.139e-01,8.202e-02,1.065e-01,3.099e-01,3.208e-02,5.680e-01,2.739e-02,3.833e-01
MGI:104719,NDST1,7680,trans-Golgi network membrane,GO:0032588,cellular component,9,3.0,1.935e-01,1.436e-01,1.030e-01,6.084e-01,9.393e-02,1.085e-01,3.453e-01,3.249e-02,6.350e-01,2.246e-02,4.727e-01
MGI:104719,NDST1,7680,[heparan sulfate]-glucosamine N-sulfotransferase activity,GO:0015016,molecular function,9,2.0,2.666e-01,1.792e-01,1.599e-01,5.095e-01,1.318e-01,1.030e-01,6.898e-01,3.066e-02,1.048e+00,2.603e-02,9.822e-01
MGI:104719,NDST1,7680,"heparan sulfate proteoglycan biosynthetic process, polysaccharide chain biosynthetic process",GO:0015014,biological process,9,2.0,2.897e-01,3.090e-01,2.362e-01,4.412e-01,1.213e-01,1.110e-01,7.557e-01,1.278e-01,7.467e-01,7.299e-02,7.643e-01
MGI:1923035,KLHL24,25947,protein autoubiquitination,GO:0051865,biological process,8,2.0,1.025e-01,8.097e-02,1.409e-02,8.862e-01,5.037e-03,9.761e-02,1.076e-01,6.396e-02,1.025e-01,1.236e-02,1.605e-02
MGI:1923035,KLHL24,25947,desmosome,GO:0030057,cellular component,8,3.0,1.025e-01,8.097e-02,2.625e-02,8.151e-01,2.646e-03,9.761e-02,1.076e-01,6.396e-02,1.025e-01,2.503e-02,2.754e-02
MGI:1923035,KLHL24,25947,adherens junction,GO:0005912,cellular component,8,9.0,1.036e-01,8.097e-02,2.941e-02,7.996e-01,1.553e-02,9.907e-02,1.083e-01,6.396e-02,1.025e-01,2.205e-02,3.921e-02
MGI:1923035,KLHL24,25947,protein ubiquitination,GO:0016567,biological process,8,9.0,1.153e-01,8.640e-02,5.000e-02,7.307e-01,2.113e-02,1.004e-01,1.324e-01,6.710e-02,1.113e-01,3.372e-02,7.413e-02
MGI:1923035,KLHL24,25947,intermediate filament organization,GO:0045109,biological process,8,4.0,1.207e-01,9.809e-02,5.908e-02,7.089e-01,1.405e-02,1.158e-01,1.257e-01,9.197e-02,1.046e-01,4.597e-02,7.593e-02
MGI:1923035,KLHL24,25947,Cul3-RING ubiquitin ligase complex,GO:0031463,cellular component,8,3.0,1.395e-01,1.046e-01,8.209e-02,6.632e-01,1.347e-02,1.262e-01,1.542e-01,9.168e-02,1.194e-01,6.591e-02,1.022e-01
MGI:1923035,KLHL24,25947,protein binding,GO:0005515,molecular function,8,373.0,1.938e-01,1.570e-01,1.477e-01,5.695e-01,2.376e-02,1.562e-01,2.405e-01,1.199e-01,2.057e-01,1.052e-01,2.075e-01
MGI:1923035,KLHL24,25947,cytoplasm,GO:0005737,cellular component,8,99.0,2.009e-01,1.600e-01,1.568e-01,5.598e-01,1.595e-02,1.737e-01,2.323e-01,1.267e-01,2.021e-01,1.257e-01,1.956e-01
MGI:3051372,USP17L30,44458,protein deubiquitination involved in ubiquitin-dependent protein catabolic process,GO:0071947,biological process,10,2.0,1.025e-01,5.605e-02,8.504e-03,9.118e-01,1.628e-02,9.761e-02,1.076e-01,2.304e-02,1.363e-01,3.535e-03,2.046e-02
MGI:3051372,USP17L30,44458,RNA binding,GO:0003723,molecular function,10,46.0,1.025e-01,7.370e-02,2.619e-02,8.147e-01,8.671e-03,9.761e-02,1.076e-01,5.073e-02,1.071e-01,2.230e-02,3.076e-02
MGI:3051372,USP17L30,44458,regulation of apoptotic process,GO:0042981,biological process,10,22.0,1.099e-01,5.831e-02,1.912e-02,8.230e-01,5.950e-02,9.129e-02,1.324e-01,2.276e-02,1.494e-01,4.166e-03,8.775e-02
MGI:3051372,USP17L30,44458,positive regulation of epithelial cell apoptotic process,GO:1904037,biological process,10,10.0,1.124e-01,8.868e-02,3.093e-02,7.907e-01,5.078e-02,9.610e-02,1.314e-01,5.017e-02,1.568e-01,1.196e-02,7.995e-02
MGI:3051372,USP17L30,44458,cysteine-type deubiquitinase activity,GO:0004843,molecular function,10,5.0,1.298e-01,1.133e-01,6.953e-02,6.863e-01,2.264e-02,1.117e-01,1.509e-01,9.205e-02,1.394e-01,4.763e-02,1.015e-01
MGI:3051372,USP17L30,44458,nucleolus,GO:0005730,cellular component,10,8.0,1.336e-01,9.304e-02,6.381e-02,6.948e-01,4.966e-02,1.010e-01,1.769e-01,5.234e-02,1.654e-01,2.641e-02,1.542e-01
MGI:3051372,USP17L30,44458,protein deubiquitination,GO:0016579,biological process,10,14.0,1.443e-01,1.183e-01,8.808e-02,6.532e-01,9.392e-03,1.388e-01,1.501e-01,1.029e-01,1.360e-01,7.571e-02,1.025e-01
MGI:3051372,USP17L30,44458,hyaluronic acid binding,GO:0005540,molecular function,10,3.0,1.448e-01,1.183e-01,8.942e-02,6.509e-01,9.791e-03,1.316e-01,1.595e-01,1.029e-01,1.360e-01,7.627e-02,1.048e-01
MGI:3051372,USP17L30,44458,nucleus,GO:0005634,cellular component,10,87.0,1.824e-01,1.457e-01,1.329e-01,5.878e-01,1.874e-02,1.592e-01,2.090e-01,1.131e-01,1.878e-01,1.012e-01,1.745e-01
MGI:3051372,USP17L30,44458,cytosol,GO:0005829,cellular component,10,76.0,2.002e-01,1.560e-01,1.560e-01,5.609e-01,1.320e-02,1.806e-01,2.219e-01,1.297e-01,1.876e-01,1.297e-01,1.876e-01
MGI:99449,IFIT2,5409,defense response to virus,GO:0051607,biological process,11,14.0,1.026e-01,8.559e-02,2.397e-02,8.241e-01,2.458e-02,9.783e-02,1.077e-01,5.405e-02,1.355e-01,1.477e-02,3.890e-02
MGI:99449,IFIT2,5409,antiviral innate immune response,GO:0140374,biological process,11,5.0,1.027e-01,8.559e-02,2.519e-02,8.196e-01,1.646e-02,9.786e-02,1.077e-01,5.405e-02,1.355e-01,1.859e-02,3.412e-02
MGI:99449,IFIT2,5409,RNA binding,GO:0003723,molecular function,11,46.0,1.052e-01,8.559e-02,3.324e-02,7.838e-01,1.874e-02,9.815e-02,1.127e-01,5.405e-02,1.355e-01,2.351e-02,4.701e-02
MGI:99449,IFIT2,5409,positive regulation of apoptotic process,GO:0043065,biological process,11,22.0,1.070e-01,8.841e-02,3.519e-02,7.767e-01,2.410e-02,9.432e-02,1.213e-01,5.842e-02,1.338e-01,2.254e-02,5.494e-02
MGI:99449,IFIT2,5409,response to virus,GO:0009615,biological process,11,8.0,1.142e-01,8.925e-02,3.508e-02,7.756e-01,4.993e-02,8.798e-02,1.483e-01,5.210e-02,1.529e-01,1.416e-02,8.695e-02
MGI:99449,IFIT2,5409,cytosol,GO:0005829,cellular component,11,76.0,1.719e-01,1.705e-01,1.219e-01,6.022e-01,1.835e-02,1.477e-01,2.001e-01,1.455e-01,1.998e-01,9.344e-02,1.589e-01
MGI:99449,IFIT2,5409,endoplasmic reticulum,GO:0005783,cellular component,11,24.0,1.826e-01,1.668e-01,1.301e-01,5.891e-01,3.489e-02,1.338e-01,2.492e-01,1.342e-01,2.074e-01,7.954e-02,2.128e-01
MGI:99449,IFIT2,5409,negative regulation of protein binding,GO:0032091,biological process,11,13.0,1.855e-01,1.667e-01,1.399e-01,5.797e-01,1.311e-02,1.640e-01,2.099e-01,1.629e-01,1.706e-01,1.163e-01,1.683e-01
MGI:99449,IFIT2,5409,protein binding,GO:0005515,molecular function,11,373.0,2.021e-01,1.763e-01,1.568e-01,5.588e-01,2.452e-02,1.641e-01,2.489e-01,1.412e-01,2.201e-01,1.128e-01,2.178e-01
MGI:99449,IFIT2,5409,cytoplasm,GO:0005737,cellular component,11,99.0,2.078e-01,1.776e-01,1.653e-01,5.496e-01,2.150e-02,1.715e-01,2.518e-01,1.435e-01,2.197e-01,1.246e-01,2.192e-01
MGI:1341836,TRPV2,18082,calcium channel activity,GO:0005262,molecular function,7,7.0,1.075e-01,1.198e-01,3.713e-02,7.703e-01,2.032e-02,1.054e-01,1.096e-01,7.725e-02,1.859e-01,2.548e-02,5.410e-02
MGI:1341836,TRPV2,18082,calcium ion import across plasma membrane,GO:0098703,biological process,7,3.0,1.168e-01,1.243e-01,5.065e-02,7.282e-01,2.821e-02,9.875e-02,1.381e-01,8.604e-02,1.796e-01,3.048e-02,8.419e-02
MGI:1341836,TRPV2,18082,monoatomic cation channel activity,GO:0005261,molecular function,7,12.0,1.268e-01,1.411e-01,5.574e-02,7.136e-01,4.853e-02,9.812e-02,1.637e-01,7.505e-02,2.651e-01,2.379e-02,1.306e-01
MGI:1341836,TRPV2,18082,plasma membrane,GO:0005886,cellular component,7,93.0,2.018e-01,2.117e-01,1.573e-01,5.577e-01,2.754e-02,1.572e-01,2.591e-01,1.484e-01,3.019e-01,1.093e-01,2.266e-01
MGI:1341836,TRPV2,18082,protein binding,GO:0005515,molecular function,7,373.0,2.466e-01,2.237e-01,2.105e-01,5.037e-01,2.947e-02,1.881e-01,3.233e-01,1.562e-01,3.203e-01,1.473e-01,3.007e-01
MGI:1341836,TRPV2,18082,response to temperature stimulus,GO:0009266,biological process,7,10.0,2.832e-01,2.627e-01,2.472e-01,4.660e-01,5.132e-02,1.765e-01,4.545e-01,1.562e-01,4.417e-01,1.342e-01,4.556e-01
MGI:1341909,LY96,17156,lipopolysaccharide immune receptor activity,GO:0001875,molecular function,13,2.0,1.025e-01,5.971e-02,1.279e-02,8.945e-01,5.124e-03,9.761e-02,1.076e-01,4.091e-02,8.716e-02,1.092e-02,1.498e-02
MGI:1341909,LY96,17156,toll-like receptor signaling pathway,GO:0002224,biological process,13,9.0,1.025e-01,5.971e-02,2.040e-02,8.466e-01,2.522e-03,9.761e-02,1.076e-01,4.091e-02,8.716e-02,1.944e-02,2.141e-02
MGI:1341909,LY96,17156,detection of lipopolysaccharide,GO:0032497,biological process,13,3.0,1.036e-01,5.971e-02,3.129e-02,7.916e-01,1.458e-02,9.801e-02,1.095e-01,4.091e-02,8.716e-02,2.399e-02,4.080e-02
MGI:1341909,LY96,17156,positive regulation of lipopolysaccharide-mediated signaling pathway,GO:0031666,biological process,13,5.0,1.048e-01,6.089e-02,3.157e-02,7.910e-01,1.878e-02,9.966e-02,1.102e-01,4.015e-02,9.233e-02,2.228e-02,4.474e-02
MGI:1341909,LY96,17156,toll-like receptor 4 signaling pathway,GO:0034142,biological process,13,6.0,1.055e-01,6.089e-02,2.912e-02,8.012e-01,2.605e-02,9.961e-02,1.117e-01,4.015e-02,9.233e-02,1.788e-02,4.744e-02
MGI:1341909,LY96,17156,receptor complex,GO:0043235,cellular component,13,28.0,1.066e-01,6.089e-02,3.003e-02,7.951e-01,3.731e-02,9.960e-02,1.141e-01,4.015e-02,9.233e-02,1.457e-02,6.187e-02
MGI:1341909,LY96,17156,response to lipopolysaccharide,GO:0032496,biological process,13,7.0,1.137e-01,6.294e-02,4.635e-02,7.400e-01,2.626e-02,9.753e-02,1.326e-01,3.890e-02,1.018e-01,2.868e-02,7.493e-02
MGI:1341909,LY96,17156,cellular response to lipopolysaccharide,GO:0071222,biological process,13,7.0,1.150e-01,6.294e-02,3.542e-02,7.717e-01,5.335e-02,9.485e-02,1.395e-01,3.890e-02,1.018e-01,1.287e-02,9.748e-02
MGI:1341909,LY96,17156,lipopolysaccharide receptor complex,GO:0046696,cellular component,13,3.0,1.223e-01,7.319e-02,5.955e-02,7.074e-01,2.164e-02,1.087e-01,1.376e-01,4.911e-02,1.091e-01,4.032e-02,8.793e-02
MGI:1341909,LY96,17156,plasma membrane,GO:0005886,cellular component,13,93.0,1.963e-01,1.624e-01,1.476e-01,5.673e-01,3.688e-02,1.418e-01,2.717e-01,9.955e-02,2.650e-01,9.050e-02,2.409e-01
MGI:1341909,LY96,17156,protein binding,GO:0005515,molecular function,13,373.0,2.310e-01,1.906e-01,1.906e-01,5.214e-01,3.594e-02,1.667e-01,3.202e-01,1.226e-01,2.963e-01,1.226e-01,2.963e-01
MGI:2444588,TTC12,23700,sperm axoneme assembly,GO:0007288,biological process,4,5.0,1.538e-01,2.169e-01,9.249e-02,6.374e-01,5.655e-02,9.757e-02,2.424e-01,7.978e-02,5.897e-01,3.753e-02,2.280e-01
MGI:2444588,TTC12,23700,centrosome,GO:0005813,cellular component,4,11.0,2.533e-01,3.223e-01,2.163e-01,4.966e-01,3.777e-02,1.780e-01,3.606e-01,2.385e-01,4.356e-01,1.370e-01,3.416e-01
MGI:2444588,TTC12,23700,axonemal dynein complex assembly,GO:0070286,biological process,4,5.0,2.576e-01,2.466e-01,1.749e-01,4.957e-01,1.263e-01,9.298e-02,7.135e-01,7.638e-02,7.961e-01,3.546e-02,8.626e-01
MGI:2444588,TTC12,23700,cytoplasm,GO:0005737,cellular component,4,99.0,3.385e-01,3.462e-01,3.132e-01,4.217e-01,1.719e-02,2.890e-01,3.964e-01,2.596e-01,4.617e-01,2.613e-01,3.754e-01
MGI:106603,SERPINB9,8955,serine-type endopeptidase inhibitor activity,GO:0004867,molecular function,23,4.0,1.025e-01,1.028e-01,1.628e-02,8.713e-01,1.110e-02,9.761e-02,1.076e-01,7.068e-02,1.496e-01,1.276e-02,2.077e-02
MGI:106603,SERPINB9,8955,protease binding,GO:0002020,molecular function,23,9.0,1.025e-01,1.028e-01,1.864e-02,8.567e-01,9.133e-03,9.761e-02,1.076e-01,7.068e-02,1.496e-01,1.538e-02,2.259e-02
MGI:106603,SERPINB9,8955,protection from natural killer cell mediated cytotoxicity,GO:0042270,biological process,23,3.0,1.025e-01,1.033e-01,2.032e-02,8.431e-01,2.256e-02,9.761e-02,1.076e-01,7.098e-02,1.503e-01,1.240e-02,3.329e-02
MGI:106603,SERPINB9,8955,collagen-containing extracellular matrix,GO:0062023,cellular component,23,32.0,1.030e-01,1.135e-01,2.730e-02,8.091e-01,1.598e-02,9.719e-02,1.091e-01,9.040e-02,1.425e-01,2.031e-02,3.669e-02
MGI:106603,SERPINB9,8955,negative regulation of endopeptidase activity,GO:0010951,biological process,23,8.0,1.067e-01,1.028e-01,1.758e-02,8.483e-01,5.168e-02,9.391e-02,1.213e-01,7.068e-02,1.496e-01,5.822e-03,5.307e-02
MGI:106603,SERPINB9,8955,cellular response to estrogen stimulus,GO:0071391,biological process,23,3.0,1.459e-01,1.645e-01,7.740e-02,6.616e-01,6.388e-02,8.713e-02,2.443e-01,1.155e-01,2.342e-01,2.879e-02,2.081e-01
MGI:106603,SERPINB9,8955,extracellular space,GO:0005615,cellular component,23,55.0,1.477e-01,1.540e-01,9.299e-02,6.437e-01,2.195e-02,1.193e-01,1.827e-01,1.237e-01,1.916e-01,6.525e-02,1.325e-01
MGI:106603,SERPINB9,8955,extracellular exosome,GO:0070062,cellular component,23,88.0,1.504e-01,1.540e-01,9.672e-02,6.394e-01,6.176e-03,1.385e-01,1.634e-01,1.237e-01,1.916e-01,8.772e-02,1.067e-01
MGI:106603,SERPINB9,8955,immune response,GO:0006955,biological process,23,16.0,1.506e-01,1.540e-01,9.370e-02,6.414e-01,3.075e-02,1.166e-01,1.944e-01,1.237e-01,1.916e-01,5.846e-02,1.502e-01
MGI:106603,SERPINB9,8955,nucleus,GO:0005634,cellular component,23,87.0,1.532e-01,1.540e-01,9.992e-02,6.343e-01,5.813e-03,1.437e-01,1.632e-01,1.237e-01,1.916e-01,9.119e-02,1.095e-01
MGI:106603,SERPINB9,8955,membrane,GO:0016020,cellular component,23,60.0,1.547e-01,1.540e-01,1.018e-01,6.313e-01,6.955e-03,1.473e-01,1.625e-01,1.237e-01,1.916e-01,9.128e-02,1.136e-01
MGI:106603,SERPINB9,8955,nucleoplasm,GO:0005654,cellular component,23,49.0,1.640e-01,1.540e-01,1.133e-01,6.144e-01,1.072e-02,1.461e-01,1.841e-01,1.237e-01,1.916e-01,9.620e-02,1.336e-01
MGI:106603,SERPINB9,8955,protein binding,GO:0005515,molecular function,23,373.0,1.671e-01,1.540e-01,1.168e-01,6.093e-01,1.391e-02,1.492e-01,1.871e-01,1.237e-01,1.916e-01,9.529e-02,1.433e-01
MGI:106603,SERPINB9,8955,Golgi apparatus,GO:0005794,cellular component,23,20.0,1.676e-01,1.540e-01,1.153e-01,6.109e-01,1.958e-02,1.469e-01,1.912e-01,1.237e-01,1.916e-01,8.570e-02,1.551e-01
MGI:106603,SERPINB9,8955,cytosol,GO:0005829,cellular component,23,76.0,1.738e-01,1.540e-01,1.261e-01,5.970e-01,1.135e-02,1.547e-01,1.953e-01,1.237e-01,1.916e-01,1.068e-01,1.489e-01
MGI:106603,SERPINB9,8955,cytoplasm,GO:0005737,cellular component,23,99.0,1.867e-01,1.559e-01,1.412e-01,5.781e-01,1.218e-02,1.674e-01,2.081e-01,1.223e-01,1.986e-01,1.190e-01,1.674e-01
MGI:106603,SERPINB9,8955,negative regulation of apoptotic process,GO:0043066,biological process,23,31.0,1.889e-01,1.650e-01,1.442e-01,5.747e-01,1.007e-02,1.712e-01,2.084e-01,1.396e-01,1.951e-01,1.251e-01,1.661e-01
MGI:106603,SERPINB9,8955,cysteine-type endopeptidase inhibitor activity involved in apoptotic process,GO:0043027,molecular function,23,3.0,1.970e-01,1.711e-01,1.477e-01,5.660e-01,4.295e-02,1.339e-01,2.899e-01,1.120e-01,2.615e-01,8.380e-02,2.605e-01
MGI:106603,SERPINB9,8955,mast cell mediated immunity,GO:0002448,biological process,23,3.0,1.985e-01,1.657e-01,1.525e-01,5.630e-01,2.905e-02,1.534e-01,2.569e-01,1.155e-01,2.377e-01,1.036e-01,2.246e-01
MGI:1924456,ATP13A4,25422,late endosome membrane,GO:0031902,cellular component,6,5.0,1.025e-01,2.302e-02,7.123e-03,9.213e-01,1.502e-02,9.761e-02,1.076e-01,1.617e-02,3.275e-02,2.913e-03,1.742e-02
MGI:1924456,ATP13A4,25422,endoplasmic reticulum membrane,GO:0005789,cellular component,6,17.0,1.025e-01,2.497e-02,1.499e-02,8.719e-01,2.908e-02,9.761e-02,1.076e-01,1.812e-02,3.442e-02,7.789e-03,2.884e-02
MGI:1924456,ATP13A4,25422,ATPase-coupled monoatomic cation transmembrane transporter activity,GO:0019829,molecular function,6,24.0,1.025e-01,2.677e-02,1.342e-02,8.835e-01,2.212e-02,9.761e-02,1.076e-01,2.121e-02,3.377e-02,7.777e-03,2.317e-02
MGI:1924456,ATP13A4,25422,intracellular calcium ion homeostasis,GO:0006874,biological process,6,11.0,1.025e-01,2.677e-02,1.896e-02,8.538e-01,1.288e-02,9.761e-02,1.076e-01,2.121e-02,3.377e-02,1.442e-02,2.495e-02
MGI:1924456,ATP13A4,25422,polyamine transmembrane transporter activity,GO:0015203,molecular function,6,7.0,1.025e-01,2.790e-02,2.331e-02,8.300e-01,1.159e-02,9.761e-02,1.076e-01,2.376e-02,3.276e-02,1.871e-02,2.903e-02
MGI:1924456,ATP13A4,25422,polyamine transmembrane transport,GO:1902047,biological process,6,5.0,1.028e-01,2.604e-02,2.010e-02,8.391e-01,3.227e-02,9.731e-02,1.087e-01,1.943e-02,3.488e-02,9.588e-03,4.215e-02
MGI:2447813,SERAC1,21061,intracellular cholesterol transport,GO:0032367,biological process,5,5.0,1.217e-01,1.108e-01,5.019e-02,7.283e-01,4.568e-02,9.590e-02,1.544e-01,4.750e-02,2.583e-01,2.239e-02,1.125e-01
MGI:2447813,SERAC1,21061,endoplasmic reticulum,GO:0005783,cellular component,5,24.0,1.392e-01,1.108e-01,7.417e-02,6.722e-01,4.878e-02,9.529e-02,2.034e-01,4.750e-02,2.583e-01,3.407e-02,1.615e-01
MGI:2447813,SERAC1,21061,mitochondrion,GO:0005739,cellular component,5,22.0,1.430e-01,1.264e-01,8.125e-02,6.617e-01,3.662e-02,1.144e-01,1.787e-01,5.798e-02,2.757e-01,4.338e-02,1.522e-01
MGI:2447813,SERAC1,21061,mitochondria-associated endoplasmic reticulum membrane,GO:0044233,cellular component,5,2.0,1.535e-01,1.108e-01,8.321e-02,6.491e-01,7.010e-02,8.567e-02,2.751e-01,4.750e-02,2.583e-01,2.911e-02,2.379e-01
MGI:2447813,SERAC1,21061,phosphatidylglycerol acyl-chain remodeling,GO:0036148,biological process,5,2.0,1.796e-01,1.282e-01,1.190e-01,5.983e-01,5.625e-02,1.105e-01,2.921e-01,6.031e-02,2.726e-01,5.417e-02,2.616e-01
MGI:109338,RAP1GAP,9858,regulation of GTPase activity,GO:0043087,biological process,11,6.0,1.025e-01,1.056e-01,1.373e-02,8.779e-01,2.850e-02,9.761e-02,1.076e-01,7.668e-02,1.454e-01,6.676e-03,2.823e-02
MGI:109338,RAP1GAP,9858,small GTPase binding,GO:0031267,molecular function,11,8.0,1.042e-01,1.194e-01,2.733e-02,8.071e-01,2.944e-02,1.006e-01,1.079e-01,7.395e-02,1.927e-01,1.540e-02,4.850e-02
MGI:109338,RAP1GAP,9858,positive regulation of GTPase activity,GO:0043547,biological process,11,10.0,1.205e-01,1.546e-01,5.373e-02,7.206e-01,3.423e-02,9.684e-02,1.499e-01,1.156e-01,2.067e-01,2.887e-02,9.999e-02
MGI:109338,RAP1GAP,9858,protein homodimerization activity,GO:0042803,molecular function,11,14.0,1.529e-01,1.724e-01,9.737e-02,6.373e-01,1.981e-02,1.317e-01,1.774e-01,1.304e-01,2.280e-01,7.183e-02,1.320e-01
MGI:109338,RAP1GAP,9858,membrane,GO:0016020,cellular component,11,60.0,1.577e-01,1.724e-01,1.059e-01,6.244e-01,1.903e-02,1.315e-01,1.892e-01,1.304e-01,2.280e-01,7.956e-02,1.409e-01
MGI:109338,RAP1GAP,9858,protein binding,GO:0005515,molecular function,11,373.0,1.674e-01,1.724e-01,1.157e-01,6.105e-01,1.681e-02,1.461e-01,1.920e-01,1.304e-01,2.280e-01,9.024e-02,1.483e-01
MGI:109338,RAP1GAP,9858,cytoplasm,GO:0005737,cellular component,11,99.0,1.861e-01,1.790e-01,1.391e-01,5.807e-01,1.102e-02,1.702e-01,2.034e-01,1.369e-01,2.339e-01,1.191e-01,1.625e-01
MGI:109338,RAP1GAP,9858,cytosol,GO:0005829,cellular component,11,76.0,1.942e-01,1.790e-01,1.483e-01,5.695e-01,1.527e-02,1.707e-01,2.209e-01,1.369e-01,2.339e-01,1.201e-01,1.833e-01
MGI:109338,RAP1GAP,9858,negative regulation of microvillus assembly,GO:1903697,biological process,11,3.0,2.509e-01,2.207e-01,2.104e-01,5.027e-01,3.416e-02,1.854e-01,3.396e-01,1.428e-01,3.410e-01,1.363e-01,3.248e-01
MGI:109338,RAP1GAP,9858,GTPase activator activity,GO:0005096,molecular function,11,7.0,2.805e-01,2.495e-01,2.406e-01,4.711e-01,5.376e-02,1.744e-01,4.513e-01,1.350e-01,4.611e-01,1.301e-01,4.449e-01
MGI:107461,CSN3,2446,protein stabilization,GO:0050821,biological process,4,5.0,2.360e-01,4.069e-01,1.962e-01,5.184e-01,2.183e-02,1.924e-01,2.896e-01,2.397e-01,6.909e-01,1.495e-01,2.575e-01
MGI:107461,CSN3,2446,extracellular space,GO:0005615,cellular component,4,55.0,2.799e-01,4.069e-01,2.462e-01,4.715e-01,3.332e-02,2.062e-01,3.801e-01,2.397e-01,6.909e-01,1.693e-01,3.578e-01
MGI:107461,CSN3,2446,protein binding,GO:0005515,molecular function,4,373.0,3.406e-01,4.069e-01,3.109e-01,4.163e-01,5.092e-02,2.185e-01,5.309e-01,2.397e-01,6.909e-01,1.828e-01,5.287e-01
MGI:107461,CSN3,2446,lactation,GO:0007595,biological process,4,2.0,5.546e-01,5.416e-01,5.416e-01,2.649e-01,5.084e-02,3.972e-01,7.744e-01,3.820e-01,7.680e-01,3.820e-01,7.680e-01
MGI:97531,PDGFRB,8804,vascular endothelial growth factor binding,GO:0038085,molecular function,47,2.0,1.025e-01,6.580e-02,1.061e-02,9.076e-01,5.046e-03,9.761e-02,1.076e-01,5.810e-02,7.452e-02,8.783e-03,1.282e-02
MGI:97531,PDGFRB,8804,platelet-derived growth factor receptor signaling pathway,GO:0048008,biological process,47,6.0,1.025e-01,6.580e-02,1.085e-02,9.066e-01,3.384e-03,9.761e-02,1.076e-01,5.810e-02,7.452e-02,9.521e-03,1.237e-02
MGI:97531,PDGFRB,8804,protein tyrosine kinase activity,GO:0004713,molecular function,47,8.0,1.025e-01,6.580e-02,1.182e-02,8.993e-01,7.925e-03,9.761e-02,1.076e-01,5.810e-02,7.452e-02,8.948e-03,1.561e-02
MGI:97531,PDGFRB,8804,positive regulation of smooth muscle cell proliferation,GO:0048661,biological process,47,5.0,1.025e-01,6.580e-02,1.331e-02,8.899e-01,8.407e-03,9.761e-02,1.076e-01,5.810e-02,7.452e-02,1.028e-02,1.724e-02
MGI:97531,PDGFRB,8804,positive regulation of smooth muscle cell migration,GO:0014911,biological process,47,5.0,1.025e-01,6.580e-02,1.678e-02,8.648e-01,1.871e-02,9.761e-02,1.076e-01,5.810e-02,7.452e-02,1.068e-02,2.638e-02
MGI:97531,PDGFRB,8804,positive regulation of cell proliferation by VEGF-activated platelet derived growth factor receptor signaling pathway,GO:0038091,biological process,47,3.0,1.025e-01,6.717e-02,1.184e-02,8.979e-01,1.111e-02,9.761e-02,1.076e-01,5.761e-02,7.832e-02,8.320e-03,1.685e-02
MGI:97531,PDGFRB,8804,platelet-derived growth factor binding,GO:0048407,molecular function,47,6.0,1.025e-01,6.717e-02,2.043e-02,8.462e-01,7.620e-03,9.761e-02,1.076e-01,5.761e-02,7.832e-02,1.762e-02,2.369e-02
MGI:97531,PDGFRB,8804,protein kinase binding,GO:0019901,molecular function,47,21.0,1.025e-01,6.717e-02,2.097e-02,8.431e-01,6.195e-03,9.761e-02,1.076e-01,5.761e-02,7.832e-02,1.863e-02,2.361e-02
MGI:97531,PDGFRB,8804,platelet-derived growth factor receptor-beta signaling pathway,GO:0035791,biological process,47,4.0,1.025e-01,6.717e-02,2.291e-02,8.321e-01,3.538e-03,9.761e-02,1.076e-01,5.761e-02,7.832e-02,2.135e-02,2.459e-02
MGI:97531,PDGFRB,8804,platelet-derived growth factor beta-receptor activity,GO:0005019,molecular function,47,2.0,1.025e-01,6.937e-02,1.946e-02,8.497e-01,1.857e-02,9.761e-02,1.076e-01,5.828e-02,8.257e-02,1.316e-02,2.878e-02
MGI:97531,PDGFRB,8804,protein kinase activity,GO:0004672,molecular function,47,27.0,1.025e-01,7.048e-02,2.947e-02,7.996e-01,6.445e-03,9.761e-02,1.076e-01,5.821e-02,8.534e-02,2.622e-02,3.311e-02
MGI:97531,PDGFRB,8804,transmembrane receptor protein tyrosine kinase signaling pathway,GO:0007169,biological process,47,24.0,1.036e-01,7.305e-02,3.348e-02,7.828e-01,9.016e-03,9.745e-02,1.101e-01,5.817e-02,9.173e-02,2.842e-02,3.945e-02
MGI:97531,PDGFRB,8804,positive regulation of ERK1 and ERK2 cascade,GO:0070374,biological process,47,12.0,1.046e-01,7.170e-02,3.380e-02,7.819e-01,1.286e-02,9.595e-02,1.140e-01,5.792e-02,8.876e-02,2.663e-02,4.291e-02
MGI:97531,PDGFRB,8804,signaling receptor binding,GO:0005102,molecular function,47,66.0,1.064e-01,7.458e-02,3.859e-02,7.644e-01,1.564e-02,9.961e-02,1.136e-01,5.778e-02,9.626e-02,2.877e-02,5.177e-02
MGI:97531,PDGFRB,8804,positive regulation of phosphatidylinositol 3-kinase/protein kinase B signal transduction,GO:0051897,biological process,47,7.0,1.080e-01,7.615e-02,4.250e-02,7.520e-01,1.017e-02,1.023e-01,1.140e-01,6.133e-02,9.454e-02,3.504e-02,5.153e-02
MGI:97531,PDGFRB,8804,phosphatidylinositol metabolic process,GO:0046488,biological process,47,10.0,1.095e-01,7.159e-02,2.840e-02,8.029e-01,4.349e-02,9.732e-02,1.231e-01,5.502e-02,9.315e-02,1.260e-02,6.398e-02
MGI:97531,PDGFRB,8804,enzyme binding,GO:0019899,molecular function,47,36.0,1.109e-01,7.718e-02,3.419e-02,7.784e-01,4.336e-02,9.952e-02,1.235e-01,5.839e-02,1.020e-01,1.474e-02,7.930e-02
MGI:97531,PDGFRB,8804,receptor complex,GO:0043235,cellular component,47,28.0,1.111e-01,7.892e-02,4.093e-02,7.562e-01,3.095e-02,9.827e-02,1.257e-01,7.580e-02,8.218e-02,2.320e-02,7.220e-02
MGI:97531,PDGFRB,8804,platelet-derived growth factor receptor binding,GO:0005161,molecular function,47,3.0,1.131e-01,8.030e-02,4.905e-02,7.336e-01,1.421e-02,9.980e-02,1.282e-01,6.210e-02,1.038e-01,3.765e-02,6.389e-02
MGI:97531,PDGFRB,8804,peptidyl-tyrosine phosphorylation,GO:0018108,biological process,47,10.0,1.141e-01,7.554e-02,4.220e-02,7.527e-01,3.561e-02,1.032e-01,1.262e-01,6.228e-02,9.162e-02,2.190e-02,8.133e-02
MGI:97531,PDGFRB,8804,cell chemotaxis,GO:0060326,biological process,47,19.0,1.143e-01,8.010e-02,4.409e-02,7.473e-01,3.300e-02,9.490e-02,1.376e-01,5.822e-02,1.102e-01,2.410e-02,8.063e-02
MGI:97531,PDGFRB,8804,focal adhesion,GO:0005925,cellular component,47,18.0,1.159e-01,7.842e-02,4.938e-02,7.323e-01,2.552e-02,9.976e-02,1.347e-01,5.841e-02,1.053e-01,3.094e-02,7.879e-02
MGI:97531,PDGFRB,8804,positive regulation of phosphoprotein phosphatase activity,GO:0032516,biological process,47,7.0,1.174e-01,7.827e-02,1.174e-02,8.353e-01,8.570e-02,8.568e-02,1.610e-01,5.059e-02,1.211e-01,1.069e-03,1.290e-01
MGI:97531,PDGFRB,8804,positive regulation of cell population proliferation,GO:0008284,biological process,47,36.0,1.189e-01,7.996e-02,4.302e-02,7.491e-01,4.790e-02,9.986e-02,1.415e-01,5.840e-02,1.095e-01,1.765e-02,1.049e-01
MGI:97531,PDGFRB,8804,positive regulation of phospholipase C activity,GO:0010863,biological process,47,5.0,1.209e-01,8.788e-02,5.613e-02,7.141e-01,3.112e-02,9.343e-02,1.565e-01,6.118e-02,1.262e-01,3.259e-02,9.665e-02
MGI:97531,PDGFRB,8804,positive regulation of kinase activity,GO:0033674,biological process,47,11.0,1.241e-01,8.549e-02,5.591e-02,7.138e-01,4.353e-02,9.183e-02,1.678e-01,5.665e-02,1.290e-01,2.603e-02,1.201e-01
MGI:97531,PDGFRB,8804,intracellular membrane-bounded organelle,GO:0043231,cellular component,47,58.0,1.245e-01,8.741e-02,6.120e-02,7.029e-01,2.845e-02,1.022e-01,1.516e-01,6.479e-02,1.179e-01,3.755e-02,9.974e-02
MGI:97531,PDGFRB,8804,positive regulation of cell migration,GO:0030335,biological process,47,36.0,1.246e-01,8.726e-02,6.214e-02,7.020e-01,2.119e-02,1.064e-01,1.459e-01,6.761e-02,1.126e-01,4.303e-02,8.974e-02
MGI:97531,PDGFRB,8804,protein autophosphorylation,GO:0046777,biological process,47,12.0,1.270e-01,8.595e-02,5.029e-02,7.265e-01,5.819e-02,9.938e-02,1.623e-01,6.016e-02,1.228e-01,1.773e-02,1.427e-01
MGI:97531,PDGFRB,8804,angiogenesis,GO:0001525,biological process,47,8.0,1.280e-01,9.207e-02,6.776e-02,6.893e-01,2.506e-02,1.015e-01,1.613e-01,6.937e-02,1.222e-01,4.442e-02,1.034e-01
MGI:97531,PDGFRB,8804,positive regulation of calcium-mediated signaling,GO:0050850,biological process,47,7.0,1.293e-01,9.035e-02,7.032e-02,6.855e-01,1.546e-03,1.216e-01,1.376e-01,8.116e-02,1.006e-01,6.837e-02,7.233e-02
MGI:97531,PDGFRB,8804,membrane,GO:0016020,cellular component,47,60.0,1.415e-01,9.905e-02,8.535e-02,6.574e-01,1.539e-02,1.207e-01,1.659e-01,8.230e-02,1.192e-01,6.659e-02,1.094e-01
MGI:97531,PDGFRB,8804,plasma membrane,GO:0005886,cellular component,47,93.0,1.430e-01,1.033e-01,8.700e-02,6.553e-01,6.598e-03,1.387e-01,1.474e-01,9.889e-02,1.080e-01,7.831e-02,9.666e-02
MGI:97531,PDGFRB,8804,signal transduction,GO:0007165,biological process,47,50.0,1.555e-01,1.116e-01,1.013e-01,6.291e-01,3.361e-02,1.151e-01,2.102e-01,7.453e-02,1.672e-01,5.917e-02,1.733e-01
MGI:97531,PDGFRB,8804,Golgi apparatus,GO:0005794,cellular component,47,20.0,1.562e-01,1.126e-01,1.026e-01,6.298e-01,1.424e-02,1.373e-01,1.778e-01,9.436e-02,1.343e-01,8.247e-02,1.276e-01
MGI:97531,PDGFRB,8804,protein binding,GO:0005515,molecular function,47,373.0,1.638e-01,1.197e-01,1.131e-01,6.152e-01,6.026e-03,1.536e-01,1.746e-01,1.151e-01,1.244e-01,1.031e-01,1.240e-01
MGI:97531,PDGFRB,8804,multicellular organism development,GO:0007275,biological process,47,11.0,1.890e-01,1.440e-01,1.409e-01,5.745e-01,4.045e-02,1.301e-01,2.746e-01,8.515e-02,2.437e-01,8.146e-02,2.438e-01
MGI:1333786,CA6,1380,one-carbon metabolic process,GO:0006730,biological process,6,8.0,1.532e-01,2.352e-01,9.799e-02,6.368e-01,1.550e-02,1.398e-01,1.678e-01,1.987e-01,2.783e-01,7.679e-02,1.250e-01
MGI:1333786,CA6,1380,carbonate dehydratase activity,GO:0004089,molecular function,6,4.0,1.723e-01,2.352e-01,1.194e-01,6.043e-01,2.953e-02,1.333e-01,2.226e-01,1.987e-01,2.783e-01,7.726e-02,1.846e-01
MGI:1333786,CA6,1380,extracellular exosome,GO:0070062,cellular component,6,88.0,2.100e-01,2.352e-01,1.693e-01,5.468e-01,1.286e-03,2.082e-01,2.119e-01,1.987e-01,2.783e-01,1.664e-01,1.723e-01
MGI:1333786,CA6,1380,extracellular space,GO:0005615,cellular component,6,55.0,2.459e-01,2.390e-01,2.102e-01,5.058e-01,1.483e-02,2.144e-01,2.821e-01,1.958e-01,2.917e-01,1.754e-01,2.519e-01
MGI:1333786,CA6,1380,detection of chemical stimulus involved in sensory perception of bitter taste,GO:0001580,biological process,6,3.0,2.904e-01,2.688e-01,2.584e-01,4.624e-01,2.826e-02,2.227e-01,3.787e-01,2.082e-01,3.470e-01,1.856e-01,3.598e-01
MGI:3045246,ARHGEF15,15590,activation of GTPase activity,GO:0090630,biological process,5,4.0,1.025e-01,3.817e-02,1.582e-02,8.662e-01,2.581e-02,9.761e-02,1.076e-01,2.251e-02,6.471e-02,8.180e-03,3.059e-02
MGI:3045246,ARHGEF15,15590,regulation of catalytic activity,GO:0050790,biological process,5,12.0,1.025e-01,3.817e-02,1.675e-02,8.643e-01,2.461e-02,9.761e-02,1.076e-01,2.251e-02,6.471e-02,9.854e-03,2.847e-02
MGI:3045246,ARHGEF15,15590,guanyl-nucleotide exchange factor activity,GO:0005085,molecular function,5,10.0,1.076e-01,4.396e-02,3.502e-02,7.772e-01,2.877e-02,9.959e-02,1.163e-01,2.863e-02,6.748e-02,2.049e-02,5.988e-02
MGI:3045246,ARHGEF15,15590,protein binding,GO:0005515,molecular function,5,373.0,1.154e-01,5.267e-02,5.267e-02,7.244e-01,1.183e-02,1.075e-01,1.239e-01,4.261e-02,6.509e-02,4.261e-02,6.509e-02
MGI:2673000,TRIM46,19019,main axon,GO:0044304,cellular component,6,2.0,1.695e-01,3.397e-01,7.954e-02,6.495e-01,9.496e-02,9.184e-02,3.127e-01,9.064e-02,1.273e+00,1.703e-02,3.714e-01
MGI:2673000,TRIM46,19019,anterograde synaptic vesicle transport,GO:0048490,biological process,6,4.0,2.732e-01,3.744e-01,1.972e-01,4.838e-01,1.081e-01,1.092e-01,6.837e-01,9.446e-02,1.484e+00,4.521e-02,8.600e-01
MGI:2673000,TRIM46,19019,axonogenesis,GO:0007409,biological process,6,6.0,2.950e-01,3.647e-01,2.224e-01,4.392e-01,1.385e-01,9.971e-02,8.730e-01,9.404e-02,1.414e+00,4.959e-02,9.973e-01
MGI:2673000,TRIM46,19019,microtubule bundle formation,GO:0001578,biological process,6,5.0,4.433e-01,4.282e-01,3.738e-01,2.952e-01,1.532e-01,1.415e-01,1.389e+00,1.088e-01,1.686e+00,8.652e-02,1.615e+00
MGI:2673000,TRIM46,19019,neuron migration,GO:0001764,biological process,6,10.0,4.869e-01,4.915e-01,4.563e-01,2.890e-01,1.006e-01,2.295e-01,1.033e+00,1.975e-01,1.223e+00,1.938e-01,1.074e+00
MGI:2443672,SLC12A8,15595,potassium ion import across plasma membrane,GO:1990573,biological process,8,3.0,1.040e-01,6.708e-02,1.626e-02,8.337e-01,4.894e-02,9.956e-02,1.087e-01,2.151e-02,2.092e-01,3.454e-03,7.659e-02
MGI:2443672,SLC12A8,15595,potassium ion homeostasis,GO:0055075,biological process,8,4.0,1.112e-01,7.495e-02,3.357e-02,7.820e-01,4.161e-02,9.606e-02,1.287e-01,2.910e-02,1.930e-01,1.560e-02,7.224e-02
MGI:2443672,SLC12A8,15595,chloride ion homeostasis,GO:0055064,biological process,8,4.0,1.191e-01,8.312e-02,5.206e-02,7.246e-01,3.245e-02,9.945e-02,1.426e-01,3.811e-02,1.813e-01,2.910e-02,9.313e-02
MGI:2443672,SLC12A8,15595,potassium:chloride symporter activity,GO:0015379,molecular function,8,4.0,1.219e-01,7.495e-02,3.822e-02,7.559e-01,6.564e-02,9.848e-02,1.508e-01,2.910e-02,1.930e-01,1.039e-02,1.406e-01
MGI:2443672,SLC12A8,15595,chloride transmembrane transport,GO:1902476,biological process,8,5.0,1.381e-01,8.724e-02,4.114e-02,7.426e-01,9.688e-02,7.841e-02,2.433e-01,2.587e-02,2.942e-01,8.281e-03,2.044e-01
MGI:2443672,SLC12A8,15595,protein binding,GO:0005515,molecular function,8,373.0,1.833e-01,1.336e-01,1.266e-01,5.893e-01,5.250e-02,1.180e-01,2.848e-01,6.392e-02,2.792e-01,6.074e-02,2.641e-01
MGI:2443672,SLC12A8,15595,cell volume homeostasis,GO:0006884,biological process,8,6.0,1.861e-01,1.336e-01,1.304e-01,5.838e-01,5.512e-02,1.159e-01,2.989e-01,6.392e-02,2.792e-01,6.161e-02,2.761e-01
MGI:103007,EPB41L4A,13278,actomyosin structure organization,GO:0031032,biological process,2,9.0,1.076e-01,3.805e-02,2.140e-02,8.318e-01,4.952e-02,9.958e-02,1.163e-01,1.630e-02,8.883e-02,7.842e-03,5.842e-02
MGI:103007,EPB41L4A,13278,cytoskeleton,GO:0005856,cellular component,2,11.0,1.346e-01,6.730e-02,6.730e-02,6.874e-01,4.779e-02,9.862e-02,1.836e-01,2.905e-02,1.559e-01,2.905e-02,1.559e-01
MGI:104678,TM4SF1,11853,plasma membrane,GO:0005886,cellular component,2,93.0,1.530e-01,1.295e-01,9.905e-02,6.357e-01,9.595e-03,1.474e-01,1.588e-01,1.087e-01,1.543e-01,8.516e-02,1.152e-01
MGI:104678,TM4SF1,11853,protein binding,GO:0005515,molecular function,2,373.0,1.781e-01,1.295e-01,1.295e-01,5.925e-01,1.216e-02,1.641e-01,1.932e-01,1.087e-01,1.543e-01,1.087e-01,1.543e-01
MGI:2147595,CARNS1,29268,carnosine biosynthetic process,GO:0035499,biological process,7,4.0,1.219e-01,1.195e-01,4.372e-02,7.451e-01,5.558e-02,1.046e-01,1.420e-01,5.780e-02,2.469e-01,1.535e-02,1.245e-01
MGI:2147595,CARNS1,29268,ATP hydrolysis activity,GO:0016887,molecular function,7,4.0,1.243e-01,1.227e-01,5.766e-02,7.095e-01,3.808e-02,9.584e-02,1.612e-01,6.222e-02,2.419e-01,2.971e-02,1.119e-01
MGI:2147595,CARNS1,29268,carnosine synthase activity,GO:0047730,molecular function,7,2.0,2.159e-01,1.603e-01,1.576e-01,5.490e-01,5.990e-02,1.327e-01,3.513e-01,6.669e-02,3.851e-01,6.670e-02,3.724e-01
MGI:2147595,CARNS1,29268,homocarnosine synthase activity,GO:0102102,molecular function,7,2.0,2.186e-01,1.603e-01,1.599e-01,5.459e-01,6.162e-02,1.324e-01,3.608e-01,6.669e-02,3.851e-01,6.624e-02,3.860e-01
MGI:2442558,MROH1,26958,cytoplasm,GO:0005737,cellular component,2,99.0,1.053e-01,3.737e-02,3.737e-02,7.687e-01,9.209e-03,1.002e-01,1.107e-01,3.142e-02,4.446e-02,3.142e-02,4.446e-02
MGI:1921728,SNX29P2,31914,,,,0,nan,,,,,,,,,,,
MGI:2176380,MLPH,29643,actin binding,GO:0003779,molecular function,10,7.0,1.025e-01,4.791e-02,1.508e-02,8.703e-01,2.346e-02,9.761e-02,1.076e-01,3.248e-02,7.067e-02,7.734e-03,2.942e-02
MGI:2176380,MLPH,29643,small GTPase binding,GO:0031267,molecular function,10,8.0,1.025e-01,5.065e-02,1.559e-02,8.684e-01,2.785e-02,9.761e-02,1.076e-01,3.676e-02,6.978e-02,8.201e-03,2.963e-02
MGI:2176380,MLPH,29643,cortical actin cytoskeleton,GO:0030864,cellular component,10,5.0,1.025e-01,5.125e-02,1.528e-02,8.699e-01,2.548e-02,9.761e-02,1.076e-01,3.215e-02,8.171e-02,8.078e-03,2.892e-02
MGI:2176380,MLPH,29643,myosin binding,GO:0017022,molecular function,10,9.0,1.030e-01,5.545e-02,2.495e-02,8.206e-01,1.767e-02,9.856e-02,1.076e-01,3.587e-02,8.573e-02,1.797e-02,3.462e-02
MGI:2176380,MLPH,29643,protein-macromolecule adaptor activity,GO:0030674,molecular function,10,20.0,1.054e-01,5.487e-02,2.571e-02,8.096e-01,4.146e-02,1.005e-01,1.106e-01,3.122e-02,9.641e-02,1.064e-02,6.214e-02
MGI:2176380,MLPH,29643,dendrite,GO:0030425,cellular component,10,13.0,1.093e-01,5.572e-02,2.908e-02,7.928e-01,4.882e-02,1.005e-01,1.188e-01,3.154e-02,9.843e-02,1.033e-02,8.185e-02
MGI:2176380,MLPH,29643,extracellular exosome,GO:0070062,cellular component,10,88.0,1.282e-01,8.317e-02,6.763e-02,6.897e-01,2.310e-02,1.090e-01,1.508e-01,6.115e-02,1.131e-01,4.570e-02,1.001e-01
MGI:2176380,MLPH,29643,perinuclear region of cytoplasm,GO:0048471,cellular component,10,12.0,1.372e-01,9.248e-02,7.978e-02,6.681e-01,2.016e-03,1.330e-01,1.416e-01,8.121e-02,1.053e-01,7.700e-02,8.266e-02
MGI:2176380,MLPH,29643,protein binding,GO:0005515,molecular function,10,373.0,1.552e-01,1.012e-01,1.012e-01,6.323e-01,1.318e-02,1.446e-01,1.665e-01,8.230e-02,1.244e-01,8.230e-02,1.244e-01
MGI:96602,ITGA3,6139,integrin alpha3-beta1 complex,GO:0034667,cellular component,46,2.0,1.025e-01,3.905e-02,1.653e-03,9.650e-01,5.844e-03,9.761e-02,1.076e-01,2.479e-02,6.149e-02,7.644e-04,3.573e-03
MGI:96602,ITGA3,6139,regulation of transforming growth factor beta receptor signaling pathway,GO:0017015,biological process,46,5.0,1.025e-01,4.811e-02,1.105e-02,8.930e-01,2.509e-02,9.761e-02,1.076e-01,3.743e-02,6.183e-02,4.935e-03,2.473e-02
MGI:96602,ITGA3,6139,cell adhesion mediated by integrin,GO:0033627,biological process,46,6.0,1.025e-01,4.811e-02,1.452e-02,8.822e-01,1.063e-02,9.761e-02,1.076e-01,3.743e-02,6.183e-02,1.108e-02,1.901e-02
MGI:96602,ITGA3,6139,skin development,GO:0043588,biological process,46,6.0,1.025e-01,4.811e-02,1.668e-02,8.665e-01,1.948e-02,9.761e-02,1.076e-01,3.743e-02,6.183e-02,1.090e-02,2.552e-02
MGI:96602,ITGA3,6139,protease binding,GO:0002020,molecular function,46,9.0,1.025e-01,4.811e-02,1.751e-02,8.631e-01,1.304e-02,9.761e-02,1.076e-01,3.743e-02,6.183e-02,1.337e-02,2.292e-02
MGI:96602,ITGA3,6139,cell-matrix adhesion,GO:0007160,biological process,46,12.0,1.025e-01,4.811e-02,1.809e-02,8.594e-01,1.486e-02,9.761e-02,1.076e-01,3.743e-02,6.183e-02,1.333e-02,2.455e-02
MGI:96602,ITGA3,6139,renal filtration,GO:0097205,biological process,46,4.0,1.025e-01,4.811e-02,1.967e-02,8.497e-01,1.348e-02,9.761e-02,1.076e-01,3.743e-02,6.183e-02,1.489e-02,2.600e-02
MGI:96602,ITGA3,6139,cell-cell adhesion,GO:0098609,biological process,46,29.0,1.025e-01,4.811e-02,2.092e-02,8.426e-01,1.796e-02,9.761e-02,1.076e-01,3.743e-02,6.183e-02,1.482e-02,2.952e-02
MGI:96602,ITGA3,6139,leukocyte migration,GO:0050900,biological process,46,11.0,1.025e-01,4.811e-02,2.283e-02,8.298e-01,2.484e-02,9.761e-02,1.076e-01,3.743e-02,6.183e-02,1.383e-02,3.766e-02
MGI:96602,ITGA3,6139,receptor complex,GO:0043235,cellular component,46,28.0,1.025e-01,4.888e-02,1.977e-02,8.403e-01,3.107e-02,9.761e-02,1.076e-01,3.908e-02,6.114e-02,9.403e-03,4.155e-02
MGI:96602,ITGA3,6139,integrin complex,GO:0008305,cellular component,46,29.0,1.025e-01,4.888e-02,2.400e-02,8.241e-01,2.431e-02,9.761e-02,1.076e-01,3.908e-02,6.114e-02,1.484e-02,3.882e-02
MGI:96602,ITGA3,6139,regulation of BMP signaling pathway,GO:0030510,biological process,46,5.0,1.025e-01,4.811e-02,1.555e-02,8.656e-01,2.973e-02,9.762e-02,1.076e-01,3.743e-02,6.183e-02,7.332e-03,3.298e-02
MGI:96602,ITGA3,6139,integrin binding,GO:0005178,molecular function,46,16.0,1.026e-01,4.956e-02,3.057e-02,7.948e-01,5.000e-03,9.777e-02,1.076e-01,4.052e-02,6.060e-02,2.791e-02,3.349e-02
MGI:96602,ITGA3,6139,lung development,GO:0030324,biological process,46,4.0,1.027e-01,4.811e-02,2.707e-02,8.103e-01,1.904e-02,9.749e-02,1.081e-01,3.743e-02,6.183e-02,1.898e-02,3.859e-02
MGI:96602,ITGA3,6139,mesodermal cell differentiation,GO:0048333,biological process,46,7.0,1.059e-01,5.127e-02,2.410e-02,8.221e-01,3.789e-02,9.460e-02,1.186e-01,3.568e-02,7.367e-02,1.142e-02,5.088e-02
MGI:96602,ITGA3,6139,focal adhesion,GO:0005925,cellular component,46,18.0,1.068e-01,5.488e-02,3.524e-02,7.767e-01,2.154e-02,9.874e-02,1.155e-01,3.879e-02,7.763e-02,2.361e-02,5.260e-02
MGI:96602,ITGA3,6139,integrin-mediated signaling pathway,GO:0007229,biological process,46,6.0,1.082e-01,5.271e-02,3.217e-02,7.881e-01,3.315e-02,9.268e-02,1.263e-01,3.486e-02,7.969e-02,1.739e-02,5.950e-02
MGI:96602,ITGA3,6139,positive regulation of protein localization to plasma membrane,GO:1903078,biological process,46,9.0,1.089e-01,5.932e-02,3.278e-02,7.854e-01,3.783e-02,9.867e-02,1.203e-01,4.752e-02,7.405e-02,1.628e-02,6.602e-02
MGI:96602,ITGA3,6139,filopodium membrane,GO:0031527,cellular component,46,2.0,1.090e-01,5.534e-02,3.238e-02,7.861e-01,3.976e-02,9.767e-02,1.216e-01,3.788e-02,8.086e-02,1.531e-02,6.852e-02
MGI:96602,ITGA3,6139,regulation of Wnt signaling pathway,GO:0030111,biological process,46,11.0,1.131e-01,5.974e-02,4.276e-02,7.508e-01,3.231e-02,9.625e-02,1.328e-01,3.913e-02,9.122e-02,2.372e-02,7.707e-02
MGI:96602,ITGA3,6139,cell periphery,GO:0071944,cellular component,46,2.0,1.132e-01,5.938e-02,3.958e-02,7.611e-01,3.849e-02,9.661e-02,1.326e-01,3.848e-02,9.163e-02,1.933e-02,8.101e-02
MGI:96602,ITGA3,6139,cell surface,GO:0009986,cellular component,46,22.0,1.143e-01,6.246e-02,4.874e-02,7.345e-01,2.076e-02,9.988e-02,1.309e-01,4.220e-02,9.245e-02,3.309e-02,7.178e-02
MGI:96602,ITGA3,6139,protein heterodimerization activity,GO:0046982,molecular function,46,4.0,1.162e-01,6.207e-02,4.949e-02,7.318e-01,2.884e-02,9.487e-02,1.424e-01,4.523e-02,8.516e-02,2.930e-02,8.360e-02
MGI:96602,ITGA3,6139,nephron development,GO:0072006,biological process,46,7.0,1.171e-01,6.064e-02,4.463e-02,7.451e-01,4.048e-02,9.901e-02,1.384e-01,3.866e-02,9.513e-02,2.116e-02,9.412e-02
MGI:96602,ITGA3,6139,external side of plasma membrane,GO:0009897,cellular component,46,15.0,1.174e-01,6.424e-02,5.331e-02,7.222e-01,1.868e-02,1.015e-01,1.358e-01,4.584e-02,9.001e-02,3.773e-02,7.534e-02
MGI:96602,ITGA3,6139,extracellular exosome,GO:0070062,cellular component,46,88.0,1.396e-01,8.758e-02,8.340e-02,6.614e-01,6.523e-03,1.268e-01,1.537e-01,7.899e-02,9.711e-02,7.501e-02,9.273e-02
MGI:96602,ITGA3,6139,plasma membrane,GO:0005886,cellular component,46,93.0,1.397e-01,8.731e-02,8.229e-02,6.631e-01,1.155e-02,1.275e-01,1.531e-01,7.652e-02,9.962e-02,6.822e-02,9.926e-02
MGI:96602,ITGA3,6139,protein binding,GO:0005515,molecular function,46,373.0,1.605e-01,1.107e-01,1.096e-01,6.197e-01,1.050e-02,1.439e-01,1.790e-01,9.581e-02,1.278e-01,9.357e-02,1.284e-01
MGI:2443977,GCHFR,4194,dendrite,GO:0030425,cellular component,9,13.0,1.025e-01,6.325e-02,1.581e-02,8.753e-01,6.609e-04,9.761e-02,1.076e-01,4.607e-02,8.683e-02,1.554e-02,1.608e-02
MGI:2443977,GCHFR,4194,GTP cyclohydrolase binding,GO:0044549,molecular function,9,2.0,1.025e-01,6.325e-02,2.094e-02,8.425e-01,1.308e-02,9.761e-02,1.076e-01,4.607e-02,8.683e-02,1.601e-02,2.737e-02
MGI:2443977,GCHFR,4194,nuclear membrane,GO:0031965,cellular component,9,5.0,1.101e-01,6.325e-02,4.387e-02,7.476e-01,1.632e-02,1.016e-01,1.193e-01,4.607e-02,8.683e-02,3.235e-02,5.949e-02
MGI:2443977,GCHFR,4194,protein binding,GO:0005515,molecular function,9,373.0,1.112e-01,6.325e-02,4.661e-02,7.403e-01,1.453e-02,1.075e-01,1.151e-01,4.607e-02,8.683e-02,3.546e-02,6.126e-02
MGI:2443977,GCHFR,4194,nucleoplasm,GO:0005654,cellular component,9,49.0,1.126e-01,6.325e-02,4.888e-02,7.342e-01,1.057e-02,1.103e-01,1.149e-01,4.607e-02,8.683e-02,4.004e-02,5.968e-02
MGI:2443977,GCHFR,4194,cytoplasm,GO:0005737,cellular component,9,99.0,1.131e-01,6.325e-02,4.867e-02,7.343e-01,1.770e-02,1.053e-01,1.214e-01,4.607e-02,8.683e-02,3.524e-02,6.721e-02
MGI:2443977,GCHFR,4194,nucleus,GO:0005634,cellular component,9,87.0,1.208e-01,6.351e-02,5.791e-02,7.110e-01,1.935e-02,1.119e-01,1.304e-01,4.599e-02,8.770e-02,4.075e-02,8.229e-02
MGI:2443977,GCHFR,4194,melanosome,GO:0042470,cellular component,9,2.0,1.266e-01,6.607e-02,6.607e-02,6.938e-01,1.414e-02,1.176e-01,1.362e-01,5.149e-02,8.477e-02,5.149e-02,8.477e-02
MGI:88158,BGN,1044,collagen-containing extracellular matrix,GO:0062023,cellular component,24,32.0,1.025e-01,2.538e-02,3.995e-03,9.455e-01,8.867e-03,9.761e-02,1.076e-01,1.507e-02,4.274e-02,1.981e-03,8.055e-03
MGI:88158,BGN,1044,extracellular region,GO:0005576,cellular component,24,22.0,1.025e-01,3.575e-02,1.604e-02,8.691e-01,2.211e-02,9.761e-02,1.076e-01,2.869e-02,4.454e-02,9.893e-03,2.601e-02
MGI:88158,BGN,1044,extracellular space,GO:0005615,cellular component,24,55.0,1.025e-01,3.612e-02,2.234e-02,8.354e-01,4.755e-03,9.761e-02,1.076e-01,2.879e-02,4.531e-02,2.036e-02,2.450e-02
MGI:88158,BGN,1044,cell surface,GO:0009986,cellular component,24,22.0,1.027e-01,3.734e-02,2.555e-02,8.178e-01,1.719e-02,9.786e-02,1.077e-01,2.884e-02,4.834e-02,1.859e-02,3.510e-02
MGI:88158,BGN,1044,extracellular exosome,GO:0070062,cellular component,24,88.0,1.034e-01,3.860e-02,3.114e-02,7.924e-01,1.015e-02,9.887e-02,1.081e-01,3.182e-02,4.683e-02,2.591e-02,3.742e-02
MGI:88158,BGN,1044,protein binding,GO:0005515,molecular function,24,373.0,1.084e-01,4.399e-02,4.179e-02,7.542e-01,1.371e-02,1.011e-01,1.163e-01,3.459e-02,5.595e-02,3.229e-02,5.409e-02
MGI:88158,BGN,1044,transport vesicle,GO:0030133,cellular component,24,10.0,1.801e-01,8.563e-02,5.084e-02,6.722e-01,1.694e-01,5.685e-02,5.702e-01,1.321e-02,5.551e-01,4.731e-03,5.464e-01
MGI:94866,DBP,2697,"DNA-binding transcription factor activity, RNA polymerase II-specific",GO:0000981,molecular function,21,20.0,1.025e-01,1.575e-02,3.786e-03,9.466e-01,8.204e-03,9.761e-02,1.076e-01,1.340e-02,1.851e-02,1.646e-03,8.709e-03
MGI:94866,DBP,2697,"DNA-binding transcription activator activity, RNA polymerase II-specific",GO:0001228,molecular function,21,6.0,1.025e-01,1.708e-02,5.800e-03,9.227e-01,1.936e-02,9.761e-02,1.076e-01,1.310e-02,2.227e-02,1.366e-03,2.463e-02
MGI:94866,DBP,2697,regulation of transcription by RNA polymerase II,GO:0006357,biological process,21,27.0,1.025e-01,1.708e-02,7.548e-03,9.161e-01,1.796e-02,9.761e-02,1.076e-01,1.310e-02,2.227e-02,2.840e-03,2.006e-02
MGI:94866,DBP,2697,sequence-specific double-stranded DNA binding,GO:1990837,molecular function,21,22.0,1.025e-01,1.708e-02,8.670e-03,9.080e-01,2.218e-02,9.761e-02,1.076e-01,1.310e-02,2.227e-02,3.584e-03,2.098e-02
MGI:94866,DBP,2697,nucleus,GO:0005634,cellular component,21,87.0,1.025e-01,1.849e-02,1.210e-02,8.993e-01,2.786e-03,9.761e-02,1.076e-01,1.622e-02,2.109e-02,1.106e-02,1.324e-02
MGI:94866,DBP,2697,RNA polymerase II cis-regulatory region sequence-specific DNA binding,GO:0000978,molecular function,21,27.0,1.025e-01,1.849e-02,1.212e-02,8.958e-01,1.296e-02,9.761e-02,1.076e-01,1.622e-02,2.109e-02,8.199e-03,1.791e-02
MGI:94866,DBP,2697,RNA polymerase II transcription regulatory region sequence-specific DNA binding,GO:0000977,molecular function,21,7.0,1.025e-01,1.852e-02,1.195e-02,8.973e-01,1.030e-02,9.761e-02,1.076e-01,1.627e-02,2.108e-02,8.353e-03,1.709e-02
MGI:94866,DBP,2697,positive regulation of transcription by RNA polymerase II,GO:0045944,biological process,21,23.0,1.025e-01,1.860e-02,1.275e-02,8.935e-01,8.868e-03,9.761e-02,1.076e-01,1.635e-02,2.116e-02,9.941e-03,1.635e-02
MGI:94866,DBP,2697,protein binding,GO:0005515,molecular function,21,373.0,1.025e-01,2.029e-02,1.549e-02,8.760e-01,1.089e-02,9.761e-02,1.076e-01,1.816e-02,2.266e-02,1.193e-02,2.011e-02
MGI:94866,DBP,2697,RNA polymerase II transcription regulator complex,GO:0090575,cellular component,21,43.0,1.089e-01,4.227e-02,4.227e-02,7.528e-01,1.494e-02,1.009e-01,1.176e-01,3.186e-02,5.608e-02,3.186e-02,5.608e-02
MGI:1919260,SERPINB9,8955,serine-type endopeptidase inhibitor activity,GO:0004867,molecular function,23,4.0,1.025e-01,1.028e-01,1.628e-02,8.713e-01,1.110e-02,9.761e-02,1.076e-01,7.068e-02,1.496e-01,1.276e-02,2.077e-02
MGI:1919260,SERPINB9,8955,protease binding,GO:0002020,molecular function,23,9.0,1.025e-01,1.028e-01,1.864e-02,8.567e-01,9.133e-03,9.761e-02,1.076e-01,7.068e-02,1.496e-01,1.538e-02,2.259e-02
MGI:1919260,SERPINB9,8955,protection from natural killer cell mediated cytotoxicity,GO:0042270,biological process,23,3.0,1.025e-01,1.033e-01,2.032e-02,8.431e-01,2.256e-02,9.761e-02,1.076e-01,7.098e-02,1.503e-01,1.240e-02,3.329e-02
MGI:1919260,SERPINB9,8955,collagen-containing extracellular matrix,GO:0062023,cellular component,23,32.0,1.030e-01,1.135e-01,2.730e-02,8.091e-01,1.598e-02,9.719e-02,1.091e-01,9.040e-02,1.425e-01,2.031e-02,3.669e-02
MGI:1919260,SERPINB9,8955,negative regulation of endopeptidase activity,GO:0010951,biological process,23,8.0,1.067e-01,1.028e-01,1.758e-02,8.483e-01,5.168e-02,9.391e-02,1.213e-01,7.068e-02,1.496e-01,5.822e-03,5.307e-02
MGI:1919260,SERPINB9,8955,cellular response to estrogen stimulus,GO:0071391,biological process,23,3.0,1.459e-01,1.645e-01,7.740e-02,6.616e-01,6.388e-02,8.713e-02,2.443e-01,1.155e-01,2.342e-01,2.879e-02,2.081e-01
MGI:1919260,SERPINB9,8955,extracellular space,GO:0005615,cellular component,23,55.0,1.477e-01,1.540e-01,9.299e-02,6.437e-01,2.195e-02,1.193e-01,1.827e-01,1.237e-01,1.916e-01,6.525e-02,1.325e-01
MGI:1919260,SERPINB9,8955,extracellular exosome,GO:0070062,cellular component,23,88.0,1.504e-01,1.540e-01,9.672e-02,6.394e-01,6.176e-03,1.385e-01,1.634e-01,1.237e-01,1.916e-01,8.772e-02,1.067e-01
MGI:1919260,SERPINB9,8955,immune response,GO:0006955,biological process,23,16.0,1.506e-01,1.540e-01,9.370e-02,6.414e-01,3.075e-02,1.166e-01,1.944e-01,1.237e-01,1.916e-01,5.846e-02,1.502e-01
MGI:1919260,SERPINB9,8955,nucleus,GO:0005634,cellular component,23,87.0,1.532e-01,1.540e-01,9.992e-02,6.343e-01,5.813e-03,1.437e-01,1.632e-01,1.237e-01,1.916e-01,9.119e-02,1.095e-01
MGI:1919260,SERPINB9,8955,membrane,GO:0016020,cellular component,23,60.0,1.547e-01,1.540e-01,1.018e-01,6.313e-01,6.955e-03,1.473e-01,1.625e-01,1.237e-01,1.916e-01,9.128e-02,1.136e-01
MGI:1919260,SERPINB9,8955,nucleoplasm,GO:0005654,cellular component,23,49.0,1.640e-01,1.540e-01,1.133e-01,6.144e-01,1.072e-02,1.461e-01,1.841e-01,1.237e-01,1.916e-01,9.620e-02,1.336e-01
MGI:1919260,SERPINB9,8955,protein binding,GO:0005515,molecular function,23,373.0,1.671e-01,1.540e-01,1.168e-01,6.093e-01,1.391e-02,1.492e-01,1.871e-01,1.237e-01,1.916e-01,9.529e-02,1.433e-01
MGI:1919260,SERPINB9,8955,Golgi apparatus,GO:0005794,cellular component,23,20.0,1.676e-01,1.540e-01,1.153e-01,6.109e-01,1.958e-02,1.469e-01,1.912e-01,1.237e-01,1.916e-01,8.570e-02,1.551e-01
MGI:1919260,SERPINB9,8955,cytosol,GO:0005829,cellular component,23,76.0,1.738e-01,1.540e-01,1.261e-01,5.970e-01,1.135e-02,1.547e-01,1.953e-01,1.237e-01,1.916e-01,1.068e-01,1.489e-01
MGI:1919260,SERPINB9,8955,cytoplasm,GO:0005737,cellular component,23,99.0,1.867e-01,1.559e-01,1.412e-01,5.781e-01,1.218e-02,1.674e-01,2.081e-01,1.223e-01,1.986e-01,1.190e-01,1.674e-01
MGI:1919260,SERPINB9,8955,negative regulation of apoptotic process,GO:0043066,biological process,23,31.0,1.889e-01,1.650e-01,1.442e-01,5.747e-01,1.007e-02,1.712e-01,2.084e-01,1.396e-01,1.951e-01,1.251e-01,1.661e-01
MGI:1919260,SERPINB9,8955,cysteine-type endopeptidase inhibitor activity involved in apoptotic process,GO:0043027,molecular function,23,3.0,1.970e-01,1.711e-01,1.477e-01,5.660e-01,4.295e-02,1.339e-01,2.899e-01,1.120e-01,2.615e-01,8.380e-02,2.605e-01
MGI:1919260,SERPINB9,8955,mast cell mediated immunity,GO:0002448,biological process,23,3.0,1.985e-01,1.657e-01,1.525e-01,5.630e-01,2.905e-02,1.534e-01,2.569e-01,1.155e-01,2.377e-01,1.036e-01,2.246e-01
MGI:1336879,FKBP7,3723,protein binding,GO:0005515,molecular function,2,373.0,1.073e-01,4.049e-02,4.049e-02,7.584e-01,8.969e-03,1.013e-01,1.135e-01,3.411e-02,4.807e-02,3.411e-02,4.807e-02
MGI:87890,CHRNB1,1961,"synaptic transmission, cholinergic",GO:0007271,biological process,24,3.0,1.032e-01,1.233e-01,2.532e-02,8.177e-01,2.430e-02,9.891e-02,1.077e-01,9.596e-02,1.584e-01,1.592e-02,4.029e-02
MGI:87890,CHRNB1,1961,neuromuscular synaptic transmission,GO:0007274,biological process,24,4.0,1.051e-01,1.233e-01,3.176e-02,7.897e-01,2.369e-02,1.014e-01,1.090e-01,9.596e-02,1.584e-01,2.041e-02,4.942e-02
MGI:87890,CHRNB1,1961,transmitter-gated monoatomic ion channel activity involved in regulation of postsynaptic membrane potential,GO:1904315,molecular function,24,5.0,1.054e-01,1.233e-01,3.105e-02,7.925e-01,2.570e-02,1.030e-01,1.078e-01,9.596e-02,1.584e-01,1.925e-02,5.009e-02
MGI:87890,CHRNB1,1961,muscle contraction,GO:0006936,biological process,24,4.0,1.072e-01,1.233e-01,3.340e-02,7.833e-01,2.933e-02,9.909e-02,1.160e-01,9.596e-02,1.584e-01,1.934e-02,5.771e-02
MGI:87890,CHRNB1,1961,acetylcholine-gated monoatomic cation-selective channel activity,GO:0022848,molecular function,24,5.0,1.078e-01,1.273e-01,3.861e-02,7.648e-01,1.879e-02,1.053e-01,1.104e-01,1.053e-01,1.539e-01,2.723e-02,5.475e-02
MGI:87890,CHRNB1,1961,nervous system process,GO:0050877,biological process,24,17.0,1.107e-01,1.291e-01,4.527e-02,7.440e-01,1.655e-02,9.983e-02,1.228e-01,1.097e-01,1.520e-01,3.322e-02,6.170e-02
MGI:87890,CHRNB1,1961,synapse,GO:0045202,cellular component,24,19.0,1.139e-01,1.233e-01,3.522e-02,7.719e-01,5.114e-02,1.054e-01,1.230e-01,9.596e-02,1.584e-01,1.282e-02,9.676e-02
MGI:87890,CHRNB1,1961,neuromuscular junction,GO:0031594,cellular component,24,7.0,1.182e-01,1.368e-01,5.618e-02,7.159e-01,1.314e-02,1.039e-01,1.345e-01,1.281e-01,1.462e-01,4.440e-02,7.109e-02
MGI:87890,CHRNB1,1961,chemical synaptic transmission,GO:0007268,biological process,24,15.0,1.220e-01,1.330e-01,5.907e-02,7.081e-01,2.270e-02,1.108e-01,1.344e-01,1.078e-01,1.641e-01,3.907e-02,8.931e-02
MGI:87890,CHRNB1,1961,acetylcholine receptor activity,GO:0015464,molecular function,24,5.0,1.282e-01,1.588e-01,6.547e-02,6.925e-01,3.417e-02,9.780e-02,1.680e-01,1.289e-01,1.956e-01,3.609e-02,1.188e-01
MGI:87890,CHRNB1,1961,monoatomic ion transmembrane transport,GO:0034220,biological process,24,7.0,1.447e-01,1.641e-01,8.170e-02,6.587e-01,4.612e-02,1.004e-01,2.086e-01,8.987e-02,2.998e-01,3.969e-02,1.681e-01
MGI:87890,CHRNB1,1961,membrane depolarization,GO:0051899,biological process,24,6.0,1.473e-01,1.656e-01,9.244e-02,6.447e-01,2.157e-02,1.206e-01,1.798e-01,1.318e-01,2.082e-01,6.561e-02,1.303e-01
MGI:87890,CHRNB1,1961,monoatomic cation transport,GO:0006812,biological process,24,4.0,1.617e-01,1.727e-01,9.533e-02,6.317e-01,6.159e-02,9.755e-02,2.682e-01,8.587e-02,3.474e-01,3.815e-02,2.382e-01
MGI:87890,CHRNB1,1961,neuron projection,GO:0043005,cellular component,24,21.0,1.780e-01,2.099e-01,1.146e-01,5.998e-01,6.860e-02,1.019e-01,3.110e-01,1.453e-01,3.033e-01,3.919e-02,3.348e-01
MGI:87890,CHRNB1,1961,acetylcholine receptor signaling pathway,GO:0095500,biological process,24,4.0,2.267e-01,2.578e-01,1.839e-01,5.281e-01,3.560e-02,1.636e-01,3.143e-01,1.736e-01,3.828e-01,1.146e-01,2.952e-01
MGI:87890,CHRNB1,1961,postsynaptic membrane organization,GO:0001941,biological process,24,3.0,2.345e-01,2.662e-01,1.920e-01,5.211e-01,2.934e-02,1.811e-01,3.036e-01,1.936e-01,3.661e-01,1.305e-01,2.823e-01
MGI:87890,CHRNB1,1961,acetylcholine-gated channel complex,GO:0005892,cellular component,24,4.0,2.397e-01,2.533e-01,1.894e-01,5.127e-01,7.036e-02,1.280e-01,4.489e-01,1.451e-01,4.422e-01,8.306e-02,4.319e-01
MGI:87890,CHRNB1,1961,channel activity,GO:0015267,molecular function,24,14.0,2.511e-01,2.446e-01,1.785e-01,5.107e-01,9.591e-02,1.154e-01,5.468e-01,1.086e-01,5.508e-01,4.880e-02,6.528e-01
MGI:87890,CHRNB1,1961,plasma membrane,GO:0005886,cellular component,24,93.0,2.644e-01,2.904e-01,2.301e-01,4.875e-01,1.815e-02,2.220e-01,3.149e-01,2.192e-01,3.849e-01,1.857e-01,2.851e-01
MGI:87890,CHRNB1,1961,muscle cell development,GO:0055001,biological process,24,6.0,2.798e-01,2.992e-01,2.431e-01,4.711e-01,4.723e-02,1.832e-01,4.273e-01,2.019e-01,4.435e-01,1.449e-01,4.077e-01
MGI:87890,CHRNB1,1961,behavioral response to nicotine,GO:0035095,biological process,24,2.0,3.073e-01,3.208e-01,2.728e-01,4.470e-01,4.458e-02,2.066e-01,4.570e-01,2.181e-01,4.719e-01,1.623e-01,4.585e-01
MGI:87890,CHRNB1,1961,protein binding,GO:0005515,molecular function,24,373.0,3.561e-01,3.653e-01,3.332e-01,4.079e-01,7.906e-03,3.320e-01,3.821e-01,3.179e-01,4.197e-01,3.072e-01,3.615e-01
MGI:87890,CHRNB1,1961,signal transduction,GO:0007165,biological process,24,50.0,4.697e-01,4.885e-01,4.502e-01,3.169e-01,6.257e-02,3.008e-01,7.336e-01,3.348e-01,7.129e-01,2.759e-01,7.346e-01
MGI:1913451,VTA1,20954,multivesicular body sorting pathway,GO:0071985,biological process,12,3.0,1.025e-01,3.371e-02,1.106e-02,9.030e-01,1.022e-02,9.761e-02,1.076e-01,2.577e-02,4.409e-02,7.656e-03,1.599e-02
MGI:1913451,VTA1,20954,multivesicular body,GO:0005771,cellular component,12,3.0,1.025e-01,3.371e-02,1.210e-02,8.923e-01,1.931e-02,9.761e-02,1.076e-01,2.577e-02,4.409e-02,6.969e-03,2.100e-02
MGI:1913451,VTA1,20954,late endosome to vacuole transport via multivesicular body sorting pathway,GO:0032511,biological process,12,4.0,1.025e-01,3.371e-02,1.662e-02,8.657e-01,1.957e-02,9.761e-02,1.076e-01,2.577e-02,4.409e-02,1.040e-02,2.655e-02
MGI:1913451,VTA1,20954,extracellular exosome,GO:0070062,cellular component,12,88.0,1.032e-01,3.893e-02,2.424e-02,8.241e-01,2.194e-02,9.886e-02,1.077e-01,2.933e-02,5.168e-02,1.608e-02,3.654e-02
MGI:1913451,VTA1,20954,protein binding,GO:0005515,molecular function,12,373.0,1.039e-01,4.003e-02,3.016e-02,7.963e-01,1.742e-02,9.983e-02,1.081e-01,2.932e-02,5.464e-02,2.184e-02,4.165e-02
MGI:1913451,VTA1,20954,nucleoplasm,GO:0005654,cellular component,12,49.0,1.049e-01,4.003e-02,3.441e-02,7.794e-01,1.275e-02,1.010e-01,1.090e-01,2.932e-02,5.464e-02,2.718e-02,4.356e-02
MGI:1913451,VTA1,20954,intracellular membrane-bounded organelle,GO:0043231,cellular component,12,58.0,1.064e-01,3.954e-02,2.534e-02,8.171e-01,3.845e-02,9.927e-02,1.141e-01,2.829e-02,5.527e-02,1.217e-02,5.277e-02
MGI:1913451,VTA1,20954,cytosol,GO:0005829,cellular component,12,76.0,1.077e-01,4.147e-02,3.915e-02,7.629e-01,1.686e-02,1.049e-01,1.105e-01,2.935e-02,5.860e-02,2.857e-02,5.364e-02
MGI:104596,PROCR,9452,extracellular space,GO:0005615,cellular component,10,55.0,1.036e-01,5.727e-02,3.498e-02,7.769e-01,3.184e-03,9.822e-02,1.093e-01,4.948e-02,6.629e-02,3.301e-02,3.707e-02
MGI:104596,PROCR,9452,focal adhesion,GO:0005925,cellular component,10,18.0,1.048e-01,5.445e-02,2.361e-02,8.262e-01,3.270e-02,9.966e-02,1.102e-01,4.266e-02,6.951e-02,1.259e-02,4.430e-02
MGI:104596,PROCR,9452,cell surface,GO:0009986,cellular component,10,22.0,1.061e-01,5.445e-02,3.307e-02,7.845e-01,2.559e-02,9.957e-02,1.131e-01,4.266e-02,6.951e-02,2.047e-02,5.343e-02
MGI:104596,PROCR,9452,extracellular exosome,GO:0070062,cellular component,10,88.0,1.096e-01,5.789e-02,4.452e-02,7.462e-01,7.945e-03,1.056e-01,1.136e-01,5.105e-02,6.564e-02,3.832e-02,5.172e-02
MGI:104596,PROCR,9452,negative regulation of coagulation,GO:0050819,biological process,10,4.0,1.232e-01,6.668e-02,4.620e-02,7.373e-01,5.903e-02,9.064e-02,1.674e-01,3.875e-02,1.148e-01,1.589e-02,1.344e-01
MGI:104596,PROCR,9452,protein binding,GO:0005515,molecular function,10,373.0,1.290e-01,7.366e-02,6.932e-02,6.874e-01,1.138e-02,1.183e-01,1.407e-01,6.313e-02,8.595e-02,5.697e-02,8.434e-02
MGI:107825,ADAM8,215,cell adhesion molecule binding,GO:0050839,molecular function,19,8.0,1.069e-01,2.488e-01,3.293e-02,7.851e-01,2.858e-02,1.000e-01,1.143e-01,1.591e-01,3.889e-01,1.930e-02,5.617e-02
MGI:107825,ADAM8,215,positive regulation of neutrophil extravasation,GO:2000391,biological process,19,4.0,1.099e-01,2.488e-01,4.300e-02,7.511e-01,1.835e-02,1.005e-01,1.202e-01,1.591e-01,3.889e-01,3.051e-02,6.061e-02
MGI:107825,ADAM8,215,metallopeptidase activity,GO:0008237,molecular function,19,6.0,1.327e-01,2.488e-01,7.406e-02,6.781e-01,1.169e-02,1.209e-01,1.456e-01,1.591e-01,3.889e-01,6.067e-02,9.040e-02
MGI:107825,ADAM8,215,metalloendopeptidase activity,GO:0004222,molecular function,19,6.0,1.365e-01,2.488e-01,7.829e-02,6.699e-01,1.193e-02,1.265e-01,1.473e-01,1.591e-01,3.889e-01,6.424e-02,9.542e-02
MGI:107825,ADAM8,215,positive regulation of cellular extravasation,GO:0002693,biological process,19,7.0,1.495e-01,2.547e-01,9.178e-02,6.455e-01,2.555e-02,1.237e-01,1.808e-01,1.576e-01,4.118e-01,6.182e-02,1.362e-01
MGI:107825,ADAM8,215,phagolysosome,GO:0032010,cellular component,19,4.0,1.654e-01,2.765e-01,1.102e-01,6.157e-01,3.466e-02,1.225e-01,2.233e-01,1.615e-01,4.735e-01,6.485e-02,1.873e-01
MGI:107825,ADAM8,215,dense core granule membrane,GO:0032127,cellular component,19,3.0,1.665e-01,2.915e-01,1.163e-01,6.095e-01,1.924e-02,1.384e-01,2.004e-01,1.871e-01,4.541e-01,8.700e-02,1.555e-01
MGI:107825,ADAM8,215,tertiary granule,GO:0070820,cellular component,19,2.0,2.032e-01,3.129e-01,1.522e-01,5.586e-01,5.004e-02,1.307e-01,3.159e-01,1.570e-01,6.237e-01,7.462e-02,3.105e-01
MGI:107825,ADAM8,215,specific granule,GO:0042581,cellular component,19,3.0,2.077e-01,3.129e-01,1.435e-01,5.592e-01,7.643e-02,1.087e-01,3.966e-01,1.570e-01,6.237e-01,4.566e-02,4.508e-01
MGI:107825,ADAM8,215,positive regulation of membrane protein ectodomain proteolysis,GO:0051044,biological process,19,5.0,2.328e-01,3.332e-01,1.637e-01,5.078e-01,1.301e-01,8.001e-02,6.774e-01,1.468e-01,7.562e-01,3.901e-02,6.865e-01
MGI:107825,ADAM8,215,cell surface,GO:0009986,cellular component,19,22.0,2.479e-01,3.296e-01,2.022e-01,5.055e-01,5.386e-02,1.514e-01,4.059e-01,1.821e-01,5.965e-01,1.002e-01,4.083e-01
MGI:107825,ADAM8,215,plasma membrane,GO:0005886,cellular component,19,93.0,2.810e-01,3.707e-01,2.491e-01,4.718e-01,1.413e-02,2.468e-01,3.200e-01,2.522e-01,5.448e-01,2.119e-01,2.927e-01
MGI:107825,ADAM8,215,inflammatory response,GO:0006954,biological process,19,14.0,2.896e-01,3.332e-01,2.474e-01,4.628e-01,6.117e-02,1.672e-01,5.015e-01,1.811e-01,6.129e-01,1.201e-01,5.097e-01
MGI:107825,ADAM8,215,regulation of cell-cell adhesion,GO:0022407,biological process,19,18.0,2.974e-01,3.381e-01,2.535e-01,4.519e-01,7.551e-02,1.551e-01,5.702e-01,1.797e-01,6.362e-01,1.124e-01,5.721e-01
MGI:107825,ADAM8,215,protein binding,GO:0005515,molecular function,19,373.0,3.461e-01,4.258e-01,3.214e-01,4.159e-01,1.562e-02,3.046e-01,3.932e-01,3.450e-01,5.256e-01,2.730e-01,3.785e-01
MGI:107825,ADAM8,215,cellular response to hypoxia,GO:0071456,biological process,19,7.0,3.732e-01,4.112e-01,3.431e-01,3.905e-01,5.731e-02,2.249e-01,6.192e-01,2.538e-01,6.665e-01,1.880e-01,6.262e-01
MGI:107825,ADAM8,215,cytoplasm,GO:0005737,cellular component,19,99.0,3.779e-01,4.364e-01,3.567e-01,3.917e-01,9.707e-03,3.500e-01,4.079e-01,3.561e-01,5.349e-01,3.241e-01,3.925e-01
MGI:107825,ADAM8,215,podosome,GO:0002102,cellular component,19,3.0,4.130e-01,4.272e-01,3.857e-01,3.597e-01,6.051e-02,2.464e-01,6.924e-01,2.659e-01,6.864e-01,2.110e-01,7.050e-01
MGI:107825,ADAM8,215,proteolysis,GO:0006508,biological process,19,12.0,4.757e-01,5.115e-01,4.612e-01,3.237e-01,1.110e-02,4.375e-01,5.173e-01,4.801e-01,5.449e-01,4.197e-01,5.068e-01
MGI:1915274,H2BC10,4756,innate immune response in mucosa,GO:0002227,biological process,22,4.0,1.025e-01,4.912e-02,1.740e-02,8.618e-01,2.203e-02,9.761e-02,1.076e-01,3.861e-02,6.249e-02,1.102e-02,2.746e-02
MGI:1915274,H2BC10,4756,identical protein binding,GO:0042802,molecular function,22,28.0,1.032e-01,5.256e-02,3.246e-02,7.868e-01,7.038e-03,9.892e-02,1.077e-01,4.458e-02,6.196e-02,2.858e-02,3.686e-02
MGI:1915274,H2BC10,4756,defense response to Gram-positive bacterium,GO:0050830,biological process,22,5.0,1.045e-01,4.912e-02,1.582e-02,8.575e-01,4.410e-02,9.587e-02,1.138e-01,3.861e-02,6.249e-02,5.551e-03,4.506e-02
MGI:1915274,H2BC10,4756,nucleus,GO:0005634,cellular component,22,87.0,1.056e-01,5.256e-02,3.501e-02,7.774e-01,1.729e-02,1.001e-01,1.113e-01,4.458e-02,6.196e-02,2.543e-02,4.821e-02
MGI:1915274,H2BC10,4756,antibacterial humoral response,GO:0019731,biological process,22,8.0,1.061e-01,4.912e-02,2.063e-02,8.384e-01,4.409e-02,9.443e-02,1.193e-01,3.861e-02,6.249e-02,8.576e-03,4.962e-02
MGI:1915274,H2BC10,4756,extracellular exosome,GO:0070062,cellular component,22,88.0,1.069e-01,5.256e-02,4.043e-02,7.585e-01,3.456e-03,1.039e-01,1.101e-01,4.458e-02,6.196e-02,3.784e-02,4.320e-02
MGI:1915274,H2BC10,4756,nucleoplasm,GO:0005654,cellular component,22,49.0,1.083e-01,5.256e-02,4.227e-02,7.530e-01,1.257e-02,1.007e-01,1.165e-01,4.458e-02,6.196e-02,3.329e-02,5.367e-02
MGI:1915274,H2BC10,4756,cytosol,GO:0005829,cellular component,22,76.0,1.112e-01,5.256e-02,4.655e-02,7.406e-01,8.148e-03,1.022e-01,1.209e-01,4.458e-02,6.196e-02,3.995e-02,5.423e-02
MGI:1915274,H2BC10,4756,protein binding,GO:0005515,molecular function,22,373.0,1.113e-01,5.339e-02,4.692e-02,7.394e-01,1.253e-02,1.069e-01,1.158e-01,4.463e-02,6.386e-02,3.715e-02,5.925e-02
MGI:1915274,H2BC10,4756,extracellular space,GO:0005615,cellular component,22,55.0,1.114e-01,5.256e-02,4.707e-02,7.391e-01,7.381e-03,1.028e-01,1.209e-01,4.458e-02,6.196e-02,4.096e-02,5.411e-02
MGI:1915274,H2BC10,4756,antimicrobial humoral immune response mediated by antimicrobial peptide,GO:0061844,biological process,22,4.0,1.144e-01,5.752e-02,3.377e-02,7.778e-01,5.509e-02,8.808e-02,1.485e-01,3.620e-02,9.139e-02,1.197e-02,9.531e-02
MGI:1100537,MID1,7095,phosphoprotein binding,GO:0051219,molecular function,18,3.0,1.025e-01,8.893e-03,7.003e-04,9.745e-01,7.327e-03,9.761e-02,1.076e-01,3.311e-03,2.388e-02,1.702e-04,2.881e-03
MGI:1100537,MID1,7095,enzyme binding,GO:0019899,molecular function,18,36.0,1.025e-01,4.492e-02,1.031e-02,8.803e-01,3.250e-02,9.761e-02,1.076e-01,2.270e-02,8.891e-02,2.465e-03,4.316e-02
MGI:1100537,MID1,7095,ubiquitin protein ligase binding,GO:0031625,molecular function,18,4.0,1.025e-01,5.240e-02,9.119e-03,9.160e-01,6.656e-03,9.761e-02,1.076e-01,4.056e-02,6.770e-02,6.790e-03,1.225e-02
MGI:1100537,MID1,7095,positive regulation of stress-activated MAPK cascade,GO:0032874,biological process,18,7.0,1.025e-01,5.488e-02,1.423e-02,8.856e-01,3.795e-03,9.761e-02,1.076e-01,4.105e-02,7.337e-02,1.285e-02,1.577e-02
MGI:1100537,MID1,7095,microtubule,GO:0005874,cellular component,18,11.0,1.039e-01,5.532e-02,3.356e-02,7.826e-01,9.580e-03,9.983e-02,1.081e-01,4.103e-02,7.459e-02,2.812e-02,4.004e-02
MGI:1100537,MID1,7095,cytoplasmic microtubule,GO:0005881,cellular component,18,6.0,1.044e-01,5.678e-02,2.932e-02,8.004e-01,1.967e-02,9.958e-02,1.095e-01,4.539e-02,7.101e-02,2.035e-02,4.224e-02
MGI:1100537,MID1,7095,protein homodimerization activity,GO:0042803,molecular function,18,14.0,1.048e-01,5.532e-02,3.345e-02,7.831e-01,1.698e-02,9.906e-02,1.108e-01,4.103e-02,7.459e-02,2.453e-02,4.562e-02
MGI:1100537,MID1,7095,regulation of microtubule cytoskeleton organization,GO:0070507,biological process,18,8.0,1.049e-01,5.557e-02,2.486e-02,8.210e-01,3.136e-02,9.548e-02,1.153e-01,4.104e-02,7.526e-02,1.379e-02,4.483e-02
MGI:1100537,MID1,7095,identical protein binding,GO:0042802,molecular function,18,28.0,1.053e-01,5.532e-02,2.972e-02,7.970e-01,3.152e-02,1.002e-01,1.108e-01,4.103e-02,7.459e-02,1.623e-02,5.441e-02
MGI:1100537,MID1,7095,centriolar satellite,GO:0034451,cellular component,18,7.0,1.071e-01,5.680e-02,3.982e-02,7.604e-01,1.557e-02,1.005e-01,1.141e-01,4.083e-02,7.900e-02,2.977e-02,5.325e-02
MGI:1100537,MID1,7095,cytosol,GO:0005829,cellular component,18,76.0,1.104e-01,5.772e-02,4.400e-02,7.471e-01,2.132e-02,1.001e-01,1.218e-01,4.061e-02,8.203e-02,2.971e-02,6.516e-02
MGI:1100537,MID1,7095,microtubule binding,GO:0008017,molecular function,18,8.0,1.131e-01,5.813e-02,4.811e-02,7.361e-01,1.424e-02,9.880e-02,1.295e-01,4.541e-02,7.442e-02,3.699e-02,6.256e-02
MGI:1100537,MID1,7095,cytoplasm,GO:0005737,cellular component,18,99.0,1.141e-01,5.862e-02,4.829e-02,7.352e-01,2.433e-02,1.005e-01,1.296e-01,4.087e-02,8.409e-02,3.094e-02,7.536e-02
MGI:1100537,MID1,7095,Golgi apparatus,GO:0005794,cellular component,18,20.0,1.147e-01,5.862e-02,4.470e-02,7.454e-01,3.396e-02,1.007e-01,1.307e-01,4.087e-02,8.409e-02,2.396e-02,8.337e-02
MGI:1100537,MID1,7095,protein localization to microtubule,GO:0035372,biological process,18,5.0,1.173e-01,6.475e-02,4.915e-02,7.326e-01,3.410e-02,9.406e-02,1.463e-01,4.910e-02,8.537e-02,2.648e-02,9.125e-02
MGI:1100537,MID1,7095,protein binding,GO:0005515,molecular function,18,373.0,1.175e-01,5.871e-02,4.831e-02,7.352e-01,3.462e-02,1.007e-01,1.370e-01,4.086e-02,8.436e-02,2.563e-02,9.106e-02
MGI:1930943,RRAD,10446,calcium channel regulator activity,GO:0005246,molecular function,4,3.0,1.450e-01,1.382e-01,7.894e-02,6.614e-01,5.556e-02,9.269e-02,2.268e-01,8.152e-02,2.342e-01,3.333e-02,1.870e-01
MGI:1930943,RRAD,10446,GTP binding,GO:0005525,molecular function,4,9.0,1.663e-01,1.382e-01,1.046e-01,6.195e-01,5.427e-02,1.046e-01,2.644e-01,8.152e-02,2.342e-01,4.574e-02,2.392e-01
MGI:1930943,RRAD,10446,plasma membrane,GO:0005886,cellular component,4,93.0,1.720e-01,1.474e-01,1.154e-01,6.079e-01,3.833e-02,1.249e-01,2.370e-01,9.184e-02,2.366e-01,6.658e-02,2.002e-01
MGI:1930943,RRAD,10446,protein binding,GO:0005515,molecular function,4,373.0,1.986e-01,1.605e-01,1.441e-01,5.695e-01,4.498e-02,1.372e-01,2.875e-01,1.025e-01,2.512e-01,7.583e-02,2.738e-01
MGI:1338755,RND2,18315,actin filament organization,GO:0007015,biological process,11,18.0,1.075e-01,1.321e-01,3.846e-02,7.651e-01,1.888e-02,9.505e-02,1.216e-01,8.344e-02,2.093e-01,2.704e-02,5.469e-02
MGI:1338755,RND2,18315,protein kinase binding,GO:0019901,molecular function,11,21.0,1.215e-01,1.327e-01,5.648e-02,7.134e-01,3.232e-02,9.504e-02,1.555e-01,8.436e-02,2.089e-01,3.173e-02,1.005e-01
MGI:1338755,RND2,18315,regulation of actin cytoskeleton organization,GO:0032956,biological process,11,12.0,1.264e-01,1.321e-01,4.807e-02,7.284e-01,6.948e-02,8.002e-02,1.996e-01,8.344e-02,2.093e-01,1.477e-02,1.565e-01
MGI:1338755,RND2,18315,GTPase activity,GO:0003924,molecular function,11,7.0,1.314e-01,1.545e-01,6.496e-02,6.924e-01,4.301e-02,9.822e-02,1.758e-01,9.450e-02,2.527e-01,3.086e-02,1.367e-01
MGI:1338755,RND2,18315,plasma membrane,GO:0005886,cellular component,11,93.0,1.463e-01,1.545e-01,8.488e-02,6.529e-01,4.685e-02,1.028e-01,2.082e-01,9.450e-02,2.527e-01,3.839e-02,1.877e-01
MGI:1338755,RND2,18315,protein binding,GO:0005515,molecular function,11,373.0,1.706e-01,1.691e-01,1.205e-01,6.035e-01,2.194e-02,1.411e-01,2.062e-01,1.233e-01,2.320e-01,8.660e-02,1.676e-01
MGI:1338755,RND2,18315,GTP binding,GO:0005525,molecular function,11,9.0,1.727e-01,1.558e-01,1.140e-01,6.053e-01,5.545e-02,1.098e-01,2.717e-01,9.437e-02,2.573e-01,4.755e-02,2.734e-01
MGI:1338755,RND2,18315,cytosol,GO:0005829,cellular component,11,76.0,1.895e-01,1.703e-01,1.431e-01,5.750e-01,2.216e-02,1.550e-01,2.317e-01,1.258e-01,2.305e-01,1.040e-01,1.968e-01
MGI:1338755,RND2,18315,cell migration,GO:0016477,biological process,11,45.0,1.935e-01,1.851e-01,1.409e-01,5.747e-01,4.036e-02,1.353e-01,2.766e-01,1.251e-01,2.739e-01,8.192e-02,2.422e-01
MGI:1338755,RND2,18315,signal transduction,GO:0007165,biological process,11,50.0,2.171e-01,2.134e-01,1.680e-01,5.371e-01,6.397e-02,1.208e-01,3.901e-01,1.219e-01,3.735e-01,7.549e-02,3.738e-01
MGI:893580,PRTN3,9495,signaling receptor binding,GO:0005102,molecular function,20,66.0,1.069e-01,1.644e-01,3.027e-02,7.936e-01,3.815e-02,9.886e-02,1.156e-01,1.132e-01,2.386e-01,1.426e-02,6.425e-02
MGI:893580,PRTN3,9495,plasma membrane raft,GO:0044853,cellular component,20,5.0,1.103e-01,1.644e-01,3.326e-02,7.831e-01,3.930e-02,9.675e-02,1.257e-01,1.132e-01,2.386e-01,1.612e-02,6.865e-02
MGI:893580,PRTN3,9495,enzyme binding,GO:0019899,molecular function,20,36.0,1.138e-01,1.644e-01,3.552e-02,7.725e-01,4.966e-02,9.188e-02,1.408e-01,1.132e-01,2.386e-01,1.388e-02,9.091e-02
MGI:893580,PRTN3,9495,collagen-containing extracellular matrix,GO:0062023,cellular component,20,32.0,1.184e-01,1.644e-01,4.593e-02,7.393e-01,4.707e-02,8.623e-02,1.625e-01,1.132e-01,2.386e-01,1.997e-02,1.056e-01
MGI:893580,PRTN3,9495,extracellular space,GO:0005615,cellular component,20,55.0,1.392e-01,1.772e-01,8.082e-02,6.628e-01,3.488e-02,1.037e-01,1.868e-01,1.404e-01,2.237e-01,4.567e-02,1.430e-01
MGI:893580,PRTN3,9495,intracellular membrane-bounded organelle,GO:0043231,cellular component,20,58.0,1.410e-01,1.802e-01,8.132e-02,6.623e-01,3.165e-02,1.122e-01,1.771e-01,1.419e-01,2.289e-01,4.854e-02,1.362e-01
MGI:893580,PRTN3,9495,mature conventional dendritic cell differentiation,GO:0097029,biological process,20,3.0,1.433e-01,1.644e-01,6.584e-02,6.867e-01,6.846e-02,9.988e-02,2.056e-01,1.132e-01,2.386e-01,1.970e-02,2.200e-01
MGI:893580,PRTN3,9495,membrane protein ectodomain proteolysis,GO:0006509,biological process,20,3.0,1.442e-01,1.809e-01,8.588e-02,6.541e-01,3.166e-02,1.112e-01,1.871e-01,1.422e-01,2.301e-01,5.215e-02,1.414e-01
MGI:893580,PRTN3,9495,azurophil granule lumen,GO:0035578,cellular component,20,3.0,1.467e-01,1.822e-01,7.829e-02,6.610e-01,6.078e-02,9.116e-02,2.361e-01,1.140e-01,2.910e-01,2.975e-02,2.060e-01
MGI:893580,PRTN3,9495,extracellular exosome,GO:0070062,cellular component,20,88.0,1.467e-01,1.830e-01,9.024e-02,6.478e-01,2.827e-02,1.156e-01,1.862e-01,1.533e-01,2.185e-01,5.661e-02,1.439e-01
MGI:893580,PRTN3,9495,cell-cell junction maintenance,GO:0045217,biological process,20,6.0,1.550e-01,1.719e-01,9.658e-02,6.329e-01,4.967e-02,1.017e-01,2.360e-01,1.288e-01,2.294e-01,4.439e-02,2.101e-01
MGI:893580,PRTN3,9495,plasma membrane,GO:0005886,cellular component,20,93.0,1.584e-01,1.913e-01,1.039e-01,6.271e-01,2.140e-02,1.334e-01,1.881e-01,1.708e-01,2.142e-01,7.499e-02,1.439e-01
MGI:893580,PRTN3,9495,protein binding,GO:0005515,molecular function,20,373.0,1.764e-01,1.922e-01,1.257e-01,5.957e-01,2.901e-02,1.367e-01,2.276e-01,1.724e-01,2.142e-01,8.161e-02,1.936e-01
MGI:893580,PRTN3,9495,neutrophil extravasation,GO:0072672,biological process,20,3.0,1.888e-01,1.970e-01,1.399e-01,5.764e-01,3.770e-02,1.339e-01,2.663e-01,1.418e-01,2.737e-01,8.132e-02,2.407e-01
MGI:893580,PRTN3,9495,positive regulation of GTPase activity,GO:0043547,biological process,20,10.0,1.899e-01,2.076e-01,1.380e-01,5.739e-01,5.721e-02,1.126e-01,3.203e-01,1.374e-01,3.135e-01,6.472e-02,2.943e-01
MGI:893580,PRTN3,9495,cytosol,GO:0005829,cellular component,20,76.0,1.983e-01,1.922e-01,1.539e-01,5.623e-01,2.381e-02,1.596e-01,2.464e-01,1.724e-01,2.142e-01,1.102e-01,2.148e-01
MGI:893580,PRTN3,9495,serine-type endopeptidase activity,GO:0004252,molecular function,20,3.0,2.167e-01,2.140e-01,1.745e-01,5.381e-01,3.530e-02,1.555e-01,3.019e-01,1.510e-01,3.032e-01,1.096e-01,2.777e-01
MGI:893580,PRTN3,9495,proteolysis,GO:0006508,biological process,20,12.0,2.853e-01,2.722e-01,2.521e-01,4.676e-01,2.861e-02,2.198e-01,3.703e-01,2.150e-01,3.447e-01,1.800e-01,3.532e-01
MGI:893580,PRTN3,9495,negative regulation of phagocytosis,GO:0050765,biological process,20,7.0,2.932e-01,2.721e-01,2.608e-01,4.580e-01,4.049e-02,2.021e-01,4.253e-01,1.830e-01,4.045e-01,1.615e-01,4.212e-01
MGI:2388637,WWC1,29435,regulation of hippo signaling,GO:0035330,biological process,19,4.0,1.025e-01,7.497e-02,1.098e-02,9.013e-01,1.438e-02,9.761e-02,1.076e-01,5.635e-02,9.975e-02,6.793e-03,1.776e-02
MGI:2388637,WWC1,29435,kinase binding,GO:0019900,molecular function,19,6.0,1.025e-01,7.497e-02,1.412e-02,8.733e-01,2.963e-02,9.761e-02,1.076e-01,5.635e-02,9.975e-02,6.329e-03,3.150e-02
MGI:2388637,WWC1,29435,regulation of DNA-templated transcription,GO:0006355,biological process,19,22.0,1.026e-01,8.455e-02,1.585e-02,8.609e-01,3.459e-02,9.783e-02,1.077e-01,5.421e-02,1.319e-01,6.675e-03,3.766e-02
MGI:2388637,WWC1,29435,negative regulation of transcription by RNA polymerase II,GO:0000122,biological process,19,16.0,1.088e-01,9.373e-02,3.466e-02,7.787e-01,3.107e-02,9.783e-02,1.209e-01,5.505e-02,1.596e-01,1.953e-02,6.152e-02
MGI:2388637,WWC1,29435,positive regulation of MAPK cascade,GO:0043410,biological process,19,11.0,1.103e-01,8.945e-02,3.565e-02,7.748e-01,3.493e-02,9.103e-02,1.336e-01,5.606e-02,1.427e-01,1.884e-02,6.744e-02
MGI:2388637,WWC1,29435,molecular adaptor activity,GO:0060090,molecular function,19,7.0,1.219e-01,1.021e-01,4.874e-02,7.316e-01,4.861e-02,9.280e-02,1.601e-01,5.238e-02,1.989e-01,2.072e-02,1.147e-01
MGI:2388637,WWC1,29435,negative regulation of organ growth,GO:0046621,biological process,19,6.0,1.223e-01,9.431e-02,4.683e-02,7.360e-01,5.638e-02,8.837e-02,1.691e-01,5.663e-02,1.571e-01,1.721e-02,1.274e-01
MGI:2388637,WWC1,29435,negative regulation of hippo signaling,GO:0035331,biological process,19,3.0,1.277e-01,1.195e-01,6.584e-02,6.930e-01,2.738e-02,1.030e-01,1.584e-01,1.153e-01,1.240e-01,4.056e-02,1.069e-01
MGI:2388637,WWC1,29435,ruffle membrane,GO:0032587,cellular component,19,5.0,1.323e-01,1.021e-01,5.545e-02,7.117e-01,6.210e-02,9.360e-02,1.871e-01,5.238e-02,1.989e-01,1.884e-02,1.632e-01
MGI:2388637,WWC1,29435,nucleus,GO:0005634,cellular component,19,87.0,1.414e-01,1.332e-01,8.364e-02,6.602e-01,1.614e-02,1.286e-01,1.555e-01,9.646e-02,1.840e-01,6.387e-02,1.095e-01
MGI:2388637,WWC1,29435,cytosol,GO:0005829,cellular component,19,76.0,1.516e-01,1.332e-01,9.548e-02,6.396e-01,2.310e-02,1.292e-01,1.778e-01,9.646e-02,1.840e-01,6.608e-02,1.379e-01
MGI:2388637,WWC1,29435,protein binding,GO:0005515,molecular function,19,373.0,1.573e-01,1.332e-01,1.030e-01,6.291e-01,1.706e-02,1.421e-01,1.742e-01,9.646e-02,1.840e-01,7.854e-02,1.350e-01
MGI:2388637,WWC1,29435,perinuclear region of cytoplasm,GO:0048471,cellular component,19,12.0,1.627e-01,1.392e-01,1.044e-01,6.226e-01,4.424e-02,1.118e-01,2.366e-01,9.049e-02,2.141e-01,5.469e-02,1.993e-01
MGI:2388637,WWC1,29435,transcription coactivator activity,GO:0003713,molecular function,19,6.0,1.652e-01,1.406e-01,1.026e-01,6.216e-01,5.673e-02,1.070e-01,2.549e-01,9.195e-02,2.150e-01,4.269e-02,2.466e-01
MGI:2388637,WWC1,29435,cytoplasm,GO:0005737,cellular component,19,99.0,1.699e-01,1.391e-01,1.200e-01,6.049e-01,1.452e-02,1.514e-01,1.907e-01,1.066e-01,1.814e-01,9.726e-02,1.482e-01
MGI:2388637,WWC1,29435,cell migration,GO:0016477,biological process,19,45.0,2.251e-01,1.947e-01,1.862e-01,5.270e-01,2.900e-02,1.711e-01,2.962e-01,1.368e-01,2.773e-01,1.293e-01,2.683e-01
MGI:3040696,PREX1,32594,phospholipid binding,GO:0005543,molecular function,9,12.0,3.028e-01,6.913e-01,2.629e-01,4.469e-01,6.846e-02,1.619e-01,5.662e-01,5.729e-01,8.342e-01,1.155e-01,5.982e-01
MGI:3040696,PREX1,32594,positive regulation of GTPase activity,GO:0043547,biological process,9,10.0,3.213e-01,6.913e-01,2.807e-01,4.316e-01,7.084e-02,1.721e-01,6.000e-01,5.729e-01,8.342e-01,1.273e-01,6.190e-01
MGI:3040696,PREX1,32594,G protein-coupled receptor signaling pathway,GO:0007186,biological process,9,48.0,3.777e-01,6.913e-01,3.521e-01,3.894e-01,4.119e-02,2.640e-01,5.403e-01,5.729e-01,8.342e-01,2.334e-01,5.313e-01
MGI:3040696,PREX1,32594,guanyl-nucleotide exchange factor activity,GO:0005085,molecular function,9,10.0,4.271e-01,6.913e-01,4.051e-01,3.479e-01,5.841e-02,2.753e-01,6.625e-01,5.729e-01,8.342e-01,2.494e-01,6.579e-01
MGI:3040696,PREX1,32594,plasma membrane,GO:0005886,cellular component,9,93.0,4.550e-01,6.913e-01,4.377e-01,3.351e-01,3.270e-02,3.480e-01,5.949e-01,5.729e-01,8.342e-01,3.276e-01,5.849e-01
MGI:3040696,PREX1,32594,protein binding,GO:0005515,molecular function,9,373.0,5.214e-01,6.913e-01,5.086e-01,2.925e-01,2.739e-02,4.226e-01,6.434e-01,5.729e-01,8.342e-01,4.076e-01,6.347e-01
MGI:3040696,PREX1,32594,cytosol,GO:0005829,cellular component,9,76.0,5.843e-01,7.047e-01,5.753e-01,2.536e-01,2.141e-02,5.057e-01,6.750e-01,5.962e-01,8.329e-01,4.958e-01,6.676e-01
MGI:3040696,PREX1,32594,regulation of signaling,GO:0023051,biological process,9,15.0,7.466e-01,7.749e-01,7.410e-01,1.295e-01,6.592e-02,5.614e-01,9.929e-01,6.219e-01,9.656e-01,5.509e-01,9.967e-01
MGI:3040696,PREX1,32594,GTPase activator activity,GO:0005096,molecular function,9,7.0,7.610e-01,8.194e-01,7.575e-01,1.374e-01,3.429e-02,6.510e-01,8.895e-01,7.479e-01,8.978e-01,6.474e-01,8.864e-01
MGI:95636,GALC,4115,galactosylceramide catabolic process,GO:0006683,biological process,9,4.0,1.025e-01,2.985e-02,1.640e-02,8.638e-01,2.489e-02,9.761e-02,1.076e-01,1.828e-02,4.876e-02,8.876e-03,3.029e-02
MGI:95636,GALC,4115,galactosylceramidase activity,GO:0004336,molecular function,9,2.0,1.060e-01,3.018e-02,2.165e-02,8.343e-01,4.244e-02,1.004e-01,1.120e-01,1.809e-02,5.037e-02,9.436e-03,4.969e-02
MGI:95636,GALC,4115,lysosome,GO:0005764,cellular component,9,15.0,1.134e-01,4.674e-02,4.083e-02,7.565e-01,3.927e-02,8.882e-02,1.447e-01,2.374e-02,9.202e-02,2.005e-02,8.314e-02
MGI:3034182,C15orf48,29898,nucleus,GO:0005634,cellular component,3,87.0,2.740e-01,3.152e-01,2.406e-01,4.777e-01,2.479e-02,2.173e-01,3.454e-01,2.355e-01,4.219e-01,1.813e-01,3.193e-01
MGI:3034182,C15orf48,29898,mitochondrial respiratory chain complex IV,GO:0005751,cellular component,3,3.0,2.843e-01,3.152e-01,2.487e-01,4.687e-01,3.716e-02,2.038e-01,3.967e-01,2.355e-01,4.219e-01,1.594e-01,3.883e-01
MGI:3034182,C15orf48,29898,protein binding,GO:0005515,molecular function,3,373.0,3.396e-01,3.152e-01,3.140e-01,4.194e-01,2.886e-02,2.631e-01,4.384e-01,2.355e-01,4.219e-01,2.342e-01,4.210e-01
MGI:96298,HYAL1,5320,positive regulation of epithelial cell migration,GO:0010634,biological process,31,6.0,1.208e-01,4.499e-01,5.863e-02,7.096e-01,1.724e-02,1.062e-01,1.375e-01,2.807e-01,7.212e-01,4.296e-02,8.002e-02
MGI:96298,HYAL1,5320,hyaluronan metabolic process,GO:0030212,biological process,31,5.0,1.346e-01,4.499e-01,7.218e-02,6.790e-01,3.459e-02,1.042e-01,1.739e-01,2.807e-01,7.212e-01,4.080e-02,1.277e-01
MGI:96298,HYAL1,5320,positive regulation of epithelial cell proliferation,GO:0050679,biological process,31,19.0,1.357e-01,4.499e-01,6.381e-02,6.935e-01,5.433e-02,9.796e-02,1.881e-01,2.807e-01,7.212e-01,2.493e-02,1.633e-01
MGI:96298,HYAL1,5320,positive regulation of cell growth,GO:0030307,biological process,31,15.0,1.651e-01,4.499e-01,1.072e-01,6.158e-01,5.295e-02,1.061e-01,2.568e-01,2.807e-01,7.212e-01,4.710e-02,2.441e-01
MGI:96298,HYAL1,5320,cellular response to fibroblast growth factor stimulus,GO:0044344,biological process,31,3.0,1.704e-01,4.646e-01,1.207e-01,6.036e-01,1.752e-02,1.463e-01,1.985e-01,3.086e-01,6.996e-01,9.272e-02,1.572e-01
MGI:96298,HYAL1,5320,cellular response to platelet-derived growth factor stimulus,GO:0036120,biological process,31,3.0,1.704e-01,4.646e-01,1.198e-01,6.039e-01,2.585e-02,1.364e-01,2.129e-01,3.086e-01,6.996e-01,8.100e-02,1.772e-01
MGI:96298,HYAL1,5320,positive regulation of angiogenesis,GO:0045766,biological process,31,12.0,1.792e-01,4.519e-01,1.237e-01,5.916e-01,5.714e-02,1.086e-01,2.954e-01,2.805e-01,7.282e-01,5.402e-02,2.835e-01
MGI:96298,HYAL1,5320,positive regulation of growth,GO:0045927,biological process,31,8.0,2.017e-01,4.752e-01,1.499e-01,5.635e-01,4.189e-02,1.393e-01,2.921e-01,3.097e-01,7.291e-01,8.570e-02,2.622e-01
MGI:96298,HYAL1,5320,response to virus,GO:0009615,biological process,31,8.0,2.088e-01,4.631e-01,1.426e-01,5.586e-01,8.007e-02,1.068e-01,4.084e-01,2.815e-01,7.619e-01,4.326e-02,4.701e-01
MGI:96298,HYAL1,5320,hyaluronan biosynthetic process,GO:0030213,biological process,31,3.0,2.172e-01,4.752e-01,1.761e-01,5.389e-01,1.684e-02,1.851e-01,2.549e-01,3.097e-01,7.291e-01,1.408e-01,2.203e-01
MGI:96298,HYAL1,5320,hyaluronan catabolic process,GO:0030214,biological process,31,3.0,2.351e-01,4.752e-01,1.956e-01,5.183e-01,2.552e-02,1.838e-01,3.007e-01,3.097e-01,7.291e-01,1.418e-01,2.697e-01
MGI:96298,HYAL1,5320,negative regulation of cell growth,GO:0030308,biological process,31,16.0,2.454e-01,4.676e-01,1.986e-01,5.014e-01,7.594e-02,1.241e-01,4.854e-01,3.081e-01,7.096e-01,8.375e-02,4.708e-01
MGI:96298,HYAL1,5320,positive regulation of hyaluranon cable assembly,GO:1900106,biological process,31,4.0,3.035e-01,4.927e-01,2.739e-01,4.501e-01,2.677e-02,2.374e-01,3.879e-01,3.352e-01,7.241e-01,2.047e-01,3.663e-01
MGI:96298,HYAL1,5320,extracellular space,GO:0005615,cellular component,31,55.0,3.055e-01,4.828e-01,2.729e-01,4.480e-01,4.150e-02,2.090e-01,4.464e-01,3.098e-01,7.524e-01,1.713e-01,4.348e-01
MGI:96298,HYAL1,5320,positive regulation of cell adhesion,GO:0045785,biological process,31,9.0,3.094e-01,4.797e-01,2.751e-01,4.410e-01,5.955e-02,1.847e-01,5.184e-01,3.098e-01,7.428e-01,1.492e-01,5.070e-01
MGI:96298,HYAL1,5320,positive regulation of G1/S transition of mitotic cell cycle,GO:1900087,biological process,31,6.0,3.177e-01,4.828e-01,2.825e-01,4.342e-01,6.161e-02,1.852e-01,5.450e-01,3.098e-01,7.524e-01,1.464e-01,5.453e-01
MGI:96298,HYAL1,5320,cartilage development,GO:0051216,biological process,31,6.0,3.182e-01,4.813e-01,2.838e-01,4.344e-01,5.827e-02,1.929e-01,5.250e-01,3.154e-01,7.344e-01,1.576e-01,5.110e-01
MGI:96298,HYAL1,5320,response to antibiotic,GO:0046677,biological process,31,10.0,3.451e-01,5.165e-01,3.168e-01,4.135e-01,4.469e-02,2.324e-01,5.126e-01,3.856e-01,6.919e-01,1.966e-01,5.105e-01
MGI:96298,HYAL1,5320,response to reactive oxygen species,GO:0000302,biological process,31,9.0,3.536e-01,5.103e-01,3.230e-01,4.030e-01,6.321e-02,2.105e-01,5.940e-01,3.403e-01,7.651e-01,1.778e-01,5.869e-01
MGI:96298,HYAL1,5320,cellular response to tumor necrosis factor,GO:0071356,biological process,31,7.0,3.648e-01,4.958e-01,3.394e-01,3.997e-01,3.590e-02,2.682e-01,4.962e-01,3.352e-01,7.334e-01,2.394e-01,4.813e-01
MGI:96298,HYAL1,5320,inflammatory response,GO:0006954,biological process,31,14.0,3.656e-01,4.828e-01,3.328e-01,3.953e-01,6.339e-02,2.083e-01,6.416e-01,3.098e-01,7.524e-01,1.682e-01,6.586e-01
MGI:96298,HYAL1,5320,hyaluranon cable,GO:0036117,cellular component,31,2.0,3.657e-01,4.828e-01,3.344e-01,3.952e-01,6.105e-02,2.126e-01,6.290e-01,3.098e-01,7.524e-01,1.742e-01,6.418e-01
MGI:96298,HYAL1,5320,extracellular exosome,GO:0070062,cellular component,31,88.0,3.659e-01,4.958e-01,3.413e-01,3.989e-01,3.304e-02,2.728e-01,4.908e-01,3.352e-01,7.334e-01,2.435e-01,4.785e-01
MGI:96298,HYAL1,5320,cellular response to pH,GO:0071467,biological process,31,6.0,3.764e-01,5.261e-01,3.000e-01,3.569e-01,1.512e-01,1.185e-01,1.196e+00,2.729e-01,1.014e+00,6.283e-02,1.432e+00
MGI:96298,HYAL1,5320,cellular response to interleukin-1,GO:0071347,biological process,31,6.0,3.868e-01,5.062e-01,3.646e-01,3.837e-01,2.848e-02,3.034e-01,4.931e-01,3.564e-01,7.190e-01,2.788e-01,4.768e-01
MGI:96298,HYAL1,5320,hyaluronan synthase activity,GO:0050501,molecular function,31,3.0,4.244e-01,5.150e-01,4.020e-01,3.517e-01,5.409e-02,2.746e-01,6.559e-01,3.343e-01,7.935e-01,2.469e-01,6.547e-01
MGI:96298,HYAL1,5320,cytoplasm,GO:0005737,cellular component,31,99.0,4.376e-01,5.270e-01,4.192e-01,3.447e-01,4.168e-02,3.157e-01,6.066e-01,3.577e-01,7.764e-01,2.941e-01,5.974e-01
MGI:96298,HYAL1,5320,lysosome,GO:0005764,cellular component,31,15.0,4.470e-01,5.216e-01,4.246e-01,3.329e-01,6.286e-02,2.723e-01,7.339e-01,3.322e-01,8.189e-01,2.437e-01,7.398e-01
MGI:96298,HYAL1,5320,cytoplasmic vesicle,GO:0031410,cellular component,31,32.0,5.853e-01,6.317e-01,5.743e-01,2.502e-01,3.678e-02,4.653e-01,7.362e-01,5.160e-01,7.734e-01,4.520e-01,7.297e-01
MGI:96298,HYAL1,5320,cellular response to UV-B,GO:0071493,biological process,31,3.0,6.002e-01,6.188e-01,5.852e-01,2.197e-01,8.182e-02,3.457e-01,1.042e+00,3.587e-01,1.067e+00,3.244e-01,1.056e+00
MGI:96298,HYAL1,5320,hyalurononglucosaminidase activity,GO:0004415,molecular function,31,2.0,6.692e-01,6.773e-01,6.624e-01,1.969e-01,3.702e-02,5.420e-01,8.262e-01,5.429e-01,8.449e-01,5.336e-01,8.222e-01
MGI:2180849,OASL,8090,double-stranded RNA binding,GO:0003725,molecular function,16,5.0,1.025e-01,9.497e-02,1.838e-02,8.595e-01,3.615e-03,9.761e-02,1.076e-01,8.041e-02,1.122e-01,1.700e-02,1.986e-02
MGI:2180849,OASL,8090,RNA binding,GO:0003723,molecular function,16,46.0,1.025e-01,9.497e-02,2.750e-02,8.084e-01,1.200e-02,9.762e-02,1.076e-01,8.041e-02,1.122e-01,2.198e-02,3.442e-02
MGI:2180849,OASL,8090,defense response to virus,GO:0051607,biological process,16,14.0,1.026e-01,9.497e-02,2.437e-02,8.236e-01,1.775e-02,9.749e-02,1.081e-01,8.041e-02,1.122e-01,1.752e-02,3.389e-02
MGI:2180849,OASL,8090,DNA binding,GO:0003677,molecular function,16,23.0,1.030e-01,9.547e-02,3.204e-02,7.885e-01,6.169e-03,9.856e-02,1.076e-01,8.138e-02,1.120e-01,2.866e-02,3.583e-02
MGI:2180849,OASL,8090,positive regulation of RIG-I signaling pathway,GO:1900246,biological process,16,3.0,1.080e-01,9.547e-02,3.911e-02,7.631e-01,2.081e-02,1.003e-01,1.164e-01,8.138e-02,1.120e-01,2.652e-02,5.769e-02
MGI:2180849,OASL,8090,response to virus,GO:0009615,biological process,16,8.0,1.102e-01,9.744e-02,3.771e-02,7.670e-01,3.295e-02,9.242e-02,1.315e-01,7.854e-02,1.209e-01,2.056e-02,6.916e-02
MGI:2180849,OASL,8090,nucleolus,GO:0005730,cellular component,16,8.0,1.134e-01,1.018e-01,5.038e-02,7.306e-01,3.393e-03,1.064e-01,1.209e-01,8.382e-02,1.235e-01,4.741e-02,5.354e-02
MGI:2180849,OASL,8090,negative regulation of viral genome replication,GO:0045071,biological process,16,9.0,1.204e-01,1.018e-01,5.831e-02,7.109e-01,1.128e-02,1.078e-01,1.346e-01,8.382e-02,1.235e-01,4.771e-02,7.128e-02
MGI:2180849,OASL,8090,interleukin-27-mediated signaling pathway,GO:0070106,biological process,16,2.0,1.245e-01,1.018e-01,6.446e-02,6.976e-01,1.072e-02,1.096e-01,1.415e-01,8.382e-02,1.235e-01,5.360e-02,7.753e-02
MGI:2180849,OASL,8090,regulation of ribonuclease activity,GO:0060700,biological process,16,6.0,1.311e-01,1.018e-01,7.204e-02,6.814e-01,1.798e-02,1.093e-01,1.573e-01,8.380e-02,1.237e-01,5.323e-02,9.749e-02
MGI:2180849,OASL,8090,nucleoplasm,GO:0005654,cellular component,16,49.0,1.566e-01,1.404e-01,1.027e-01,6.297e-01,1.504e-02,1.442e-01,1.702e-01,1.209e-01,1.631e-01,8.104e-02,1.301e-01
MGI:2180849,OASL,8090,cytosol,GO:0005829,cellular component,16,76.0,1.700e-01,1.440e-01,1.190e-01,6.062e-01,1.341e-02,1.571e-01,1.839e-01,1.213e-01,1.710e-01,9.733e-02,1.456e-01
MGI:2180849,OASL,8090,membrane,GO:0016020,cellular component,16,60.0,1.834e-01,1.572e-01,1.374e-01,5.826e-01,1.505e-02,1.591e-01,2.115e-01,1.465e-01,1.687e-01,1.108e-01,1.703e-01
MGI:2180849,OASL,8090,protein binding,GO:0005515,molecular function,16,373.0,1.915e-01,1.576e-01,1.461e-01,5.723e-01,1.024e-02,1.767e-01,2.075e-01,1.465e-01,1.697e-01,1.266e-01,1.686e-01
MGI:2180849,OASL,8090,cytoplasm,GO:0005737,cellular component,16,99.0,2.048e-01,1.659e-01,1.621e-01,5.543e-01,1.031e-02,1.890e-01,2.219e-01,1.504e-01,1.830e-01,1.407e-01,1.868e-01
MGI:1925584,CDK19,19338,protein phosphorylation,GO:0006468,biological process,6,21.0,1.073e-01,7.023e-02,2.727e-02,8.045e-01,4.297e-02,9.348e-02,1.231e-01,4.919e-02,1.003e-01,1.141e-02,6.517e-02
MGI:1925584,CDK19,19338,cytosol,GO:0005829,cellular component,6,76.0,1.159e-01,7.023e-02,5.191e-02,7.262e-01,1.509e-02,1.036e-01,1.295e-01,4.919e-02,1.003e-01,3.921e-02,6.871e-02
MGI:1925584,CDK19,19338,nucleus,GO:0005634,cellular component,6,87.0,1.159e-01,7.023e-02,5.142e-02,7.271e-01,1.840e-02,1.014e-01,1.323e-01,4.919e-02,1.003e-01,3.650e-02,7.244e-02
MGI:1925584,CDK19,19338,nucleoplasm,GO:0005654,cellular component,6,49.0,1.189e-01,7.023e-02,5.525e-02,7.175e-01,2.017e-02,1.007e-01,1.404e-01,4.919e-02,1.003e-01,3.814e-02,8.004e-02
MGI:1925584,CDK19,19338,protein serine/threonine kinase activity,GO:0004674,molecular function,6,43.0,1.756e-01,1.279e-01,1.279e-01,5.950e-01,3.205e-03,1.674e-01,1.841e-01,1.222e-01,1.338e-01,1.222e-01,1.338e-01
MGI:88467,COL1A1,2197,embryonic skeletal system development,GO:0048706,biological process,43,3.0,1.025e-01,6.809e-02,3.149e-03,9.530e-01,4.946e-03,9.761e-02,1.076e-01,4.362e-02,1.063e-01,1.862e-03,5.327e-03
MGI:88467,COL1A1,2197,extracellular matrix structural constituent conferring tensile strength,GO:0030020,molecular function,43,8.0,1.025e-01,6.825e-02,5.584e-03,9.369e-01,5.905e-03,9.761e-02,1.076e-01,4.356e-02,1.069e-01,3.532e-03,8.826e-03
MGI:88467,COL1A1,2197,skin development,GO:0043588,biological process,43,6.0,1.025e-01,7.156e-02,1.673e-02,8.680e-01,1.150e-02,9.761e-02,1.076e-01,4.234e-02,1.210e-01,1.297e-02,2.159e-02
MGI:88467,COL1A1,2197,collagen fibril organization,GO:0030199,biological process,43,7.0,1.025e-01,7.156e-02,1.799e-02,8.555e-01,2.261e-02,9.761e-02,1.076e-01,4.234e-02,1.210e-01,1.057e-02,3.061e-02
MGI:88467,COL1A1,2197,collagen-containing extracellular matrix,GO:0062023,cellular component,43,32.0,1.025e-01,7.156e-02,2.184e-02,8.371e-01,2.034e-02,9.761e-02,1.076e-01,4.234e-02,1.210e-01,1.483e-02,3.216e-02
MGI:88467,COL1A1,2197,protease binding,GO:0002020,molecular function,43,9.0,1.025e-01,7.156e-02,2.371e-02,8.280e-01,7.204e-03,9.761e-02,1.076e-01,4.234e-02,1.210e-01,2.067e-02,2.721e-02
MGI:88467,COL1A1,2197,platelet-derived growth factor binding,GO:0048407,molecular function,43,6.0,1.025e-01,7.267e-02,2.431e-02,8.243e-01,8.950e-03,9.761e-02,1.076e-01,4.291e-02,1.231e-01,2.053e-02,2.878e-02
MGI:88467,COL1A1,2197,collagen type I trimer,GO:0005584,cellular component,43,2.0,1.038e-01,7.521e-02,2.677e-02,8.099e-01,2.918e-02,9.928e-02,1.086e-01,4.395e-02,1.287e-01,1.516e-02,4.728e-02
MGI:88467,COL1A1,2197,skin morphogenesis,GO:0043589,biological process,43,2.0,1.045e-01,7.377e-02,2.770e-02,8.076e-01,2.369e-02,9.587e-02,1.138e-01,4.146e-02,1.312e-01,1.782e-02,4.306e-02
MGI:88467,COL1A1,2197,extracellular matrix organization,GO:0030198,biological process,43,18.0,1.046e-01,7.377e-02,1.912e-02,8.448e-01,4.047e-02,9.575e-02,1.143e-01,4.146e-02,1.312e-01,8.116e-03,4.506e-02
MGI:88467,COL1A1,2197,positive regulation of canonical Wnt signaling pathway,GO:0090263,biological process,43,7.0,1.092e-01,7.887e-02,3.956e-02,7.621e-01,2.333e-02,9.845e-02,1.211e-01,4.297e-02,1.448e-01,2.567e-02,6.099e-02
MGI:88467,COL1A1,2197,positive regulation of epithelial to mesenchymal transition,GO:0010718,biological process,43,7.0,1.100e-01,8.020e-02,3.633e-02,7.719e-01,3.472e-02,9.240e-02,1.310e-01,4.208e-02,1.528e-01,1.914e-02,6.895e-02
MGI:88467,COL1A1,2197,skeletal system development,GO:0001501,biological process,43,3.0,1.142e-01,7.952e-02,3.489e-02,7.750e-01,5.217e-02,8.799e-02,1.483e-01,4.034e-02,1.567e-01,1.330e-02,9.152e-02
MGI:88467,COL1A1,2197,tooth mineralization,GO:0034505,biological process,43,5.0,1.143e-01,8.080e-02,4.324e-02,7.498e-01,3.343e-02,9.787e-02,1.336e-01,4.236e-02,1.541e-01,2.327e-02,8.035e-02
MGI:88467,COL1A1,2197,extracellular region,GO:0005576,cellular component,43,22.0,1.162e-01,8.686e-02,4.701e-02,7.375e-01,3.647e-02,8.991e-02,1.500e-01,5.050e-02,1.494e-01,2.444e-02,9.041e-02
MGI:88467,COL1A1,2197,visual perception,GO:0007601,biological process,43,3.0,1.163e-01,8.987e-02,5.172e-02,7.262e-01,2.154e-02,9.694e-02,1.395e-01,5.303e-02,1.523e-01,3.480e-02,7.687e-02
MGI:88467,COL1A1,2197,extracellular space,GO:0005615,cellular component,43,55.0,1.280e-01,9.911e-02,6.862e-02,6.878e-01,2.154e-02,1.042e-01,1.572e-01,6.509e-02,1.509e-01,4.752e-02,9.909e-02
MGI:88467,COL1A1,2197,response to mechanical stimulus,GO:0009612,biological process,43,10.0,1.344e-01,8.935e-02,4.415e-02,7.276e-01,8.926e-02,8.201e-02,2.203e-01,3.951e-02,2.021e-01,8.429e-03,2.313e-01
MGI:88467,COL1A1,2197,blood vessel development,GO:0001568,biological process,43,8.0,1.442e-01,1.029e-01,7.321e-02,6.728e-01,6.066e-02,9.901e-02,2.101e-01,4.488e-02,2.359e-01,2.570e-02,2.085e-01
MGI:88467,COL1A1,2197,ossification,GO:0001503,biological process,43,8.0,1.445e-01,1.109e-01,8.164e-02,6.593e-01,4.430e-02,1.028e-01,2.031e-01,5.886e-02,2.088e-01,3.817e-02,1.746e-01
MGI:88467,COL1A1,2197,positive regulation of cell migration,GO:0030335,biological process,43,36.0,1.449e-01,1.160e-01,8.897e-02,6.505e-01,2.282e-02,1.167e-01,1.797e-01,7.560e-02,1.780e-01,6.101e-02,1.298e-01
MGI:88467,COL1A1,2197,protein localization to nucleus,GO:0034504,biological process,43,9.0,1.461e-01,1.212e-01,8.828e-02,6.506e-01,2.995e-02,1.129e-01,1.889e-01,7.586e-02,1.936e-01,5.488e-02,1.420e-01
MGI:88467,COL1A1,2197,sensory perception of sound,GO:0007605,biological process,43,4.0,1.511e-01,1.215e-01,9.473e-02,6.386e-01,3.873e-02,1.076e-01,2.124e-01,7.442e-02,1.985e-01,5.158e-02,1.740e-01
MGI:88467,COL1A1,2197,identical protein binding,GO:0042802,molecular function,43,28.0,1.515e-01,1.253e-01,9.760e-02,6.379e-01,9.167e-03,1.362e-01,1.685e-01,9.470e-02,1.657e-01,8.451e-02,1.127e-01
MGI:88467,COL1A1,2197,collagen biosynthetic process,GO:0032964,biological process,43,4.0,1.695e-01,1.340e-01,1.166e-01,6.054e-01,4.071e-02,1.184e-01,2.428e-01,7.616e-02,2.357e-01,6.211e-02,2.190e-01
MGI:88467,COL1A1,2197,positive regulation of DNA-templated transcription,GO:0045893,biological process,43,24.0,1.836e-01,1.464e-01,1.364e-01,5.822e-01,2.791e-02,1.418e-01,2.376e-01,9.896e-02,2.167e-01,9.080e-02,2.050e-01
MGI:88467,COL1A1,2197,protein binding,GO:0005515,molecular function,43,373.0,1.844e-01,1.512e-01,1.391e-01,5.808e-01,1.160e-02,1.635e-01,2.079e-01,1.228e-01,1.861e-01,1.179e-01,1.640e-01
MGI:88467,COL1A1,2197,cytoplasm,GO:0005737,cellular component,43,99.0,2.041e-01,1.669e-01,1.628e-01,5.532e-01,1.237e-02,1.810e-01,2.301e-01,1.443e-01,1.930e-01,1.379e-01,1.922e-01
MGI:109278,OGN,8126,collagen-containing extracellular matrix,GO:0062023,cellular component,9,32.0,1.025e-01,3.821e-02,1.016e-02,9.107e-01,3.921e-03,9.761e-02,1.076e-01,2.611e-02,5.593e-02,8.646e-03,1.194e-02
MGI:109278,OGN,8126,extracellular matrix,GO:0031012,cellular component,9,14.0,1.026e-01,3.821e-02,1.103e-02,8.831e-01,3.962e-02,9.776e-02,1.076e-01,2.611e-02,5.593e-02,3.590e-03,3.392e-02
MGI:109278,OGN,8126,bone development,GO:0060348,biological process,9,3.0,1.026e-01,4.286e-02,2.556e-02,8.180e-01,1.429e-02,9.776e-02,1.076e-01,3.288e-02,5.586e-02,1.958e-02,3.336e-02
MGI:109278,OGN,8126,articular cartilage development,GO:0061975,biological process,9,4.0,1.032e-01,3.821e-02,1.879e-02,8.507e-01,3.190e-02,9.886e-02,1.077e-01,2.611e-02,5.593e-02,9.848e-03,3.586e-02
MGI:109278,OGN,8126,extracellular region,GO:0005576,cellular component,9,22.0,1.034e-01,4.827e-02,2.619e-02,8.147e-01,2.153e-02,9.685e-02,1.103e-01,3.498e-02,6.660e-02,1.757e-02,3.903e-02
MGI:109278,OGN,8126,extracellular space,GO:0005615,cellular component,9,55.0,1.060e-01,5.151e-02,3.806e-02,7.665e-01,1.182e-02,9.650e-02,1.164e-01,4.066e-02,6.525e-02,3.044e-02,4.757e-02
MGI:109278,OGN,8126,extracellular vesicle,GO:1903561,cellular component,9,13.0,1.084e-01,4.172e-02,2.182e-02,8.307e-01,5.158e-02,9.908e-02,1.185e-01,2.405e-02,7.236e-02,7.917e-03,6.016e-02
MGI:109278,OGN,8126,extracellular exosome,GO:0070062,cellular component,9,88.0,1.193e-01,6.480e-02,5.760e-02,7.126e-01,1.062e-02,1.084e-01,1.314e-01,5.361e-02,7.832e-02,4.765e-02,6.962e-02
MGI:109278,OGN,8126,protein binding,GO:0005515,molecular function,9,373.0,1.347e-01,7.722e-02,7.722e-02,6.724e-01,5.785e-03,1.246e-01,1.457e-01,6.980e-02,8.543e-02,6.980e-02,8.543e-02
MGI:2145269,LRRC14B,37268,cytoplasm,GO:0005737,cellular component,1,99.0,2.833e-01,2.520e-01,2.520e-01,4.697e-01,7.620e-03,2.617e-01,3.066e-01,2.307e-01,2.753e-01,2.307e-01,2.753e-01
MGI:3028579,RASGRP3,14545,positive regulation of GTPase activity,GO:0043547,biological process,6,10.0,1.708e-01,2.757e-01,1.221e-01,6.024e-01,9.697e-03,1.559e-01,1.872e-01,2.224e-01,3.417e-01,1.059e-01,1.407e-01
MGI:3028579,RASGRP3,14545,guanyl-nucleotide exchange factor activity,GO:0005085,molecular function,6,10.0,1.891e-01,2.757e-01,1.443e-01,5.744e-01,1.103e-02,1.702e-01,2.100e-01,2.224e-01,3.417e-01,1.235e-01,1.686e-01
MGI:3028579,RASGRP3,14545,Ras protein signal transduction,GO:0007265,biological process,6,10.0,2.070e-01,3.025e-01,1.466e-01,5.572e-01,7.547e-02,1.068e-01,4.012e-01,2.038e-01,4.490e-01,5.680e-02,3.785e-01
MGI:3028579,RASGRP3,14545,plasma membrane,GO:0005886,cellular component,6,93.0,2.201e-01,2.757e-01,1.816e-01,5.341e-01,4.748e-03,2.092e-01,2.317e-01,2.224e-01,3.417e-01,1.706e-01,1.933e-01
MGI:3028579,RASGRP3,14545,protein binding,GO:0005515,molecular function,6,373.0,2.501e-01,2.776e-01,2.147e-01,5.020e-01,6.245e-03,2.348e-01,2.663e-01,2.249e-01,3.427e-01,1.989e-01,2.319e-01
MGI:3028579,RASGRP3,14545,GTPase activator activity,GO:0005096,molecular function,6,7.0,4.132e-01,3.923e-01,3.923e-01,3.630e-01,3.765e-02,3.013e-01,5.667e-01,2.727e-01,5.642e-01,2.727e-01,5.642e-01
MGI:107537,CLN3,2074,Golgi to lysosome transport,GO:0090160,biological process,40,4.0,1.180e-01,3.301e-01,4.033e-02,7.559e-01,5.410e-02,8.530e-02,1.632e-01,1.991e-01,5.472e-01,1.540e-02,1.056e-01
MGI:107537,CLN3,2074,glycolipid binding,GO:0051861,molecular function,40,6.0,1.206e-01,3.301e-01,5.356e-02,7.188e-01,4.036e-02,8.786e-02,1.655e-01,1.991e-01,5.472e-01,2.651e-02,1.082e-01
MGI:107537,CLN3,2074,sulfatide binding,GO:0120146,molecular function,40,2.0,1.263e-01,3.301e-01,6.626e-02,6.934e-01,1.514e-02,1.082e-01,1.475e-01,1.991e-01,5.472e-01,5.075e-02,8.650e-02
MGI:107537,CLN3,2074,receptor-mediated endocytosis,GO:0006898,biological process,40,9.0,1.319e-01,3.424e-01,7.102e-02,6.822e-01,3.012e-02,1.028e-01,1.691e-01,2.191e-01,5.351e-01,4.232e-02,1.192e-01
MGI:107537,CLN3,2074,glycerophospholipid biosynthetic process,GO:0046474,biological process,40,13.0,1.321e-01,3.301e-01,6.180e-02,6.997e-01,4.791e-02,9.998e-02,1.746e-01,1.991e-01,5.472e-01,2.629e-02,1.452e-01
MGI:107537,CLN3,2074,endoplasmic reticulum membrane,GO:0005789,cellular component,40,17.0,1.345e-01,3.301e-01,7.536e-02,6.750e-01,2.070e-02,1.118e-01,1.618e-01,1.991e-01,5.472e-01,5.284e-02,1.075e-01
MGI:107537,CLN3,2074,recycling endosome,GO:0055037,cellular component,40,7.0,1.349e-01,3.301e-01,6.203e-02,6.979e-01,5.536e-02,9.903e-02,1.839e-01,1.991e-01,5.472e-01,2.315e-02,1.662e-01
MGI:107537,CLN3,2074,early endosome,GO:0005769,cellular component,40,5.0,1.414e-01,3.305e-01,7.992e-02,6.629e-01,4.229e-02,1.010e-01,1.980e-01,1.989e-01,5.492e-01,3.941e-02,1.621e-01
MGI:107537,CLN3,2074,caveola,GO:0005901,cellular component,40,3.0,1.456e-01,3.343e-01,9.028e-02,6.481e-01,2.293e-02,1.167e-01,1.817e-01,2.059e-01,5.428e-01,6.230e-02,1.308e-01
MGI:107537,CLN3,2074,early endosome membrane,GO:0031901,cellular component,40,5.0,1.472e-01,3.347e-01,8.956e-02,6.484e-01,3.081e-02,1.129e-01,1.919e-01,2.020e-01,5.546e-01,5.448e-02,1.472e-01
MGI:107537,CLN3,2074,late endosome,GO:0005770,cellular component,40,5.0,1.544e-01,3.389e-01,8.465e-02,6.492e-01,6.598e-02,9.748e-02,2.445e-01,1.995e-01,5.756e-01,2.814e-02,2.546e-01
MGI:107537,CLN3,2074,Golgi membrane,GO:0000139,cellular component,40,3.0,1.554e-01,3.433e-01,1.019e-01,6.292e-01,2.733e-02,1.218e-01,1.982e-01,2.196e-01,5.367e-01,6.720e-02,1.547e-01
MGI:107537,CLN3,2074,L-arginine transmembrane transport,GO:1903826,biological process,40,5.0,2.034e-01,3.687e-01,1.277e-01,5.724e-01,9.267e-02,9.811e-02,4.218e-01,2.411e-01,5.639e-01,3.150e-02,5.176e-01
MGI:107537,CLN3,2074,lysosomal membrane,GO:0005765,cellular component,40,15.0,2.050e-01,3.597e-01,1.406e-01,5.615e-01,7.873e-02,1.061e-01,3.962e-01,2.079e-01,6.225e-01,4.281e-02,4.615e-01
MGI:107537,CLN3,2074,amyloid precursor protein catabolic process,GO:0042987,biological process,40,3.0,2.230e-01,3.795e-01,1.782e-01,5.301e-01,5.173e-02,1.385e-01,3.591e-01,2.359e-01,6.106e-01,9.074e-02,3.499e-01
MGI:107537,CLN3,2074,membrane raft,GO:0045121,cellular component,40,11.0,2.264e-01,3.716e-01,1.842e-01,5.281e-01,3.446e-02,1.654e-01,3.098e-01,2.464e-01,5.604e-01,1.181e-01,2.875e-01
MGI:107537,CLN3,2074,endoplasmic reticulum,GO:0005783,cellular component,40,24.0,2.387e-01,3.809e-01,2.004e-01,5.144e-01,1.958e-02,1.984e-01,2.871e-01,2.581e-01,5.622e-01,1.562e-01,2.572e-01
MGI:107537,CLN3,2074,membrane,GO:0016020,cellular component,40,60.0,2.462e-01,3.871e-01,2.067e-01,5.042e-01,4.348e-02,1.642e-01,3.692e-01,2.515e-01,5.958e-01,1.183e-01,3.612e-01
MGI:107537,CLN3,2074,neuron projection,GO:0043005,cellular component,40,21.0,2.530e-01,3.752e-01,2.080e-01,4.955e-01,6.755e-02,1.366e-01,4.684e-01,2.307e-01,6.101e-01,9.213e-02,4.694e-01
MGI:107537,CLN3,2074,plasma membrane,GO:0005886,cellular component,40,93.0,2.651e-01,3.975e-01,2.313e-01,4.848e-01,3.081e-02,1.991e-01,3.529e-01,2.667e-01,5.924e-01,1.584e-01,3.376e-01
MGI:107537,CLN3,2074,lysosome organization,GO:0007040,biological process,40,4.0,2.651e-01,3.750e-01,2.178e-01,4.855e-01,6.968e-02,1.424e-01,4.937e-01,2.505e-01,5.613e-01,9.482e-02,5.004e-01
MGI:107537,CLN3,2074,glycolipid transport,GO:0046836,biological process,40,5.0,2.756e-01,4.144e-01,2.421e-01,4.765e-01,2.595e-02,2.154e-01,3.526e-01,3.104e-01,5.532e-01,1.778e-01,3.297e-01
MGI:107537,CLN3,2074,regulation of protein processing,GO:0070613,biological process,40,9.0,2.801e-01,4.043e-01,2.298e-01,4.551e-01,1.092e-01,1.151e-01,6.813e-01,2.181e-01,7.496e-01,7.831e-02,6.746e-01
MGI:107537,CLN3,2074,Golgi apparatus,GO:0005794,cellular component,40,20.0,2.833e-01,4.091e-01,2.505e-01,4.667e-01,3.894e-02,1.987e-01,4.041e-01,2.723e-01,6.147e-01,1.584e-01,3.962e-01
MGI:107537,CLN3,2074,vesicle transport along microtubule,GO:0047496,biological process,40,8.0,3.008e-01,3.880e-01,2.661e-01,4.513e-01,4.963e-02,1.937e-01,4.671e-01,2.643e-01,5.696e-01,1.567e-01,4.517e-01
MGI:107537,CLN3,2074,lysosomal lumen acidification,GO:0007042,biological process,40,4.0,3.179e-01,4.074e-01,2.693e-01,4.317e-01,8.807e-02,1.446e-01,6.990e-01,2.409e-01,6.891e-01,9.367e-02,7.741e-01
MGI:107537,CLN3,2074,lysosome,GO:0005764,cellular component,40,15.0,3.229e-01,4.093e-01,2.887e-01,4.279e-01,6.543e-02,1.857e-01,5.614e-01,2.546e-01,6.580e-01,1.513e-01,5.509e-01
MGI:107537,CLN3,2074,protein binding,GO:0005515,molecular function,40,373.0,3.251e-01,4.269e-01,2.935e-01,4.287e-01,5.272e-02,2.037e-01,5.188e-01,2.765e-01,6.591e-01,1.638e-01,5.258e-01
MGI:107537,CLN3,2074,lysosomal lumen pH elevation,GO:0035752,biological process,40,3.0,3.363e-01,4.270e-01,3.041e-01,4.183e-01,5.913e-02,1.990e-01,5.683e-01,2.765e-01,6.593e-01,1.588e-01,5.823e-01
MGI:107537,CLN3,2074,cytoplasm,GO:0005737,cellular component,40,99.0,3.389e-01,4.256e-01,3.099e-01,4.190e-01,4.350e-02,2.313e-01,4.965e-01,2.762e-01,6.558e-01,1.934e-01,4.967e-01
MGI:107537,CLN3,2074,nucleus,GO:0005634,cellular component,40,87.0,3.505e-01,4.256e-01,3.227e-01,4.099e-01,4.261e-02,2.415e-01,5.088e-01,2.762e-01,6.558e-01,2.041e-01,5.104e-01
MGI:107537,CLN3,2074,trans-Golgi network,GO:0005802,cellular component,40,4.0,3.524e-01,4.518e-01,3.274e-01,4.100e-01,2.613e-02,2.782e-01,4.464e-01,3.629e-01,5.625e-01,2.485e-01,4.315e-01
MGI:107537,CLN3,2074,synaptic vesicle,GO:0008021,cellular component,40,6.0,4.236e-01,4.844e-01,4.048e-01,3.577e-01,2.449e-02,3.431e-01,5.230e-01,4.100e-01,5.723e-01,3.217e-01,5.095e-01
MGI:107537,CLN3,2074,regulation of cytoskeleton organization,GO:0051493,biological process,40,8.0,4.589e-01,4.970e-01,4.269e-01,3.050e-01,1.060e-01,2.114e-01,9.960e-01,2.636e-01,9.370e-01,1.747e-01,1.043e+00
MGI:107537,CLN3,2074,negative regulation of apoptotic process,GO:0043066,biological process,40,31.0,4.673e-01,5.232e-01,4.459e-01,3.169e-01,6.797e-02,2.800e-01,7.799e-01,3.591e-01,7.622e-01,2.529e-01,7.862e-01
MGI:107537,CLN3,2074,Golgi stack,GO:0005795,cellular component,40,2.0,4.741e-01,5.278e-01,4.591e-01,3.246e-01,1.545e-02,4.186e-01,5.369e-01,4.539e-01,6.138e-01,4.035e-01,5.223e-01
MGI:107537,CLN3,2074,regulation of cellular response to osmotic stress,GO:0106049,biological process,40,6.0,5.451e-01,6.013e-01,5.252e-01,2.572e-01,8.248e-02,2.979e-01,9.974e-01,3.923e-01,9.218e-01,2.709e-01,1.018e+00
MGI:107537,CLN3,2074,regulation of fibroblast migration,GO:0010762,biological process,40,5.0,5.833e-01,6.159e-01,5.719e-01,2.504e-01,4.108e-02,4.428e-01,7.682e-01,4.785e-01,7.927e-01,4.245e-01,7.703e-01
MGI:107946,ZFP36L1,1107,P-body,GO:0000932,cellular component,33,2.0,1.025e-01,1.843e-01,2.547e-02,8.184e-01,1.272e-02,9.761e-02,1.076e-01,1.326e-01,2.561e-01,2.006e-02,3.233e-02
MGI:107946,ZFP36L1,1107,14-3-3 protein binding,GO:0071889,molecular function,33,2.0,1.030e-01,1.843e-01,2.359e-02,8.277e-01,2.166e-02,9.721e-02,1.090e-01,1.326e-01,2.561e-01,1.575e-02,3.532e-02
MGI:107946,ZFP36L1,1107,ERK1 and ERK2 cascade,GO:0070371,biological process,33,3.0,1.030e-01,1.843e-01,2.895e-02,8.014e-01,1.849e-02,9.840e-02,1.078e-01,1.326e-01,2.561e-01,2.054e-02,4.080e-02
MGI:107946,ZFP36L1,1107,mRNA 3'-UTR AU-rich region binding,GO:0035925,molecular function,33,2.0,1.065e-01,1.843e-01,3.197e-02,7.892e-01,2.637e-02,9.409e-02,1.206e-01,1.326e-01,2.561e-01,1.958e-02,5.220e-02
MGI:107946,ZFP36L1,1107,cellular response to insulin stimulus,GO:0032869,biological process,33,4.0,1.069e-01,1.882e-01,4.023e-02,7.591e-01,8.385e-03,1.006e-01,1.136e-01,1.331e-01,2.661e-01,3.427e-02,4.721e-02
MGI:107946,ZFP36L1,1107,mRNA binding,GO:0003729,molecular function,33,13.0,1.131e-01,1.882e-01,4.918e-02,7.334e-01,1.067e-02,1.017e-01,1.257e-01,1.331e-01,2.661e-01,4.032e-02,5.998e-02
MGI:107946,ZFP36L1,1107,MAPK cascade,GO:0000165,biological process,33,6.0,1.220e-01,1.928e-01,5.350e-02,7.210e-01,3.613e-02,1.006e-01,1.479e-01,1.330e-01,2.795e-01,2.778e-02,1.030e-01
MGI:107946,ZFP36L1,1107,regulation of keratinocyte apoptotic process,GO:1902172,biological process,33,4.0,1.239e-01,1.928e-01,5.039e-02,7.261e-01,5.221e-02,9.137e-02,1.681e-01,1.330e-01,2.795e-01,2.038e-02,1.246e-01
MGI:107946,ZFP36L1,1107,phosphatidylinositol 3-kinase/protein kinase B signal transduction,GO:0043491,biological process,33,3.0,1.262e-01,1.928e-01,4.736e-02,7.333e-01,6.118e-02,9.788e-02,1.628e-01,1.330e-01,2.795e-01,1.547e-02,1.450e-01
MGI:107946,ZFP36L1,1107,cellular response to glucocorticoid stimulus,GO:0071385,biological process,33,7.0,1.348e-01,2.172e-01,7.672e-02,6.719e-01,2.236e-02,1.084e-01,1.678e-01,1.346e-01,3.504e-01,5.310e-02,1.108e-01
MGI:107946,ZFP36L1,1107,RNA binding,GO:0003723,molecular function,33,46.0,1.391e-01,2.147e-01,7.835e-02,6.663e-01,3.899e-02,1.025e-01,1.887e-01,1.303e-01,3.539e-01,4.045e-02,1.518e-01
MGI:107946,ZFP36L1,1107,cellular response to peptide hormone stimulus,GO:0071375,biological process,33,18.0,1.508e-01,2.172e-01,9.675e-02,6.387e-01,1.642e-02,1.291e-01,1.760e-01,1.346e-01,3.504e-01,7.448e-02,1.257e-01
MGI:107946,ZFP36L1,1107,regulation of gene expression,GO:0010468,biological process,33,24.0,1.592e-01,2.488e-01,9.341e-02,6.345e-01,6.211e-02,1.003e-01,2.526e-01,1.893e-01,3.270e-01,3.324e-02,2.625e-01
MGI:107946,ZFP36L1,1107,cellular response to cAMP,GO:0071320,biological process,33,5.0,1.727e-01,2.172e-01,1.214e-01,6.012e-01,2.892e-02,1.348e-01,2.212e-01,1.346e-01,3.504e-01,7.820e-02,1.884e-01
MGI:107946,ZFP36L1,1107,ribonucleoprotein complex,GO:1990904,cellular component,33,27.0,1.780e-01,2.205e-01,1.265e-01,5.923e-01,3.973e-02,1.263e-01,2.509e-01,1.336e-01,3.640e-01,6.983e-02,2.291e-01
MGI:107946,ZFP36L1,1107,cellular response to epidermal growth factor stimulus,GO:0071364,biological process,33,3.0,1.853e-01,2.205e-01,1.344e-01,5.819e-01,4.239e-02,1.282e-01,2.678e-01,1.336e-01,3.640e-01,7.240e-02,2.493e-01
MGI:107946,ZFP36L1,1107,cellular response to transforming growth factor beta stimulus,GO:0071560,biological process,33,3.0,1.884e-01,2.205e-01,1.393e-01,5.767e-01,3.912e-02,1.336e-01,2.658e-01,1.336e-01,3.640e-01,7.947e-02,2.442e-01
MGI:107946,ZFP36L1,1107,negative regulation of erythrocyte differentiation,GO:0045647,biological process,33,3.0,1.935e-01,2.388e-01,1.335e-01,5.704e-01,8.220e-02,9.290e-02,4.031e-01,1.272e-01,4.481e-01,4.647e-02,3.834e-01
MGI:107946,ZFP36L1,1107,response to wounding,GO:0009611,biological process,33,9.0,2.025e-01,2.583e-01,1.302e-01,5.581e-01,1.144e-01,7.625e-02,5.380e-01,1.155e-01,5.779e-01,3.119e-02,5.436e-01
MGI:107946,ZFP36L1,1107,regulation of keratinocyte proliferation,GO:0010837,biological process,33,4.0,2.026e-01,2.587e-01,1.459e-01,5.610e-01,6.529e-02,1.130e-01,3.633e-01,1.362e-01,4.913e-01,5.971e-02,3.566e-01
MGI:107946,ZFP36L1,1107,3'-UTR-mediated mRNA destabilization,GO:0061158,biological process,33,2.0,2.337e-01,2.847e-01,1.964e-01,5.177e-01,2.265e-02,1.887e-01,2.895e-01,2.375e-01,3.411e-01,1.466e-01,2.631e-01
MGI:107946,ZFP36L1,1107,regulation of keratinocyte differentiation,GO:0045616,biological process,33,4.0,2.433e-01,2.971e-01,2.036e-01,5.073e-01,4.298e-02,1.630e-01,3.633e-01,2.274e-01,3.882e-01,1.188e-01,3.492e-01
MGI:107946,ZFP36L1,1107,positive regulation of monocyte differentiation,GO:0045657,biological process,33,4.0,2.514e-01,3.368e-01,2.012e-01,5.039e-01,6.206e-02,1.474e-01,4.288e-01,2.664e-01,4.259e-01,9.298e-02,4.352e-01
MGI:107946,ZFP36L1,1107,nucleus,GO:0005634,cellular component,33,87.0,2.799e-01,3.315e-01,2.459e-01,4.712e-01,3.691e-02,1.992e-01,3.932e-01,2.513e-01,4.372e-01,1.624e-01,3.724e-01
MGI:107946,ZFP36L1,1107,cellular response to hypoxia,GO:0071456,biological process,33,7.0,2.821e-01,3.002e-01,2.308e-01,4.668e-01,8.499e-02,1.346e-01,5.915e-01,1.404e-01,6.418e-01,8.428e-02,6.320e-01
MGI:107946,ZFP36L1,1107,regulation of mRNA stability,GO:0043488,biological process,33,10.0,3.075e-01,3.350e-01,2.778e-01,4.470e-01,2.702e-02,2.418e-01,3.910e-01,2.742e-01,4.094e-01,2.060e-01,3.745e-01
MGI:107946,ZFP36L1,1107,cellular response to tumor necrosis factor,GO:0071356,biological process,33,7.0,3.134e-01,3.570e-01,2.853e-01,4.417e-01,2.365e-02,2.530e-01,3.883e-01,3.151e-01,4.045e-01,2.190e-01,3.717e-01
MGI:107946,ZFP36L1,1107,mRNA transport,GO:0051028,biological process,33,3.0,3.360e-01,3.671e-01,3.093e-01,4.234e-01,2.611e-02,2.651e-01,4.259e-01,2.952e-01,4.565e-01,2.338e-01,4.093e-01
MGI:107946,ZFP36L1,1107,protein binding,GO:0005515,molecular function,33,373.0,3.466e-01,3.758e-01,3.227e-01,4.149e-01,1.706e-02,2.972e-01,4.042e-01,3.270e-01,4.318e-01,2.710e-01,3.841e-01
MGI:107946,ZFP36L1,1107,regulation of mRNA 3'-end processing,GO:0031440,biological process,33,5.0,3.466e-01,3.702e-01,3.156e-01,4.088e-01,6.225e-02,2.061e-01,5.829e-01,2.442e-01,5.613e-01,1.727e-01,5.769e-01
MGI:107946,ZFP36L1,1107,positive regulation of intracellular mRNA localization,GO:1904582,biological process,33,5.0,3.485e-01,3.713e-01,3.228e-01,4.122e-01,3.265e-02,2.613e-01,4.649e-01,2.895e-01,4.763e-01,2.323e-01,4.486e-01
MGI:107946,ZFP36L1,1107,cytoplasm,GO:0005737,cellular component,33,99.0,3.752e-01,3.865e-01,3.537e-01,3.929e-01,1.889e-02,3.184e-01,4.423e-01,3.243e-01,4.607e-01,2.952e-01,4.238e-01
MGI:1340046,ADAM22,201,metalloendopeptidase activity,GO:0004222,molecular function,4,6.0,1.162e-01,1.957e-01,5.169e-02,7.261e-01,2.188e-02,1.038e-01,1.302e-01,1.470e-01,2.604e-01,3.487e-02,7.661e-02
MGI:1340046,ADAM22,201,plasma membrane,GO:0005886,cellular component,4,93.0,2.040e-01,2.422e-01,1.615e-01,5.550e-01,7.568e-03,1.923e-01,2.165e-01,1.979e-01,2.965e-01,1.454e-01,1.794e-01
MGI:1340046,ADAM22,201,protein binding,GO:0005515,molecular function,4,373.0,2.347e-01,2.422e-01,1.957e-01,5.190e-01,1.804e-02,2.005e-01,2.746e-01,1.979e-01,2.965e-01,1.558e-01,2.459e-01
MGI:1340046,ADAM22,201,proteolysis,GO:0006508,biological process,4,12.0,2.995e-01,2.687e-01,2.687e-01,4.537e-01,2.990e-02,2.278e-01,3.937e-01,1.921e-01,3.759e-01,1.921e-01,3.759e-01
MGI:2663253,MOGAT2,23248,diacylglycerol O-acyltransferase activity,GO:0004144,molecular function,11,3.0,1.025e-01,1.652e-02,5.842e-03,9.248e-01,2.094e-02,9.761e-02,1.076e-01,7.682e-03,3.551e-02,1.949e-03,1.751e-02
MGI:2663253,MOGAT2,23248,2-acylglycerol O-acyltransferase activity,GO:0003846,molecular function,11,2.0,1.025e-01,1.652e-02,8.092e-03,9.091e-01,2.447e-02,9.761e-02,1.076e-01,7.682e-03,3.551e-02,2.965e-03,2.209e-02
MGI:2663253,MOGAT2,23248,triglyceride biosynthetic process,GO:0019432,biological process,11,4.0,1.025e-01,1.652e-02,8.550e-03,9.030e-01,3.021e-02,9.761e-02,1.076e-01,7.682e-03,3.551e-02,3.081e-03,2.373e-02
MGI:2663253,MOGAT2,23248,diacylglycerol biosynthetic process,GO:0006651,biological process,11,4.0,1.025e-01,1.652e-02,8.341e-03,9.029e-01,3.223e-02,9.761e-02,1.076e-01,7.682e-03,3.551e-02,2.883e-03,2.414e-02
MGI:2663253,MOGAT2,23248,perinuclear endoplasmic reticulum membrane,GO:1990578,cellular component,11,2.0,1.025e-01,1.771e-02,1.159e-02,8.956e-01,1.525e-02,9.761e-02,1.076e-01,8.159e-03,3.846e-02,6.512e-03,2.064e-02
MGI:2663253,MOGAT2,23248,endoplasmic reticulum membrane,GO:0005789,cellular component,11,17.0,1.025e-01,1.791e-02,1.001e-02,9.047e-01,1.806e-02,9.761e-02,1.076e-01,8.218e-03,3.903e-02,5.442e-03,1.842e-02
MGI:2663253,MOGAT2,23248,monoacylglycerol biosynthetic process,GO:0006640,biological process,11,3.0,1.026e-01,1.848e-02,1.488e-02,8.678e-01,3.427e-02,9.776e-02,1.076e-01,7.969e-03,4.283e-02,6.421e-03,3.449e-02
MGI:2663253,MOGAT2,23248,endoplasmic reticulum,GO:0005783,cellular component,11,24.0,1.068e-01,3.162e-02,3.162e-02,7.896e-01,3.315e-02,9.744e-02,1.170e-01,1.680e-02,5.952e-02,1.680e-02,5.952e-02
MGI:88456,COL4A5,2207,basement membrane,GO:0005604,cellular component,17,2.0,1.025e-01,2.529e-03,6.372e-04,9.770e-01,4.399e-03,9.761e-02,1.076e-01,9.104e-04,7.024e-03,1.960e-04,2.072e-03
MGI:88456,COL4A5,2207,extracellular matrix structural constituent conferring tensile strength,GO:0030020,molecular function,17,8.0,1.025e-01,3.786e-03,1.389e-03,9.684e-01,4.386e-03,9.761e-02,1.076e-01,2.144e-03,6.689e-03,7.185e-04,2.684e-03
MGI:88456,COL4A5,2207,extracellular matrix organization,GO:0030198,biological process,17,18.0,1.025e-01,1.669e-02,1.213e-02,8.905e-01,1.885e-02,9.761e-02,1.076e-01,1.049e-02,2.656e-02,6.378e-03,2.309e-02
MGI:88456,COL4A5,2207,collagen-containing extracellular matrix,GO:0062023,cellular component,17,32.0,1.025e-01,1.689e-02,1.168e-02,8.987e-01,1.160e-02,9.761e-02,1.076e-01,1.161e-02,2.458e-02,8.237e-03,1.657e-02
MGI:88456,COL4A5,2207,extracellular space,GO:0005615,cellular component,17,55.0,1.038e-01,3.278e-02,3.278e-02,7.855e-01,1.242e-02,9.879e-02,1.091e-01,2.610e-02,4.116e-02,2.610e-02,4.116e-02
MGI:2442446,NT5DC1,21556,5'-nucleotidase activity,GO:0008253,molecular function,1,6.0,3.240e-01,2.637e-01,2.637e-01,4.135e-01,1.245e-01,1.217e-01,8.629e-01,7.347e-02,9.465e-01,7.347e-02,9.465e-01
MGI:1889506,CRLF2,14281,cytokine-mediated signaling pathway,GO:0019221,biological process,9,44.0,1.076e-01,9.998e-02,2.072e-02,8.191e-01,5.314e-02,9.317e-02,1.243e-01,4.980e-02,2.007e-01,5.293e-03,8.110e-02
MGI:1889506,CRLF2,14281,cytokine binding,GO:0019955,molecular function,9,39.0,1.168e-01,1.219e-01,4.819e-02,7.353e-01,3.378e-02,9.438e-02,1.447e-01,8.221e-02,1.808e-01,2.607e-02,8.905e-02
MGI:1889506,CRLF2,14281,receptor complex,GO:0043235,cellular component,9,28.0,1.270e-01,1.393e-01,5.742e-02,7.080e-01,5.004e-02,9.109e-02,1.770e-01,1.327e-01,1.462e-01,2.458e-02,1.341e-01
MGI:1889506,CRLF2,14281,positive regulation of cell population proliferation,GO:0008284,biological process,9,36.0,1.391e-01,1.286e-01,5.921e-02,7.006e-01,7.099e-02,9.322e-02,2.077e-01,8.100e-02,2.043e-01,1.746e-02,2.008e-01
MGI:1889506,CRLF2,14281,positive regulation of mast cell activation,GO:0033005,biological process,9,5.0,1.427e-01,1.447e-01,8.101e-02,6.590e-01,5.029e-02,9.339e-02,2.181e-01,9.775e-02,2.141e-01,3.650e-02,1.798e-01
MGI:1889506,CRLF2,14281,cytokine receptor activity,GO:0004896,molecular function,9,43.0,1.574e-01,1.418e-01,1.029e-01,6.271e-01,3.036e-02,1.198e-01,2.069e-01,1.007e-01,1.998e-01,6.415e-02,1.651e-01
MGI:1889506,CRLF2,14281,positive regulation of receptor signaling pathway via STAT,GO:1904894,biological process,9,4.0,1.593e-01,1.533e-01,1.057e-01,6.222e-01,3.546e-02,1.158e-01,2.192e-01,1.015e-01,2.315e-01,6.078e-02,1.839e-01
MGI:1889506,CRLF2,14281,positive regulation of interleukin-5 production,GO:0032754,biological process,9,3.0,1.879e-01,1.700e-01,1.277e-01,5.827e-01,7.030e-02,1.018e-01,3.469e-01,8.618e-02,3.352e-01,5.032e-02,3.243e-01
MGI:1889506,CRLF2,14281,external side of plasma membrane,GO:0009897,cellular component,9,15.0,2.022e-01,1.718e-01,1.602e-01,5.552e-01,2.121e-02,1.652e-01,2.476e-01,1.314e-01,2.246e-01,1.207e-01,2.126e-01
MGI:2685420,ATG9B,21899,protein localization to phagophore assembly site,GO:0034497,biological process,8,3.0,1.025e-01,3.954e-02,1.039e-02,9.017e-01,1.946e-02,9.761e-02,1.076e-01,3.445e-02,4.539e-02,5.508e-03,1.958e-02
MGI:2685420,ATG9B,21899,autophagosome,GO:0005776,cellular component,8,6.0,1.025e-01,4.456e-02,1.623e-02,8.660e-01,2.179e-02,9.761e-02,1.076e-01,3.115e-02,6.375e-02,9.275e-03,2.839e-02
MGI:2685420,ATG9B,21899,piecemeal microautophagy of the nucleus,GO:0034727,biological process,8,3.0,1.039e-01,4.456e-02,3.000e-02,7.973e-01,1.609e-02,9.982e-02,1.081e-01,3.115e-02,6.375e-02,2.231e-02,4.034e-02
MGI:2685420,ATG9B,21899,reticulophagy,GO:0061709,biological process,8,3.0,1.049e-01,4.456e-02,2.529e-02,8.177e-01,3.225e-02,1.005e-01,1.095e-01,3.115e-02,6.375e-02,1.359e-02,4.708e-02
MGI:2685420,ATG9B,21899,autophagy of mitochondrion,GO:0000422,biological process,8,8.0,1.078e-01,4.456e-02,3.836e-02,7.655e-01,2.247e-02,9.971e-02,1.165e-01,3.115e-02,6.375e-02,2.524e-02,5.830e-02
MGI:2685420,ATG9B,21899,autophagosome assembly,GO:0000045,biological process,8,6.0,1.158e-01,5.424e-02,5.101e-02,7.279e-01,2.282e-02,1.079e-01,1.243e-01,4.007e-02,7.342e-02,3.341e-02,7.787e-02
MGI:2685420,ATG9B,21899,phagophore assembly site,GO:0000407,cellular component,8,3.0,1.210e-01,6.433e-02,5.030e-02,7.262e-01,4.935e-02,8.471e-02,1.729e-01,3.201e-02,1.293e-01,2.137e-02,1.184e-01
MGI:1349645,ISLR,6133,extracellular exosome,GO:0070062,cellular component,1,88.0,1.348e-01,7.694e-02,7.694e-02,6.729e-01,8.238e-03,1.233e-01,1.473e-01,6.661e-02,8.887e-02,6.661e-02,8.887e-02
MGI:2153093,CSPG4,2466,positive regulation of peptidyl-tyrosine phosphorylation,GO:0050731,biological process,12,8.0,1.025e-01,5.044e-02,1.598e-02,8.691e-01,2.397e-02,9.761e-02,1.076e-01,4.043e-02,6.293e-02,9.462e-03,2.697e-02
MGI:2153093,CSPG4,2466,collagen-containing extracellular matrix,GO:0062023,cellular component,12,32.0,1.025e-01,5.044e-02,1.681e-02,8.678e-01,1.228e-02,9.761e-02,1.076e-01,4.043e-02,6.293e-02,1.301e-02,2.172e-02
MGI:2153093,CSPG4,2466,protein kinase binding,GO:0019901,molecular function,12,21.0,1.025e-01,5.044e-02,2.559e-02,8.180e-01,9.126e-03,9.762e-02,1.076e-01,4.043e-02,6.293e-02,2.155e-02,3.037e-02
MGI:2153093,CSPG4,2466,focal adhesion,GO:0005925,cellular component,12,18.0,1.029e-01,5.044e-02,2.615e-02,8.142e-01,2.178e-02,9.729e-02,1.088e-01,4.043e-02,6.293e-02,1.733e-02,3.947e-02
MGI:2153093,CSPG4,2466,intracellular signal transduction,GO:0035556,biological process,12,32.0,1.039e-01,5.070e-02,3.578e-02,7.738e-01,3.720e-03,9.864e-02,1.095e-01,4.100e-02,6.269e-02,3.341e-02,3.832e-02
MGI:2153093,CSPG4,2466,extracellular exosome,GO:0070062,cellular component,12,88.0,1.060e-01,5.044e-02,3.636e-02,7.726e-01,1.524e-02,9.797e-02,1.148e-01,4.043e-02,6.293e-02,2.744e-02,4.817e-02
MGI:2153093,CSPG4,2466,cell surface,GO:0009986,cellular component,12,22.0,1.070e-01,5.044e-02,3.715e-02,7.697e-01,1.856e-02,9.593e-02,1.194e-01,4.043e-02,6.293e-02,2.630e-02,5.246e-02
MGI:2153093,CSPG4,2466,plasma membrane,GO:0005886,cellular component,12,93.0,1.118e-01,5.190e-02,4.589e-02,7.425e-01,1.881e-02,9.954e-02,1.257e-01,4.120e-02,6.538e-02,3.227e-02,6.526e-02
MGI:2153093,CSPG4,2466,nucleoplasm,GO:0005654,cellular component,12,49.0,1.207e-01,6.113e-02,5.878e-02,7.097e-01,1.811e-02,1.012e-01,1.439e-01,4.598e-02,8.127e-02,4.271e-02,8.089e-02
MGI:1347054,GNPDA1,4417,N-acetylglucosamine catabolic process,GO:0006046,biological process,12,3.0,1.026e-01,7.547e-02,1.649e-02,8.497e-01,3.621e-02,9.776e-02,1.076e-01,4.024e-02,1.416e-01,5.761e-03,4.718e-02
MGI:1347054,GNPDA1,4417,glucosamine catabolic process,GO:0006043,biological process,12,3.0,1.026e-01,7.547e-02,2.049e-02,8.358e-01,3.302e-02,9.776e-02,1.076e-01,4.024e-02,1.416e-01,9.457e-03,4.438e-02
MGI:1347054,GNPDA1,4417,generation of precursor metabolites and energy,GO:0006091,biological process,12,14.0,1.139e-01,9.935e-02,4.476e-02,7.442e-01,3.517e-02,8.841e-02,1.468e-01,5.244e-02,1.882e-01,2.373e-02,8.442e-02
MGI:1347054,GNPDA1,4417,UDP-N-acetylglucosamine biosynthetic process,GO:0006048,biological process,12,5.0,1.193e-01,9.935e-02,4.939e-02,7.298e-01,4.340e-02,8.717e-02,1.632e-01,5.244e-02,1.882e-01,2.303e-02,1.059e-01
MGI:1347054,GNPDA1,4417,identical protein binding,GO:0042802,molecular function,12,28.0,1.287e-01,1.198e-01,6.316e-02,6.978e-01,3.713e-02,9.936e-02,1.666e-01,6.504e-02,2.207e-01,3.249e-02,1.228e-01
MGI:1347054,GNPDA1,4417,extracellular exosome,GO:0070062,cellular component,12,88.0,1.408e-01,1.300e-01,8.213e-02,6.613e-01,3.001e-02,1.090e-01,1.820e-01,8.044e-02,2.102e-01,4.944e-02,1.364e-01
MGI:1347054,GNPDA1,4417,N-acetylneuraminate catabolic process,GO:0019262,biological process,12,6.0,1.527e-01,1.167e-01,8.945e-02,6.414e-01,6.069e-02,9.324e-02,2.501e-01,6.474e-02,2.105e-01,3.455e-02,2.316e-01
MGI:1347054,GNPDA1,4417,cytoplasm,GO:0005737,cellular component,12,99.0,1.640e-01,1.477e-01,1.132e-01,6.130e-01,2.448e-02,1.303e-01,2.065e-01,9.580e-02,2.278e-01,7.756e-02,1.653e-01
MGI:1347054,GNPDA1,4417,protein binding,GO:0005515,molecular function,12,373.0,1.679e-01,1.453e-01,1.156e-01,6.074e-01,3.731e-02,1.200e-01,2.348e-01,9.110e-02,2.318e-01,6.468e-02,2.067e-01
MGI:1347054,GNPDA1,4417,glucosamine-6-phosphate deaminase activity,GO:0004342,molecular function,12,2.0,2.192e-01,1.840e-01,1.803e-01,5.347e-01,1.381e-02,1.917e-01,2.506e-01,1.496e-01,2.264e-01,1.500e-01,2.168e-01
MGI:2444070,NLRC3,29889,intracellular signal transduction,GO:0035556,biological process,16,32.0,1.168e-01,4.047e-01,5.059e-02,7.293e-01,2.606e-02,1.046e-01,1.303e-01,2.738e-01,5.983e-01,3.136e-02,8.162e-02
MGI:2444070,NLRC3,29889,canonical NF-kappaB signal transduction,GO:0007249,biological process,16,2.0,1.392e-01,4.047e-01,7.540e-02,6.714e-01,4.190e-02,1.028e-01,1.887e-01,2.738e-01,5.983e-01,3.686e-02,1.542e-01
MGI:2444070,NLRC3,29889,T cell activation,GO:0042110,biological process,16,8.0,1.753e-01,4.047e-01,1.224e-01,5.964e-01,4.820e-02,1.133e-01,2.711e-01,2.738e-01,5.983e-01,6.276e-02,2.385e-01
MGI:2444070,NLRC3,29889,intracellular membrane-bounded organelle,GO:0043231,cellular component,16,58.0,1.760e-01,4.047e-01,1.264e-01,5.952e-01,2.649e-02,1.398e-01,2.217e-01,2.738e-01,5.983e-01,8.514e-02,1.876e-01
MGI:2444070,NLRC3,29889,negative regulation of tumor necrosis factor production,GO:0032720,biological process,16,4.0,2.465e-01,4.190e-01,2.017e-01,5.039e-01,6.172e-02,1.414e-01,4.296e-01,2.802e-01,6.267e-01,9.736e-02,4.178e-01
MGI:2444070,NLRC3,29889,negative regulation of canonical NF-kappaB signal transduction,GO:0043124,biological process,16,3.0,2.756e-01,4.144e-01,2.304e-01,4.715e-01,7.682e-02,1.416e-01,5.364e-01,2.697e-01,6.366e-01,9.993e-02,5.314e-01
MGI:2444070,NLRC3,29889,negative regulation of non-canonical NF-kappaB signal transduction,GO:1901223,biological process,16,3.0,2.783e-01,4.144e-01,2.333e-01,4.685e-01,7.760e-02,1.423e-01,5.440e-01,2.697e-01,6.366e-01,1.008e-01,5.403e-01
MGI:2444070,NLRC3,29889,negative regulation of inflammatory response,GO:0050728,biological process,16,13.0,3.102e-01,4.652e-01,2.694e-01,4.365e-01,8.086e-02,1.585e-01,6.070e-01,3.430e-01,6.310e-01,1.204e-01,6.030e-01
MGI:2444070,NLRC3,29889,cytosol,GO:0005829,cellular component,16,76.0,3.510e-01,4.777e-01,3.269e-01,4.113e-01,2.142e-02,2.897e-01,4.252e-01,3.837e-01,5.947e-01,2.639e-01,4.049e-01
MGI:2444070,NLRC3,29889,centriolar satellite,GO:0034451,cellular component,16,7.0,3.615e-01,4.777e-01,3.390e-01,4.038e-01,1.103e-02,3.273e-01,3.992e-01,3.837e-01,5.947e-01,3.039e-01,3.782e-01
MGI:2444070,NLRC3,29889,protein binding,GO:0005515,molecular function,16,373.0,3.699e-01,4.777e-01,3.482e-01,3.973e-01,1.338e-02,3.278e-01,4.175e-01,3.837e-01,5.947e-01,3.052e-01,3.972e-01
MGI:2444070,NLRC3,29889,perinuclear region of cytoplasm,GO:0048471,cellular component,16,12.0,3.792e-01,4.789e-01,3.575e-01,3.905e-01,1.563e-02,3.335e-01,4.312e-01,3.854e-01,5.951e-01,3.070e-01,4.163e-01
MGI:2444070,NLRC3,29889,cytoplasm,GO:0005737,cellular component,16,99.0,3.855e-01,4.789e-01,3.653e-01,3.855e-01,1.323e-02,3.436e-01,4.326e-01,3.854e-01,5.951e-01,3.217e-01,4.148e-01
MGI:2444070,NLRC3,29889,negative regulation of interleukin-6 production,GO:0032715,biological process,16,3.0,3.963e-01,4.803e-01,3.753e-01,3.759e-01,3.215e-02,3.016e-01,5.208e-01,3.843e-01,6.004e-01,2.751e-01,5.118e-01
MGI:2444070,NLRC3,29889,negative regulation of NF-kappaB transcription factor activity,GO:0032088,biological process,16,4.0,4.063e-01,4.668e-01,3.705e-01,3.583e-01,8.428e-02,1.996e-01,8.270e-01,3.104e-01,7.020e-01,1.581e-01,8.684e-01
MGI:2444070,NLRC3,29889,negative regulation of NLRP3 inflammasome complex assembly,GO:1900226,biological process,16,3.0,4.654e-01,5.202e-01,4.496e-01,3.308e-01,1.161e-02,4.256e-01,5.089e-01,4.483e-01,6.038e-01,4.069e-01,4.968e-01
MGI:1914103,PNPLA2,30802,mono-olein transacylation activity,GO:0051264,molecular function,18,2.0,1.305e-01,4.095e-01,7.192e-02,6.824e-01,1.178e-02,1.159e-01,1.470e-01,3.467e-01,4.835e-01,5.863e-02,8.821e-02
MGI:1914103,PNPLA2,30802,diolein transacylation activity,GO:0051265,molecular function,18,2.0,1.309e-01,4.095e-01,7.242e-02,6.814e-01,1.134e-02,1.158e-01,1.481e-01,3.467e-01,4.835e-01,5.948e-02,8.818e-02
MGI:1914103,PNPLA2,30802,acylglycerol O-acyltransferase activity,GO:0016411,molecular function,18,7.0,1.517e-01,4.095e-01,9.767e-02,6.376e-01,1.115e-02,1.419e-01,1.622e-01,3.467e-01,4.835e-01,8.196e-02,1.164e-01
MGI:1914103,PNPLA2,30802,triglyceride catabolic process,GO:0019433,biological process,18,3.0,2.215e-01,4.251e-01,1.810e-01,5.336e-01,1.801e-02,1.858e-01,2.642e-01,3.355e-01,5.387e-01,1.429e-01,2.293e-01
MGI:1914103,PNPLA2,30802,phospholipase A2 activity,GO:0004623,molecular function,18,5.0,2.599e-01,4.416e-01,2.128e-01,4.846e-01,8.303e-02,1.258e-01,5.369e-01,3.240e-01,6.020e-01,8.671e-02,5.222e-01
MGI:1914103,PNPLA2,30802,membrane,GO:0016020,cellular component,18,60.0,2.697e-01,4.251e-01,2.353e-01,4.803e-01,3.616e-02,1.928e-01,3.774e-01,3.355e-01,5.387e-01,1.530e-01,3.619e-01
MGI:1914103,PNPLA2,30802,triglyceride lipase activity,GO:0004806,molecular function,18,4.0,2.699e-01,4.251e-01,2.312e-01,4.779e-01,5.848e-02,1.596e-01,4.564e-01,3.355e-01,5.387e-01,1.215e-01,4.398e-01
MGI:1914103,PNPLA2,30802,plasma membrane,GO:0005886,cellular component,18,93.0,2.725e-01,4.251e-01,2.397e-01,4.788e-01,2.292e-02,2.208e-01,3.363e-01,3.355e-01,5.387e-01,1.826e-01,3.146e-01
MGI:1914103,PNPLA2,30802,lipid homeostasis,GO:0055088,biological process,18,11.0,3.377e-01,4.558e-01,3.103e-01,4.213e-01,3.250e-02,2.508e-01,4.547e-01,3.592e-01,5.783e-01,2.175e-01,4.427e-01
MGI:1914103,PNPLA2,30802,protein binding,GO:0005515,molecular function,18,373.0,3.552e-01,4.573e-01,3.279e-01,4.065e-01,4.125e-02,2.477e-01,5.093e-01,3.850e-01,5.432e-01,2.108e-01,5.101e-01
MGI:1914103,PNPLA2,30802,cytoplasm,GO:0005737,cellular component,18,99.0,3.631e-01,4.573e-01,3.383e-01,4.024e-01,2.614e-02,2.916e-01,4.522e-01,3.850e-01,5.432e-01,2.580e-01,4.437e-01
MGI:1914103,PNPLA2,30802,nucleoplasm,GO:0005654,cellular component,18,49.0,3.682e-01,4.573e-01,3.430e-01,3.981e-01,3.133e-02,2.817e-01,4.811e-01,3.850e-01,5.432e-01,2.478e-01,4.748e-01
MGI:1914103,PNPLA2,30802,positive regulation of triglyceride catabolic process,GO:0010898,biological process,18,5.0,3.788e-01,4.902e-01,3.542e-01,3.863e-01,4.737e-02,2.547e-01,5.633e-01,3.589e-01,6.694e-01,2.259e-01,5.552e-01
MGI:1914103,PNPLA2,30802,lipid droplet,GO:0005811,cellular component,18,5.0,4.015e-01,5.033e-01,3.734e-01,3.655e-01,6.687e-02,2.317e-01,6.956e-01,3.550e-01,7.136e-01,1.978e-01,7.051e-01
MGI:1914103,PNPLA2,30802,lipid droplet disassembly,GO:1905691,biological process,18,4.0,4.188e-01,5.248e-01,3.885e-01,3.503e-01,7.660e-02,2.199e-01,7.974e-01,3.614e-01,7.620e-01,1.827e-01,8.261e-01
MGI:1914103,PNPLA2,30802,retinyl-palmitate esterase activity,GO:0050253,molecular function,18,4.0,4.738e-01,5.267e-01,4.572e-01,3.183e-01,4.808e-02,3.360e-01,6.680e-01,4.158e-01,6.672e-01,3.156e-01,6.623e-01
MGI:1914103,PNPLA2,30802,negative regulation of sequestering of triglyceride,GO:0010891,biological process,18,3.0,6.452e-01,6.856e-01,6.350e-01,1.933e-01,7.481e-02,4.297e-01,9.690e-01,5.080e-01,9.254e-01,4.134e-01,9.754e-01
MGI:1933966,MCAM,6934,glomerular filtration,GO:0003094,biological process,9,2.0,1.099e-01,1.055e-01,3.399e-02,7.792e-01,4.219e-02,1.006e-01,1.200e-01,1.012e-01,1.100e-01,1.508e-02,7.660e-02
MGI:1933966,MCAM,6934,focal adhesion,GO:0005925,cellular component,9,18.0,1.144e-01,1.032e-01,4.946e-02,7.322e-01,1.715e-02,9.925e-02,1.319e-01,9.598e-02,1.110e-01,3.595e-02,6.806e-02
MGI:1933966,MCAM,6934,extracellular region,GO:0005576,cellular component,9,22.0,1.154e-01,1.032e-01,4.963e-02,7.314e-01,2.413e-02,9.458e-02,1.408e-01,9.598e-02,1.110e-01,3.200e-02,7.695e-02
MGI:1933966,MCAM,6934,plasma membrane,GO:0005886,cellular component,9,93.0,1.216e-01,1.041e-01,5.811e-02,7.108e-01,1.967e-02,1.049e-01,1.411e-01,9.661e-02,1.121e-01,4.071e-02,8.295e-02
MGI:1933966,MCAM,6934,external side of plasma membrane,GO:0009897,cellular component,9,15.0,1.573e-01,1.264e-01,1.039e-01,6.280e-01,1.208e-02,1.479e-01,1.672e-01,9.998e-02,1.598e-01,8.607e-02,1.255e-01
MGI:1933966,MCAM,6934,vascular wound healing,GO:0061042,biological process,9,2.0,1.606e-01,1.283e-01,1.033e-01,6.252e-01,3.862e-02,1.156e-01,2.231e-01,8.906e-02,1.847e-01,5.658e-02,1.886e-01
MGI:1933966,MCAM,6934,angiogenesis,GO:0001525,biological process,9,8.0,1.752e-01,1.293e-01,1.223e-01,6.002e-01,2.940e-02,1.359e-01,2.260e-01,9.058e-02,1.845e-01,8.020e-02,1.866e-01
MGI:2685466,FYB2,27295,cell adhesion mediated by integrin,GO:0033627,biological process,8,6.0,1.041e-01,7.428e-02,1.828e-02,8.504e-01,3.851e-02,9.618e-02,1.127e-01,3.312e-02,1.666e-01,8.086e-03,4.134e-02
MGI:2685466,FYB2,27295,integrin-mediated signaling pathway,GO:0007229,biological process,8,6.0,1.121e-01,7.428e-02,3.115e-02,7.897e-01,4.916e-02,8.958e-02,1.404e-01,3.312e-02,1.666e-01,1.236e-02,7.852e-02
MGI:2685466,FYB2,27295,T cell receptor signaling pathway,GO:0050852,biological process,8,2.0,1.135e-01,7.428e-02,3.276e-02,7.843e-01,5.052e-02,8.852e-02,1.456e-01,3.312e-02,1.666e-01,1.301e-02,8.246e-02
MGI:2685466,FYB2,27295,immunological synapse,GO:0001772,cellular component,8,3.0,1.218e-01,7.490e-02,4.179e-02,7.491e-01,6.419e-02,8.276e-02,1.791e-01,3.363e-02,1.668e-01,1.369e-02,1.276e-01
MGI:2685466,FYB2,27295,membrane raft,GO:0045121,cellular component,8,11.0,1.232e-01,8.454e-02,5.547e-02,7.147e-01,4.249e-02,9.138e-02,1.661e-01,4.055e-02,1.762e-01,2.630e-02,1.170e-01
MGI:2685466,FYB2,27295,plasma membrane,GO:0005886,cellular component,8,93.0,1.344e-01,1.072e-01,7.682e-02,6.726e-01,1.393e-02,1.161e-01,1.556e-01,6.864e-02,1.675e-01,6.081e-02,9.705e-02
MGI:2685466,FYB2,27295,protein localization to plasma membrane,GO:0072659,biological process,8,8.0,1.495e-01,1.062e-01,9.225e-02,6.422e-01,4.137e-02,1.039e-01,2.152e-01,6.557e-02,1.718e-01,4.881e-02,1.743e-01
MGI:2685466,FYB2,27295,protein binding,GO:0005515,molecular function,8,373.0,1.696e-01,1.268e-01,1.213e-01,6.033e-01,1.365e-02,1.478e-01,1.946e-01,9.551e-02,1.683e-01,9.960e-02,1.476e-01
MGI:105307,PTPN3,9655,phosphotyrosine residue binding,GO:0001784,molecular function,17,5.0,1.025e-01,5.458e-02,6.845e-03,9.304e-01,2.276e-03,9.761e-02,1.076e-01,4.946e-02,6.023e-02,5.882e-03,7.965e-03
MGI:105307,PTPN3,9655,protein tyrosine phosphatase activity,GO:0004725,molecular function,17,9.0,1.025e-01,5.458e-02,1.660e-02,8.654e-01,1.794e-02,9.761e-02,1.076e-01,4.946e-02,6.023e-02,1.055e-02,2.611e-02
MGI:105307,PTPN3,9655,ATPase binding,GO:0051117,molecular function,17,4.0,1.025e-01,5.458e-02,1.857e-02,8.570e-01,1.403e-02,9.761e-02,1.076e-01,4.946e-02,6.023e-02,1.390e-02,2.480e-02
MGI:105307,PTPN3,9655,regulation of membrane depolarization during action potential,GO:0098902,biological process,17,3.0,1.054e-01,5.647e-02,3.396e-02,7.815e-01,1.775e-02,1.005e-01,1.106e-01,4.877e-02,6.539e-02,2.436e-02,4.734e-02
MGI:105307,PTPN3,9655,negative regulation of mitotic cell cycle,GO:0045930,biological process,17,10.0,1.065e-01,5.647e-02,3.291e-02,7.851e-01,2.875e-02,1.005e-01,1.128e-01,4.877e-02,6.539e-02,1.922e-02,5.635e-02
MGI:105307,PTPN3,9655,sodium channel regulator activity,GO:0017080,molecular function,17,4.0,1.076e-01,5.647e-02,3.457e-02,7.791e-01,2.803e-02,9.958e-02,1.163e-01,4.877e-02,6.539e-02,2.058e-02,5.809e-02
MGI:105307,PTPN3,9655,negative regulation of membrane protein ectodomain proteolysis,GO:0051045,biological process,17,5.0,1.104e-01,6.272e-02,3.859e-02,7.647e-01,3.099e-02,9.669e-02,1.260e-01,4.833e-02,8.139e-02,2.163e-02,6.884e-02
MGI:105307,PTPN3,9655,regulation of sodium ion transmembrane transporter activity,GO:2000649,biological process,17,10.0,1.128e-01,6.562e-02,4.609e-02,7.419e-01,2.197e-02,1.074e-01,1.184e-01,5.510e-02,7.816e-02,3.055e-02,6.953e-02
MGI:105307,PTPN3,9655,protein dephosphorylation,GO:0006470,biological process,17,10.0,1.147e-01,7.069e-02,4.076e-02,7.571e-01,4.130e-02,9.550e-02,1.377e-01,5.744e-02,8.700e-02,1.899e-02,8.751e-02
MGI:105307,PTPN3,9655,cytoplasmic side of plasma membrane,GO:0009898,cellular component,17,5.0,1.209e-01,7.413e-02,5.594e-02,7.149e-01,2.951e-02,1.001e-01,1.459e-01,4.937e-02,1.113e-01,3.325e-02,9.410e-02
MGI:105307,PTPN3,9655,protein binding,GO:0005515,molecular function,17,373.0,1.380e-01,8.496e-02,8.048e-02,6.657e-01,1.960e-02,1.154e-01,1.650e-01,6.088e-02,1.186e-01,5.797e-02,1.117e-01
MGI:105307,PTPN3,9655,cytoplasm,GO:0005737,cellular component,17,99.0,1.442e-01,8.860e-02,8.607e-02,6.547e-01,2.709e-02,1.149e-01,1.809e-01,5.844e-02,1.343e-01,5.602e-02,1.322e-01
MGI:2387863,ZMYND10,19412,inner dynein arm assembly,GO:0036159,biological process,6,2.0,1.476e-01,1.511e-01,9.290e-02,6.450e-01,1.372e-02,1.292e-01,1.687e-01,1.344e-01,1.698e-01,7.450e-02,1.158e-01
MGI:2387863,ZMYND10,19412,outer dynein arm assembly,GO:0036158,biological process,6,2.0,1.490e-01,1.511e-01,9.462e-02,6.424e-01,1.177e-02,1.331e-01,1.669e-01,1.344e-01,1.698e-01,7.824e-02,1.144e-01
MGI:2387863,ZMYND10,19412,motile cilium assembly,GO:0044458,biological process,6,4.0,1.520e-01,1.511e-01,9.846e-02,6.366e-01,6.625e-03,1.387e-01,1.666e-01,1.344e-01,1.698e-01,8.872e-02,1.093e-01
MGI:2387863,ZMYND10,19412,protein binding,GO:0005515,molecular function,6,373.0,1.741e-01,1.511e-01,1.256e-01,5.967e-01,2.237e-02,1.405e-01,2.159e-01,1.344e-01,1.698e-01,9.061e-02,1.741e-01
MGI:2387863,ZMYND10,19412,cytoplasm,GO:0005737,cellular component,6,99.0,1.781e-01,1.511e-01,1.313e-01,5.901e-01,1.691e-02,1.509e-01,2.102e-01,1.344e-01,1.698e-01,1.034e-01,1.668e-01
MGI:2387863,ZMYND10,19412,centriolar satellite,GO:0034451,cellular component,6,7.0,2.043e-01,1.674e-01,1.615e-01,5.548e-01,1.028e-02,1.861e-01,2.244e-01,1.478e-01,1.896e-01,1.405e-01,1.856e-01
MGI:96055,PTPN6,9658,non-membrane spanning protein tyrosine phosphatase activity,GO:0004726,molecular function,31,2.0,1.025e-01,5.308e-02,1.037e-02,9.075e-01,9.289e-03,9.761e-02,1.076e-01,3.854e-02,7.311e-02,7.107e-03,1.513e-02
MGI:96055,PTPN6,9658,transmembrane receptor protein tyrosine phosphatase activity,GO:0005001,molecular function,31,3.0,1.025e-01,5.308e-02,1.475e-02,8.755e-01,1.868e-02,9.761e-02,1.076e-01,3.854e-02,7.311e-02,8.579e-03,2.536e-02
MGI:96055,PTPN6,9658,phosphotyrosine residue binding,GO:0001784,molecular function,31,5.0,1.025e-01,5.308e-02,1.618e-02,8.723e-01,9.492e-03,9.761e-02,1.076e-01,3.854e-02,7.311e-02,1.282e-02,2.041e-02
MGI:96055,PTPN6,9658,regulation of G1/S transition of mitotic cell cycle,GO:2000045,biological process,31,5.0,1.025e-01,5.308e-02,1.581e-02,8.720e-01,1.857e-02,9.761e-02,1.076e-01,3.854e-02,7.311e-02,1.047e-02,2.386e-02
MGI:96055,PTPN6,9658,protein kinase binding,GO:0019901,molecular function,31,21.0,1.025e-01,5.308e-02,1.698e-02,8.664e-01,1.186e-02,9.761e-02,1.076e-01,3.854e-02,7.311e-02,1.309e-02,2.203e-02
MGI:96055,PTPN6,9658,peptidyl-tyrosine phosphorylation,GO:0018108,biological process,31,10.0,1.025e-01,5.308e-02,1.786e-02,8.601e-01,1.608e-02,9.761e-02,1.076e-01,3.854e-02,7.311e-02,1.248e-02,2.554e-02
MGI:96055,PTPN6,9658,peptidyl-tyrosine dephosphorylation,GO:0035335,biological process,31,4.0,1.025e-01,5.308e-02,2.064e-02,8.449e-01,1.159e-02,9.761e-02,1.076e-01,3.854e-02,7.311e-02,1.642e-02,2.594e-02
MGI:96055,PTPN6,9658,regulation of ERK1 and ERK2 cascade,GO:0070372,biological process,31,4.0,1.025e-01,5.344e-02,1.634e-02,8.636e-01,3.090e-02,9.761e-02,1.076e-01,3.831e-02,7.455e-02,8.319e-03,3.211e-02
MGI:96055,PTPN6,9658,protein tyrosine phosphatase activity,GO:0004725,molecular function,31,9.0,1.025e-01,5.362e-02,2.558e-02,8.177e-01,1.188e-02,9.762e-02,1.076e-01,3.912e-02,7.351e-02,2.052e-02,3.190e-02
MGI:96055,PTPN6,9658,negative regulation of inflammatory response to wounding,GO:0106015,biological process,31,4.0,1.045e-01,5.699e-02,3.088e-02,7.931e-01,2.270e-02,9.936e-02,1.099e-01,4.256e-02,7.632e-02,2.027e-02,4.704e-02
MGI:96055,PTPN6,9658,positive regulation of phosphatidylinositol 3-kinase/protein kinase B signal transduction,GO:0051897,biological process,31,7.0,1.046e-01,5.555e-02,2.777e-02,8.073e-01,2.473e-02,9.579e-02,1.141e-01,3.697e-02,8.346e-02,1.749e-02,4.408e-02
MGI:96055,PTPN6,9658,negative regulation of peptidyl-tyrosine phosphorylation,GO:0050732,biological process,31,7.0,1.063e-01,6.048e-02,2.271e-02,8.202e-01,4.618e-02,1.003e-01,1.127e-01,4.801e-02,7.620e-02,8.035e-03,6.418e-02
MGI:96055,PTPN6,9658,phosphorylation-dependent protein binding,GO:0140031,molecular function,31,3.0,1.074e-01,5.985e-02,3.613e-02,7.732e-01,2.348e-02,9.518e-02,1.211e-01,4.060e-02,8.823e-02,2.340e-02,5.579e-02
MGI:96055,PTPN6,9658,intracellular signal transduction,GO:0035556,biological process,31,32.0,1.089e-01,6.298e-02,3.165e-02,7.881e-01,4.234e-02,9.869e-02,1.202e-01,4.871e-02,8.143e-02,1.410e-02,7.106e-02
MGI:96055,PTPN6,9658,positive regulation of cell population proliferation,GO:0008284,biological process,31,36.0,1.102e-01,5.995e-02,3.809e-02,7.665e-01,3.075e-02,9.875e-02,1.230e-01,3.925e-02,9.155e-02,2.145e-02,6.766e-02
MGI:96055,PTPN6,9658,extracellular exosome,GO:0070062,cellular component,31,88.0,1.178e-01,6.932e-02,4.262e-02,7.503e-01,4.921e-02,9.236e-02,1.502e-01,3.466e-02,1.386e-01,1.733e-02,1.048e-01
MGI:96055,PTPN6,9658,nucleolus,GO:0005730,cellular component,31,8.0,1.214e-01,6.921e-02,5.007e-02,7.272e-01,4.926e-02,8.620e-02,1.709e-01,3.532e-02,1.356e-01,2.124e-02,1.180e-01
MGI:96055,PTPN6,9658,nucleus,GO:0005634,cellular component,31,87.0,1.221e-01,7.286e-02,5.329e-02,7.189e-01,4.662e-02,8.616e-02,1.731e-01,3.886e-02,1.366e-01,2.381e-02,1.193e-01
MGI:96055,PTPN6,9658,protein binding,GO:0005515,molecular function,31,373.0,1.236e-01,6.932e-02,5.218e-02,7.222e-01,5.020e-02,8.897e-02,1.717e-01,3.466e-02,1.386e-01,2.169e-02,1.255e-01
MGI:96055,PTPN6,9658,nucleoplasm,GO:0005654,cellular component,31,49.0,1.238e-01,6.932e-02,5.210e-02,7.221e-01,5.188e-02,8.808e-02,1.741e-01,3.466e-02,1.386e-01,2.113e-02,1.285e-01
MGI:96055,PTPN6,9658,protein dephosphorylation,GO:0006470,biological process,31,10.0,1.259e-01,7.810e-02,6.043e-02,7.032e-01,4.065e-02,9.300e-02,1.703e-01,4.359e-02,1.400e-01,2.970e-02,1.230e-01
MGI:96055,PTPN6,9658,cytoplasm,GO:0005737,cellular component,31,99.0,1.285e-01,7.263e-02,5.795e-02,7.074e-01,5.296e-02,9.134e-02,1.808e-01,3.674e-02,1.436e-01,2.318e-02,1.448e-01
MGI:96055,PTPN6,9658,mitotic cell cycle,GO:0000278,biological process,31,7.0,1.509e-01,9.368e-02,7.696e-02,6.542e-01,8.733e-02,7.309e-02,3.116e-01,3.097e-02,2.834e-01,2.095e-02,2.827e-01
MGI:96055,PTPN6,9658,cell differentiation,GO:0030154,biological process,31,84.0,3.879e-01,3.638e-01,3.360e-01,3.527e-01,1.280e-01,1.554e-01,9.688e-01,1.252e-01,1.057e+00,1.081e-01,1.045e+00
MGI:96055,PTPN6,9658,protein-containing complex,GO:0032991,cellular component,31,295.0,5.025e-01,4.808e-01,4.743e-01,2.647e-01,1.149e-01,2.349e-01,1.075e+00,2.096e-01,1.103e+00,2.016e-01,1.116e+00
MGI:1346060,TLR2,11848,toll-like receptor TLR6:TLR2 signaling pathway,GO:0038124,biological process,43,2.0,1.025e-01,1.399e-01,1.274e-02,8.884e-01,1.918e-02,9.761e-02,1.076e-01,1.081e-01,1.811e-01,7.427e-03,2.185e-02
MGI:1346060,TLR2,11848,pattern recognition receptor activity,GO:0038187,molecular function,43,8.0,1.025e-01,1.399e-01,1.920e-02,8.531e-01,1.315e-02,9.761e-02,1.076e-01,1.081e-01,1.811e-01,1.465e-02,2.516e-02
MGI:1346060,TLR2,11848,toll-like receptor signaling pathway,GO:0002224,biological process,43,9.0,1.025e-01,1.399e-01,1.981e-02,8.494e-01,1.035e-02,9.761e-02,1.076e-01,1.081e-01,1.811e-01,1.601e-02,2.450e-02
MGI:1346060,TLR2,11848,defense response to Gram-positive bacterium,GO:0050830,biological process,43,5.0,1.025e-01,1.399e-01,2.044e-02,8.458e-01,1.583e-02,9.761e-02,1.076e-01,1.081e-01,1.811e-01,1.509e-02,2.770e-02
MGI:1346060,TLR2,11848,positive regulation of Wnt signaling pathway,GO:0030177,biological process,43,9.0,1.053e-01,1.399e-01,2.741e-02,8.088e-01,2.816e-02,9.517e-02,1.164e-01,1.081e-01,1.811e-01,1.615e-02,4.653e-02
MGI:1346060,TLR2,11848,positive regulation of cellular response to macrophage colony-stimulating factor stimulus,GO:1903974,biological process,43,4.0,1.081e-01,1.505e-01,3.975e-02,7.608e-01,1.802e-02,1.041e-01,1.124e-01,1.099e-01,2.063e-01,2.843e-02,5.559e-02
MGI:1346060,TLR2,11848,receptor complex,GO:0043235,cellular component,43,28.0,1.085e-01,1.463e-01,2.954e-02,7.988e-01,3.896e-02,9.801e-02,1.201e-01,1.036e-01,2.067e-01,1.428e-02,6.111e-02
MGI:1346060,TLR2,11848,I-kappaB phosphorylation,GO:0007252,biological process,43,2.0,1.085e-01,1.463e-01,3.169e-02,7.902e-01,3.478e-02,9.799e-02,1.202e-01,1.036e-01,2.067e-01,1.664e-02,6.034e-02
MGI:1346060,TLR2,11848,positive regulation of NF-kappaB transcription factor activity,GO:0051092,biological process,43,6.0,1.088e-01,1.505e-01,3.994e-02,7.601e-01,2.288e-02,9.802e-02,1.209e-01,1.099e-01,2.063e-01,2.612e-02,6.107e-02
MGI:1346060,TLR2,11848,protein-containing complex binding,GO:0044877,molecular function,43,74.0,1.112e-01,1.430e-01,3.266e-02,7.848e-01,4.477e-02,9.029e-02,1.370e-01,1.118e-01,1.829e-01,1.419e-02,7.521e-02
MGI:1346060,TLR2,11848,defense response to virus,GO:0051607,biological process,43,14.0,1.135e-01,1.505e-01,4.652e-02,7.397e-01,2.422e-02,9.826e-02,1.311e-01,1.099e-01,2.063e-01,2.986e-02,7.249e-02
MGI:1346060,TLR2,11848,toll-like receptor 2 signaling pathway,GO:0034134,biological process,43,3.0,1.163e-01,1.505e-01,4.295e-02,7.489e-01,4.260e-02,9.248e-02,1.462e-01,1.099e-01,2.063e-01,2.004e-02,9.205e-02
MGI:1346060,TLR2,11848,triacyl lipopeptide binding,GO:0042497,molecular function,43,2.0,1.166e-01,1.505e-01,5.140e-02,7.269e-01,2.259e-02,1.004e-01,1.353e-01,1.099e-01,2.063e-01,3.418e-02,7.729e-02
MGI:1346060,TLR2,11848,positive regulation of chemokine production,GO:0032722,biological process,43,17.0,1.215e-01,1.519e-01,4.566e-02,7.408e-01,5.173e-02,1.029e-01,1.435e-01,1.117e-01,2.064e-01,1.764e-02,1.181e-01
MGI:1346060,TLR2,11848,lipopolysaccharide binding,GO:0001530,molecular function,43,3.0,1.243e-01,1.551e-01,5.742e-02,7.095e-01,4.385e-02,8.972e-02,1.721e-01,1.298e-01,1.854e-01,2.686e-02,1.228e-01
MGI:1346060,TLR2,11848,amyloid-beta binding,GO:0001540,molecular function,43,3.0,1.361e-01,1.616e-01,7.812e-02,6.708e-01,6.854e-03,1.287e-01,1.439e-01,1.257e-01,2.077e-01,6.956e-02,8.773e-02
MGI:1346060,TLR2,11848,positive regulation of non-canonical NF-kappaB signal transduction,GO:1901224,biological process,43,6.0,1.387e-01,1.616e-01,8.084e-02,6.661e-01,4.516e-03,1.360e-01,1.414e-01,1.257e-01,2.077e-01,7.499e-02,8.715e-02
MGI:1346060,TLR2,11848,cellular response to lipoteichoic acid,GO:0071223,biological process,43,4.0,1.392e-01,1.637e-01,7.622e-02,6.695e-01,4.170e-02,1.005e-01,1.928e-01,1.080e-01,2.483e-01,3.857e-02,1.506e-01
MGI:1346060,TLR2,11848,Toll-like receptor 2-Toll-like receptor 6 protein complex,GO:0035355,cellular component,43,2.0,1.427e-01,1.652e-01,8.354e-02,6.582e-01,3.197e-02,1.099e-01,1.854e-01,1.100e-01,2.481e-01,5.037e-02,1.386e-01
MGI:1346060,TLR2,11848,Toll-like receptor 1-Toll-like receptor 2 protein complex,GO:0035354,cellular component,43,2.0,1.428e-01,1.652e-01,8.355e-02,6.578e-01,3.366e-02,1.083e-01,1.882e-01,1.100e-01,2.481e-01,4.904e-02,1.423e-01
MGI:1346060,TLR2,11848,positive regulation of interleukin-8 production,GO:0032757,biological process,43,7.0,1.464e-01,1.646e-01,8.092e-02,6.571e-01,5.810e-02,9.171e-02,2.338e-01,1.034e-01,2.620e-01,3.299e-02,1.985e-01
MGI:1346060,TLR2,11848,membrane raft,GO:0045121,cellular component,43,11.0,1.561e-01,1.752e-01,1.036e-01,6.287e-01,9.623e-03,1.409e-01,1.728e-01,1.476e-01,2.079e-01,8.921e-02,1.204e-01
MGI:1346060,TLR2,11848,signaling receptor activity,GO:0038023,molecular function,43,28.0,1.589e-01,1.803e-01,1.058e-01,6.251e-01,1.036e-02,1.474e-01,1.712e-01,1.529e-01,2.126e-01,9.038e-02,1.239e-01
MGI:1346060,TLR2,11848,cell surface,GO:0009986,cellular component,43,22.0,1.655e-01,1.772e-01,1.130e-01,6.125e-01,3.175e-02,1.247e-01,2.195e-01,1.261e-01,2.491e-01,7.008e-02,1.822e-01
MGI:1346060,TLR2,11848,Toll-like receptor binding,GO:0035325,molecular function,43,4.0,1.655e-01,1.796e-01,1.131e-01,6.137e-01,2.427e-02,1.330e-01,2.059e-01,1.298e-01,2.487e-01,7.859e-02,1.628e-01
MGI:1346060,TLR2,11848,positive regulation of interleukin-6 production,GO:0032755,biological process,43,5.0,1.707e-01,1.844e-01,1.136e-01,6.083e-01,4.607e-02,1.170e-01,2.489e-01,1.220e-01,2.787e-01,5.796e-02,2.226e-01
MGI:1346060,TLR2,11848,positive regulation of matrix metallopeptidase secretion,GO:1904466,biological process,43,3.0,1.729e-01,1.860e-01,1.021e-01,6.108e-01,8.822e-02,8.258e-02,3.620e-01,9.542e-02,3.626e-01,2.996e-02,3.476e-01
MGI:1346060,TLR2,11848,identical protein binding,GO:0042802,molecular function,43,28.0,1.829e-01,1.915e-01,1.341e-01,5.857e-01,2.475e-02,1.472e-01,2.271e-01,1.390e-01,2.639e-01,9.509e-02,1.892e-01
MGI:1346060,TLR2,11848,positive regulation of inflammatory response,GO:0050729,biological process,43,16.0,1.922e-01,1.957e-01,1.342e-01,5.801e-01,4.935e-02,1.315e-01,2.810e-01,1.337e-01,2.863e-01,6.380e-02,2.821e-01
MGI:1346060,TLR2,11848,peptidoglycan binding,GO:0042834,molecular function,43,3.0,1.965e-01,2.041e-01,1.473e-01,5.678e-01,3.557e-02,1.454e-01,2.656e-01,1.419e-01,2.937e-01,9.088e-02,2.388e-01
MGI:1346060,TLR2,11848,cellular response to diacyl bacterial lipopeptide,GO:0071726,biological process,43,3.0,1.977e-01,2.072e-01,1.551e-01,5.622e-01,6.483e-03,1.850e-01,2.112e-01,1.723e-01,2.492e-01,1.418e-01,1.697e-01
MGI:1346060,TLR2,11848,detection of diacyl bacterial lipopeptide,GO:0042496,biological process,43,3.0,1.987e-01,2.093e-01,1.564e-01,5.604e-01,1.170e-02,1.769e-01,2.231e-01,1.756e-01,2.495e-01,1.333e-01,1.836e-01
MGI:1346060,TLR2,11848,cellular response to triacyl bacterial lipopeptide,GO:0071727,biological process,43,3.0,2.007e-01,2.075e-01,1.587e-01,5.582e-01,5.557e-03,1.894e-01,2.126e-01,1.727e-01,2.492e-01,1.468e-01,1.715e-01
MGI:1346060,TLR2,11848,detection of triacyl bacterial lipopeptide,GO:0042495,biological process,43,3.0,2.080e-01,2.116e-01,1.673e-01,5.489e-01,7.629e-03,1.929e-01,2.243e-01,1.797e-01,2.493e-01,1.512e-01,1.852e-01
MGI:1346060,TLR2,11848,plasma membrane,GO:0005886,cellular component,43,93.0,2.207e-01,2.149e-01,1.777e-01,5.349e-01,3.337e-02,1.643e-01,2.966e-01,1.474e-01,3.133e-01,1.164e-01,2.714e-01
MGI:1346060,TLR2,11848,cellular response to type II interferon,GO:0071346,biological process,43,7.0,2.262e-01,2.160e-01,1.789e-01,5.321e-01,4.133e-02,1.601e-01,3.197e-01,1.454e-01,3.208e-01,1.034e-01,3.094e-01
MGI:1346060,TLR2,11848,inflammatory response,GO:0006954,biological process,43,14.0,2.491e-01,2.399e-01,2.138e-01,5.022e-01,1.705e-02,2.130e-01,2.912e-01,1.936e-01,2.972e-01,1.730e-01,2.643e-01
MGI:1346060,TLR2,11848,Golgi apparatus,GO:0005794,cellular component,43,20.0,2.597e-01,2.427e-01,2.237e-01,4.918e-01,2.984e-02,1.991e-01,3.387e-01,1.680e-01,3.506e-01,1.579e-01,3.169e-01
MGI:1346060,TLR2,11848,protein binding,GO:0005515,molecular function,43,373.0,2.673e-01,2.460e-01,2.326e-01,4.832e-01,3.335e-02,1.986e-01,3.598e-01,1.658e-01,3.648e-01,1.591e-01,3.402e-01
MGI:1346060,TLR2,11848,cytoplasm,GO:0005737,cellular component,43,99.0,2.777e-01,2.540e-01,2.422e-01,4.741e-01,3.805e-02,1.991e-01,3.874e-01,1.707e-01,3.779e-01,1.578e-01,3.716e-01
MGI:1346060,TLR2,11848,positive regulation of gene expression,GO:0010628,biological process,43,28.0,3.017e-01,2.789e-01,2.589e-01,4.509e-01,6.667e-02,1.708e-01,5.332e-01,1.504e-01,5.171e-01,1.229e-01,5.453e-01
MGI:1915978,TP53INP2,16104,autophagosome,GO:0005776,cellular component,6,6.0,1.042e-01,1.461e-01,3.068e-02,7.945e-01,1.646e-02,1.001e-01,1.084e-01,1.178e-01,1.811e-01,2.264e-02,4.156e-02
MGI:1915978,TP53INP2,16104,positive regulation of DNA-templated transcription,GO:0045893,biological process,6,24.0,2.005e-01,2.076e-01,1.196e-01,5.781e-01,1.044e-01,8.826e-02,4.554e-01,1.033e-01,4.172e-01,2.664e-02,5.368e-01
MGI:1915978,TP53INP2,16104,autophagosome assembly,GO:0000045,biological process,6,6.0,2.155e-01,2.448e-01,1.632e-01,5.468e-01,4.848e-02,1.446e-01,3.212e-01,1.477e-01,4.059e-01,8.316e-02,3.204e-01
MGI:1915978,TP53INP2,16104,nucleus,GO:0005634,cellular component,6,87.0,2.381e-01,2.448e-01,1.979e-01,5.133e-01,4.120e-02,1.635e-01,3.467e-01,1.477e-01,4.059e-01,1.203e-01,3.256e-01
MGI:1915978,TP53INP2,16104,cytosol,GO:0005829,cellular component,6,76.0,2.472e-01,2.448e-01,2.103e-01,5.043e-01,2.804e-02,1.922e-01,3.178e-01,1.477e-01,4.059e-01,1.507e-01,2.936e-01
MGI:1915978,TP53INP2,16104,protein binding,GO:0005515,molecular function,6,373.0,2.654e-01,2.448e-01,2.279e-01,4.844e-01,4.672e-02,1.753e-01,4.018e-01,1.477e-01,4.059e-01,1.348e-01,3.854e-01
MGI:2137353,TRIM7,16278,antiviral innate immune response,GO:0140374,biological process,6,5.0,1.184e-01,1.607e-01,3.459e-02,7.751e-01,6.151e-02,9.156e-02,1.531e-01,8.663e-02,2.981e-01,1.142e-02,1.047e-01
MGI:2137353,TRIM7,16278,protein ubiquitination,GO:0016567,biological process,6,9.0,1.246e-01,1.840e-01,6.276e-02,7.003e-01,2.013e-02,1.077e-01,1.442e-01,1.160e-01,2.920e-01,4.428e-02,8.896e-02
MGI:2137353,TRIM7,16278,ubiquitin protein ligase activity,GO:0061630,molecular function,6,7.0,1.883e-01,1.840e-01,1.337e-01,5.824e-01,4.439e-02,1.268e-01,2.796e-01,1.160e-01,2.920e-01,7.324e-02,2.442e-01
MGI:2137353,TRIM7,16278,nucleus,GO:0005634,cellular component,6,87.0,1.900e-01,1.840e-01,1.389e-01,5.787e-01,3.163e-02,1.439e-01,2.508e-01,1.160e-01,2.920e-01,9.026e-02,2.139e-01
MGI:2137353,TRIM7,16278,protein binding,GO:0005515,molecular function,6,373.0,2.195e-01,1.840e-01,1.732e-01,5.377e-01,4.245e-02,1.484e-01,3.247e-01,1.160e-01,2.920e-01,1.012e-01,2.965e-01
MGI:2137353,TRIM7,16278,cytoplasm,GO:0005737,cellular component,6,99.0,2.310e-01,1.907e-01,1.886e-01,5.237e-01,3.424e-02,1.680e-01,3.175e-01,1.245e-01,2.920e-01,1.236e-01,2.877e-01
MGI:1918988,MAMDC2,23673,endoplasmic reticulum,GO:0005783,cellular component,3,24.0,3.472e-01,5.076e-01,3.212e-01,4.128e-01,3.493e-02,2.563e-01,4.704e-01,4.242e-01,6.073e-01,2.272e-01,4.542e-01
MGI:1918988,MAMDC2,23673,protein binding,GO:0005515,molecular function,3,373.0,3.883e-01,5.076e-01,3.671e-01,3.834e-01,2.069e-02,3.286e-01,4.588e-01,4.242e-01,6.073e-01,3.019e-01,4.464e-01
MGI:1918988,MAMDC2,23673,nervous system development,GO:0007399,biological process,3,4.0,5.429e-01,5.649e-01,5.290e-01,2.754e-01,4.387e-02,3.950e-01,7.461e-01,4.530e-01,7.044e-01,3.735e-01,7.492e-01
MGI:2441702,CYTH4,9505,intercellular bridge,GO:0045171,cellular component,8,7.0,1.158e-01,7.913e-02,4.399e-02,7.472e-01,3.833e-02,9.698e-02,1.384e-01,5.503e-02,1.138e-01,2.166e-02,8.933e-02
MGI:2441702,CYTH4,9505,guanyl-nucleotide exchange factor activity,GO:0005085,molecular function,8,10.0,1.239e-01,7.913e-02,6.322e-02,7.002e-01,9.349e-03,1.146e-01,1.340e-01,5.503e-02,1.138e-01,5.361e-02,7.457e-02
MGI:2441702,CYTH4,9505,plasma membrane,GO:0005886,cellular component,8,93.0,1.245e-01,7.913e-02,6.350e-02,6.987e-01,2.197e-02,1.025e-01,1.511e-01,5.503e-02,1.138e-01,4.315e-02,9.344e-02
MGI:2441702,CYTH4,9505,protein binding,GO:0005515,molecular function,8,373.0,1.252e-01,7.913e-02,6.500e-02,6.960e-01,1.490e-02,1.087e-01,1.442e-01,5.503e-02,1.138e-01,4.999e-02,8.452e-02
MGI:2441702,CYTH4,9505,cytosol,GO:0005829,cellular component,8,76.0,1.298e-01,7.913e-02,7.036e-02,6.847e-01,1.993e-02,1.088e-01,1.549e-01,5.503e-02,1.138e-01,4.981e-02,9.939e-02
MGI:2441702,CYTH4,9505,centriolar satellite,GO:0034451,cellular component,8,7.0,1.353e-01,8.055e-02,7.531e-02,6.738e-01,2.945e-02,1.074e-01,1.705e-01,5.518e-02,1.176e-01,4.524e-02,1.254e-01
MGI:1926375,RASSF5,17609,nucleus,GO:0005634,cellular component,3,87.0,2.466e-01,2.732e-01,2.079e-01,5.049e-01,3.539e-02,1.776e-01,3.423e-01,1.490e-01,5.010e-01,1.352e-01,3.197e-01
MGI:1926375,RASSF5,17609,protein binding,GO:0005515,molecular function,3,373.0,2.683e-01,2.732e-01,2.292e-01,4.838e-01,4.368e-02,1.794e-01,4.011e-01,1.490e-01,5.010e-01,1.342e-01,3.915e-01
MGI:1926375,RASSF5,17609,signal transduction,GO:0007165,biological process,3,50.0,3.085e-01,2.732e-01,2.727e-01,4.449e-01,5.199e-02,1.913e-01,4.974e-01,1.490e-01,5.010e-01,1.481e-01,5.021e-01
MGI:1859016,DDAH2,2716,extracellular exosome,GO:0070062,cellular component,4,88.0,1.947e-01,1.973e-01,1.506e-01,5.670e-01,1.281e-02,1.723e-01,2.199e-01,1.774e-01,2.196e-01,1.260e-01,1.801e-01
MGI:1859016,DDAH2,2716,mitochondrion,GO:0005739,cellular component,4,22.0,1.957e-01,1.973e-01,1.528e-01,5.647e-01,8.177e-03,1.815e-01,2.111e-01,1.774e-01,2.196e-01,1.365e-01,1.710e-01
MGI:1859016,DDAH2,2716,protein binding,GO:0005515,molecular function,4,373.0,2.340e-01,1.973e-01,1.973e-01,5.184e-01,8.526e-03,2.167e-01,2.526e-01,1.774e-01,2.196e-01,1.774e-01,2.196e-01
MGI:102935,POU6F1,9224,"DNA-binding transcription factor activity, RNA polymerase II-specific",GO:0000981,molecular function,13,20.0,1.025e-01,2.113e-02,6.428e-03,9.208e-01,1.904e-02,9.761e-02,1.076e-01,1.529e-02,2.921e-02,1.911e-03,2.162e-02
MGI:102935,POU6F1,9224,"DNA-binding transcription repressor activity, RNA polymerase II-specific",GO:0001227,molecular function,13,6.0,1.025e-01,2.247e-02,1.310e-02,8.906e-01,1.180e-02,9.761e-02,1.076e-01,1.828e-02,2.763e-02,9.527e-03,1.802e-02
MGI:102935,POU6F1,9224,sequence-specific double-stranded DNA binding,GO:1990837,molecular function,13,22.0,1.025e-01,2.247e-02,1.368e-02,8.857e-01,1.313e-02,9.761e-02,1.076e-01,1.828e-02,2.763e-02,9.261e-03,2.022e-02
MGI:102935,POU6F1,9224,negative regulation of transcription by RNA polymerase II,GO:0000122,biological process,13,16.0,1.025e-01,2.247e-02,1.277e-02,8.849e-01,2.005e-02,9.761e-02,1.076e-01,1.828e-02,2.763e-02,6.315e-03,2.581e-02
MGI:102935,POU6F1,9224,regulation of transcription by RNA polymerase II,GO:0006357,biological process,13,27.0,1.025e-01,2.248e-02,1.422e-02,8.832e-01,1.322e-02,9.761e-02,1.076e-01,1.828e-02,2.764e-02,1.029e-02,1.964e-02
MGI:102935,POU6F1,9224,RNA polymerase II cis-regulatory region sequence-specific DNA binding,GO:0000978,molecular function,13,27.0,1.025e-01,2.248e-02,2.002e-02,8.491e-01,7.165e-03,9.761e-02,1.076e-01,1.828e-02,2.764e-02,1.748e-02,2.291e-02
MGI:102935,POU6F1,9224,sequence-specific DNA binding,GO:0043565,molecular function,13,10.0,1.025e-01,2.256e-02,1.820e-02,8.590e-01,1.306e-02,9.761e-02,1.076e-01,1.832e-02,2.779e-02,1.393e-02,2.379e-02
MGI:102935,POU6F1,9224,protein binding,GO:0005515,molecular function,13,373.0,1.025e-01,2.320e-02,2.074e-02,8.430e-01,1.848e-02,9.761e-02,1.076e-01,1.797e-02,2.994e-02,1.434e-02,3.000e-02
MGI:94906,DMPK,2933,protein phosphorylation,GO:0006468,biological process,14,21.0,1.025e-01,6.142e-02,1.258e-02,8.899e-01,1.602e-02,9.761e-02,1.076e-01,3.504e-02,1.077e-01,7.271e-03,2.175e-02
MGI:94906,DMPK,2933,peptidyl-serine phosphorylation,GO:0018105,biological process,14,6.0,1.025e-01,6.142e-02,1.880e-02,8.550e-01,1.670e-02,9.761e-02,1.076e-01,3.504e-02,1.077e-01,1.340e-02,2.638e-02
MGI:94906,DMPK,2933,regulation of skeletal muscle contraction by calcium ion signaling,GO:0014722,biological process,14,5.0,1.080e-01,5.667e-02,1.341e-02,8.477e-01,5.958e-02,9.289e-02,1.255e-01,2.183e-02,1.471e-01,2.257e-03,7.970e-02
MGI:94906,DMPK,2933,muscle cell apoptotic process,GO:0010657,biological process,14,4.0,1.090e-01,6.875e-02,2.407e-02,8.209e-01,4.850e-02,9.206e-02,1.290e-01,3.171e-02,1.491e-01,9.368e-03,6.183e-02
MGI:94906,DMPK,2933,protein serine/threonine kinase activity,GO:0004674,molecular function,14,43.0,1.169e-01,8.938e-02,5.328e-02,7.225e-01,1.758e-02,1.044e-01,1.307e-01,5.254e-02,1.521e-01,3.858e-02,7.357e-02
MGI:94906,DMPK,2933,myosin phosphatase regulator activity,GO:0017020,molecular function,14,2.0,1.221e-01,7.944e-02,4.497e-02,7.398e-01,6.112e-02,8.415e-02,1.771e-01,3.375e-02,1.870e-01,1.546e-02,1.308e-01
MGI:94906,DMPK,2933,intracellular calcium ion homeostasis,GO:0006874,biological process,14,11.0,1.295e-01,7.829e-02,4.640e-02,7.304e-01,7.646e-02,8.565e-02,1.958e-01,3.029e-02,2.023e-01,1.175e-02,1.833e-01
MGI:94906,DMPK,2933,ATP binding,GO:0005524,molecular function,14,6.0,1.334e-01,1.025e-01,6.499e-02,6.925e-01,4.725e-02,1.008e-01,1.765e-01,5.265e-02,1.995e-01,2.816e-02,1.500e-01
MGI:94906,DMPK,2933,regulation of heart contraction,GO:0008016,biological process,14,10.0,1.412e-01,8.974e-02,6.427e-02,6.812e-01,8.586e-02,7.194e-02,2.772e-01,3.005e-02,2.680e-01,1.693e-02,2.439e-01
MGI:94906,DMPK,2933,mitochondrial outer membrane,GO:0005741,cellular component,14,5.0,1.509e-01,9.764e-02,7.436e-02,6.649e-01,7.836e-02,8.832e-02,2.577e-01,3.352e-02,2.844e-01,2.079e-02,2.660e-01
MGI:94906,DMPK,2933,nuclear envelope organization,GO:0006998,biological process,14,3.0,1.565e-01,9.221e-02,7.175e-02,6.595e-01,1.032e-01,7.081e-02,3.461e-01,2.607e-02,3.261e-01,1.532e-02,3.361e-01
MGI:94906,DMPK,2933,protein binding,GO:0005515,molecular function,14,373.0,1.595e-01,1.294e-01,1.085e-01,6.214e-01,9.692e-03,1.429e-01,1.782e-01,8.871e-02,1.888e-01,9.345e-02,1.260e-01
MGI:2661430,KBTBD8,30691,protein monoubiquitination,GO:0006513,biological process,6,3.0,1.025e-01,6.356e-02,1.478e-02,8.631e-01,3.163e-02,9.761e-02,1.076e-01,2.694e-02,1.500e-01,5.616e-03,3.890e-02
MGI:2661430,KBTBD8,30691,Cul3-RING ubiquitin ligase complex,GO:0031463,cellular component,6,3.0,1.125e-01,8.957e-02,4.624e-02,7.413e-01,2.092e-02,1.067e-01,1.186e-01,6.483e-02,1.238e-01,3.137e-02,6.818e-02
MGI:2661430,KBTBD8,30691,neural crest cell development,GO:0014032,biological process,6,3.0,1.237e-01,9.400e-02,6.094e-02,7.042e-01,2.292e-02,1.042e-01,1.469e-01,6.986e-02,1.265e-01,4.017e-02,9.245e-02
MGI:2661430,KBTBD8,30691,neural crest formation,GO:0014029,biological process,6,3.0,1.418e-01,9.722e-02,8.109e-02,6.621e-01,3.543e-02,1.074e-01,1.871e-01,6.791e-02,1.392e-01,4.561e-02,1.442e-01
MGI:2661430,KBTBD8,30691,protein binding,GO:0005515,molecular function,6,373.0,1.605e-01,1.161e-01,1.077e-01,6.222e-01,1.340e-02,1.464e-01,1.760e-01,9.069e-02,1.485e-01,8.790e-02,1.321e-01
MGI:2384860,SLC44A3,28689,transmembrane transport,GO:0055085,biological process,4,52.0,1.066e-01,6.776e-02,3.105e-02,7.914e-01,3.441e-02,1.021e-01,1.114e-01,3.232e-02,1.421e-01,1.608e-02,5.996e-02
MGI:2384860,SLC44A3,28689,transmembrane transporter activity,GO:0022857,molecular function,4,51.0,1.126e-01,6.776e-02,3.060e-02,7.838e-01,5.569e-02,1.013e-01,1.252e-01,3.232e-02,1.421e-01,9.448e-03,9.911e-02
MGI:2384860,SLC44A3,28689,membrane,GO:0016020,cellular component,4,60.0,1.353e-01,8.185e-02,7.412e-02,6.762e-01,2.875e-02,1.153e-01,1.587e-01,5.193e-02,1.290e-01,4.501e-02,1.221e-01
MGI:2384860,SLC44A3,28689,protein binding,GO:0005515,molecular function,4,373.0,1.399e-01,8.185e-02,8.038e-02,6.649e-01,2.667e-02,1.191e-01,1.645e-01,5.193e-02,1.290e-01,5.135e-02,1.258e-01
MGI:2140371,RUSC2,23625,small GTPase binding,GO:0031267,molecular function,4,8.0,1.069e-01,1.309e-01,3.699e-02,7.702e-01,2.097e-02,1.000e-01,1.143e-01,7.784e-02,2.201e-01,2.502e-02,5.469e-02
MGI:2140371,RUSC2,23625,extracellular exosome,GO:0070062,cellular component,4,88.0,1.553e-01,1.360e-01,9.371e-02,6.379e-01,4.879e-02,1.042e-01,2.316e-01,8.018e-02,2.308e-01,4.293e-02,2.046e-01
MGI:2140371,RUSC2,23625,protein binding,GO:0005515,molecular function,4,373.0,1.857e-01,1.456e-01,1.323e-01,5.851e-01,4.069e-02,1.287e-01,2.680e-01,9.419e-02,2.252e-01,7.476e-02,2.342e-01
MGI:2140371,RUSC2,23625,cytoplasmic vesicle,GO:0031410,cellular component,4,32.0,2.088e-01,1.680e-01,1.620e-01,5.525e-01,2.802e-02,1.646e-01,2.649e-01,1.191e-01,2.368e-01,1.107e-01,2.370e-01
MGI:109562,ACKR3,23692,clathrin-coated pit,GO:0005905,cellular component,22,3.0,1.562e-01,4.270e-01,9.630e-02,6.338e-01,4.692e-02,1.052e-01,2.317e-01,3.762e-01,4.847e-01,4.775e-02,1.942e-01
MGI:109562,ACKR3,23692,calcium-mediated signaling,GO:0019722,biological process,22,12.0,1.605e-01,4.270e-01,1.058e-01,6.240e-01,2.460e-02,1.356e-01,1.900e-01,3.762e-01,4.847e-01,7.243e-02,1.544e-01
MGI:109562,ACKR3,23692,positive regulation of cytosolic calcium ion concentration,GO:0007204,biological process,22,10.0,1.944e-01,4.270e-01,1.234e-01,5.802e-01,8.764e-02,9.534e-02,3.964e-01,3.762e-01,4.847e-01,3.351e-02,4.548e-01
MGI:109562,ACKR3,23692,positive regulation of ERK1 and ERK2 cascade,GO:0070374,biological process,22,12.0,1.952e-01,4.270e-01,1.516e-01,5.660e-01,9.908e-03,1.772e-01,2.150e-01,3.762e-01,4.847e-01,1.320e-01,1.741e-01
MGI:109562,ACKR3,23692,intracellular membrane-bounded organelle,GO:0043231,cellular component,22,58.0,2.019e-01,4.424e-01,1.533e-01,5.620e-01,2.915e-02,1.602e-01,2.544e-01,3.935e-01,4.974e-01,1.014e-01,2.318e-01
MGI:109562,ACKR3,23692,receptor internalization,GO:0031623,biological process,22,9.0,2.063e-01,4.270e-01,1.523e-01,5.526e-01,6.816e-02,1.116e-01,3.812e-01,3.762e-01,4.847e-01,5.997e-02,3.866e-01
MGI:109562,ACKR3,23692,cell chemotaxis,GO:0060326,biological process,22,19.0,2.086e-01,4.385e-01,1.605e-01,5.485e-01,5.380e-02,1.274e-01,3.415e-01,3.948e-01,4.870e-01,7.696e-02,3.348e-01
MGI:109562,ACKR3,23692,chemokine-mediated signaling pathway,GO:0070098,biological process,22,15.0,2.118e-01,4.349e-01,1.706e-01,5.435e-01,2.527e-02,1.666e-01,2.692e-01,3.898e-01,4.853e-01,1.230e-01,2.367e-01
MGI:109562,ACKR3,23692,endosome,GO:0005768,cellular component,22,15.0,2.355e-01,4.704e-01,1.830e-01,5.234e-01,5.735e-02,1.445e-01,3.839e-01,3.928e-01,5.635e-01,8.606e-02,3.893e-01
MGI:109562,ACKR3,23692,negative regulation of intrinsic apoptotic signaling pathway in response to DNA damage,GO:1902230,biological process,22,4.0,2.430e-01,4.385e-01,2.053e-01,5.078e-01,3.283e-02,1.785e-01,3.308e-01,3.948e-01,4.870e-01,1.370e-01,3.077e-01
MGI:109562,ACKR3,23692,plasma membrane,GO:0005886,cellular component,22,93.0,2.699e-01,4.704e-01,2.289e-01,4.835e-01,4.563e-02,1.799e-01,4.047e-01,3.928e-01,5.635e-01,1.306e-01,4.011e-01
MGI:109562,ACKR3,23692,cell surface,GO:0009986,cellular component,22,22.0,2.962e-01,4.704e-01,2.617e-01,4.576e-01,3.949e-02,2.080e-01,4.217e-01,3.928e-01,5.635e-01,1.640e-01,4.176e-01
MGI:109562,ACKR3,23692,protein binding,GO:0005515,molecular function,22,373.0,3.121e-01,4.791e-01,2.816e-01,4.419e-01,3.828e-02,2.215e-01,4.397e-01,4.135e-01,5.552e-01,1.868e-01,4.246e-01
MGI:109562,ACKR3,23692,external side of plasma membrane,GO:0009897,cellular component,22,15.0,3.472e-01,4.926e-01,3.229e-01,4.148e-01,1.495e-02,3.018e-01,3.993e-01,4.455e-01,5.447e-01,2.760e-01,3.778e-01
MGI:109562,ACKR3,23692,scavenger receptor activity,GO:0005044,molecular function,22,2.0,4.416e-01,5.169e-01,4.186e-01,3.390e-01,5.818e-02,2.732e-01,7.139e-01,4.169e-01,6.409e-01,2.412e-01,7.265e-01
MGI:109562,ACKR3,23692,C-X-C chemokine binding,GO:0019958,molecular function,22,3.0,4.452e-01,5.632e-01,4.272e-01,3.400e-01,4.002e-02,3.272e-01,6.057e-01,4.642e-01,6.832e-01,3.066e-01,5.952e-01
MGI:109562,ACKR3,23692,immune response,GO:0006955,biological process,22,16.0,4.841e-01,5.222e-01,4.668e-01,3.122e-01,4.790e-02,3.323e-01,7.053e-01,4.264e-01,6.395e-01,3.073e-01,7.091e-01
MGI:109562,ACKR3,23692,C-X-C chemokine receptor activity,GO:0016494,molecular function,22,4.0,5.054e-01,5.760e-01,4.912e-01,3.006e-01,3.703e-02,3.891e-01,6.564e-01,4.894e-01,6.778e-01,3.715e-01,6.495e-01
MGI:109562,ACKR3,23692,C-C chemokine receptor activity,GO:0016493,molecular function,22,6.0,5.331e-01,5.880e-01,5.212e-01,2.823e-01,3.654e-02,4.161e-01,6.829e-01,5.048e-01,6.850e-01,4.014e-01,6.767e-01
MGI:109562,ACKR3,23692,C-C chemokine binding,GO:0019957,molecular function,22,8.0,5.332e-01,5.880e-01,5.215e-01,2.823e-01,3.604e-02,4.157e-01,6.840e-01,5.048e-01,6.850e-01,4.012e-01,6.778e-01
MGI:109562,ACKR3,23692,oculomotor nerve development,GO:0021557,biological process,22,2.0,5.769e-01,6.057e-01,5.675e-01,2.577e-01,2.370e-02,4.911e-01,6.776e-01,5.338e-01,6.874e-01,4.804e-01,6.704e-01
MGI:2448425,H4C11,4785,CENP-A containing nucleosome,GO:0043505,cellular component,29,3.0,1.025e-01,1.132e-02,1.685e-03,9.579e-01,1.196e-02,9.761e-02,1.076e-01,2.876e-03,4.459e-02,2.252e-04,1.262e-02
MGI:2448425,H4C11,4785,nucleosome,GO:0000786,cellular component,29,8.0,1.025e-01,2.199e-02,4.451e-03,9.442e-01,4.293e-03,9.761e-02,1.076e-01,1.874e-02,2.581e-02,3.049e-03,6.498e-03
MGI:2448425,H4C11,4785,structural constituent of chromatin,GO:0030527,molecular function,29,3.0,1.025e-01,2.212e-02,8.219e-03,9.183e-01,1.233e-02,9.761e-02,1.076e-01,1.864e-02,2.624e-02,4.893e-03,1.381e-02
MGI:2448425,H4C11,4785,negative regulation of megakaryocyte differentiation,GO:0045653,biological process,29,4.0,1.025e-01,2.429e-02,1.463e-02,8.784e-01,1.578e-02,9.761e-02,1.076e-01,2.072e-02,2.846e-02,9.456e-03,2.263e-02
MGI:2448425,H4C11,4785,RNA binding,GO:0003723,molecular function,29,46.0,1.025e-01,2.449e-02,1.173e-02,8.977e-01,1.362e-02,9.761e-02,1.076e-01,1.985e-02,3.023e-02,7.784e-03,1.768e-02
MGI:2448425,H4C11,4785,DNA binding,GO:0003677,molecular function,29,23.0,1.025e-01,2.514e-02,1.265e-02,8.924e-01,1.160e-02,9.761e-02,1.076e-01,2.139e-02,2.955e-02,8.605e-03,1.860e-02
MGI:2448425,H4C11,4785,"chromosome, telomeric region",GO:0000781,cellular component,29,5.0,1.025e-01,2.590e-02,1.344e-02,8.756e-01,3.567e-02,9.761e-02,1.076e-01,2.004e-02,3.348e-02,5.660e-03,3.192e-02
MGI:2448425,H4C11,4785,nucleosome assembly,GO:0006334,biological process,29,6.0,1.025e-01,2.796e-02,1.995e-02,8.380e-01,3.326e-02,9.761e-02,1.076e-01,2.078e-02,3.763e-02,8.982e-03,4.433e-02
MGI:2448425,H4C11,4785,nucleus,GO:0005634,cellular component,29,87.0,1.032e-01,2.960e-02,1.553e-02,8.626e-01,3.748e-02,9.885e-02,1.077e-01,1.745e-02,5.019e-02,6.330e-03,3.808e-02
MGI:2448425,H4C11,4785,extracellular exosome,GO:0070062,cellular component,29,88.0,1.034e-01,3.178e-02,2.193e-02,8.275e-01,3.625e-02,9.918e-02,1.078e-01,1.897e-02,5.323e-02,9.641e-03,4.989e-02
MGI:2448425,H4C11,4785,protein binding,GO:0005515,molecular function,29,373.0,1.060e-01,3.321e-02,2.560e-02,8.109e-01,4.186e-02,1.004e-01,1.120e-01,1.840e-02,5.993e-02,1.064e-02,6.160e-02
MGI:2448425,H4C11,4785,membrane,GO:0016020,cellular component,29,60.0,1.062e-01,3.321e-02,2.503e-02,8.161e-01,4.072e-02,1.003e-01,1.125e-01,1.840e-02,5.993e-02,1.103e-02,5.681e-02
MGI:2448425,H4C11,4785,protein-containing complex,GO:0032991,cellular component,29,295.0,3.051e-01,1.984e-01,1.984e-01,4.348e-01,1.694e-01,9.361e-02,9.945e-01,3.011e-02,1.308e+00,3.011e-02,1.308e+00
MGI:1920717,C2orf69,26799,mitochondrion,GO:0005739,cellular component,2,22.0,1.235e-01,7.429e-02,5.897e-02,7.074e-01,3.258e-02,1.001e-01,1.523e-01,4.496e-02,1.228e-01,3.363e-02,1.034e-01
MGI:1920717,C2orf69,26799,oxidative phosphorylation,GO:0006119,biological process,2,2.0,1.296e-01,7.897e-02,5.827e-02,7.080e-01,4.848e-02,1.053e-01,1.596e-01,4.550e-02,1.371e-01,2.454e-02,1.384e-01
MGI:1347244,AXL,905,protein tyrosine kinase activity,GO:0004713,molecular function,41,8.0,1.025e-01,1.559e-01,1.718e-02,8.669e-01,5.028e-03,9.761e-02,1.076e-01,1.310e-01,1.854e-01,1.527e-02,1.932e-02
MGI:1347244,AXL,905,transmembrane receptor protein tyrosine kinase signaling pathway,GO:0007169,biological process,41,24.0,1.039e-01,1.559e-01,3.017e-02,7.961e-01,2.103e-02,9.677e-02,1.115e-01,1.310e-01,1.854e-01,2.043e-02,4.455e-02
MGI:1347244,AXL,905,dendritic cell differentiation,GO:0097028,biological process,41,5.0,1.054e-01,1.559e-01,2.957e-02,7.994e-01,2.468e-02,9.507e-02,1.168e-01,1.310e-01,1.854e-01,1.864e-02,4.692e-02
MGI:1347244,AXL,905,transmembrane receptor protein tyrosine kinase activity,GO:0004714,molecular function,41,17.0,1.061e-01,1.559e-01,1.930e-02,8.273e-01,4.950e-02,9.446e-02,1.191e-01,1.310e-01,1.854e-01,5.194e-03,7.172e-02
MGI:1347244,AXL,905,natural killer cell differentiation,GO:0001779,biological process,41,4.0,1.113e-01,1.623e-01,3.927e-02,7.621e-01,3.123e-02,9.460e-02,1.310e-01,1.311e-01,2.009e-01,2.203e-02,7.002e-02
MGI:1347244,AXL,905,positive regulation of phosphatidylinositol 3-kinase/protein kinase B signal transduction,GO:0051897,biological process,41,7.0,1.116e-01,1.575e-01,4.687e-02,7.398e-01,9.567e-03,1.036e-01,1.201e-01,1.305e-01,1.900e-01,3.912e-02,5.616e-02
MGI:1347244,AXL,905,receptor complex,GO:0043235,cellular component,41,28.0,1.133e-01,1.595e-01,4.627e-02,7.400e-01,2.766e-02,9.887e-02,1.298e-01,1.402e-01,1.815e-01,2.795e-02,7.661e-02
MGI:1347244,AXL,905,platelet activation,GO:0030168,biological process,41,2.0,1.170e-01,1.623e-01,4.772e-02,7.368e-01,3.371e-02,9.636e-02,1.422e-01,1.311e-01,2.009e-01,2.572e-02,8.854e-02
MGI:1347244,AXL,905,phosphatidylserine binding,GO:0001786,molecular function,41,4.0,1.196e-01,1.625e-01,5.396e-02,7.198e-01,2.976e-02,1.011e-01,1.414e-01,1.284e-01,2.056e-01,3.158e-02,9.220e-02
MGI:1347244,AXL,905,positive regulation of viral life cycle,GO:1903902,biological process,41,8.0,1.202e-01,1.625e-01,4.636e-02,7.379e-01,4.908e-02,9.129e-02,1.582e-01,1.284e-01,2.056e-01,1.951e-02,1.101e-01
MGI:1347244,AXL,905,positive regulation of cytokine-mediated signaling pathway,GO:0001961,biological process,41,21.0,1.259e-01,1.641e-01,6.158e-02,7.014e-01,3.177e-02,1.055e-01,1.503e-01,1.320e-01,2.040e-01,3.498e-02,1.084e-01
MGI:1347244,AXL,905,positive regulation of kinase activity,GO:0033674,biological process,41,11.0,1.285e-01,1.723e-01,6.014e-02,7.043e-01,4.205e-02,9.898e-02,1.667e-01,1.316e-01,2.255e-01,2.828e-02,1.279e-01
MGI:1347244,AXL,905,intracellular membrane-bounded organelle,GO:0043231,cellular component,41,58.0,1.297e-01,1.692e-01,6.975e-02,6.863e-01,1.727e-02,1.097e-01,1.533e-01,1.313e-01,2.179e-01,5.153e-02,9.442e-02
MGI:1347244,AXL,905,phagocytosis,GO:0006909,biological process,41,3.0,1.322e-01,1.684e-01,7.209e-02,6.794e-01,3.254e-02,9.994e-02,1.748e-01,1.334e-01,2.126e-01,4.165e-02,1.248e-01
MGI:1347244,AXL,905,actin cytoskeleton,GO:0015629,cellular component,41,12.0,1.329e-01,1.716e-01,6.572e-02,6.907e-01,4.424e-02,9.762e-02,1.810e-01,1.308e-01,2.252e-01,3.055e-02,1.414e-01
MGI:1347244,AXL,905,positive regulation of pinocytosis,GO:0048549,biological process,41,4.0,1.351e-01,1.680e-01,7.062e-02,6.800e-01,4.490e-02,9.715e-02,1.879e-01,1.255e-01,2.248e-01,3.390e-02,1.471e-01
MGI:1347244,AXL,905,cell surface,GO:0009986,cellular component,41,22.0,1.471e-01,1.738e-01,9.082e-02,6.458e-01,3.283e-02,1.106e-01,1.958e-01,1.316e-01,2.296e-01,5.313e-02,1.552e-01
MGI:1347244,AXL,905,positive regulation of natural killer cell differentiation,GO:0032825,biological process,41,5.0,1.542e-01,1.896e-01,9.456e-02,6.379e-01,4.296e-02,1.088e-01,2.185e-01,1.743e-01,2.064e-01,4.708e-02,1.899e-01
MGI:1347244,AXL,905,viral entry into host cell,GO:0046718,biological process,41,6.0,1.548e-01,1.779e-01,1.015e-01,6.303e-01,2.633e-02,1.218e-01,1.967e-01,1.410e-01,2.245e-01,6.834e-02,1.507e-01
MGI:1347244,AXL,905,extracellular space,GO:0005615,cellular component,41,55.0,1.595e-01,1.764e-01,1.058e-01,6.218e-01,3.595e-02,1.158e-01,2.197e-01,1.317e-01,2.363e-01,5.978e-02,1.871e-01
MGI:1347244,AXL,905,plasma membrane,GO:0005886,cellular component,41,93.0,1.634e-01,1.811e-01,1.136e-01,6.140e-01,1.072e-02,1.453e-01,1.838e-01,1.485e-01,2.208e-01,9.689e-02,1.331e-01
MGI:1347244,AXL,905,extracellular exosome,GO:0070062,cellular component,41,88.0,1.681e-01,1.820e-01,1.189e-01,6.060e-01,1.712e-02,1.423e-01,1.987e-01,1.445e-01,2.292e-01,9.184e-02,1.540e-01
MGI:1347244,AXL,905,cell migration,GO:0016477,biological process,41,45.0,1.923e-01,1.974e-01,1.474e-01,5.694e-01,2.600e-02,1.500e-01,2.466e-01,1.444e-01,2.699e-01,1.021e-01,2.128e-01
MGI:1347244,AXL,905,protein binding,GO:0005515,molecular function,41,373.0,1.966e-01,2.012e-01,1.541e-01,5.629e-01,1.356e-02,1.718e-01,2.251e-01,1.669e-01,2.427e-01,1.278e-01,1.859e-01
MGI:1347244,AXL,905,virus receptor activity,GO:0001618,molecular function,41,3.0,2.057e-01,2.099e-01,1.634e-01,5.517e-01,2.203e-02,1.675e-01,2.526e-01,1.577e-01,2.793e-01,1.219e-01,2.190e-01
MGI:1347244,AXL,905,cellular response to lipopolysaccharide,GO:0071222,biological process,41,7.0,2.230e-01,2.531e-01,1.689e-01,5.394e-01,5.253e-02,1.449e-01,3.433e-01,1.877e-01,3.411e-01,8.105e-02,3.519e-01
MGI:1347244,AXL,905,multicellular organism development,GO:0007275,biological process,41,11.0,2.270e-01,2.360e-01,1.780e-01,5.257e-01,6.647e-02,1.243e-01,4.146e-01,1.354e-01,4.113e-01,7.601e-02,4.169e-01
MGI:1347244,AXL,905,nervous system development,GO:0007399,biological process,41,4.0,2.722e-01,2.653e-01,2.351e-01,4.774e-01,4.851e-02,1.734e-01,4.275e-01,1.678e-01,4.193e-01,1.286e-01,4.298e-01
MGI:1347244,AXL,905,negative regulation of type II interferon production,GO:0032689,biological process,41,4.0,2.758e-01,2.845e-01,2.308e-01,4.789e-01,5.560e-02,1.708e-01,4.453e-01,1.991e-01,4.066e-01,1.159e-01,4.595e-01
MGI:1347244,AXL,905,negative regulation of apoptotic process,GO:0043066,biological process,41,31.0,3.064e-01,3.038e-01,2.783e-01,4.488e-01,7.538e-03,2.884e-01,3.256e-01,2.767e-01,3.336e-01,2.563e-01,3.022e-01
MGI:1347244,AXL,905,cellular response to interferon-alpha,GO:0035457,biological process,41,3.0,3.079e-01,3.067e-01,2.781e-01,4.463e-01,2.995e-02,2.343e-01,4.045e-01,2.398e-01,3.924e-01,1.994e-01,3.880e-01
MGI:1347244,AXL,905,negative regulation of dendritic cell apoptotic process,GO:2000669,biological process,41,3.0,3.082e-01,3.026e-01,2.804e-01,4.472e-01,5.209e-03,2.929e-01,3.244e-01,2.784e-01,3.288e-01,2.648e-01,2.970e-01
MGI:1347244,AXL,905,cell maturation,GO:0048469,biological process,41,14.0,3.481e-01,3.477e-01,3.190e-01,4.105e-01,5.026e-02,2.300e-01,5.269e-01,2.332e-01,5.183e-01,1.968e-01,5.172e-01
MGI:96439,IGFBP4,5473,insulin-like growth factor II binding,GO:0031995,molecular function,5,2.0,2.937e-01,4.581e-01,2.529e-01,4.586e-01,5.973e-02,1.753e-01,4.922e-01,3.417e-01,6.142e-01,1.284e-01,4.980e-01
MGI:96439,IGFBP4,5473,insulin-like growth factor I binding,GO:0031994,molecular function,5,2.0,2.952e-01,4.581e-01,2.521e-01,4.577e-01,6.383e-02,1.707e-01,5.105e-01,3.417e-01,6.142e-01,1.216e-01,5.229e-01
MGI:96439,IGFBP4,5473,extracellular space,GO:0005615,cellular component,5,55.0,3.423e-01,4.815e-01,3.161e-01,4.177e-01,3.015e-02,2.638e-01,4.443e-01,3.958e-01,5.858e-01,2.307e-01,4.330e-01
MGI:96439,IGFBP4,5473,protein binding,GO:0005515,molecular function,5,373.0,4.554e-01,4.883e-01,4.388e-01,3.348e-01,3.118e-02,3.544e-01,5.853e-01,4.124e-01,5.781e-01,3.314e-01,5.810e-01
MGI:96439,IGFBP4,5473,regulation of insulin-like growth factor receptor signaling pathway,GO:0043567,biological process,5,4.0,5.254e-01,5.129e-01,5.129e-01,2.923e-01,9.565e-03,4.916e-01,5.614e-01,4.756e-01,5.531e-01,4.756e-01,5.531e-01
MGI:105062,AMHR2,465,"transforming growth factor beta receptor activity, type II",GO:0005026,molecular function,13,2.0,1.025e-01,6.622e-02,8.420e-03,9.201e-01,6.026e-03,9.761e-02,1.076e-01,5.307e-02,8.262e-02,6.278e-03,1.129e-02
MGI:105062,AMHR2,465,cellular response to growth factor stimulus,GO:0071363,biological process,13,13.0,1.036e-01,6.228e-02,1.256e-02,8.672e-01,4.398e-02,9.907e-02,1.083e-01,4.527e-02,8.567e-02,3.288e-03,4.794e-02
MGI:105062,AMHR2,465,anti-Mullerian hormone receptor activity,GO:1990272,molecular function,13,2.0,1.038e-01,8.276e-02,3.245e-02,7.871e-01,1.144e-02,9.661e-02,1.116e-01,7.845e-02,8.730e-02,2.631e-02,4.003e-02
MGI:105062,AMHR2,465,transforming growth factor beta receptor activity,GO:0005024,molecular function,13,5.0,1.074e-01,8.276e-02,3.895e-02,7.634e-01,1.852e-02,1.011e-01,1.140e-01,7.845e-02,8.730e-02,2.754e-02,5.507e-02
MGI:105062,AMHR2,465,protein phosphorylation,GO:0006468,biological process,13,21.0,1.104e-01,7.775e-02,2.525e-02,8.092e-01,5.416e-02,9.759e-02,1.249e-01,6.249e-02,9.673e-02,8.258e-03,7.719e-02
MGI:105062,AMHR2,465,receptor complex,GO:0043235,cellular component,13,28.0,1.106e-01,8.499e-02,4.474e-02,7.454e-01,1.405e-02,9.735e-02,1.255e-01,7.664e-02,9.425e-02,3.432e-02,5.833e-02
MGI:105062,AMHR2,465,anti-Mullerian hormone signaling pathway,GO:1990262,biological process,13,2.0,1.180e-01,9.487e-02,4.572e-02,7.413e-01,4.357e-02,9.223e-02,1.509e-01,7.397e-02,1.217e-01,2.076e-02,1.007e-01
MGI:105062,AMHR2,465,BMP signaling pathway,GO:0030509,biological process,13,2.0,1.182e-01,9.346e-02,5.552e-02,7.174e-01,1.085e-02,1.093e-01,1.278e-01,7.784e-02,1.122e-01,4.586e-02,6.721e-02
MGI:105062,AMHR2,465,hormone binding,GO:0042562,molecular function,13,16.0,1.207e-01,9.760e-02,5.473e-02,7.176e-01,3.154e-02,9.960e-02,1.462e-01,7.074e-02,1.347e-01,3.132e-02,9.563e-02
MGI:105062,AMHR2,465,blood vessel development,GO:0001568,biological process,13,8.0,1.601e-01,1.291e-01,1.043e-01,6.221e-01,4.551e-02,1.079e-01,2.375e-01,7.817e-02,2.131e-01,5.160e-02,2.110e-01
MGI:105062,AMHR2,465,protein homodimerization activity,GO:0042803,molecular function,13,14.0,1.785e-01,1.524e-01,1.288e-01,5.929e-01,2.024e-02,1.528e-01,2.084e-01,1.147e-01,2.025e-01,9.616e-02,1.724e-01
MGI:105062,AMHR2,465,plasma membrane,GO:0005886,cellular component,13,93.0,1.882e-01,1.555e-01,1.394e-01,5.788e-01,2.612e-02,1.520e-01,2.330e-01,1.128e-01,2.144e-01,9.665e-02,2.011e-01
MGI:105062,AMHR2,465,protein binding,GO:0005515,molecular function,13,373.0,2.251e-01,1.912e-01,1.862e-01,5.291e-01,1.173e-02,2.033e-01,2.492e-01,1.684e-01,2.171e-01,1.606e-01,2.159e-01
MGI:1928745,SLC4A8,11034,sodium:bicarbonate symporter activity,GO:0008510,molecular function,21,3.0,1.025e-01,3.673e-02,9.078e-03,9.120e-01,1.421e-02,9.761e-02,1.076e-01,2.328e-02,5.794e-02,5.150e-03,1.600e-02
MGI:1928745,SLC4A8,11034,bicarbonate transmembrane transporter activity,GO:0015106,molecular function,21,7.0,1.025e-01,3.673e-02,1.281e-02,8.733e-01,2.966e-02,9.761e-02,1.076e-01,2.328e-02,5.794e-02,4.443e-03,3.696e-02
MGI:1928745,SLC4A8,11034,dendrite,GO:0030425,cellular component,21,13.0,1.025e-01,3.673e-02,2.154e-02,8.399e-01,8.324e-03,9.761e-02,1.076e-01,2.328e-02,5.794e-02,1.837e-02,2.526e-02
MGI:1928745,SLC4A8,11034,sodium ion transmembrane transport,GO:0035725,biological process,21,6.0,1.026e-01,3.673e-02,2.240e-02,8.333e-01,2.147e-02,9.776e-02,1.077e-01,2.328e-02,5.794e-02,1.479e-02,3.394e-02
MGI:1928745,SLC4A8,11034,regulation of intracellular pH,GO:0051453,biological process,21,9.0,1.029e-01,3.673e-02,2.317e-02,8.286e-01,2.400e-02,9.821e-02,1.078e-01,2.328e-02,5.794e-02,1.451e-02,3.700e-02
MGI:1928745,SLC4A8,11034,bicarbonate transport,GO:0015701,biological process,21,3.0,1.030e-01,3.673e-02,2.404e-02,8.255e-01,2.109e-02,9.833e-02,1.078e-01,2.328e-02,5.794e-02,1.627e-02,3.553e-02
MGI:1928745,SLC4A8,11034,plasma membrane,GO:0005886,cellular component,21,93.0,1.032e-01,4.013e-02,2.257e-02,8.321e-01,2.550e-02,9.886e-02,1.077e-01,2.643e-02,6.091e-02,1.386e-02,3.675e-02
MGI:1928745,SLC4A8,11034,chloride transmembrane transporter activity,GO:0015108,molecular function,21,10.0,1.047e-01,3.673e-02,1.876e-02,8.475e-01,4.045e-02,9.965e-02,1.100e-01,2.328e-02,5.794e-02,8.037e-03,4.378e-02
MGI:1928745,SLC4A8,11034,chloride transmembrane transport,GO:1902476,biological process,21,5.0,1.047e-01,3.673e-02,2.401e-02,8.234e-01,3.281e-02,9.965e-02,1.101e-01,2.328e-02,5.794e-02,1.261e-02,4.572e-02
MGI:1928745,SLC4A8,11034,sodium ion transmembrane transporter activity,GO:0015081,molecular function,21,14.0,1.058e-01,3.689e-02,2.731e-02,8.092e-01,3.091e-02,9.951e-02,1.125e-01,2.319e-02,5.868e-02,1.529e-02,4.878e-02
MGI:1928745,SLC4A8,11034,transmembrane transport,GO:0055085,biological process,21,52.0,1.084e-01,4.189e-02,3.830e-02,7.656e-01,2.344e-02,9.829e-02,1.197e-01,2.929e-02,5.993e-02,2.480e-02,5.913e-02
MGI:1928745,SLC4A8,11034,regulation of membrane potential,GO:0042391,biological process,21,25.0,2.012e-01,1.413e-01,1.405e-01,5.642e-01,7.474e-02,1.039e-01,3.897e-01,5.176e-02,3.855e-01,5.098e-02,3.870e-01
MGI:3027157,KNG1,6383,collagen-containing extracellular matrix,GO:0062023,cellular component,25,32.0,1.025e-01,6.570e-02,2.210e-02,8.363e-01,1.314e-02,9.761e-02,1.076e-01,4.254e-02,1.015e-01,1.725e-02,2.832e-02
MGI:3027157,KNG1,6383,cysteine-type endopeptidase inhibitor activity,GO:0004869,molecular function,25,3.0,1.025e-01,6.570e-02,2.423e-02,8.250e-01,7.745e-03,9.761e-02,1.076e-01,4.254e-02,1.015e-01,2.095e-02,2.803e-02
MGI:3027157,KNG1,6383,extracellular space,GO:0005615,cellular component,25,55.0,1.025e-01,6.570e-02,2.219e-02,8.344e-01,2.115e-02,9.762e-02,1.076e-01,4.254e-02,1.015e-01,1.468e-02,3.354e-02
MGI:3027157,KNG1,6383,extracellular exosome,GO:0070062,cellular component,25,88.0,1.035e-01,6.845e-02,2.808e-02,8.048e-01,2.532e-02,9.961e-02,1.076e-01,4.655e-02,1.006e-01,1.745e-02,4.520e-02
MGI:3027157,KNG1,6383,extracellular region,GO:0005576,cellular component,25,22.0,1.041e-01,6.570e-02,3.167e-02,7.902e-01,1.339e-02,9.944e-02,1.090e-01,4.254e-02,1.015e-01,2.471e-02,4.059e-02
MGI:3027157,KNG1,6383,protein binding,GO:0005515,molecular function,25,373.0,1.049e-01,7.096e-02,3.155e-02,7.907e-01,2.201e-02,1.005e-01,1.095e-01,4.990e-02,1.009e-01,2.087e-02,4.769e-02
MGI:3027157,KNG1,6383,blood microparticle,GO:0072562,cellular component,25,6.0,1.071e-01,6.771e-02,3.360e-02,7.828e-01,2.675e-02,9.890e-02,1.160e-01,4.138e-02,1.108e-01,2.046e-02,5.519e-02
MGI:3027157,KNG1,6383,signaling receptor binding,GO:0005102,molecular function,25,66.0,1.174e-01,7.743e-02,5.342e-02,7.221e-01,1.919e-02,1.052e-01,1.309e-01,5.440e-02,1.102e-01,3.768e-02,7.575e-02
MGI:3027157,KNG1,6383,hormone activity,GO:0005179,molecular function,25,16.0,1.264e-01,8.679e-02,6.180e-02,7.008e-01,3.312e-02,1.051e-01,1.519e-01,5.844e-02,1.289e-01,3.432e-02,1.113e-01
MGI:3027157,KNG1,6383,negative regulation of endopeptidase activity,GO:0010951,biological process,25,8.0,1.306e-01,8.597e-02,4.025e-02,7.401e-01,7.620e-02,9.970e-02,1.710e-01,4.867e-02,1.518e-01,7.986e-03,2.029e-01
MGI:3027157,KNG1,6383,negative regulation of proteolysis,GO:0045861,biological process,25,7.0,1.314e-01,8.786e-02,3.994e-02,7.372e-01,8.088e-02,9.471e-02,1.824e-01,4.925e-02,1.567e-01,7.182e-03,2.221e-01
MGI:3027157,KNG1,6383,negative regulation of blood coagulation,GO:0030195,biological process,25,11.0,1.343e-01,8.597e-02,6.179e-02,6.990e-01,5.369e-02,9.979e-02,1.808e-01,4.867e-02,1.518e-01,2.382e-02,1.603e-01
MGI:3027157,KNG1,6383,positive regulation of cytosolic calcium ion concentration,GO:0007204,biological process,25,10.0,1.376e-01,9.045e-02,7.546e-02,6.730e-01,3.403e-02,1.106e-01,1.712e-01,6.164e-02,1.327e-01,4.221e-02,1.349e-01
MGI:3027157,KNG1,6383,negative regulation of cell adhesion,GO:0007162,biological process,25,11.0,1.442e-01,9.267e-02,7.374e-02,6.716e-01,5.880e-02,9.662e-02,2.153e-01,4.703e-02,1.826e-01,2.733e-02,1.989e-01
MGI:3027157,KNG1,6383,vasodilation,GO:0042311,biological process,25,11.0,1.466e-01,1.080e-01,9.141e-02,6.473e-01,1.429e-02,1.286e-01,1.670e-01,1.015e-01,1.150e-01,7.234e-02,1.155e-01
MGI:1921241,ATL1,11231,endoplasmic reticulum tubular network membrane,GO:0098826,cellular component,10,2.0,1.050e-01,1.988e-01,3.051e-02,7.948e-01,2.637e-02,1.002e-01,1.101e-01,1.287e-01,3.069e-01,1.863e-02,4.995e-02
MGI:1921241,ATL1,11231,endoplasmic reticulum tubular network membrane organization,GO:1990809,biological process,10,3.0,1.281e-01,1.988e-01,6.447e-02,6.953e-01,3.313e-02,1.013e-01,1.620e-01,1.287e-01,3.069e-01,3.558e-02,1.168e-01
MGI:1921241,ATL1,11231,endoplasmic reticulum organization,GO:0007029,biological process,10,9.0,1.390e-01,1.988e-01,8.099e-02,6.633e-01,3.046e-02,1.067e-01,1.811e-01,1.287e-01,3.069e-01,4.893e-02,1.341e-01
MGI:1921241,ATL1,11231,protein homooligomerization,GO:0051260,biological process,10,4.0,1.510e-01,1.988e-01,8.805e-02,6.474e-01,4.882e-02,1.012e-01,2.252e-01,1.287e-01,3.069e-01,4.104e-02,1.889e-01
MGI:1921241,ATL1,11231,GTPase activity,GO:0003924,molecular function,10,7.0,1.916e-01,2.099e-01,1.333e-01,5.779e-01,6.156e-02,1.105e-01,3.321e-01,1.314e-01,3.353e-01,5.716e-02,3.107e-01
MGI:1921241,ATL1,11231,identical protein binding,GO:0042802,molecular function,10,28.0,1.945e-01,2.280e-01,1.514e-01,5.662e-01,1.250e-02,1.724e-01,2.194e-01,1.922e-01,2.706e-01,1.271e-01,1.803e-01
MGI:1921241,ATL1,11231,membrane,GO:0016020,cellular component,10,60.0,2.068e-01,2.208e-01,1.653e-01,5.500e-01,1.875e-02,1.734e-01,2.466e-01,1.752e-01,2.784e-01,1.291e-01,2.116e-01
MGI:1921241,ATL1,11231,endoplasmic reticulum,GO:0005783,cellular component,10,24.0,2.129e-01,2.208e-01,1.704e-01,5.445e-01,2.032e-02,1.760e-01,2.575e-01,1.752e-01,2.784e-01,1.294e-01,2.242e-01
MGI:1921241,ATL1,11231,GTP binding,GO:0005525,molecular function,10,9.0,2.153e-01,2.026e-01,1.650e-01,5.442e-01,5.074e-02,1.370e-01,3.385e-01,1.332e-01,3.080e-01,8.073e-02,3.371e-01
MGI:1921241,ATL1,11231,protein binding,GO:0005515,molecular function,10,373.0,2.454e-01,2.486e-01,2.099e-01,5.060e-01,1.474e-02,2.149e-01,2.802e-01,2.346e-01,2.634e-01,1.755e-01,2.511e-01
MGI:1917631,TECPR1,22214,macroautophagy,GO:0016236,biological process,10,13.0,1.226e-01,1.944e-01,6.089e-02,7.050e-01,1.421e-02,1.092e-01,1.376e-01,1.875e-01,2.015e-01,4.737e-02,7.826e-02
MGI:1917631,TECPR1,22214,autophagy,GO:0006914,biological process,10,9.0,1.306e-01,1.944e-01,6.809e-02,6.874e-01,3.354e-02,1.025e-01,1.664e-01,1.875e-01,2.015e-01,3.893e-02,1.191e-01
MGI:1917631,TECPR1,22214,intracellular membrane-bounded organelle,GO:0043231,cellular component,10,58.0,1.339e-01,1.944e-01,7.273e-02,6.794e-01,2.645e-02,1.148e-01,1.560e-01,1.875e-01,2.015e-01,4.633e-02,1.142e-01
MGI:1917631,TECPR1,22214,phosphatidylinositol-3-phosphate binding,GO:0032266,molecular function,10,3.0,1.456e-01,1.944e-01,8.921e-02,6.511e-01,1.478e-02,1.323e-01,1.603e-01,1.875e-01,2.015e-01,7.058e-02,1.128e-01
MGI:1917631,TECPR1,22214,autophagosome membrane,GO:0000421,cellular component,10,5.0,2.048e-01,2.636e-01,1.620e-01,5.517e-01,3.250e-02,1.508e-01,2.781e-01,1.884e-01,3.687e-01,1.055e-01,2.488e-01
MGI:1917631,TECPR1,22214,lysosomal membrane,GO:0005765,cellular component,10,15.0,2.228e-01,2.819e-01,1.761e-01,5.320e-01,5.244e-02,1.380e-01,3.595e-01,1.875e-01,4.239e-01,8.543e-02,3.630e-01
MGI:1917631,TECPR1,22214,protein binding,GO:0005515,molecular function,10,373.0,3.248e-01,3.573e-01,2.942e-01,4.309e-01,4.335e-02,2.233e-01,4.726e-01,2.878e-01,4.436e-01,1.864e-01,4.644e-01
MGI:1917631,TECPR1,22214,nucleoplasm,GO:0005654,cellular component,10,49.0,3.258e-01,3.573e-01,2.976e-01,4.317e-01,2.841e-02,2.559e-01,4.149e-01,2.878e-01,4.436e-01,2.219e-01,3.991e-01
MGI:1917631,TECPR1,22214,regulation of autophagosome maturation,GO:1901096,biological process,10,6.0,3.320e-01,3.337e-01,2.950e-01,4.208e-01,6.933e-02,1.775e-01,6.210e-01,1.897e-01,5.871e-01,1.334e-01,6.524e-01
MGI:1917631,TECPR1,22214,autophagosome maturation,GO:0097352,biological process,10,2.0,3.435e-01,3.708e-01,3.178e-01,4.179e-01,2.204e-02,2.823e-01,4.179e-01,3.117e-01,4.410e-01,2.529e-01,3.994e-01
MGI:2449973,TBC1D17,25699,"retrograde transport, endosome to Golgi",GO:0042147,biological process,5,6.0,1.085e-01,9.017e-02,3.406e-02,7.809e-01,3.072e-02,9.799e-02,1.202e-01,4.570e-02,1.779e-01,1.931e-02,6.008e-02
MGI:2449973,TBC1D17,25699,activation of GTPase activity,GO:0090630,biological process,5,4.0,1.262e-01,9.017e-02,3.016e-02,7.841e-01,8.551e-02,8.541e-02,1.866e-01,4.570e-02,1.779e-01,6.499e-03,1.399e-01
MGI:2449973,TBC1D17,25699,protein binding,GO:0005515,molecular function,5,373.0,1.667e-01,1.662e-01,1.172e-01,6.089e-01,1.070e-02,1.485e-01,1.871e-01,1.517e-01,1.820e-01,9.977e-02,1.377e-01
MGI:2449973,TBC1D17,25699,cytosol,GO:0005829,cellular component,5,76.0,1.890e-01,1.693e-01,1.445e-01,5.744e-01,4.228e-03,1.795e-01,1.990e-01,1.536e-01,1.866e-01,1.363e-01,1.533e-01
MGI:2449973,TBC1D17,25699,GTPase activator activity,GO:0005096,molecular function,5,7.0,2.508e-01,2.194e-01,2.096e-01,5.032e-01,3.569e-02,1.821e-01,3.453e-01,1.521e-01,3.167e-01,1.332e-01,3.298e-01
MGI:1914470,PLEKHO1,24310,ruffle membrane,GO:0032587,cellular component,4,5.0,1.267e-01,1.054e-01,4.751e-02,7.320e-01,6.428e-02,8.880e-02,1.808e-01,3.878e-02,2.863e-01,1.556e-02,1.451e-01
MGI:1914470,PLEKHO1,24310,muscle cell projection membrane,GO:0036195,cellular component,4,2.0,1.595e-01,1.203e-01,9.024e-02,6.388e-01,6.711e-02,9.925e-02,2.564e-01,3.936e-02,3.678e-01,2.952e-02,2.758e-01
MGI:1914470,PLEKHO1,24310,regulation of myoblast fusion,GO:1901739,biological process,4,4.0,1.677e-01,1.367e-01,7.634e-02,6.466e-01,1.126e-01,7.357e-02,3.821e-01,3.685e-02,5.067e-01,1.416e-02,4.115e-01
MGI:1914470,PLEKHO1,24310,protein binding,GO:0005515,molecular function,4,373.0,2.607e-01,2.620e-01,2.224e-01,4.921e-01,3.240e-02,1.945e-01,3.496e-01,2.346e-01,2.926e-01,1.486e-01,3.329e-01
MGI:3651543,SUSD1,25413,,,,0,nan,,,,,,,,,,,
MGI:1919347,CRACDL,33454,,,,0,nan,,,,,,,,,,,
MGI:1914515,SLC39A10,20861,monoatomic cation:bicarbonate symporter activity,GO:0140410,molecular function,10,5.0,1.025e-01,3.166e-02,1.394e-02,8.847e-01,1.416e-02,9.761e-02,1.076e-01,2.133e-02,4.700e-02,9.841e-03,1.976e-02
MGI:1914515,SLC39A10,20861,zinc ion import across plasma membrane,GO:0071578,biological process,10,3.0,1.025e-01,3.166e-02,2.007e-02,8.488e-01,3.087e-03,9.761e-02,1.076e-01,2.133e-02,4.700e-02,1.894e-02,2.127e-02
MGI:1914515,SLC39A10,20861,apical plasma membrane,GO:0016324,cellular component,10,6.0,1.025e-01,3.166e-02,2.171e-02,8.389e-01,7.644e-03,9.761e-02,1.076e-01,2.133e-02,4.700e-02,1.876e-02,2.512e-02
MGI:1914515,SLC39A10,20861,plasma membrane,GO:0005886,cellular component,10,93.0,1.025e-01,3.166e-02,2.407e-02,8.255e-01,8.674e-03,9.761e-02,1.076e-01,2.133e-02,4.700e-02,2.043e-02,2.837e-02
MGI:1914515,SLC39A10,20861,protein binding,GO:0005515,molecular function,10,373.0,1.026e-01,3.166e-02,2.532e-02,8.189e-01,1.621e-02,9.776e-02,1.076e-01,2.133e-02,4.700e-02,1.867e-02,3.432e-02
MGI:1914515,SLC39A10,20861,zinc ion transmembrane transport,GO:0071577,biological process,10,8.0,1.030e-01,3.166e-02,2.750e-02,8.083e-01,1.498e-02,9.856e-02,1.076e-01,2.133e-02,4.700e-02,2.083e-02,3.631e-02
MGI:1914515,SLC39A10,20861,zinc ion transmembrane transporter activity,GO:0005385,molecular function,10,6.0,1.049e-01,3.290e-02,2.296e-02,8.295e-01,3.528e-02,1.005e-01,1.095e-01,2.061e-02,5.251e-02,1.168e-02,4.514e-02
MGI:1914515,SLC39A10,20861,epithelial to mesenchymal transition,GO:0001837,biological process,10,7.0,1.256e-01,4.566e-02,3.194e-02,7.767e-01,8.143e-02,8.664e-02,1.820e-01,1.517e-02,1.374e-01,7.229e-03,1.412e-01
MGI:1921591,TMEM102,26722,positive regulation of cell adhesion,GO:0045785,biological process,9,9.0,1.681e-01,3.257e-01,1.168e-01,6.093e-01,1.444e-02,1.524e-01,1.855e-01,2.119e-01,5.006e-01,9.403e-02,1.450e-01
MGI:1921591,TMEM102,26722,cell surface,GO:0009986,cellular component,9,22.0,1.739e-01,3.257e-01,1.256e-01,5.957e-01,2.978e-02,1.319e-01,2.294e-01,2.119e-01,5.006e-01,8.252e-02,1.913e-01
MGI:1921591,TMEM102,26722,protein binding,GO:0005515,molecular function,9,373.0,2.281e-01,3.532e-01,1.811e-01,5.275e-01,5.002e-02,1.447e-01,3.595e-01,1.993e-01,6.257e-01,9.340e-02,3.510e-01
MGI:1921591,TMEM102,26722,regulation of mitochondrial outer membrane permeabilization involved in apoptotic signaling pathway,GO:1901028,biological process,9,6.0,2.397e-01,3.641e-01,1.494e-01,5.363e-01,1.088e-01,1.067e-01,5.385e-01,2.039e-01,6.501e-01,3.054e-02,7.308e-01
MGI:1921591,TMEM102,26722,positive regulation of T cell migration,GO:2000406,biological process,9,6.0,3.031e-01,3.635e-01,2.667e-01,4.473e-01,6.004e-02,1.788e-01,5.138e-01,1.977e-01,6.683e-01,1.401e-01,5.076e-01
MGI:1921591,TMEM102,26722,signal transduction,GO:0007165,biological process,9,50.0,3.245e-01,4.079e-01,2.895e-01,4.295e-01,5.963e-02,1.924e-01,5.473e-01,2.229e-01,7.465e-01,1.546e-01,5.420e-01
MGI:1921591,TMEM102,26722,response to cytokine,GO:0034097,biological process,9,33.0,3.661e-01,4.396e-01,3.135e-01,3.859e-01,1.056e-01,1.505e-01,8.906e-01,2.167e-01,8.920e-01,9.961e-02,9.866e-01
MGI:1921591,TMEM102,26722,protein-containing complex,GO:0032991,cellular component,9,295.0,4.474e-01,4.928e-01,4.190e-01,3.180e-01,9.593e-02,2.225e-01,8.998e-01,2.926e-01,8.300e-01,1.898e-01,9.251e-01
MGI:2179523,FCGR3B,3620,GPI anchor binding,GO:0034235,molecular function,7,4.0,1.249e-01,1.987e-01,5.885e-02,7.056e-01,4.430e-02,8.834e-02,1.765e-01,8.396e-02,4.704e-01,2.763e-02,1.253e-01
MGI:2179523,FCGR3B,3620,cell surface receptor signaling pathway,GO:0007166,biological process,7,32.0,1.264e-01,1.987e-01,6.250e-02,6.980e-01,4.012e-02,9.156e-02,1.746e-01,8.396e-02,4.704e-01,3.147e-02,1.242e-01
MGI:2179523,FCGR3B,3620,IgG receptor activity,GO:0019770,molecular function,7,4.0,2.317e-01,2.936e-01,1.857e-01,5.185e-01,6.466e-02,1.282e-01,4.189e-01,1.509e-01,5.711e-01,8.460e-02,4.075e-01
MGI:2179523,FCGR3B,3620,plasma membrane,GO:0005886,cellular component,7,93.0,2.413e-01,2.778e-01,1.952e-01,5.117e-01,5.581e-02,1.456e-01,4.001e-01,1.251e-01,6.168e-01,9.569e-02,3.981e-01
MGI:2179523,FCGR3B,3620,external side of plasma membrane,GO:0009897,cellular component,7,15.0,2.556e-01,2.547e-01,1.755e-01,4.938e-01,1.289e-01,9.060e-02,7.213e-01,8.585e-02,7.556e-01,3.640e-02,8.457e-01
MGI:2179523,FCGR3B,3620,extracellular exosome,GO:0070062,cellular component,7,88.0,2.578e-01,2.778e-01,2.109e-01,4.935e-01,6.531e-02,1.433e-01,4.637e-01,1.251e-01,6.168e-01,9.466e-02,4.697e-01
MGI:2179523,FCGR3B,3620,antibody-dependent cellular cytotoxicity,GO:0001788,biological process,7,3.0,4.110e-01,3.940e-01,3.838e-01,3.600e-01,6.314e-02,2.426e-01,6.961e-01,2.065e-01,7.518e-01,2.089e-01,7.049e-01
MGI:88342,CD68,1693,lysosomal membrane,GO:0005765,cellular component,6,15.0,1.025e-01,5.198e-02,1.320e-02,8.874e-01,1.686e-02,9.761e-02,1.076e-01,3.080e-02,8.770e-02,8.509e-03,2.048e-02
MGI:88342,CD68,1693,late endosome membrane,GO:0031902,cellular component,6,5.0,1.051e-01,5.198e-02,2.887e-02,8.014e-01,3.010e-02,9.966e-02,1.108e-01,3.080e-02,8.770e-02,1.626e-02,5.126e-02
MGI:88342,CD68,1693,plasma membrane,GO:0005886,cellular component,6,93.0,1.094e-01,5.399e-02,3.505e-02,7.772e-01,3.206e-02,9.172e-02,1.305e-01,3.018e-02,9.659e-02,1.945e-02,6.318e-02
MGI:88342,CD68,1693,protein binding,GO:0005515,molecular function,6,373.0,1.145e-01,5.399e-02,4.634e-02,7.399e-01,3.111e-02,9.104e-02,1.439e-01,3.018e-02,9.659e-02,2.635e-02,8.148e-02
MGI:88342,CD68,1693,establishment of protein localization to organelle,GO:0072594,biological process,6,17.0,1.223e-01,5.637e-02,4.948e-02,7.306e-01,4.628e-02,9.728e-02,1.537e-01,3.105e-02,1.024e-01,2.125e-02,1.152e-01
MGI:1915485,MTURN,25457,positive regulation of ERK1 and ERK2 cascade,GO:0070374,biological process,7,12.0,2.073e-01,6.437e-01,1.611e-01,5.534e-01,2.821e-02,1.595e-01,2.694e-01,5.526e-01,7.499e-01,1.112e-01,2.335e-01
MGI:1915485,MTURN,25457,positive regulation of JNK cascade,GO:0046330,biological process,7,3.0,3.930e-01,6.437e-01,3.709e-01,3.752e-01,4.627e-02,2.703e-01,5.714e-01,5.526e-01,7.499e-01,2.456e-01,5.600e-01
MGI:1915485,MTURN,25457,positive regulation of megakaryocyte differentiation,GO:0045654,biological process,7,3.0,4.045e-01,6.605e-01,3.777e-01,3.606e-01,7.161e-02,2.358e-01,6.938e-01,5.411e-01,8.063e-01,2.057e-01,6.936e-01
MGI:1915485,MTURN,25457,negative regulation of NF-kappaB transcription factor activity,GO:0032088,biological process,7,4.0,4.383e-01,6.437e-01,4.133e-01,3.398e-01,6.389e-02,2.572e-01,7.467e-01,5.526e-01,7.499e-01,2.250e-01,7.594e-01
MGI:1915485,MTURN,25457,protein binding,GO:0005515,molecular function,7,373.0,5.056e-01,6.437e-01,4.918e-01,3.029e-01,2.622e-02,4.138e-01,6.178e-01,5.526e-01,7.499e-01,3.982e-01,6.075e-01
MGI:1915485,MTURN,25457,cytoplasm,GO:0005737,cellular component,7,99.0,5.447e-01,6.463e-01,5.335e-01,2.794e-01,1.515e-02,4.883e-01,6.075e-01,5.582e-01,7.482e-01,4.767e-01,5.971e-01
MGI:1915485,MTURN,25457,regulation of signaling,GO:0023051,biological process,7,15.0,6.799e-01,6.738e-01,6.738e-01,1.916e-01,3.266e-02,5.719e-01,8.084e-01,5.638e-01,8.054e-01,5.638e-01,8.054e-01
MGI:1919148,APOL2,619,membrane,GO:0016020,cellular component,6,60.0,1.025e-01,1.724e-02,1.100e-02,8.760e-01,3.961e-02,9.761e-02,1.076e-01,4.308e-03,6.902e-02,2.691e-03,4.496e-02
MGI:1919148,APOL2,619,protein binding,GO:0005515,molecular function,6,373.0,1.025e-01,1.724e-02,1.145e-02,8.552e-01,4.500e-02,9.762e-02,1.076e-01,4.308e-03,6.902e-02,1.810e-03,7.245e-02
MGI:1919148,APOL2,619,lipid binding,GO:0008289,molecular function,6,16.0,1.036e-01,2.911e-02,2.019e-02,8.376e-01,3.534e-02,9.907e-02,1.083e-01,2.175e-02,3.898e-02,9.061e-03,4.497e-02
MGI:2444572,BEND6,20871,positive regulation of neuron differentiation,GO:0045666,biological process,6,11.0,1.304e-01,1.756e-01,6.748e-02,6.889e-01,3.170e-02,1.013e-01,1.678e-01,1.160e-01,2.658e-01,3.853e-02,1.182e-01
MGI:2444572,BEND6,20871,negative regulation of Notch signaling pathway,GO:0045746,biological process,6,5.0,1.523e-01,1.756e-01,9.569e-02,6.370e-01,3.800e-02,1.114e-01,2.082e-01,1.160e-01,2.658e-01,5.141e-02,1.781e-01
MGI:2444572,BEND6,20871,nucleus,GO:0005634,cellular component,6,87.0,1.841e-01,1.756e-01,1.377e-01,5.809e-01,2.710e-02,1.433e-01,2.365e-01,1.160e-01,2.658e-01,9.483e-02,2.000e-01
MGI:2444572,BEND6,20871,transcription corepressor activity,GO:0003714,molecular function,6,4.0,2.292e-01,1.903e-01,1.903e-01,5.229e-01,2.973e-02,1.734e-01,3.031e-01,1.307e-01,2.772e-01,1.307e-01,2.772e-01
MGI:2683546,SSH3,30581,actin binding,GO:0003779,molecular function,11,7.0,1.055e-01,1.074e-01,3.232e-02,7.878e-01,2.345e-02,1.005e-01,1.108e-01,9.389e-02,1.228e-01,2.085e-02,5.009e-02
MGI:2683546,SSH3,30581,phosphoprotein phosphatase activity,GO:0004721,molecular function,11,20.0,1.123e-01,1.074e-01,4.422e-02,7.474e-01,2.515e-02,9.887e-02,1.276e-01,9.389e-02,1.228e-01,2.774e-02,7.049e-02
MGI:2683546,SSH3,30581,actin cytoskeleton organization,GO:0030036,biological process,11,14.0,1.207e-01,1.079e-01,5.872e-02,7.100e-01,1.513e-02,1.111e-01,1.312e-01,9.519e-02,1.222e-01,4.477e-02,7.701e-02
MGI:2683546,SSH3,30581,negative regulation of actin filament polymerization,GO:0030837,biological process,11,7.0,1.557e-01,1.340e-01,9.674e-02,6.346e-01,4.149e-02,1.099e-01,2.207e-01,9.492e-02,1.890e-01,5.040e-02,1.857e-01
MGI:2683546,SSH3,30581,protein binding,GO:0005515,molecular function,11,373.0,1.649e-01,1.284e-01,1.129e-01,6.125e-01,3.356e-02,1.217e-01,2.233e-01,8.363e-02,1.970e-01,6.940e-02,1.837e-01
MGI:2683546,SSH3,30581,cytoplasm,GO:0005737,cellular component,11,99.0,1.711e-01,1.284e-01,1.208e-01,6.014e-01,3.346e-02,1.260e-01,2.322e-01,8.363e-02,1.970e-01,7.502e-02,1.945e-01
MGI:2686058,NEIL2,18956,base-excision repair,GO:0006284,biological process,7,3.0,1.498e-01,2.573e-01,9.342e-02,6.439e-01,1.844e-02,1.312e-01,1.710e-01,1.471e-01,4.501e-01,7.016e-02,1.244e-01
MGI:2686058,NEIL2,18956,DNA-(apurinic or apyrimidinic site) endonuclease activity,GO:0003906,molecular function,7,5.0,1.546e-01,2.573e-01,9.621e-02,6.368e-01,3.480e-02,1.219e-01,1.960e-01,1.471e-01,4.501e-01,5.478e-02,1.690e-01
MGI:2686058,NEIL2,18956,intracellular membrane-bounded organelle,GO:0043231,cellular component,7,58.0,1.633e-01,2.573e-01,1.040e-01,6.233e-01,4.166e-02,1.168e-01,2.282e-01,1.471e-01,4.501e-01,5.574e-02,1.941e-01
MGI:2686058,NEIL2,18956,nucleus,GO:0005634,cellular component,7,87.0,2.368e-01,2.922e-01,1.959e-01,5.167e-01,3.361e-02,1.734e-01,3.234e-01,1.936e-01,4.411e-01,1.298e-01,2.955e-01
MGI:2686058,NEIL2,18956,nucleoplasm,GO:0005654,cellular component,7,49.0,2.751e-01,2.953e-01,2.422e-01,4.770e-01,1.905e-02,2.298e-01,3.294e-01,1.954e-01,4.465e-01,1.941e-01,3.023e-01
MGI:2686058,NEIL2,18956,DNA N-glycosylase activity,GO:0019104,molecular function,7,8.0,2.771e-01,2.751e-01,2.231e-01,4.781e-01,7.525e-02,1.465e-01,5.240e-01,1.516e-01,4.991e-01,8.754e-02,5.688e-01
MGI:2686058,NEIL2,18956,protein binding,GO:0005515,molecular function,7,373.0,3.226e-01,3.000e-01,2.930e-01,4.328e-01,3.971e-02,2.261e-01,4.603e-01,1.935e-01,4.653e-01,1.903e-01,4.509e-01
MGI:2444054,ARL11,24046,vesicle-mediated transport,GO:0016192,biological process,5,26.0,1.046e-01,9.064e-02,2.531e-02,8.178e-01,3.017e-02,9.579e-02,1.141e-01,4.163e-02,1.973e-01,1.414e-02,4.529e-02
MGI:2444054,ARL11,24046,intracellular protein transport,GO:0006886,biological process,5,25.0,1.132e-01,9.064e-02,3.859e-02,7.640e-01,4.088e-02,8.877e-02,1.443e-01,4.163e-02,1.973e-01,1.839e-02,8.099e-02
MGI:2444054,ARL11,24046,GTP binding,GO:0005525,molecular function,5,9.0,1.406e-01,1.096e-01,7.492e-02,6.688e-01,5.819e-02,8.977e-02,2.203e-01,5.230e-02,2.295e-01,2.886e-02,1.945e-01
MGI:2444054,ARL11,24046,protein binding,GO:0005515,molecular function,5,373.0,1.875e-01,1.538e-01,1.422e-01,5.767e-01,1.570e-02,1.616e-01,2.175e-01,1.142e-01,2.072e-01,1.141e-01,1.774e-01
MGI:2444054,ARL11,24046,cytoplasm,GO:0005737,cellular component,5,99.0,1.949e-01,1.538e-01,1.504e-01,5.662e-01,2.423e-02,1.563e-01,2.430e-01,1.142e-01,2.072e-01,1.073e-01,2.108e-01
MGI:88348,CD9,1709,focal adhesion,GO:0005925,cellular component,16,18.0,1.025e-01,4.618e-02,1.733e-02,8.656e-01,5.332e-03,9.761e-02,1.076e-01,3.292e-02,6.476e-02,1.546e-02,1.943e-02
MGI:88348,CD9,1709,integrin binding,GO:0005178,molecular function,16,16.0,1.025e-01,4.618e-02,1.704e-02,8.640e-01,1.883e-02,9.761e-02,1.076e-01,3.292e-02,6.476e-02,1.118e-02,2.598e-02
MGI:88348,CD9,1709,extracellular vesicle,GO:1903561,cellular component,16,13.0,1.025e-01,4.618e-02,1.521e-02,8.608e-01,3.251e-02,9.761e-02,1.076e-01,3.292e-02,6.476e-02,5.857e-03,3.951e-02
MGI:88348,CD9,1709,cell adhesion,GO:0007155,biological process,16,15.0,1.029e-01,4.732e-02,3.117e-02,7.922e-01,7.242e-03,9.830e-02,1.077e-01,3.445e-02,6.498e-02,2.737e-02,3.550e-02
MGI:88348,CD9,1709,extracellular exosome,GO:0070062,cellular component,16,88.0,1.032e-01,4.792e-02,3.246e-02,7.868e-01,7.009e-03,9.886e-02,1.077e-01,3.511e-02,6.541e-02,2.858e-02,3.687e-02
MGI:88348,CD9,1709,extracellular space,GO:0005615,cellular component,16,55.0,1.043e-01,4.618e-02,2.622e-02,8.143e-01,2.425e-02,1.002e-01,1.085e-01,3.292e-02,6.476e-02,1.669e-02,4.119e-02
MGI:88348,CD9,1709,fusion of sperm to egg plasma membrane involved in single fertilization,GO:0007342,biological process,16,4.0,1.079e-01,5.381e-02,3.275e-02,7.862e-01,3.003e-02,9.296e-02,1.252e-01,3.811e-02,7.598e-02,1.872e-02,5.729e-02
MGI:88348,CD9,1709,protein binding,GO:0005515,molecular function,16,373.0,1.087e-01,5.267e-02,4.204e-02,7.540e-01,1.369e-02,9.918e-02,1.191e-01,3.791e-02,7.319e-02,3.251e-02,5.437e-02
MGI:88348,CD9,1709,negative regulation of platelet aggregation,GO:0090331,biological process,16,5.0,1.100e-01,5.036e-02,2.756e-02,8.056e-01,4.845e-02,9.787e-02,1.237e-01,3.035e-02,8.355e-02,1.108e-02,6.851e-02
MGI:88348,CD9,1709,glial cell migration,GO:0008347,biological process,16,7.0,1.163e-01,5.421e-02,2.787e-02,8.005e-01,6.508e-02,9.308e-02,1.454e-01,2.831e-02,1.038e-01,8.317e-03,9.337e-02
MGI:88348,CD9,1709,protein-containing complex,GO:0032991,cellular component,16,295.0,4.128e-01,3.618e-01,3.618e-01,3.287e-01,1.326e-01,1.631e-01,1.045e+00,1.152e-01,1.136e+00,1.152e-01,1.136e+00
MGI:96551,IL2RG,6010,interleukin-15 receptor activity,GO:0042010,molecular function,23,2.0,1.025e-01,2.455e-02,1.444e-03,9.677e-01,4.654e-03,9.761e-02,1.076e-01,1.255e-02,4.805e-02,7.379e-04,2.827e-03
MGI:96551,IL2RG,6010,interleukin-9-mediated signaling pathway,GO:0038113,biological process,23,2.0,1.025e-01,4.997e-02,1.336e-02,8.904e-01,7.616e-03,9.761e-02,1.076e-01,3.932e-02,6.352e-02,1.088e-02,1.641e-02
MGI:96551,IL2RG,6010,interleukin-15-mediated signaling pathway,GO:0035723,biological process,23,2.0,1.025e-01,4.997e-02,1.405e-02,8.859e-01,8.568e-03,9.761e-02,1.076e-01,3.932e-02,6.352e-02,1.128e-02,1.750e-02
MGI:96551,IL2RG,6010,interleukin-2-mediated signaling pathway,GO:0038110,biological process,23,2.0,1.025e-01,4.997e-02,1.397e-02,8.853e-01,1.153e-02,9.761e-02,1.076e-01,3.932e-02,6.352e-02,1.046e-02,1.868e-02
MGI:96551,IL2RG,6010,coreceptor activity,GO:0015026,molecular function,23,3.0,1.025e-01,5.005e-02,1.291e-02,8.929e-01,7.932e-03,9.761e-02,1.076e-01,3.944e-02,6.353e-02,1.024e-02,1.626e-02
MGI:96551,IL2RG,6010,cytokine binding,GO:0019955,molecular function,23,39.0,1.049e-01,6.364e-02,2.509e-02,8.199e-01,3.100e-02,9.548e-02,1.153e-01,3.694e-02,1.096e-01,1.403e-02,4.486e-02
MGI:96551,IL2RG,6010,cytokine-mediated signaling pathway,GO:0019221,biological process,23,44.0,1.076e-01,6.545e-02,2.380e-02,8.204e-01,4.578e-02,9.317e-02,1.243e-01,3.557e-02,1.204e-01,9.360e-03,6.050e-02
MGI:96551,IL2RG,6010,receptor complex,GO:0043235,cellular component,23,28.0,1.132e-01,8.457e-02,4.279e-02,7.508e-01,3.325e-02,9.818e-02,1.304e-01,5.526e-02,1.294e-01,2.333e-02,7.848e-02
MGI:96551,IL2RG,6010,positive regulation of phagocytosis,GO:0050766,biological process,23,7.0,1.330e-01,1.127e-01,7.403e-02,6.779e-01,1.399e-02,1.170e-01,1.513e-01,9.246e-02,1.373e-01,5.846e-02,9.376e-02
MGI:96551,IL2RG,6010,membrane,GO:0016020,cellular component,23,60.0,1.353e-01,1.114e-01,7.714e-02,6.703e-01,2.967e-02,1.036e-01,1.768e-01,8.750e-02,1.419e-01,4.774e-02,1.247e-01
MGI:96551,IL2RG,6010,plasma membrane,GO:0005886,cellular component,23,93.0,1.379e-01,1.114e-01,8.078e-02,6.654e-01,1.578e-02,1.182e-01,1.609e-01,8.750e-02,1.419e-01,6.200e-02,1.052e-01
MGI:96551,IL2RG,6010,cell surface,GO:0009986,cellular component,23,22.0,1.409e-01,1.114e-01,8.461e-02,6.586e-01,1.565e-02,1.191e-01,1.667e-01,8.750e-02,1.419e-01,6.555e-02,1.092e-01
MGI:96551,IL2RG,6010,cytokine receptor activity,GO:0004896,molecular function,23,43.0,1.463e-01,1.114e-01,9.121e-02,6.464e-01,2.477e-02,1.166e-01,1.836e-01,8.750e-02,1.419e-01,6.187e-02,1.345e-01
MGI:96551,IL2RG,6010,protein binding,GO:0005515,molecular function,23,373.0,1.540e-01,1.145e-01,1.010e-01,6.318e-01,1.804e-02,1.304e-01,1.819e-01,9.162e-02,1.431e-01,7.636e-02,1.337e-01
MGI:96551,IL2RG,6010,nucleoplasm,GO:0005654,cellular component,23,49.0,1.563e-01,1.159e-01,1.041e-01,6.279e-01,1.083e-02,1.385e-01,1.763e-01,9.396e-02,1.429e-01,8.793e-02,1.232e-01
MGI:96551,IL2RG,6010,external side of plasma membrane,GO:0009897,cellular component,23,15.0,1.577e-01,1.233e-01,1.027e-01,6.251e-01,4.282e-02,1.080e-01,2.304e-01,7.941e-02,1.914e-01,5.427e-02,1.944e-01
MGI:96551,IL2RG,6010,endoplasmic reticulum,GO:0005783,cellular component,23,24.0,1.814e-01,1.393e-01,1.324e-01,5.884e-01,1.951e-02,1.528e-01,2.153e-01,1.073e-01,1.809e-01,1.004e-01,1.747e-01
MGI:2385204,TESK2,11732,actin cytoskeleton organization,GO:0030036,biological process,9,14.0,1.161e-01,1.430e-01,5.212e-02,7.255e-01,1.738e-02,1.023e-01,1.318e-01,9.052e-02,2.260e-01,3.768e-02,7.208e-02
MGI:2385204,TESK2,11732,protein serine/threonine kinase activity,GO:0004674,molecular function,9,43.0,1.548e-01,1.430e-01,9.515e-02,6.333e-01,5.683e-02,9.434e-02,2.540e-01,9.052e-02,2.260e-01,4.077e-02,2.221e-01
MGI:2385204,TESK2,11732,protein binding,GO:0005515,molecular function,9,373.0,1.627e-01,1.430e-01,1.111e-01,6.158e-01,2.770e-02,1.257e-01,2.106e-01,9.052e-02,2.260e-01,7.291e-02,1.694e-01
MGI:2385204,TESK2,11732,cytoplasm,GO:0005737,cellular component,9,99.0,1.659e-01,1.430e-01,1.154e-01,6.103e-01,2.517e-02,1.312e-01,2.098e-01,9.052e-02,2.260e-01,7.952e-02,1.674e-01
MGI:2385204,TESK2,11732,nucleus,GO:0005634,cellular component,9,87.0,1.664e-01,1.430e-01,1.152e-01,6.088e-01,3.551e-02,1.206e-01,2.298e-01,9.052e-02,2.260e-01,6.820e-02,1.946e-01
MGI:2385204,TESK2,11732,nucleoplasm,GO:0005654,cellular component,9,49.0,1.672e-01,1.430e-01,1.166e-01,6.072e-01,3.369e-02,1.225e-01,2.282e-01,9.052e-02,2.260e-01,7.093e-02,1.915e-01
MGI:2385204,TESK2,11732,nuclear body,GO:0016604,cellular component,9,16.0,2.028e-01,1.601e-01,1.592e-01,5.545e-01,3.360e-02,1.481e-01,2.776e-01,9.935e-02,2.581e-01,9.951e-02,2.547e-01
MGI:88155,BGLAP,1043,structural constituent of bone,GO:0008147,molecular function,9,2.0,1.076e-01,7.888e-02,2.743e-02,8.026e-01,4.572e-02,9.959e-02,1.163e-01,3.921e-02,1.587e-01,1.076e-02,6.992e-02
MGI:88155,BGLAP,1043,osteoblast differentiation,GO:0001649,biological process,9,4.0,1.096e-01,7.888e-02,3.225e-02,7.845e-01,4.430e-02,1.077e-01,1.115e-01,3.921e-02,1.587e-01,1.338e-02,7.773e-02
MGI:88155,BGLAP,1043,extracellular region,GO:0005576,cellular component,9,22.0,1.107e-01,9.865e-02,4.526e-02,7.442e-01,1.209e-02,9.828e-02,1.247e-01,7.601e-02,1.280e-01,3.598e-02,5.694e-02
MGI:88155,BGLAP,1043,bone development,GO:0060348,biological process,9,3.0,1.164e-01,7.888e-02,4.204e-02,7.530e-01,4.531e-02,1.060e-01,1.279e-01,3.921e-02,1.587e-01,1.811e-02,9.756e-02
MGI:88155,BGLAP,1043,response to vitamin D,GO:0033280,biological process,9,7.0,1.431e-01,1.050e-01,7.630e-02,6.685e-01,4.911e-02,1.074e-01,1.905e-01,4.885e-02,2.257e-01,3.264e-02,1.784e-01
MGI:88155,BGLAP,1043,hydroxyapatite binding,GO:0046848,molecular function,9,2.0,1.493e-01,9.536e-02,6.857e-02,6.787e-01,7.495e-02,1.017e-01,2.191e-01,3.725e-02,2.441e-01,1.897e-02,2.479e-01
MGI:88155,BGLAP,1043,protein binding,GO:0005515,molecular function,9,373.0,1.637e-01,1.228e-01,1.074e-01,6.194e-01,3.769e-02,1.205e-01,2.223e-01,7.435e-02,2.029e-01,6.148e-02,1.875e-01
MGI:88155,BGLAP,1043,cytoplasm,GO:0005737,cellular component,9,99.0,1.850e-01,1.365e-01,1.365e-01,5.824e-01,2.650e-02,1.463e-01,2.341e-01,9.474e-02,1.968e-01,9.474e-02,1.968e-01
MGI:2445094,PLEKHA7,27049,delta-catenin binding,GO:0070097,molecular function,27,2.0,1.025e-01,2.773e-02,7.950e-03,9.140e-01,1.693e-02,9.761e-02,1.076e-01,1.350e-02,5.695e-02,3.028e-03,2.087e-02
MGI:2445094,PLEKHA7,27049,cell-cell adhesion mediated by cadherin,GO:0044331,biological process,27,3.0,1.025e-01,2.773e-02,1.204e-02,8.854e-01,2.379e-02,9.761e-02,1.076e-01,1.350e-02,5.695e-02,5.136e-03,2.823e-02
MGI:2445094,PLEKHA7,27049,cell junction,GO:0030054,cellular component,27,7.0,1.025e-01,2.773e-02,1.405e-02,8.645e-01,3.225e-02,9.761e-02,1.076e-01,1.350e-02,5.695e-02,4.799e-03,4.116e-02
MGI:2445094,PLEKHA7,27049,zonula adherens,GO:0005915,cellular component,27,3.0,1.025e-01,2.847e-02,1.405e-02,8.487e-01,4.350e-02,9.761e-02,1.076e-01,1.352e-02,5.999e-02,3.093e-03,6.380e-02
MGI:2445094,PLEKHA7,27049,extracellular exosome,GO:0070062,cellular component,27,88.0,1.025e-01,3.373e-02,1.565e-02,8.760e-01,7.434e-03,9.761e-02,1.076e-01,2.411e-02,4.721e-02,1.309e-02,1.871e-02
MGI:2445094,PLEKHA7,27049,centrosome,GO:0005813,cellular component,27,11.0,1.025e-01,3.387e-02,1.795e-02,8.569e-01,2.520e-02,9.761e-02,1.076e-01,2.409e-02,4.763e-02,1.046e-02,3.079e-02
MGI:2445094,PLEKHA7,27049,nucleoplasm,GO:0005654,cellular component,27,49.0,1.025e-01,3.482e-02,2.204e-02,8.371e-01,8.479e-03,9.761e-02,1.076e-01,2.647e-02,4.580e-02,1.874e-02,2.593e-02
MGI:2445094,PLEKHA7,27049,cytosol,GO:0005829,cellular component,27,76.0,1.025e-01,3.482e-02,2.234e-02,8.352e-01,7.805e-03,9.761e-02,1.076e-01,2.647e-02,4.580e-02,1.921e-02,2.598e-02
MGI:2445094,PLEKHA7,27049,protein binding,GO:0005515,molecular function,27,373.0,1.025e-01,3.482e-02,2.242e-02,8.346e-01,1.107e-02,9.761e-02,1.076e-01,2.647e-02,4.580e-02,1.820e-02,2.762e-02
MGI:2445094,PLEKHA7,27049,pore complex,GO:0046930,cellular component,27,5.0,1.054e-01,3.703e-02,2.598e-02,8.145e-01,3.293e-02,1.005e-01,1.106e-01,2.369e-02,5.785e-02,1.381e-02,4.886e-02
MGI:2445094,PLEKHA7,27049,epithelial cell-cell adhesion,GO:0090136,biological process,27,6.0,1.067e-01,3.889e-02,3.141e-02,7.904e-01,3.286e-02,9.908e-02,1.148e-01,2.414e-02,6.265e-02,1.676e-02,5.885e-02
MGI:2445094,PLEKHA7,27049,zonula adherens maintenance,GO:0045218,biological process,27,2.0,1.075e-01,3.197e-02,1.997e-02,8.122e-01,5.590e-02,9.990e-02,1.157e-01,1.353e-02,7.553e-02,3.958e-03,1.007e-01
MGI:2445094,PLEKHA7,27049,pore complex assembly,GO:0046931,biological process,27,3.0,1.584e-01,8.260e-02,7.569e-02,6.596e-01,8.826e-02,9.153e-02,2.741e-01,2.258e-02,3.022e-01,1.760e-02,3.254e-01
MGI:1919248,SLC25A35,31921,,,,1,nan,,,,,,,,,,,
MGI:2145458,AKR1C4,387,prostaglandin metabolic process,GO:0006693,biological process,16,3.0,1.030e-01,8.536e-02,1.418e-02,8.654e-01,4.002e-02,9.719e-02,1.091e-01,6.830e-02,1.067e-01,4.894e-03,4.106e-02
MGI:2145458,AKR1C4,387,androsterone dehydrogenase activity,GO:0047023,molecular function,16,5.0,1.032e-01,8.242e-02,1.594e-02,8.624e-01,3.796e-02,9.865e-02,1.080e-01,6.513e-02,1.043e-01,6.979e-03,3.641e-02
MGI:2145458,AKR1C4,387,retinal dehydrogenase activity,GO:0001758,molecular function,16,2.0,1.050e-01,9.064e-02,3.040e-02,7.951e-01,2.855e-02,9.966e-02,1.107e-01,7.897e-02,1.040e-01,1.780e-02,5.191e-02
MGI:2145458,AKR1C4,387,progesterone metabolic process,GO:0042448,biological process,16,7.0,1.082e-01,9.000e-02,2.178e-02,8.115e-01,5.481e-02,9.902e-02,1.182e-01,7.414e-02,1.092e-01,5.294e-03,8.965e-02
MGI:2145458,AKR1C4,387,doxorubicin metabolic process,GO:0044598,biological process,16,9.0,1.111e-01,1.007e-01,4.290e-02,7.509e-01,2.469e-02,1.005e-01,1.228e-01,8.430e-02,1.202e-01,2.720e-02,6.767e-02
MGI:2145458,AKR1C4,387,ketosteroid monooxygenase activity,GO:0047086,molecular function,16,2.0,1.133e-01,9.589e-02,3.554e-02,7.743e-01,4.491e-02,9.448e-02,1.358e-01,8.209e-02,1.120e-01,1.561e-02,8.093e-02
MGI:2145458,AKR1C4,387,daunorubicin metabolic process,GO:0044597,biological process,16,9.0,1.159e-01,1.007e-01,4.726e-02,7.380e-01,3.186e-02,1.004e-01,1.338e-01,8.430e-02,1.202e-01,2.635e-02,8.477e-02
MGI:2145458,AKR1C4,387,bile acid binding,GO:0032052,molecular function,16,4.0,1.187e-01,1.006e-01,5.273e-02,7.232e-01,2.832e-02,1.079e-01,1.305e-01,8.422e-02,1.203e-01,3.142e-02,8.848e-02
MGI:2145458,AKR1C4,387,alditol:NADP+ 1-oxidoreductase activity,GO:0004032,molecular function,16,5.0,1.314e-01,1.039e-01,7.214e-02,6.813e-01,1.555e-02,1.180e-01,1.463e-01,8.400e-02,1.286e-01,5.549e-02,9.378e-02
MGI:2145458,AKR1C4,387,cellular response to jasmonic acid stimulus,GO:0071395,biological process,16,4.0,1.339e-01,1.111e-01,7.173e-02,6.794e-01,3.711e-02,1.016e-01,1.764e-01,7.855e-02,1.571e-01,3.918e-02,1.313e-01
MGI:2145458,AKR1C4,387,chlordecone reductase activity,GO:0047743,molecular function,16,2.0,1.435e-01,1.154e-01,8.500e-02,6.564e-01,2.873e-02,1.121e-01,1.839e-01,9.402e-02,1.418e-01,5.296e-02,1.364e-01
MGI:2145458,AKR1C4,387,cytosol,GO:0005829,cellular component,16,76.0,1.617e-01,1.237e-01,1.058e-01,6.236e-01,2.713e-02,1.333e-01,1.963e-01,8.494e-02,1.803e-01,6.996e-02,1.601e-01
MGI:2145458,AKR1C4,387,extracellular exosome,GO:0070062,cellular component,16,88.0,1.718e-01,1.278e-01,1.156e-01,6.079e-01,3.538e-02,1.314e-01,2.245e-01,8.473e-02,1.927e-01,6.723e-02,1.987e-01
MGI:2145458,AKR1C4,387,"oxidoreductase activity, acting on NAD(P)H, quinone or similar compound as acceptor",GO:0016655,molecular function,16,9.0,1.798e-01,1.383e-01,1.276e-01,5.915e-01,3.822e-02,1.290e-01,2.507e-01,8.597e-02,2.224e-01,7.507e-02,2.169e-01
MGI:1915737,TMEM140,21870,protein binding,GO:0005515,molecular function,1,373.0,1.941e-01,1.503e-01,1.503e-01,5.673e-01,1.388e-02,1.710e-01,2.203e-01,1.241e-01,1.820e-01,1.241e-01,1.820e-01
MGI:95558,FLT1,3763,vascular endothelial growth factor receptor signaling pathway,GO:0048010,biological process,30,7.0,1.025e-01,6.031e-02,1.073e-02,9.019e-01,1.638e-02,9.761e-02,1.076e-01,4.961e-02,7.331e-02,6.323e-03,1.821e-02
MGI:95558,FLT1,3763,vascular endothelial growth factor receptor-1 signaling pathway,GO:0036323,biological process,30,2.0,1.025e-01,6.031e-02,1.245e-02,8.941e-01,1.208e-02,9.761e-02,1.076e-01,4.961e-02,7.331e-02,8.687e-03,1.784e-02
MGI:95558,FLT1,3763,vascular endothelial growth factor receptor activity,GO:0005021,molecular function,30,2.0,1.025e-01,6.031e-02,1.296e-02,8.869e-01,1.811e-02,9.761e-02,1.076e-01,4.961e-02,7.331e-02,7.387e-03,2.275e-02
MGI:95558,FLT1,3763,placental growth factor receptor activity,GO:0036332,molecular function,30,2.0,1.025e-01,6.031e-02,1.321e-02,8.858e-01,1.709e-02,9.761e-02,1.076e-01,4.961e-02,7.331e-02,7.786e-03,2.242e-02
MGI:95558,FLT1,3763,cellular response to vascular endothelial growth factor stimulus,GO:0035924,biological process,30,3.0,1.025e-01,6.031e-02,1.484e-02,8.808e-01,9.722e-03,9.761e-02,1.076e-01,4.961e-02,7.331e-02,1.177e-02,1.870e-02
MGI:95558,FLT1,3763,growth factor binding,GO:0019838,molecular function,30,21.0,1.025e-01,6.031e-02,1.981e-02,8.502e-01,6.033e-03,9.761e-02,1.076e-01,4.961e-02,7.331e-02,1.766e-02,2.222e-02
MGI:95558,FLT1,3763,positive regulation of MAPK cascade,GO:0043410,biological process,30,11.0,1.025e-01,6.039e-02,2.353e-02,8.280e-01,1.874e-02,9.762e-02,1.076e-01,4.955e-02,7.360e-02,1.650e-02,3.357e-02
MGI:95558,FLT1,3763,transmembrane receptor protein tyrosine kinase signaling pathway,GO:0007169,biological process,30,24.0,1.025e-01,6.039e-02,2.895e-02,8.020e-01,3.518e-03,9.762e-02,1.076e-01,4.955e-02,7.360e-02,2.715e-02,3.087e-02
MGI:95558,FLT1,3763,positive regulation of MAP kinase activity,GO:0043406,biological process,30,7.0,1.026e-01,6.039e-02,3.086e-02,7.935e-01,2.039e-03,9.777e-02,1.076e-01,4.955e-02,7.360e-02,2.972e-02,3.205e-02
MGI:95558,FLT1,3763,monocyte chemotaxis,GO:0002548,biological process,30,7.0,1.030e-01,6.031e-02,2.680e-02,8.117e-01,1.588e-02,9.719e-02,1.091e-01,4.961e-02,7.331e-02,2.002e-02,3.587e-02
MGI:95558,FLT1,3763,negative regulation of vascular endothelial cell proliferation,GO:1905563,biological process,30,3.0,1.056e-01,6.261e-02,3.603e-02,7.737e-01,1.534e-02,9.950e-02,1.120e-01,4.789e-02,8.186e-02,2.713e-02,4.786e-02
MGI:95558,FLT1,3763,positive regulation of phosphatidylinositol 3-kinase/protein kinase B signal transduction,GO:0051897,biological process,30,7.0,1.078e-01,6.540e-02,4.128e-02,7.559e-01,9.292e-03,1.048e-01,1.108e-01,5.200e-02,8.225e-02,3.462e-02,4.924e-02
MGI:95558,FLT1,3763,peptidyl-tyrosine phosphorylation,GO:0018108,biological process,30,10.0,1.102e-01,6.835e-02,3.627e-02,7.727e-01,3.681e-02,1.059e-01,1.147e-01,5.492e-02,8.507e-02,1.817e-02,7.240e-02
MGI:95558,FLT1,3763,focal adhesion,GO:0005925,cellular component,30,18.0,1.103e-01,6.697e-02,3.815e-02,7.657e-01,3.188e-02,9.814e-02,1.239e-01,4.491e-02,9.989e-02,2.117e-02,6.872e-02
MGI:95558,FLT1,3763,receptor complex,GO:0043235,cellular component,30,28.0,1.124e-01,7.047e-02,3.304e-02,7.836e-01,4.621e-02,9.605e-02,1.316e-01,5.532e-02,8.977e-02,1.416e-02,7.708e-02
MGI:95558,FLT1,3763,actin cytoskeleton,GO:0015629,cellular component,30,12.0,1.135e-01,6.751e-02,3.543e-02,7.748e-01,4.512e-02,9.431e-02,1.367e-01,4.457e-02,1.023e-01,1.554e-02,8.079e-02
MGI:95558,FLT1,3763,positive regulation of phospholipase C activity,GO:0010863,biological process,30,5.0,1.139e-01,7.161e-02,5.025e-02,7.309e-01,9.059e-03,1.030e-01,1.259e-01,6.032e-02,8.502e-02,4.255e-02,5.935e-02
MGI:95558,FLT1,3763,positive regulation of cell migration,GO:0030335,biological process,30,36.0,1.147e-01,6.883e-02,4.805e-02,7.354e-01,2.528e-02,9.840e-02,1.337e-01,4.630e-02,1.023e-01,3.032e-02,7.615e-02
MGI:95558,FLT1,3763,protein autophosphorylation,GO:0046777,biological process,30,12.0,1.190e-01,7.370e-02,4.364e-02,7.477e-01,4.849e-02,1.030e-01,1.376e-01,5.189e-02,1.047e-01,1.783e-02,1.068e-01
MGI:95558,FLT1,3763,positive regulation of kinase activity,GO:0033674,biological process,30,11.0,1.250e-01,8.226e-02,5.928e-02,7.065e-01,3.543e-02,9.730e-02,1.606e-01,5.387e-02,1.256e-01,3.148e-02,1.116e-01
MGI:95558,FLT1,3763,positive regulation of angiogenesis,GO:0045766,biological process,30,12.0,1.302e-01,8.080e-02,5.968e-02,7.048e-01,4.699e-02,9.947e-02,1.704e-01,5.263e-02,1.240e-01,2.585e-02,1.378e-01
MGI:95558,FLT1,3763,cell migration,GO:0016477,biological process,30,45.0,1.375e-01,8.748e-02,7.769e-02,6.701e-01,2.460e-02,1.181e-01,1.601e-01,6.620e-02,1.156e-01,5.123e-02,1.178e-01
MGI:95558,FLT1,3763,plasma membrane,GO:0005886,cellular component,30,93.0,1.383e-01,9.323e-02,8.055e-02,6.662e-01,1.101e-02,1.255e-01,1.524e-01,7.735e-02,1.124e-01,6.723e-02,9.651e-02
MGI:95558,FLT1,3763,multicellular organism development,GO:0007275,biological process,30,11.0,1.527e-01,1.074e-01,9.759e-02,6.345e-01,3.600e-02,1.106e-01,2.108e-01,6.718e-02,1.716e-01,5.540e-02,1.719e-01
MGI:95558,FLT1,3763,protein binding,GO:0005515,molecular function,30,373.0,1.598e-01,1.097e-01,1.082e-01,6.219e-01,7.481e-03,1.459e-01,1.749e-01,9.650e-02,1.247e-01,9.631e-02,1.216e-01
MGI:1916948,SLC52A3,16187,riboflavin transport,GO:0032218,biological process,5,4.0,1.635e-01,2.991e-01,1.137e-01,6.138e-01,1.095e-02,1.459e-01,1.832e-01,2.559e-01,3.496e-01,9.671e-02,1.338e-01
MGI:1916948,SLC52A3,16187,riboflavin transmembrane transporter activity,GO:0032217,molecular function,5,4.0,1.903e-01,2.991e-01,1.365e-01,5.794e-01,4.167e-02,1.374e-01,2.634e-01,2.559e-01,3.496e-01,7.458e-02,2.497e-01
MGI:1916948,SLC52A3,16187,sensory perception of sound,GO:0007605,biological process,5,4.0,2.732e-01,3.047e-01,2.360e-01,4.761e-01,4.970e-02,1.723e-01,4.331e-01,2.538e-01,3.657e-01,1.282e-01,4.346e-01
MGI:1916948,SLC52A3,16187,plasma membrane,GO:0005886,cellular component,5,93.0,2.947e-01,3.441e-01,2.640e-01,4.583e-01,2.458e-02,2.343e-01,3.707e-01,3.068e-01,3.860e-01,2.008e-01,3.471e-01
MGI:1916948,SLC52A3,16187,protein binding,GO:0005515,molecular function,5,373.0,3.440e-01,3.441e-01,3.195e-01,4.170e-01,1.893e-02,2.902e-01,4.077e-01,3.068e-01,3.860e-01,2.629e-01,3.883e-01
MGI:109297,SLPI,11092,endopeptidase inhibitor activity,GO:0004866,molecular function,18,8.0,1.025e-01,5.004e-02,6.249e-03,9.336e-01,3.659e-03,9.761e-02,1.076e-01,3.615e-02,6.927e-02,4.884e-03,7.994e-03
MGI:109297,SLPI,11092,antibacterial humoral response,GO:0019731,biological process,18,8.0,1.025e-01,5.004e-02,1.055e-02,8.892e-01,2.880e-02,9.761e-02,1.076e-01,3.615e-02,6.927e-02,3.515e-03,3.164e-02
MGI:109297,SLPI,11092,serine-type endopeptidase inhibitor activity,GO:0004867,molecular function,18,4.0,1.025e-01,6.028e-02,1.393e-02,8.844e-01,1.446e-02,9.761e-02,1.076e-01,5.261e-02,6.908e-02,9.651e-03,2.012e-02
MGI:109297,SLPI,11092,collagen-containing extracellular matrix,GO:0062023,cellular component,18,32.0,1.025e-01,6.075e-02,2.061e-02,8.440e-01,1.642e-02,9.761e-02,1.076e-01,5.261e-02,7.015e-02,1.486e-02,2.859e-02
MGI:109297,SLPI,11092,enzyme binding,GO:0019899,molecular function,18,36.0,1.025e-01,6.075e-02,2.136e-02,8.394e-01,1.646e-02,9.761e-02,1.076e-01,5.261e-02,7.015e-02,1.540e-02,2.962e-02
MGI:109297,SLPI,11092,mRNA binding,GO:0003729,molecular function,18,13.0,1.082e-01,7.505e-02,3.137e-02,7.896e-01,3.905e-02,1.002e-01,1.168e-01,5.141e-02,1.096e-01,1.476e-02,6.670e-02
MGI:109297,SLPI,11092,DNA binding,GO:0003677,molecular function,18,23.0,1.086e-01,7.278e-02,3.895e-02,7.633e-01,2.289e-02,9.852e-02,1.198e-01,4.790e-02,1.106e-01,2.547e-02,5.955e-02
MGI:109297,SLPI,11092,innate immune response,GO:0045087,biological process,18,21.0,1.161e-01,8.027e-02,4.155e-02,7.529e-01,4.718e-02,8.824e-02,1.529e-01,5.244e-02,1.229e-01,1.775e-02,9.722e-02
MGI:109297,SLPI,11092,negative regulation of viral genome replication,GO:0045071,biological process,18,9.0,1.174e-01,8.601e-02,4.901e-02,7.330e-01,3.079e-02,9.955e-02,1.385e-01,5.445e-02,1.359e-01,2.788e-02,8.617e-02
MGI:109297,SLPI,11092,extracellular space,GO:0005615,cellular component,18,55.0,1.330e-01,9.929e-02,7.405e-02,6.774e-01,2.078e-02,1.091e-01,1.621e-01,8.076e-02,1.221e-01,5.202e-02,1.054e-01
MGI:109297,SLPI,11092,extracellular exosome,GO:0070062,cellular component,18,88.0,1.395e-01,1.100e-01,8.278e-02,6.627e-01,3.362e-03,1.304e-01,1.491e-01,1.039e-01,1.166e-01,7.817e-02,8.765e-02
MGI:109297,SLPI,11092,Golgi apparatus,GO:0005794,cellular component,18,20.0,1.573e-01,1.162e-01,1.032e-01,6.289e-01,1.577e-02,1.432e-01,1.728e-01,1.035e-01,1.304e-01,8.058e-02,1.323e-01
MGI:109297,SLPI,11092,protein binding,GO:0005515,molecular function,18,373.0,1.576e-01,1.162e-01,1.049e-01,6.267e-01,8.930e-03,1.510e-01,1.645e-01,1.035e-01,1.304e-01,9.123e-02,1.207e-01
MGI:109297,SLPI,11092,negative regulation of protein binding,GO:0032091,biological process,18,13.0,1.614e-01,1.169e-01,1.102e-01,6.192e-01,5.287e-03,1.510e-01,1.725e-01,1.050e-01,1.302e-01,1.017e-01,1.195e-01
MGI:109297,SLPI,11092,modulation of process of another organism,GO:0035821,biological process,18,15.0,2.031e-01,1.562e-01,1.196e-01,5.691e-01,1.199e-01,7.795e-02,5.293e-01,4.597e-02,5.311e-01,2.517e-02,5.687e-01
MGI:1925114,YPEL2,18326,protein binding,GO:0005515,molecular function,1,373.0,1.950e-01,1.520e-01,1.520e-01,5.656e-01,9.349e-03,1.767e-01,2.151e-01,1.332e-01,1.734e-01,1.332e-01,1.734e-01
MGI:1354963,DKKL1,16528,co-receptor binding,GO:0039706,molecular function,5,2.0,1.025e-01,3.639e-02,9.099e-03,9.086e-01,1.725e-02,9.761e-02,1.076e-01,1.665e-02,7.956e-02,4.162e-03,1.989e-02
MGI:1354963,DKKL1,16528,receptor antagonist activity,GO:0048019,molecular function,5,7.0,1.235e-01,8.851e-02,5.252e-02,7.227e-01,4.377e-02,1.020e-01,1.494e-01,4.960e-02,1.579e-01,2.398e-02,1.151e-01
MGI:1354963,DKKL1,16528,extracellular space,GO:0005615,cellular component,5,55.0,1.278e-01,9.171e-02,6.625e-02,6.929e-01,2.248e-02,1.073e-01,1.522e-01,7.673e-02,1.096e-01,4.434e-02,9.899e-02
MGI:1354963,DKKL1,16528,negative regulation of canonical Wnt signaling pathway,GO:0090090,biological process,5,11.0,1.813e-01,1.300e-01,1.181e-01,5.956e-01,6.858e-02,1.035e-01,3.176e-01,5.663e-02,2.982e-01,4.437e-02,3.142e-01
MGI:2135679,HES7,15977,sequence-specific double-stranded DNA binding,GO:1990837,molecular function,8,22.0,1.051e-01,7.693e-02,2.746e-02,8.086e-01,2.761e-02,9.535e-02,1.157e-01,4.492e-02,1.317e-01,1.635e-02,4.612e-02
MGI:2135679,HES7,15977,"DNA-binding transcription factor activity, RNA polymerase II-specific",GO:0000981,molecular function,8,20.0,1.067e-01,7.693e-02,3.455e-02,7.789e-01,2.367e-02,9.839e-02,1.157e-01,4.492e-02,1.317e-01,2.221e-02,5.373e-02
MGI:2135679,HES7,15977,RNA polymerase II cis-regulatory region sequence-specific DNA binding,GO:0000978,molecular function,8,27.0,1.075e-01,7.693e-02,3.575e-02,7.745e-01,2.652e-02,9.570e-02,1.208e-01,4.492e-02,1.317e-01,2.184e-02,5.851e-02
MGI:2135679,HES7,15977,regulation of transcription by RNA polymerase II,GO:0006357,biological process,8,27.0,1.137e-01,7.693e-02,3.705e-02,7.680e-01,4.686e-02,9.172e-02,1.411e-01,4.492e-02,1.317e-01,1.548e-02,8.868e-02
MGI:2135679,HES7,15977,regulation of neurogenesis,GO:0050767,biological process,8,7.0,1.338e-01,1.150e-01,7.557e-02,6.757e-01,1.194e-03,1.269e-01,1.412e-01,1.050e-01,1.258e-01,7.415e-02,7.702e-02
MGI:2135679,HES7,15977,anterior/posterior pattern specification,GO:0009952,biological process,8,17.0,1.593e-01,1.224e-01,1.062e-01,6.246e-01,1.322e-02,1.473e-01,1.723e-01,1.011e-01,1.481e-01,8.681e-02,1.298e-01
MGI:2135679,HES7,15977,nucleus,GO:0005634,cellular component,8,87.0,1.707e-01,1.434e-01,1.204e-01,6.029e-01,2.796e-02,1.333e-01,2.186e-01,1.019e-01,2.020e-01,7.929e-02,1.827e-01
MGI:2135679,HES7,15977,protein binding,GO:0005515,molecular function,8,373.0,2.069e-01,1.625e-01,1.622e-01,5.517e-01,3.170e-02,1.553e-01,2.756e-01,1.052e-01,2.512e-01,1.045e-01,2.517e-01
MGI:2385305,KLHL36,17844,cullin family protein binding,GO:0097602,molecular function,3,2.0,1.025e-01,1.372e-03,6.861e-04,9.566e-01,2.536e-02,9.761e-02,1.076e-01,6.904e-05,2.727e-02,3.452e-05,1.364e-02
MGI:2385305,KLHL36,17844,protein binding,GO:0005515,molecular function,3,373.0,1.025e-01,2.371e-02,2.371e-02,8.275e-01,1.079e-02,9.761e-02,1.076e-01,1.936e-02,2.904e-02,1.936e-02,2.904e-02
MGI:1933213,DPP7,14892,intracellular membrane-bounded organelle,GO:0043231,cellular component,6,58.0,1.034e-01,6.102e-02,2.397e-02,8.249e-01,2.424e-02,9.885e-02,1.081e-01,4.090e-02,9.102e-02,1.516e-02,3.789e-02
MGI:1933213,DPP7,14892,extracellular exosome,GO:0070062,cellular component,6,88.0,1.166e-01,6.941e-02,5.344e-02,7.223e-01,1.511e-02,1.007e-01,1.349e-01,5.059e-02,9.524e-02,4.083e-02,6.995e-02
MGI:1933213,DPP7,14892,vesicle,GO:0031982,cellular component,6,8.0,1.166e-01,6.500e-02,4.458e-02,7.440e-01,4.145e-02,9.223e-02,1.474e-01,3.853e-02,1.096e-01,2.130e-02,9.332e-02
MGI:1933213,DPP7,14892,Golgi apparatus,GO:0005794,cellular component,6,20.0,1.173e-01,6.941e-02,5.560e-02,7.175e-01,4.359e-03,1.082e-01,1.272e-01,5.059e-02,9.524e-02,5.140e-02,6.015e-02
MGI:1933213,DPP7,14892,dipeptidyl-peptidase activity,GO:0008239,molecular function,6,2.0,1.218e-01,6.500e-02,4.404e-02,7.440e-01,5.638e-02,9.313e-02,1.592e-01,3.853e-02,1.096e-01,1.612e-02,1.203e-01
MGI:2444223,SERINC5,18825,detection of virus,GO:0009597,biological process,9,2.0,1.025e-01,6.520e-02,1.832e-02,8.529e-01,2.341e-02,9.761e-02,1.076e-01,4.197e-02,1.013e-01,1.052e-02,3.189e-02
MGI:2444223,SERINC5,18825,defense response to virus,GO:0051607,biological process,9,14.0,1.025e-01,6.520e-02,2.361e-02,8.254e-01,2.525e-02,9.762e-02,1.076e-01,4.197e-02,1.013e-01,1.418e-02,3.930e-02
MGI:2444223,SERINC5,18825,intracellular membrane-bounded organelle,GO:0043231,cellular component,9,58.0,1.059e-01,7.986e-02,3.481e-02,7.782e-01,1.926e-02,9.963e-02,1.126e-01,7.090e-02,8.995e-02,2.441e-02,4.963e-02
MGI:2444223,SERINC5,18825,innate immune response,GO:0045087,biological process,9,21.0,1.105e-01,6.520e-02,2.901e-02,7.934e-01,5.217e-02,9.086e-02,1.344e-01,4.197e-02,1.013e-01,1.001e-02,8.401e-02
MGI:2444223,SERINC5,18825,extracellular exosome,GO:0070062,cellular component,9,88.0,1.241e-01,8.777e-02,6.414e-02,6.979e-01,4.078e-03,1.158e-01,1.330e-01,8.567e-02,8.993e-02,5.982e-02,6.878e-02
MGI:2444223,SERINC5,18825,centrosome,GO:0005813,cellular component,9,11.0,1.245e-01,8.795e-02,6.007e-02,7.051e-01,3.060e-02,1.001e-01,1.549e-01,7.713e-02,1.003e-01,3.502e-02,1.030e-01
MGI:2444223,SERINC5,18825,cytosol,GO:0005829,cellular component,9,76.0,1.336e-01,9.159e-02,7.452e-02,6.773e-01,1.094e-02,1.252e-01,1.425e-01,8.589e-02,9.767e-02,6.185e-02,8.980e-02
MGI:2444223,SERINC5,18825,membrane,GO:0016020,cellular component,9,60.0,1.348e-01,9.374e-02,7.656e-02,6.721e-01,2.453e-02,1.077e-01,1.686e-01,8.062e-02,1.090e-01,5.064e-02,1.157e-01
MGI:2444223,SERINC5,18825,plasma membrane,GO:0005886,cellular component,9,93.0,1.386e-01,9.253e-02,8.182e-02,6.636e-01,1.182e-02,1.231e-01,1.562e-01,8.186e-02,1.046e-01,6.694e-02,1.000e-01
MGI:1918730,DEPP1,23355,intracellular membrane-bounded organelle,GO:0043231,cellular component,6,58.0,1.025e-01,3.911e-02,1.571e-02,8.697e-01,2.551e-02,9.761e-02,1.076e-01,3.232e-02,4.732e-02,8.918e-03,2.767e-02
MGI:1918730,DEPP1,23355,peroxisome,GO:0005777,cellular component,6,11.0,1.030e-01,4.195e-02,2.420e-02,8.239e-01,2.307e-02,9.719e-02,1.091e-01,3.922e-02,4.487e-02,1.557e-02,3.761e-02
MGI:1918730,DEPP1,23355,regulation of autophagy,GO:0010506,biological process,6,10.0,1.054e-01,4.390e-02,2.042e-02,8.386e-01,4.112e-02,9.963e-02,1.114e-01,3.149e-02,6.120e-02,8.656e-03,4.815e-02
MGI:1918730,DEPP1,23355,mitochondrion,GO:0005739,cellular component,6,22.0,1.062e-01,5.022e-02,3.605e-02,7.735e-01,1.876e-02,1.025e-01,1.101e-01,4.316e-02,5.844e-02,2.540e-02,5.116e-02
MGI:1918730,DEPP1,23355,cytoplasm,GO:0005737,cellular component,6,99.0,1.184e-01,5.683e-02,5.574e-02,7.168e-01,1.433e-02,1.063e-01,1.319e-01,4.519e-02,7.148e-02,4.313e-02,7.204e-02
MGI:2145236,LHFPL2,6588,membrane,GO:0016020,cellular component,2,60.0,1.273e-01,7.828e-02,6.667e-02,6.927e-01,1.374e-02,1.110e-01,1.459e-01,6.251e-02,9.802e-02,5.231e-02,8.498e-02
MGI:2145236,LHFPL2,6588,protein binding,GO:0005515,molecular function,2,373.0,1.361e-01,7.828e-02,7.828e-02,6.702e-01,1.322e-02,1.188e-01,1.558e-01,6.251e-02,9.802e-02,6.251e-02,9.802e-02
MGI:1351318,SGK2,13900,intracellular signal transduction,GO:0035556,biological process,7,32.0,1.025e-01,8.530e-02,2.577e-02,8.169e-01,1.214e-02,9.762e-02,1.076e-01,6.502e-02,1.119e-01,2.058e-02,3.227e-02
MGI:1351318,SGK2,13900,peptidyl-serine phosphorylation,GO:0018105,biological process,7,6.0,1.087e-01,8.530e-02,3.462e-02,7.783e-01,3.574e-02,9.955e-02,1.188e-01,6.502e-02,1.119e-01,1.765e-02,6.788e-02
MGI:1351318,SGK2,13900,potassium channel regulator activity,GO:0015459,molecular function,7,5.0,1.216e-01,1.038e-01,5.484e-02,7.162e-01,4.035e-02,8.912e-02,1.659e-01,6.176e-02,1.746e-01,2.715e-02,1.108e-01
MGI:1351318,SGK2,13900,protein serine/threonine kinase activity,GO:0004674,molecular function,7,43.0,1.289e-01,9.775e-02,6.710e-02,6.909e-01,2.427e-02,1.138e-01,1.460e-01,8.528e-02,1.120e-01,4.379e-02,1.028e-01
MGI:1351318,SGK2,13900,protein binding,GO:0005515,molecular function,7,373.0,1.678e-01,1.267e-01,1.177e-01,6.066e-01,2.925e-02,1.278e-01,2.203e-01,8.644e-02,1.857e-01,7.699e-02,1.798e-01
MGI:1351318,SGK2,13900,nucleoplasm,GO:0005654,cellular component,7,49.0,1.757e-01,1.289e-01,1.271e-01,5.943e-01,2.630e-02,1.370e-01,2.254e-01,8.796e-02,1.888e-01,8.654e-02,1.868e-01
MGI:3645933,TM4SF19,25167,protein binding,GO:0005515,molecular function,2,373.0,4.821e-01,4.682e-01,4.682e-01,3.194e-01,1.031e-02,4.462e-01,5.210e-01,4.295e-01,5.104e-01,4.295e-01,5.104e-01
MGI:1933155,ARL4D,656,vesicle-mediated transport,GO:0016192,biological process,8,26.0,1.025e-01,3.876e-02,1.734e-02,8.560e-01,3.101e-02,9.761e-02,1.076e-01,2.559e-02,5.870e-02,8.360e-03,3.595e-02
MGI:1933155,ARL4D,656,plasma membrane,GO:0005886,cellular component,8,93.0,1.046e-01,3.905e-02,2.709e-02,8.104e-01,2.541e-02,9.579e-02,1.141e-01,2.604e-02,5.856e-02,1.685e-02,4.355e-02
MGI:1933155,ARL4D,656,GTP binding,GO:0005525,molecular function,8,9.0,1.054e-01,3.876e-02,2.313e-02,8.262e-01,3.783e-02,9.507e-02,1.168e-01,2.559e-02,5.870e-02,1.078e-02,4.965e-02
MGI:1933155,ARL4D,656,protein binding,GO:0005515,molecular function,8,373.0,1.063e-01,4.113e-02,3.725e-02,7.692e-01,1.457e-02,9.533e-02,1.186e-01,2.910e-02,5.814e-02,2.828e-02,4.906e-02
MGI:1933155,ARL4D,656,cytoplasm,GO:0005737,cellular component,8,99.0,1.077e-01,4.113e-02,3.933e-02,7.622e-01,1.806e-02,9.440e-02,1.230e-01,2.910e-02,5.814e-02,2.802e-02,5.520e-02
MGI:1933155,ARL4D,656,intracellular protein transport,GO:0006886,biological process,8,25.0,1.080e-01,3.876e-02,2.384e-02,8.232e-01,4.591e-02,9.289e-02,1.255e-01,2.559e-02,5.870e-02,9.869e-03,5.760e-02
MGI:1933146,METTL27,19068,protein binding,GO:0005515,molecular function,2,373.0,1.197e-01,5.847e-02,5.847e-02,7.111e-01,2.141e-03,1.129e-01,1.270e-01,5.645e-02,6.056e-02,5.645e-02,6.056e-02
MGI:1922541,ZBTB3,22918,"DNA-binding transcription factor activity, RNA polymerase II-specific",GO:0000981,molecular function,4,20.0,1.025e-01,4.780e-02,2.017e-02,8.480e-01,5.717e-03,9.761e-02,1.076e-01,3.534e-02,6.466e-02,1.808e-02,2.251e-02
MGI:1922541,ZBTB3,22918,regulation of transcription by RNA polymerase II,GO:0006357,biological process,4,27.0,1.025e-01,4.780e-02,2.390e-02,8.263e-01,1.613e-02,9.761e-02,1.076e-01,3.534e-02,6.466e-02,1.767e-02,3.233e-02
MGI:1922541,ZBTB3,22918,nucleus,GO:0005634,cellular component,4,87.0,1.235e-01,8.413e-02,6.315e-02,7.006e-01,8.953e-03,1.094e-01,1.394e-01,7.190e-02,9.844e-02,5.403e-02,7.382e-02
MGI:1922541,ZBTB3,22918,protein binding,GO:0005515,molecular function,4,373.0,1.448e-01,8.941e-02,8.941e-02,6.509e-01,9.545e-03,1.307e-01,1.603e-01,7.658e-02,1.044e-01,7.658e-02,1.044e-01
MGI:1351655,SHROOM3,30422,apical junction complex,GO:0043296,cellular component,6,2.0,1.025e-01,2.053e-02,4.830e-03,9.396e-01,9.057e-03,9.761e-02,1.076e-01,1.259e-02,3.347e-02,2.223e-03,1.049e-02
MGI:1351655,SHROOM3,30422,adherens junction,GO:0005912,cellular component,6,9.0,1.025e-01,2.126e-02,1.181e-02,8.859e-01,2.503e-02,9.761e-02,1.076e-01,1.385e-02,3.265e-02,4.858e-03,2.870e-02
MGI:1351655,SHROOM3,30422,actin filament binding,GO:0051015,molecular function,6,11.0,1.025e-01,2.299e-02,1.412e-02,8.844e-01,1.190e-02,9.761e-02,1.076e-01,1.687e-02,3.132e-02,1.049e-02,1.901e-02
MGI:1351655,SHROOM3,30422,cortical actin cytoskeleton,GO:0030864,cellular component,6,5.0,1.025e-01,2.299e-02,2.036e-02,8.451e-01,2.188e-02,9.761e-02,1.076e-01,1.687e-02,3.132e-02,1.329e-02,3.118e-02
MGI:1351655,SHROOM3,30422,actin filament organization,GO:0007015,biological process,6,18.0,1.025e-01,2.316e-02,1.838e-02,8.532e-01,2.268e-02,9.761e-02,1.076e-01,1.706e-02,3.143e-02,1.087e-02,3.108e-02
MGI:1351655,SHROOM3,30422,apical plasma membrane,GO:0016324,cellular component,6,6.0,1.025e-01,2.335e-02,1.699e-02,8.626e-01,2.008e-02,9.761e-02,1.076e-01,1.748e-02,3.118e-02,1.038e-02,2.780e-02
MGI:2442798,DHRS9,16888,intracellular membrane-bounded organelle,GO:0043231,cellular component,18,58.0,1.025e-01,2.797e-02,1.171e-02,8.923e-01,2.091e-02,9.761e-02,1.076e-01,2.576e-02,3.036e-02,6.013e-03,2.282e-02
MGI:2442798,DHRS9,16888,NAD-retinol dehydrogenase activity,GO:0004745,molecular function,18,2.0,1.025e-01,2.797e-02,1.631e-02,8.689e-01,1.874e-02,9.761e-02,1.076e-01,2.576e-02,3.036e-02,1.075e-02,2.475e-02
MGI:2442798,DHRS9,16888,progesterone metabolic process,GO:0042448,biological process,18,7.0,1.025e-01,2.797e-02,1.701e-02,8.679e-01,5.154e-03,9.761e-02,1.076e-01,2.576e-02,3.036e-02,1.509e-02,1.918e-02
MGI:2442798,DHRS9,16888,9-cis-retinoic acid biosynthetic process,GO:0042904,biological process,18,3.0,1.025e-01,2.797e-02,1.829e-02,8.585e-01,1.397e-02,9.761e-02,1.076e-01,2.576e-02,3.036e-02,1.372e-02,2.437e-02
MGI:2442798,DHRS9,16888,retinol metabolic process,GO:0042572,biological process,18,5.0,1.025e-01,2.797e-02,1.878e-02,8.560e-01,7.814e-03,9.761e-02,1.076e-01,2.576e-02,3.036e-02,1.592e-02,2.216e-02
MGI:2442798,DHRS9,16888,alcohol dehydrogenase (NAD+) activity,GO:0004022,molecular function,18,10.0,1.025e-01,2.797e-02,2.037e-02,8.454e-01,1.564e-02,9.761e-02,1.076e-01,2.576e-02,3.036e-02,1.471e-02,2.821e-02
MGI:2442798,DHRS9,16888,testosterone dehydrogenase (NAD+) activity,GO:0047035,molecular function,18,2.0,1.025e-01,2.798e-02,1.039e-02,8.768e-01,3.687e-02,9.761e-02,1.076e-01,2.576e-02,3.039e-02,2.256e-03,4.781e-02
MGI:2442798,DHRS9,16888,steroid metabolic process,GO:0008202,biological process,18,21.0,1.025e-01,2.798e-02,2.060e-02,8.455e-01,9.834e-03,9.761e-02,1.076e-01,2.576e-02,3.039e-02,1.705e-02,2.488e-02
MGI:2442798,DHRS9,16888,androgen metabolic process,GO:0008209,biological process,18,5.0,1.025e-01,2.798e-02,2.146e-02,8.396e-01,1.334e-02,9.761e-02,1.076e-01,2.576e-02,3.039e-02,1.643e-02,2.802e-02
MGI:2442798,DHRS9,16888,"androstan-3-alpha,17-beta-diol dehydrogenase activity",GO:0047044,molecular function,18,2.0,1.025e-01,2.807e-02,2.272e-02,8.324e-01,1.582e-02,9.761e-02,1.076e-01,2.591e-02,3.042e-02,1.662e-02,3.107e-02
MGI:2442798,DHRS9,16888,androsterone dehydrogenase activity,GO:0047023,molecular function,18,5.0,1.025e-01,2.815e-02,2.365e-02,8.274e-01,1.760e-02,9.762e-02,1.076e-01,2.560e-02,3.096e-02,1.689e-02,3.312e-02
MGI:2442798,DHRS9,16888,endoplasmic reticulum membrane,GO:0005789,cellular component,18,17.0,1.026e-01,2.981e-02,1.153e-02,8.829e-01,3.876e-02,9.776e-02,1.076e-01,2.697e-02,3.296e-02,4.210e-03,3.160e-02
MGI:1916846,AP5S1,15875,late endosome,GO:0005770,cellular component,8,5.0,1.426e-01,4.006e-01,8.602e-02,6.547e-01,2.985e-02,1.098e-01,1.852e-01,3.042e-01,5.277e-01,5.336e-02,1.387e-01
MGI:1916846,AP5S1,15875,endosomal transport,GO:0016197,biological process,8,10.0,1.515e-01,4.006e-01,9.808e-02,6.367e-01,1.523e-02,1.300e-01,1.767e-01,3.042e-01,5.277e-01,7.754e-02,1.240e-01
MGI:1916846,AP5S1,15875,nucleoplasm,GO:0005654,cellular component,8,49.0,3.360e-01,4.686e-01,3.107e-01,4.241e-01,1.011e-02,3.086e-01,3.659e-01,3.915e-01,5.610e-01,2.795e-01,3.453e-01
MGI:1916846,AP5S1,15875,protein binding,GO:0005515,molecular function,8,373.0,3.420e-01,4.686e-01,3.176e-01,4.196e-01,1.395e-03,3.396e-01,3.443e-01,3.915e-01,5.610e-01,3.129e-01,3.224e-01
MGI:1916846,AP5S1,15875,cytosol,GO:0005829,cellular component,8,76.0,3.710e-01,4.686e-01,3.490e-01,3.961e-01,1.874e-02,3.131e-01,4.396e-01,3.915e-01,5.610e-01,2.887e-01,4.219e-01
MGI:1916846,AP5S1,15875,AP-type membrane coat adaptor complex,GO:0030119,cellular component,8,6.0,3.997e-01,4.686e-01,3.803e-01,3.753e-01,1.456e-02,3.515e-01,4.545e-01,3.915e-01,5.610e-01,3.317e-01,4.359e-01
MGI:1916846,AP5S1,15875,lysosome,GO:0005764,cellular component,8,15.0,4.091e-01,4.850e-01,3.796e-01,3.598e-01,6.983e-02,2.258e-01,7.411e-01,3.854e-01,6.103e-01,1.891e-01,7.620e-01
MGI:1916846,AP5S1,15875,double-strand break repair via homologous recombination,GO:0000724,biological process,8,7.0,5.409e-01,5.739e-01,5.276e-01,2.789e-01,3.509e-02,4.295e-01,6.810e-01,4.817e-01,6.838e-01,4.105e-01,6.782e-01
MGI:1919091,TCP11X2,48335,sperm flagellum,GO:0036126,cellular component,4,2.0,1.525e-01,1.278e-01,4.660e-02,7.079e-01,1.138e-01,7.481e-02,3.109e-01,2.909e-02,5.611e-01,6.574e-03,3.304e-01
MGI:1919091,TCP11X2,48335,regulation of sperm capacitation,GO:1902490,biological process,4,6.0,1.973e-01,1.579e-01,1.148e-01,5.815e-01,1.100e-01,8.164e-02,4.768e-01,4.969e-02,5.015e-01,2.609e-02,5.054e-01
MGI:1919091,TCP11X2,48335,acrosomal vesicle,GO:0001669,cellular component,4,2.0,2.130e-01,1.875e-01,1.455e-01,5.481e-01,9.762e-02,9.175e-02,4.944e-01,7.278e-02,4.831e-01,4.410e-02,4.799e-01
MGI:1919091,TCP11X2,48335,protein kinase A signaling,GO:0010737,biological process,4,3.0,2.424e-01,1.875e-01,1.875e-01,5.093e-01,8.349e-02,1.176e-01,4.996e-01,7.278e-02,4.831e-01,7.278e-02,4.831e-01
MGI:2146009,DENND3,29134,regulation of Rab protein signal transduction,GO:0032483,biological process,5,2.0,1.532e-01,1.481e-01,9.572e-02,6.370e-01,3.851e-02,1.102e-01,2.131e-01,8.383e-02,2.617e-01,5.292e-02,1.731e-01
MGI:2146009,DENND3,29134,guanyl-nucleotide exchange factor activity,GO:0005085,molecular function,5,10.0,1.613e-01,1.481e-01,1.077e-01,6.206e-01,2.862e-02,1.248e-01,2.085e-01,8.383e-02,2.617e-01,6.962e-02,1.666e-01
MGI:2146009,DENND3,29134,cytoplasmic vesicle,GO:0031410,cellular component,5,32.0,2.084e-01,1.595e-01,1.595e-01,5.494e-01,5.458e-02,1.268e-01,3.425e-01,7.876e-02,3.229e-01,7.876e-02,3.229e-01
MGI:2144766,SLC25A47,20115,transmembrane transporter activity,GO:0022857,molecular function,3,51.0,1.093e-01,7.755e-02,3.555e-02,7.746e-01,3.522e-02,9.885e-02,1.208e-01,6.202e-02,9.697e-02,1.857e-02,6.805e-02
MGI:2144766,SLC25A47,20115,transport,GO:0006810,biological process,3,33.0,1.109e-01,8.181e-02,4.329e-02,7.502e-01,1.960e-02,9.973e-02,1.234e-01,7.366e-02,9.086e-02,3.002e-02,6.241e-02
MGI:2144766,SLC25A47,20115,mitochondrion,GO:0005739,cellular component,3,22.0,1.701e-01,1.210e-01,1.210e-01,6.031e-01,1.838e-02,1.423e-01,2.032e-01,9.179e-02,1.595e-01,9.179e-02,1.595e-01
MGI:109628,DNASE1L1,2957,DNA binding,GO:0003677,molecular function,6,23.0,2.152e-01,4.110e-01,1.714e-01,5.425e-01,2.583e-02,1.685e-01,2.748e-01,3.620e-01,4.667e-01,1.229e-01,2.391e-01
MGI:109628,DNASE1L1,2957,deoxyribonuclease I activity,GO:0004530,molecular function,6,2.0,2.736e-01,4.110e-01,2.415e-01,4.781e-01,1.476e-02,2.400e-01,3.118e-01,3.620e-01,4.667e-01,2.025e-01,2.879e-01
MGI:109628,DNASE1L1,2957,DNA catabolic process,GO:0006308,biological process,6,6.0,2.858e-01,4.110e-01,2.542e-01,4.671e-01,1.905e-02,2.402e-01,3.401e-01,3.620e-01,4.667e-01,2.035e-01,3.176e-01
MGI:109628,DNASE1L1,2957,nucleus,GO:0005634,cellular component,6,87.0,3.473e-01,4.110e-01,3.231e-01,4.149e-01,1.306e-02,3.119e-01,3.866e-01,3.620e-01,4.667e-01,2.828e-01,3.693e-01
MGI:109628,DNASE1L1,2957,endoplasmic reticulum,GO:0005783,cellular component,6,24.0,3.484e-01,4.110e-01,3.238e-01,4.131e-01,2.403e-02,2.813e-01,4.314e-01,3.620e-01,4.667e-01,2.544e-01,4.122e-01
MGI:109628,DNASE1L1,2957,protein binding,GO:0005515,molecular function,6,373.0,4.611e-01,4.441e-01,4.441e-01,3.319e-01,2.861e-02,3.710e-01,5.731e-01,3.487e-01,5.658e-01,3.487e-01,5.658e-01
MGI:2679732,SLC9A9,20653,regulation of intracellular pH,GO:0051453,biological process,11,9.0,1.026e-01,7.626e-02,3.033e-02,7.958e-01,6.872e-03,9.749e-02,1.081e-01,6.459e-02,9.004e-02,2.679e-02,3.434e-02
MGI:2679732,SLC9A9,20653,sodium ion import across plasma membrane,GO:0098719,biological process,11,3.0,1.036e-01,7.626e-02,2.989e-02,7.978e-01,1.486e-02,9.950e-02,1.079e-01,6.459e-02,9.004e-02,2.280e-02,3.920e-02
MGI:2679732,SLC9A9,20653,potassium ion transmembrane transport,GO:0071805,biological process,11,7.0,1.051e-01,7.626e-02,3.387e-02,7.817e-01,1.696e-02,1.002e-01,1.102e-01,6.459e-02,9.004e-02,2.478e-02,4.630e-02
MGI:2679732,SLC9A9,20653,potassium:proton antiporter activity,GO:0015386,molecular function,11,3.0,1.115e-01,7.626e-02,4.391e-02,7.484e-01,2.313e-02,1.073e-01,1.159e-01,6.459e-02,9.004e-02,2.855e-02,6.753e-02
MGI:2679732,SLC9A9,20653,early endosome,GO:0005769,cellular component,11,5.0,1.117e-01,8.342e-02,4.392e-02,7.476e-01,2.323e-02,9.490e-02,1.315e-01,6.952e-02,1.001e-01,2.868e-02,6.724e-02
MGI:2679732,SLC9A9,20653,recycling endosome,GO:0055037,cellular component,11,7.0,1.119e-01,8.342e-02,3.752e-02,7.679e-01,3.992e-02,9.775e-02,1.282e-01,6.952e-02,1.001e-01,1.774e-02,7.938e-02
MGI:2679732,SLC9A9,20653,sodium:proton antiporter activity,GO:0015385,molecular function,11,8.0,1.180e-01,7.626e-02,5.082e-02,7.283e-01,2.985e-02,1.035e-01,1.347e-01,6.459e-02,9.004e-02,2.947e-02,8.765e-02
MGI:2679732,SLC9A9,20653,recycling endosome membrane,GO:0055038,cellular component,11,3.0,1.349e-01,9.874e-02,7.452e-02,6.749e-01,3.255e-02,1.019e-01,1.786e-01,6.236e-02,1.563e-01,4.338e-02,1.280e-01
MGI:2679732,SLC9A9,20653,plasma membrane,GO:0005886,cellular component,11,93.0,1.742e-01,1.352e-01,1.243e-01,5.974e-01,3.034e-02,1.332e-01,2.278e-01,8.663e-02,2.111e-01,7.933e-02,1.948e-01
MGI:2679732,SLC9A9,20653,protein binding,GO:0005515,molecular function,11,373.0,2.106e-01,1.691e-01,1.691e-01,5.451e-01,2.477e-02,1.664e-01,2.666e-01,1.225e-01,2.335e-01,1.225e-01,2.335e-01
MGI:2443880,NYAP1,22009,neuron projection morphogenesis,GO:0048812,biological process,2,7.0,2.226e-01,1.564e-01,1.564e-01,5.362e-01,9.462e-02,9.858e-02,5.026e-01,4.505e-02,5.430e-01,4.505e-02,5.430e-01
MGI:1201782,OIT3,29953,protein binding,GO:0005515,molecular function,1,373.0,1.982e-01,1.557e-01,1.557e-01,5.615e-01,1.089e-02,1.784e-01,2.203e-01,1.338e-01,1.811e-01,1.338e-01,1.811e-01
MGI:894672,SERPINB9,8955,serine-type endopeptidase inhibitor activity,GO:0004867,molecular function,23,4.0,1.025e-01,1.028e-01,1.628e-02,8.713e-01,1.110e-02,9.761e-02,1.076e-01,7.068e-02,1.496e-01,1.276e-02,2.077e-02
MGI:894672,SERPINB9,8955,protease binding,GO:0002020,molecular function,23,9.0,1.025e-01,1.028e-01,1.864e-02,8.567e-01,9.133e-03,9.761e-02,1.076e-01,7.068e-02,1.496e-01,1.538e-02,2.259e-02
MGI:894672,SERPINB9,8955,protection from natural killer cell mediated cytotoxicity,GO:0042270,biological process,23,3.0,1.025e-01,1.033e-01,2.032e-02,8.431e-01,2.256e-02,9.761e-02,1.076e-01,7.098e-02,1.503e-01,1.240e-02,3.329e-02
MGI:894672,SERPINB9,8955,collagen-containing extracellular matrix,GO:0062023,cellular component,23,32.0,1.030e-01,1.135e-01,2.730e-02,8.091e-01,1.598e-02,9.719e-02,1.091e-01,9.040e-02,1.425e-01,2.031e-02,3.669e-02
MGI:894672,SERPINB9,8955,negative regulation of endopeptidase activity,GO:0010951,biological process,23,8.0,1.067e-01,1.028e-01,1.758e-02,8.483e-01,5.168e-02,9.391e-02,1.213e-01,7.068e-02,1.496e-01,5.822e-03,5.307e-02
MGI:894672,SERPINB9,8955,cellular response to estrogen stimulus,GO:0071391,biological process,23,3.0,1.459e-01,1.645e-01,7.740e-02,6.616e-01,6.388e-02,8.713e-02,2.443e-01,1.155e-01,2.342e-01,2.879e-02,2.081e-01
MGI:894672,SERPINB9,8955,extracellular space,GO:0005615,cellular component,23,55.0,1.477e-01,1.540e-01,9.299e-02,6.437e-01,2.195e-02,1.193e-01,1.827e-01,1.237e-01,1.916e-01,6.525e-02,1.325e-01
MGI:894672,SERPINB9,8955,extracellular exosome,GO:0070062,cellular component,23,88.0,1.504e-01,1.540e-01,9.672e-02,6.394e-01,6.176e-03,1.385e-01,1.634e-01,1.237e-01,1.916e-01,8.772e-02,1.067e-01
MGI:894672,SERPINB9,8955,immune response,GO:0006955,biological process,23,16.0,1.506e-01,1.540e-01,9.370e-02,6.414e-01,3.075e-02,1.166e-01,1.944e-01,1.237e-01,1.916e-01,5.846e-02,1.502e-01
MGI:894672,SERPINB9,8955,nucleus,GO:0005634,cellular component,23,87.0,1.532e-01,1.540e-01,9.992e-02,6.343e-01,5.813e-03,1.437e-01,1.632e-01,1.237e-01,1.916e-01,9.119e-02,1.095e-01
MGI:894672,SERPINB9,8955,membrane,GO:0016020,cellular component,23,60.0,1.547e-01,1.540e-01,1.018e-01,6.313e-01,6.955e-03,1.473e-01,1.625e-01,1.237e-01,1.916e-01,9.128e-02,1.136e-01
MGI:894672,SERPINB9,8955,nucleoplasm,GO:0005654,cellular component,23,49.0,1.640e-01,1.540e-01,1.133e-01,6.144e-01,1.072e-02,1.461e-01,1.841e-01,1.237e-01,1.916e-01,9.620e-02,1.336e-01
MGI:894672,SERPINB9,8955,protein binding,GO:0005515,molecular function,23,373.0,1.671e-01,1.540e-01,1.168e-01,6.093e-01,1.391e-02,1.492e-01,1.871e-01,1.237e-01,1.916e-01,9.529e-02,1.433e-01
MGI:894672,SERPINB9,8955,Golgi apparatus,GO:0005794,cellular component,23,20.0,1.676e-01,1.540e-01,1.153e-01,6.109e-01,1.958e-02,1.469e-01,1.912e-01,1.237e-01,1.916e-01,8.570e-02,1.551e-01
MGI:894672,SERPINB9,8955,cytosol,GO:0005829,cellular component,23,76.0,1.738e-01,1.540e-01,1.261e-01,5.970e-01,1.135e-02,1.547e-01,1.953e-01,1.237e-01,1.916e-01,1.068e-01,1.489e-01
MGI:894672,SERPINB9,8955,cytoplasm,GO:0005737,cellular component,23,99.0,1.867e-01,1.559e-01,1.412e-01,5.781e-01,1.218e-02,1.674e-01,2.081e-01,1.223e-01,1.986e-01,1.190e-01,1.674e-01
MGI:894672,SERPINB9,8955,negative regulation of apoptotic process,GO:0043066,biological process,23,31.0,1.889e-01,1.650e-01,1.442e-01,5.747e-01,1.007e-02,1.712e-01,2.084e-01,1.396e-01,1.951e-01,1.251e-01,1.661e-01
MGI:894672,SERPINB9,8955,cysteine-type endopeptidase inhibitor activity involved in apoptotic process,GO:0043027,molecular function,23,3.0,1.970e-01,1.711e-01,1.477e-01,5.660e-01,4.295e-02,1.339e-01,2.899e-01,1.120e-01,2.615e-01,8.380e-02,2.605e-01
MGI:894672,SERPINB9,8955,mast cell mediated immunity,GO:0002448,biological process,23,3.0,1.985e-01,1.657e-01,1.525e-01,5.630e-01,2.905e-02,1.534e-01,2.569e-01,1.155e-01,2.377e-01,1.036e-01,2.246e-01
MGI:1933754,NEDD4L,7728,transmembrane transporter binding,GO:0044325,molecular function,33,2.0,1.025e-01,4.137e-02,2.696e-03,9.571e-01,2.104e-03,9.761e-02,1.076e-01,3.041e-02,5.629e-02,2.124e-03,3.422e-03
MGI:1933754,NEDD4L,7728,negative regulation of potassium ion transmembrane transporter activity,GO:1901017,biological process,33,8.0,1.025e-01,4.137e-02,1.013e-02,9.078e-01,1.045e-02,9.761e-02,1.076e-01,3.041e-02,5.629e-02,6.497e-03,1.581e-02
MGI:1933754,NEDD4L,7728,negative regulation of sodium ion transmembrane transporter activity,GO:2000650,biological process,33,8.0,1.025e-01,4.137e-02,1.101e-02,8.987e-01,1.569e-02,9.761e-02,1.076e-01,3.041e-02,5.629e-02,5.916e-03,2.048e-02
MGI:1933754,NEDD4L,7728,negative regulation of sodium ion transmembrane transport,GO:1902306,biological process,33,7.0,1.025e-01,4.137e-02,1.266e-02,8.941e-01,8.898e-03,9.761e-02,1.076e-01,3.041e-02,5.629e-02,9.862e-03,1.626e-02
MGI:1933754,NEDD4L,7728,negative regulation of potassium ion transmembrane transport,GO:1901380,biological process,33,7.0,1.025e-01,4.137e-02,1.480e-02,8.812e-01,8.160e-03,9.761e-02,1.076e-01,3.041e-02,5.629e-02,1.200e-02,1.826e-02
MGI:1933754,NEDD4L,7728,sodium channel regulator activity,GO:0017080,molecular function,33,4.0,1.025e-01,4.137e-02,1.628e-02,8.723e-01,6.602e-03,9.761e-02,1.076e-01,3.041e-02,5.629e-02,1.402e-02,1.889e-02
MGI:1933754,NEDD4L,7728,regulation of sodium ion transmembrane transport,GO:1902305,biological process,33,8.0,1.025e-01,4.137e-02,1.558e-02,8.723e-01,1.765e-02,9.761e-02,1.076e-01,3.041e-02,5.629e-02,1.003e-02,2.419e-02
MGI:1933754,NEDD4L,7728,negative regulation of protein localization to cell surface,GO:2000009,biological process,33,3.0,1.025e-01,4.137e-02,1.714e-02,8.660e-01,9.722e-03,9.761e-02,1.076e-01,3.041e-02,5.629e-02,1.395e-02,2.106e-02
MGI:1933754,NEDD4L,7728,sodium channel inhibitor activity,GO:0019871,molecular function,33,3.0,1.025e-01,4.137e-02,1.705e-02,8.623e-01,2.526e-02,9.761e-02,1.076e-01,3.041e-02,5.629e-02,9.969e-03,2.917e-02
MGI:1933754,NEDD4L,7728,protein K48-linked ubiquitination,GO:0070936,biological process,33,2.0,1.025e-01,4.137e-02,1.932e-02,8.500e-01,1.926e-02,9.761e-02,1.076e-01,3.041e-02,5.629e-02,1.276e-02,2.925e-02
MGI:1933754,NEDD4L,7728,ubiquitin-dependent protein catabolic process,GO:0006511,biological process,33,5.0,1.025e-01,4.137e-02,2.128e-02,8.401e-01,1.586e-02,9.761e-02,1.076e-01,3.041e-02,5.629e-02,1.535e-02,2.951e-02
MGI:1933754,NEDD4L,7728,regulation of protein stability,GO:0031647,biological process,33,5.0,1.025e-01,4.161e-02,1.250e-02,8.706e-01,3.259e-02,9.761e-02,1.076e-01,3.092e-02,5.599e-02,3.721e-03,4.198e-02
MGI:1933754,NEDD4L,7728,regulation of monoatomic ion transmembrane transport,GO:0034765,biological process,33,7.0,1.025e-01,4.161e-02,2.099e-02,8.418e-01,1.548e-02,9.761e-02,1.076e-01,3.092e-02,5.599e-02,1.539e-02,2.862e-02
MGI:1933754,NEDD4L,7728,potassium channel regulator activity,GO:0015459,molecular function,33,5.0,1.026e-01,4.137e-02,2.329e-02,8.294e-01,1.713e-02,9.776e-02,1.076e-01,3.041e-02,5.629e-02,1.680e-02,3.229e-02
MGI:1933754,NEDD4L,7728,regulation of membrane potential,GO:0042391,biological process,33,25.0,1.026e-01,4.279e-02,3.037e-02,7.956e-01,1.455e-03,9.777e-02,1.076e-01,3.308e-02,5.535e-02,2.958e-02,3.119e-02
MGI:1933754,NEDD4L,7728,regulation of potassium ion transmembrane transporter activity,GO:1901016,biological process,33,13.0,1.026e-01,4.215e-02,2.352e-02,8.249e-01,2.808e-02,9.775e-02,1.077e-01,3.053e-02,5.821e-02,1.323e-02,4.179e-02
MGI:1933754,NEDD4L,7728,positive regulation of dendrite extension,GO:1903861,biological process,33,4.0,1.030e-01,4.241e-02,2.281e-02,8.282e-01,2.910e-02,9.719e-02,1.091e-01,3.054e-02,5.889e-02,1.253e-02,4.153e-02
MGI:1933754,NEDD4L,7728,potassium channel inhibitor activity,GO:0019870,molecular function,33,6.0,1.030e-01,4.137e-02,2.257e-02,8.327e-01,2.232e-02,9.856e-02,1.076e-01,3.041e-02,5.629e-02,1.479e-02,3.445e-02
MGI:1933754,NEDD4L,7728,regulation of dendrite morphogenesis,GO:0048814,biological process,33,5.0,1.032e-01,4.170e-02,2.379e-02,8.235e-01,2.930e-02,9.886e-02,1.077e-01,3.044e-02,5.714e-02,1.314e-02,4.308e-02
MGI:1933754,NEDD4L,7728,regulation of membrane depolarization,GO:0003254,biological process,33,9.0,1.054e-01,4.524e-02,3.130e-02,7.920e-01,2.349e-02,1.005e-01,1.106e-01,2.994e-02,6.834e-02,2.017e-02,4.857e-02
MGI:1933754,NEDD4L,7728,regulation of membrane repolarization,GO:0060306,biological process,33,5.0,1.066e-01,4.788e-02,3.254e-02,7.866e-01,2.958e-02,9.423e-02,1.206e-01,2.994e-02,7.657e-02,1.876e-02,5.644e-02
MGI:1933754,NEDD4L,7728,proteasome-mediated ubiquitin-dependent protein catabolic process,GO:0043161,biological process,33,14.0,1.152e-01,5.697e-02,4.543e-02,7.434e-01,3.361e-02,9.895e-02,1.341e-01,3.123e-02,1.039e-01,2.451e-02,8.419e-02
MGI:1933754,NEDD4L,7728,protein ubiquitination,GO:0016567,biological process,33,9.0,1.154e-01,5.702e-02,4.288e-02,7.506e-01,3.984e-02,1.007e-01,1.323e-01,3.109e-02,1.046e-01,2.049e-02,8.973e-02
MGI:1933754,NEDD4L,7728,ubiquitin protein ligase activity,GO:0061630,molecular function,33,7.0,1.394e-01,7.836e-02,6.825e-02,6.837e-01,5.547e-02,1.001e-01,1.941e-01,3.117e-02,1.970e-01,2.601e-02,1.791e-01
MGI:1933754,NEDD4L,7728,extracellular exosome,GO:0070062,cellular component,33,88.0,1.489e-01,8.435e-02,7.673e-02,6.647e-01,6.261e-02,9.734e-02,2.277e-01,3.084e-02,2.307e-01,2.686e-02,2.192e-01
MGI:1933754,NEDD4L,7728,plasma membrane,GO:0005886,cellular component,33,93.0,1.505e-01,8.480e-02,8.030e-02,6.579e-01,6.164e-02,9.630e-02,2.351e-01,3.130e-02,2.297e-01,2.902e-02,2.222e-01
MGI:1933754,NEDD4L,7728,cytoplasm,GO:0005737,cellular component,33,99.0,1.522e-01,9.539e-02,8.996e-02,6.446e-01,4.733e-02,1.036e-01,2.235e-01,4.341e-02,2.096e-01,4.258e-02,1.901e-01
MGI:1933754,NEDD4L,7728,protein binding,GO:0005515,molecular function,33,373.0,1.608e-01,9.301e-02,9.189e-02,6.364e-01,6.508e-02,9.795e-02,2.638e-01,3.297e-02,2.624e-01,3.184e-02,2.652e-01
MGI:1098272,RNASEL,10050,positive regulation of transcription by RNA polymerase II,GO:0045944,biological process,8,23.0,1.025e-01,6.923e-02,2.247e-02,8.344e-01,9.080e-03,9.761e-02,1.076e-01,5.871e-02,8.163e-02,1.896e-02,2.663e-02
MGI:1098272,RNASEL,10050,RNA binding,GO:0003723,molecular function,8,46.0,1.035e-01,6.923e-02,2.303e-02,8.276e-01,3.015e-02,9.902e-02,1.083e-01,5.871e-02,8.163e-02,1.247e-02,4.251e-02
MGI:1098272,RNASEL,10050,RNA nuclease activity,GO:0004540,molecular function,8,14.0,1.171e-01,9.015e-02,5.357e-02,7.221e-01,1.812e-02,1.059e-01,1.295e-01,7.385e-02,1.100e-01,3.871e-02,7.415e-02
MGI:1098272,RNASEL,10050,defense response to virus,GO:0051607,biological process,8,14.0,1.197e-01,8.432e-02,4.158e-02,7.511e-01,5.731e-02,8.937e-02,1.603e-01,5.278e-02,1.347e-01,1.457e-02,1.187e-01
MGI:1098272,RNASEL,10050,negative regulation of viral genome replication,GO:0045071,biological process,8,9.0,1.289e-01,1.023e-01,6.821e-02,6.894e-01,1.841e-02,1.092e-01,1.522e-01,7.894e-02,1.324e-01,4.931e-02,9.436e-02
MGI:1098272,RNASEL,10050,RNA processing,GO:0006396,biological process,8,12.0,1.451e-01,1.027e-01,9.003e-02,6.485e-01,2.429e-02,1.155e-01,1.822e-01,7.979e-02,1.323e-01,6.166e-02,1.315e-01
MGI:1098272,RNASEL,10050,protein binding,GO:0005515,molecular function,8,373.0,2.283e-01,1.888e-01,1.847e-01,5.282e-01,3.036e-02,1.766e-01,2.952e-01,1.318e-01,2.703e-01,1.236e-01,2.758e-01
MGI:1891703,GPA33,4445,extracellular exosome,GO:0070062,cellular component,3,88.0,1.327e-01,1.006e-01,7.405e-02,6.784e-01,3.710e-03,1.268e-01,1.388e-01,8.791e-02,1.150e-01,6.940e-02,7.901e-02
MGI:1891703,GPA33,4445,plasma membrane,GO:0005886,cellular component,3,93.0,1.385e-01,1.006e-01,8.104e-02,6.651e-01,1.096e-02,1.286e-01,1.493e-01,8.791e-02,1.150e-01,6.761e-02,9.714e-02
MGI:1891703,GPA33,4445,protein binding,GO:0005515,molecular function,3,373.0,1.540e-01,1.006e-01,1.006e-01,6.332e-01,8.648e-03,1.431e-01,1.657e-01,8.791e-02,1.150e-01,8.791e-02,1.150e-01
MGI:101918,AKR1B15,37281,mitochondrion,GO:0005739,cellular component,3,22.0,1.743e-01,1.829e-01,1.244e-01,5.994e-01,1.002e-02,1.642e-01,1.850e-01,1.470e-01,2.274e-01,1.075e-01,1.439e-01
MGI:101918,AKR1B15,37281,alditol:NADP+ 1-oxidoreductase activity,GO:0004032,molecular function,3,5.0,1.948e-01,1.829e-01,1.504e-01,5.673e-01,1.228e-02,1.777e-01,2.136e-01,1.470e-01,2.274e-01,1.266e-01,1.786e-01
MGI:101918,AKR1B15,37281,cytosol,GO:0005829,cellular component,3,76.0,2.057e-01,1.829e-01,1.599e-01,5.549e-01,2.865e-02,1.574e-01,2.689e-01,1.470e-01,2.274e-01,1.088e-01,2.349e-01
MGI:1928330,CDH24,14265,cell-cell adhesion mediated by cadherin,GO:0044331,biological process,15,3.0,1.025e-01,3.074e-02,2.745e-03,9.551e-01,7.075e-03,9.761e-02,1.076e-01,1.761e-02,5.366e-02,1.373e-03,5.487e-03
MGI:1928330,CDH24,14265,cell-cell junction,GO:0005911,cellular component,15,19.0,1.025e-01,3.590e-02,9.690e-03,9.131e-01,5.011e-03,9.761e-02,1.076e-01,2.394e-02,5.384e-02,7.944e-03,1.182e-02
MGI:1928330,CDH24,14265,cell-cell adhesion,GO:0098609,biological process,15,29.0,1.025e-01,3.590e-02,1.218e-02,8.827e-01,3.324e-02,9.761e-02,1.076e-01,2.394e-02,5.384e-02,5.060e-03,2.933e-02
MGI:1928330,CDH24,14265,adherens junction,GO:0005912,cellular component,15,9.0,1.025e-01,3.590e-02,1.372e-02,8.821e-01,2.230e-02,9.761e-02,1.076e-01,2.394e-02,5.384e-02,7.932e-03,2.372e-02
MGI:1928330,CDH24,14265,cadherin binding,GO:0045296,molecular function,15,8.0,1.025e-01,3.590e-02,1.723e-02,8.614e-01,2.441e-02,9.761e-02,1.076e-01,2.394e-02,5.384e-02,1.023e-02,2.903e-02
MGI:1928330,CDH24,14265,adherens junction organization,GO:0034332,biological process,15,5.0,1.025e-01,3.663e-02,2.398e-02,8.260e-01,6.200e-03,9.761e-02,1.076e-01,2.495e-02,5.379e-02,2.132e-02,2.698e-02
MGI:1928330,CDH24,14265,calcium-dependent cell-cell adhesion via plasma membrane cell adhesion molecules,GO:0016339,biological process,15,2.0,1.030e-01,3.650e-02,2.064e-02,8.425e-01,2.798e-02,9.719e-02,1.091e-01,2.478e-02,5.377e-02,1.202e-02,3.543e-02
MGI:1928330,CDH24,14265,cell-cell junction assembly,GO:0007043,biological process,15,10.0,1.030e-01,3.738e-02,2.891e-02,8.020e-01,1.201e-02,9.719e-02,1.091e-01,2.596e-02,5.381e-02,2.323e-02,3.599e-02
MGI:1928330,CDH24,14265,catenin complex,GO:0016342,cellular component,15,4.0,1.140e-01,4.530e-02,3.859e-02,7.633e-01,4.411e-02,8.835e-02,1.471e-01,2.180e-02,9.416e-02,1.733e-02,8.597e-02
MGI:1928330,CDH24,14265,calcium ion binding,GO:0005509,molecular function,15,12.0,1.140e-01,4.888e-02,4.013e-02,7.586e-01,4.068e-02,9.250e-02,1.406e-01,2.474e-02,9.659e-02,1.902e-02,8.468e-02
MGI:1928330,CDH24,14265,cell morphogenesis,GO:0000902,biological process,15,24.0,1.163e-01,5.112e-02,4.262e-02,7.504e-01,4.428e-02,9.089e-02,1.488e-01,2.662e-02,9.816e-02,1.906e-02,9.530e-02
MGI:1928330,CDH24,14265,multicellular organism development,GO:0007275,biological process,15,11.0,1.343e-01,6.752e-02,6.150e-02,6.978e-01,5.933e-02,9.367e-02,1.926e-01,2.857e-02,1.596e-01,2.198e-02,1.720e-01
MGI:109277,PIK3R3,8981,phosphotyrosine residue binding,GO:0001784,molecular function,22,5.0,1.025e-01,2.083e-02,3.226e-03,9.446e-01,1.414e-02,9.761e-02,1.076e-01,5.939e-03,7.308e-02,6.242e-04,1.667e-02
MGI:109277,PIK3R3,8981,phosphatidylinositol 3-kinase/protein kinase B signal transduction,GO:0043491,biological process,22,3.0,1.025e-01,3.834e-02,1.586e-02,8.726e-01,1.588e-02,9.761e-02,1.076e-01,2.784e-02,5.280e-02,1.120e-02,2.246e-02
MGI:109277,PIK3R3,8981,insulin receptor signaling pathway,GO:0008286,biological process,22,2.0,1.027e-01,3.727e-02,1.489e-02,8.662e-01,3.561e-02,9.808e-02,1.076e-01,2.685e-02,5.173e-02,6.110e-03,3.630e-02
MGI:109277,PIK3R3,8981,phosphatidylinositol phosphate biosynthetic process,GO:0046854,biological process,22,9.0,1.028e-01,3.834e-02,1.865e-02,8.485e-01,3.102e-02,9.816e-02,1.076e-01,2.784e-02,5.280e-02,9.215e-03,3.775e-02
MGI:109277,PIK3R3,8981,positive regulation of protein phosphorylation,GO:0001934,biological process,22,18.0,1.037e-01,4.212e-02,2.325e-02,8.278e-01,2.957e-02,9.653e-02,1.115e-01,2.939e-02,6.038e-02,1.309e-02,4.129e-02
MGI:109277,PIK3R3,8981,1-phosphatidylinositol-3-kinase regulator activity,GO:0046935,molecular function,22,2.0,1.055e-01,4.679e-02,3.538e-02,7.759e-01,1.612e-02,1.001e-01,1.112e-01,3.710e-02,5.901e-02,2.619e-02,4.779e-02
MGI:109277,PIK3R3,8981,protein binding,GO:0005515,molecular function,22,373.0,1.066e-01,4.732e-02,3.737e-02,7.689e-01,1.598e-02,9.538e-02,1.191e-01,3.722e-02,6.017e-02,2.769e-02,5.042e-02
MGI:109277,PIK3R3,8981,cell migration involved in sprouting angiogenesis,GO:0002042,biological process,22,2.0,1.067e-01,4.045e-02,2.579e-02,8.161e-01,3.848e-02,1.001e-01,1.136e-01,2.689e-02,6.085e-02,1.253e-02,5.306e-02
MGI:109277,PIK3R3,8981,phosphatidylinositol 3-kinase complex,GO:0005942,cellular component,22,6.0,1.155e-01,5.698e-02,4.066e-02,7.563e-01,4.342e-02,9.477e-02,1.408e-01,3.326e-02,9.761e-02,1.846e-02,8.956e-02
MGI:109277,PIK3R3,8981,positive regulation of gene expression,GO:0010628,biological process,22,28.0,1.780e-01,1.105e-01,1.105e-01,6.000e-01,8.468e-02,8.606e-02,3.681e-01,3.515e-02,3.472e-01,3.515e-02,3.472e-01
MGI:1923437,ADHFE1,16354,mitochondrion,GO:0005739,cellular component,9,22.0,1.025e-01,1.905e-02,7.284e-03,9.212e-01,1.352e-02,9.761e-02,1.076e-01,1.236e-02,2.935e-02,3.117e-03,1.702e-02
MGI:1923437,ADHFE1,16354,glutamate catabolic process via 2-oxoglutarate,GO:0006539,biological process,9,3.0,1.025e-01,2.711e-02,1.673e-02,8.647e-01,2.122e-02,9.761e-02,1.076e-01,2.195e-02,3.349e-02,1.027e-02,2.728e-02
MGI:1923437,ADHFE1,16354,alcohol dehydrogenase (NAD+) activity,GO:0004022,molecular function,9,10.0,1.025e-01,3.000e-02,2.163e-02,8.345e-01,2.699e-02,9.762e-02,1.076e-01,2.430e-02,3.704e-02,1.217e-02,3.846e-02
MGI:1923437,ADHFE1,16354,hydroxyacid-oxoacid transhydrogenase activity,GO:0047988,molecular function,9,2.0,1.090e-01,3.447e-02,2.846e-02,8.033e-01,4.347e-02,9.862e-02,1.205e-01,1.861e-02,6.386e-02,1.273e-02,6.362e-02
MGI:1351469,PLEKHB1,19079,membrane,GO:0016020,cellular component,4,60.0,2.377e-01,2.370e-01,1.924e-01,5.128e-01,6.201e-02,1.356e-01,4.166e-01,1.396e-01,4.026e-01,9.214e-02,4.020e-01
MGI:1351469,PLEKHB1,19079,regulation of cell differentiation,GO:0045595,biological process,4,45.0,2.539e-01,2.370e-01,2.169e-01,4.975e-01,3.050e-02,1.915e-01,3.366e-01,1.396e-01,4.026e-01,1.504e-01,3.129e-01
MGI:1351469,PLEKHB1,19079,protein binding,GO:0005515,molecular function,4,373.0,2.553e-01,2.370e-01,2.159e-01,4.960e-01,4.248e-02,1.731e-01,3.764e-01,1.396e-01,4.026e-01,1.299e-01,3.590e-01
MGI:1341839,NOD1,16390,activation of cysteine-type endopeptidase activity involved in apoptotic process,GO:0006919,biological process,28,6.0,1.025e-01,8.493e-02,9.763e-03,9.084e-01,1.398e-02,9.761e-02,1.076e-01,7.720e-02,9.344e-02,5.826e-03,1.636e-02
MGI:1341839,NOD1,16390,defense response to Gram-negative bacterium,GO:0050829,biological process,28,2.0,1.025e-01,8.493e-02,1.204e-02,8.971e-01,9.992e-03,9.761e-02,1.076e-01,7.720e-02,9.344e-02,8.441e-03,1.717e-02
MGI:1341839,NOD1,16390,positive regulation of cysteine-type endopeptidase activity involved in apoptotic process,GO:0043280,biological process,28,7.0,1.025e-01,8.493e-02,1.300e-02,8.857e-01,1.959e-02,9.761e-02,1.076e-01,7.720e-02,9.344e-02,7.087e-03,2.386e-02
MGI:1341839,NOD1,16390,pattern recognition receptor signaling pathway,GO:0002221,biological process,28,7.0,1.025e-01,8.493e-02,1.776e-02,8.529e-01,2.727e-02,9.761e-02,1.076e-01,7.720e-02,9.344e-02,8.877e-03,3.552e-02
MGI:1341839,NOD1,16390,positive regulation of NF-kappaB transcription factor activity,GO:0051092,biological process,28,6.0,1.032e-01,8.502e-02,2.351e-02,8.220e-01,3.421e-02,9.879e-02,1.079e-01,7.717e-02,9.366e-02,1.132e-02,4.884e-02
MGI:1341839,NOD1,16390,defense response to bacterium,GO:0042742,biological process,28,11.0,1.033e-01,9.397e-02,2.490e-02,8.208e-01,2.312e-02,9.690e-02,1.101e-01,8.427e-02,1.048e-01,1.620e-02,3.828e-02
MGI:1341839,NOD1,16390,pattern recognition receptor activity,GO:0038187,molecular function,28,8.0,1.034e-01,9.336e-02,3.016e-02,7.965e-01,1.470e-02,9.922e-02,1.078e-01,8.657e-02,1.007e-01,2.306e-02,3.945e-02
MGI:1341839,NOD1,16390,positive regulation of canonical NF-kappaB signal transduction,GO:0043123,biological process,28,7.0,1.125e-01,1.026e-01,4.604e-02,7.411e-01,2.327e-02,1.000e-01,1.264e-01,8.613e-02,1.222e-01,3.008e-02,7.047e-02
MGI:1341839,NOD1,16390,positive regulation of non-canonical NF-kappaB signal transduction,GO:1901224,biological process,28,6.0,1.164e-01,1.080e-01,5.182e-02,7.261e-01,2.234e-02,1.017e-01,1.332e-01,8.740e-02,1.334e-01,3.435e-02,7.817e-02
MGI:1341839,NOD1,16390,protein-containing complex binding,GO:0044877,molecular function,28,74.0,1.187e-01,1.024e-01,4.231e-02,7.498e-01,5.354e-02,8.483e-02,1.660e-01,7.772e-02,1.350e-01,1.649e-02,1.086e-01
MGI:1341839,NOD1,16390,CARD domain binding,GO:0050700,molecular function,28,4.0,1.191e-01,1.191e-01,5.676e-02,7.143e-01,1.394e-02,1.129e-01,1.256e-01,1.026e-01,1.382e-01,4.414e-02,7.299e-02
MGI:1341839,NOD1,16390,positive regulation of interleukin-8 production,GO:0032757,biological process,28,7.0,1.234e-01,1.187e-01,5.086e-02,7.245e-01,5.104e-02,8.904e-02,1.711e-01,8.026e-02,1.755e-01,2.104e-02,1.229e-01
MGI:1341839,NOD1,16390,intracellular signal transduction,GO:0035556,biological process,28,32.0,1.236e-01,1.145e-01,4.476e-02,7.408e-01,6.022e-02,8.715e-02,1.752e-01,7.528e-02,1.741e-01,1.584e-02,1.264e-01
MGI:1341839,NOD1,16390,identical protein binding,GO:0042802,molecular function,28,28.0,1.296e-01,1.283e-01,6.827e-02,6.887e-01,2.274e-02,1.070e-01,1.569e-01,1.058e-01,1.555e-01,4.563e-02,1.021e-01
MGI:1341839,NOD1,16390,detection of bacterium,GO:0016045,biological process,28,4.0,1.406e-01,1.163e-01,8.087e-02,6.619e-01,3.900e-02,1.026e-01,1.927e-01,9.461e-02,1.430e-01,4.237e-02,1.543e-01
MGI:1341839,NOD1,16390,protein homodimerization activity,GO:0042803,molecular function,28,14.0,1.463e-01,1.352e-01,8.628e-02,6.526e-01,3.845e-02,1.067e-01,2.006e-01,1.024e-01,1.786e-01,4.645e-02,1.603e-01
MGI:1341839,NOD1,16390,basolateral plasma membrane,GO:0016323,cellular component,28,5.0,1.469e-01,1.167e-01,8.452e-02,6.532e-01,4.783e-02,1.028e-01,2.099e-01,8.749e-02,1.557e-01,3.739e-02,1.911e-01
MGI:1341839,NOD1,16390,peptidoglycan binding,GO:0042834,molecular function,28,3.0,1.592e-01,1.391e-01,1.065e-01,6.242e-01,1.389e-02,1.408e-01,1.800e-01,1.286e-01,1.505e-01,8.580e-02,1.322e-01
MGI:1341839,NOD1,16390,cytosol,GO:0005829,cellular component,28,76.0,1.620e-01,1.400e-01,1.094e-01,6.194e-01,1.707e-02,1.404e-01,1.868e-01,1.112e-01,1.762e-01,8.475e-02,1.411e-01
MGI:1341839,NOD1,16390,nucleotide-binding oligomerization domain containing 1 signaling pathway,GO:0070427,biological process,28,2.0,1.627e-01,1.406e-01,1.080e-01,6.197e-01,3.172e-02,1.259e-01,2.103e-01,1.099e-01,1.800e-01,6.752e-02,1.727e-01
MGI:1341839,NOD1,16390,plasma membrane,GO:0005886,cellular component,28,93.0,1.657e-01,1.412e-01,1.149e-01,6.118e-01,1.700e-02,1.408e-01,1.950e-01,1.126e-01,1.771e-01,8.888e-02,1.486e-01
MGI:1341839,NOD1,16390,ubiquitin binding,GO:0043130,molecular function,28,4.0,1.668e-01,1.406e-01,1.138e-01,6.119e-01,2.932e-02,1.303e-01,2.134e-01,1.099e-01,1.800e-01,7.419e-02,1.745e-01
MGI:1341839,NOD1,16390,cellular response to muramyl dipeptide,GO:0071225,biological process,28,3.0,1.671e-01,1.505e-01,1.119e-01,6.137e-01,3.052e-02,1.348e-01,2.071e-01,1.257e-01,1.801e-01,6.939e-02,1.804e-01
MGI:1341839,NOD1,16390,peptide receptor activity,GO:0001653,molecular function,28,6.0,1.717e-01,1.658e-01,1.120e-01,6.108e-01,4.573e-02,1.191e-01,2.475e-01,1.238e-01,2.220e-01,5.679e-02,2.211e-01
MGI:1341839,NOD1,16390,protein binding,GO:0005515,molecular function,28,373.0,1.783e-01,1.432e-01,1.298e-01,5.910e-01,2.477e-02,1.422e-01,2.236e-01,1.128e-01,1.819e-01,9.072e-02,1.857e-01
MGI:1341839,NOD1,16390,cytoplasm,GO:0005737,cellular component,28,99.0,1.812e-01,1.474e-01,1.333e-01,5.872e-01,2.096e-02,1.504e-01,2.182e-01,1.212e-01,1.792e-01,9.930e-02,1.791e-01
MGI:1338888,IL18RAP,5989,coreceptor activity,GO:0015026,molecular function,6,3.0,1.025e-01,2.871e-02,8.692e-03,9.003e-01,2.652e-02,9.761e-02,1.076e-01,1.370e-02,6.016e-02,2.510e-03,3.010e-02
MGI:1338888,IL18RAP,5989,interleukin-18 receptor activity,GO:0042008,molecular function,6,2.0,1.025e-01,3.281e-02,1.140e-02,9.004e-01,1.081e-02,9.761e-02,1.076e-01,1.921e-02,5.603e-02,7.581e-03,1.714e-02
MGI:1338888,IL18RAP,5989,interleukin-18-mediated signaling pathway,GO:0035655,biological process,6,2.0,1.025e-01,4.278e-02,2.354e-02,8.286e-01,1.128e-02,9.761e-02,1.076e-01,3.291e-02,5.562e-02,1.903e-02,2.913e-02
MGI:1338888,IL18RAP,5989,positive regulation of NF-kappaB transcription factor activity,GO:0051092,biological process,6,6.0,1.034e-01,3.960e-02,2.337e-02,8.257e-01,3.040e-02,9.918e-02,1.078e-01,2.647e-02,5.925e-02,1.261e-02,4.332e-02
MGI:1338888,IL18RAP,5989,interleukin-18 receptor complex,GO:0045092,cellular component,6,2.0,1.197e-01,6.606e-02,5.505e-02,7.175e-01,2.689e-02,1.047e-01,1.369e-01,4.043e-02,1.079e-01,3.369e-02,8.995e-02
MGI:1338888,IL18RAP,5989,protein binding,GO:0005515,molecular function,6,373.0,1.790e-01,1.304e-01,1.304e-01,5.915e-01,9.126e-03,1.693e-01,1.892e-01,1.146e-01,1.484e-01,1.146e-01,1.484e-01
MGI:96650,JUP,6207,cell adhesion molecule binding,GO:0050839,molecular function,45,8.0,1.025e-01,1.002e-01,1.383e-02,8.867e-01,1.096e-02,9.761e-02,1.076e-01,8.138e-02,1.235e-01,1.044e-02,1.832e-02
MGI:96650,JUP,6207,alpha-catenin binding,GO:0045294,molecular function,45,2.0,1.025e-01,1.002e-01,1.837e-02,8.584e-01,1.091e-02,9.761e-02,1.076e-01,8.138e-02,1.235e-01,1.469e-02,2.297e-02
MGI:96650,JUP,6207,cell-cell junction,GO:0005911,cellular component,45,19.0,1.025e-01,1.002e-01,2.131e-02,8.404e-01,1.315e-02,9.761e-02,1.076e-01,8.138e-02,1.235e-01,1.649e-02,2.754e-02
MGI:96650,JUP,6207,cadherin binding,GO:0045296,molecular function,45,8.0,1.025e-01,1.002e-01,2.333e-02,8.297e-01,9.506e-03,9.761e-02,1.076e-01,8.138e-02,1.235e-01,1.950e-02,2.791e-02
MGI:96650,JUP,6207,desmosome,GO:0030057,cellular component,45,3.0,1.028e-01,1.002e-01,2.943e-02,7.995e-01,7.541e-03,9.810e-02,1.076e-01,8.138e-02,1.235e-01,2.566e-02,3.375e-02
MGI:96650,JUP,6207,adherens junction,GO:0005912,cellular component,45,9.0,1.028e-01,1.002e-01,2.868e-02,8.031e-01,1.064e-02,9.813e-02,1.077e-01,8.138e-02,1.235e-01,2.367e-02,3.476e-02
MGI:96650,JUP,6207,cell-cell adhesion,GO:0098609,biological process,45,29.0,1.042e-01,1.033e-01,3.608e-02,7.729e-01,5.677e-03,9.807e-02,1.106e-01,7.908e-02,1.350e-01,3.249e-02,4.007e-02
MGI:96650,JUP,6207,positive regulation of angiogenesis,GO:0045766,biological process,45,12.0,1.048e-01,1.033e-01,3.174e-02,7.904e-01,1.866e-02,9.557e-02,1.149e-01,7.908e-02,1.350e-01,2.244e-02,4.489e-02
MGI:96650,JUP,6207,desmosome assembly,GO:0002159,biological process,45,3.0,1.080e-01,1.033e-01,3.418e-02,7.802e-01,3.198e-02,9.588e-02,1.217e-01,7.908e-02,1.350e-01,1.884e-02,6.200e-02
MGI:96650,JUP,6207,focal adhesion,GO:0005925,cellular component,45,18.0,1.091e-01,1.033e-01,2.984e-02,7.948e-01,4.381e-02,9.198e-02,1.294e-01,7.908e-02,1.350e-01,1.274e-02,6.989e-02
MGI:96650,JUP,6207,intercalated disc,GO:0014704,cellular component,45,2.0,1.098e-01,1.033e-01,3.892e-02,7.638e-01,2.690e-02,9.586e-02,1.258e-01,7.908e-02,1.350e-01,2.368e-02,6.396e-02
MGI:96650,JUP,6207,catenin complex,GO:0016342,cellular component,45,4.0,1.142e-01,1.048e-01,4.937e-02,7.323e-01,1.956e-02,9.709e-02,1.342e-01,7.811e-02,1.406e-01,3.450e-02,7.064e-02
MGI:96650,JUP,6207,cytoskeletal protein-membrane anchor activity,GO:0106006,molecular function,45,3.0,1.191e-01,1.123e-01,5.098e-02,7.270e-01,3.621e-02,9.915e-02,1.431e-01,1.009e-01,1.249e-01,2.677e-02,9.710e-02
MGI:96650,JUP,6207,protein phosphatase binding,GO:0019903,molecular function,45,7.0,1.203e-01,1.156e-01,2.784e-02,7.731e-01,7.149e-02,9.868e-02,1.467e-01,8.870e-02,1.506e-01,4.569e-03,1.696e-01
MGI:96650,JUP,6207,extracellular exosome,GO:0070062,cellular component,45,88.0,1.211e-01,1.138e-01,5.806e-02,7.104e-01,2.448e-02,9.771e-02,1.500e-01,8.318e-02,1.558e-01,3.764e-02,8.957e-02
MGI:96650,JUP,6207,regulation of ventricular cardiac muscle cell action potential,GO:0098911,biological process,45,5.0,1.233e-01,1.108e-01,5.609e-02,7.142e-01,3.811e-02,9.753e-02,1.558e-01,8.060e-02,1.523e-01,2.825e-02,1.114e-01
MGI:96650,JUP,6207,positive regulation of DNA-binding transcription factor activity,GO:0051091,biological process,45,8.0,1.254e-01,1.171e-01,3.628e-02,7.535e-01,7.318e-02,9.732e-02,1.617e-01,8.885e-02,1.542e-01,7.546e-03,1.744e-01
MGI:96650,JUP,6207,bundle of His cell-Purkinje myocyte adhesion involved in cell communication,GO:0086073,biological process,45,3.0,1.257e-01,1.204e-01,6.271e-02,6.997e-01,2.743e-02,1.010e-01,1.565e-01,8.756e-02,1.655e-01,3.831e-02,1.026e-01
MGI:96650,JUP,6207,protein-DNA complex,GO:0032993,cellular component,45,20.0,1.285e-01,1.207e-01,4.950e-02,7.257e-01,6.546e-02,8.842e-02,1.869e-01,9.005e-02,1.617e-01,1.616e-02,1.516e-01
MGI:96650,JUP,6207,negative regulation of blood vessel endothelial cell migration,GO:0043537,biological process,45,6.0,1.350e-01,1.170e-01,5.502e-02,7.101e-01,7.221e-02,9.338e-02,1.953e-01,7.775e-02,1.761e-01,1.513e-02,2.000e-01
MGI:96650,JUP,6207,plasma membrane,GO:0005886,cellular component,45,93.0,1.367e-01,1.252e-01,7.587e-02,6.716e-01,3.606e-02,1.017e-01,1.839e-01,8.573e-02,1.827e-01,4.146e-02,1.388e-01
MGI:96650,JUP,6207,DNA-binding transcription factor binding,GO:0140297,molecular function,45,5.0,1.374e-01,1.304e-01,6.789e-02,6.821e-01,5.919e-02,8.818e-02,2.139e-01,8.568e-02,1.983e-01,2.590e-02,1.780e-01
MGI:96650,JUP,6207,regulation of cell population proliferation,GO:0042127,biological process,45,34.0,1.426e-01,1.279e-01,7.734e-02,6.663e-01,5.036e-02,9.987e-02,2.035e-01,8.711e-02,1.878e-01,3.243e-02,1.844e-01
MGI:96650,JUP,6207,protein binding,GO:0005515,molecular function,45,373.0,1.433e-01,1.273e-01,8.665e-02,6.537e-01,2.860e-02,1.108e-01,1.852e-01,8.973e-02,1.805e-01,5.468e-02,1.373e-01
MGI:96650,JUP,6207,cytoplasm,GO:0005737,cellular component,45,99.0,1.435e-01,1.288e-01,8.614e-02,6.533e-01,3.611e-02,1.044e-01,1.973e-01,8.900e-02,1.864e-01,4.883e-02,1.520e-01
MGI:96650,JUP,6207,nucleus,GO:0005634,cellular component,45,87.0,1.464e-01,1.289e-01,9.074e-02,6.465e-01,3.013e-02,1.114e-01,1.924e-01,8.993e-02,1.849e-01,5.630e-02,1.463e-01
MGI:96650,JUP,6207,gamma-catenin-TCF7L2 complex,GO:0071665,cellular component,45,2.0,1.517e-01,1.452e-01,7.890e-02,6.603e-01,6.325e-02,1.017e-01,2.265e-01,1.143e-01,1.843e-01,2.755e-02,2.260e-01
MGI:96650,JUP,6207,detection of mechanical stimulus,GO:0050982,biological process,45,8.0,1.531e-01,1.370e-01,6.713e-02,6.769e-01,8.722e-02,9.686e-02,2.419e-01,8.447e-02,2.222e-01,1.453e-02,3.101e-01
MGI:96650,JUP,6207,positive regulation of transcription by RNA polymerase II,GO:0045944,biological process,45,23.0,1.558e-01,1.358e-01,1.020e-01,6.309e-01,1.424e-02,1.366e-01,1.777e-01,1.075e-01,1.715e-01,8.189e-02,1.269e-01
MGI:96650,JUP,6207,protein localization to plasma membrane,GO:0072659,biological process,45,8.0,1.570e-01,1.370e-01,9.753e-02,6.303e-01,5.371e-02,1.000e-01,2.465e-01,8.230e-02,2.281e-01,4.211e-02,2.259e-01
MGI:96650,JUP,6207,cell migration,GO:0016477,biological process,45,45.0,1.611e-01,1.382e-01,1.100e-01,6.189e-01,1.488e-02,1.387e-01,1.871e-01,1.059e-01,1.803e-01,8.753e-02,1.383e-01
MGI:96650,JUP,6207,positive regulation of cell-matrix adhesion,GO:0001954,biological process,45,6.0,1.617e-01,1.497e-01,1.084e-01,6.195e-01,2.649e-02,1.290e-01,2.027e-01,1.271e-01,1.764e-01,7.157e-02,1.643e-01
MGI:96650,JUP,6207,regulation of heart rate by cardiac conduction,GO:0086091,biological process,45,3.0,1.748e-01,1.522e-01,1.201e-01,5.982e-01,5.053e-02,1.129e-01,2.704e-01,9.234e-02,2.507e-01,5.504e-02,2.621e-01
MGI:96650,JUP,6207,canonical Wnt signaling pathway,GO:0060070,biological process,45,20.0,1.912e-01,1.625e-01,1.376e-01,5.724e-01,6.148e-02,1.092e-01,3.348e-01,8.343e-02,3.165e-01,5.904e-02,3.206e-01
MGI:96650,JUP,6207,transcription coactivator activity,GO:0003713,molecular function,45,6.0,1.929e-01,1.785e-01,1.376e-01,5.760e-01,5.044e-02,1.274e-01,2.922e-01,1.233e-01,2.585e-01,6.823e-02,2.775e-01
MGI:96650,JUP,6207,positive regulation of protein import into nucleus,GO:0042307,biological process,45,6.0,1.957e-01,1.666e-01,1.459e-01,5.659e-01,4.947e-02,1.248e-01,3.069e-01,9.626e-02,2.883e-01,7.090e-02,3.002e-01
MGI:96650,JUP,6207,cellular response to indole-3-methanol,GO:0071681,biological process,45,5.0,2.819e-01,2.584e-01,2.355e-01,4.697e-01,6.949e-02,1.508e-01,5.270e-01,1.316e-01,5.073e-01,1.007e-01,5.510e-01
MGI:96756,LCK,6524,T cell receptor binding,GO:0042608,molecular function,66,4.0,1.025e-01,1.403e-02,2.035e-03,9.307e-01,2.503e-02,9.761e-02,1.076e-01,2.338e-03,8.413e-02,6.380e-05,6.493e-02
MGI:96756,LCK,6524,CD8 receptor binding,GO:0042610,molecular function,66,2.0,1.025e-01,3.505e-02,4.994e-03,9.367e-01,1.132e-02,9.761e-02,1.076e-01,3.134e-02,3.920e-02,1.895e-03,1.316e-02
MGI:96756,LCK,6524,non-membrane spanning protein tyrosine kinase activity,GO:0004715,molecular function,66,2.0,1.025e-01,3.693e-02,8.137e-03,9.209e-01,8.202e-03,9.761e-02,1.076e-01,3.158e-02,4.318e-02,5.469e-03,1.210e-02
MGI:96756,LCK,6524,CD4 receptor binding,GO:0042609,molecular function,66,4.0,1.025e-01,3.693e-02,6.600e-03,9.116e-01,3.018e-02,9.761e-02,1.076e-01,3.158e-02,4.318e-02,1.745e-03,2.497e-02
MGI:96756,LCK,6524,phosphatidylinositol 3-kinase binding,GO:0043548,molecular function,66,4.0,1.025e-01,3.693e-02,1.070e-02,8.964e-01,1.937e-02,9.761e-02,1.076e-01,3.158e-02,4.318e-02,4.726e-03,2.422e-02
MGI:96756,LCK,6524,peptidyl-tyrosine phosphorylation,GO:0018108,biological process,66,10.0,1.025e-01,3.994e-02,1.238e-02,8.974e-01,3.566e-03,9.761e-02,1.076e-01,3.000e-02,5.317e-02,1.102e-02,1.391e-02
MGI:96756,LCK,6524,peptidyl-tyrosine autophosphorylation,GO:0038083,biological process,66,3.0,1.025e-01,3.994e-02,1.292e-02,8.929e-01,7.439e-03,9.761e-02,1.076e-01,3.000e-02,5.317e-02,1.043e-02,1.600e-02
MGI:96756,LCK,6524,phospholipase binding,GO:0043274,molecular function,66,2.0,1.025e-01,4.068e-02,6.175e-03,9.117e-01,2.946e-02,9.761e-02,1.076e-01,2.956e-02,5.598e-02,1.241e-03,3.072e-02
MGI:96756,LCK,6524,ATPase binding,GO:0051117,molecular function,66,4.0,1.025e-01,4.068e-02,1.564e-02,8.705e-01,1.855e-02,9.761e-02,1.076e-01,2.956e-02,5.598e-02,9.457e-03,2.586e-02
MGI:96756,LCK,6524,phosphotyrosine residue binding,GO:0001784,molecular function,66,5.0,1.025e-01,4.068e-02,1.596e-02,8.698e-01,1.671e-02,9.761e-02,1.076e-01,2.956e-02,5.598e-02,1.026e-02,2.484e-02
MGI:96756,LCK,6524,protein tyrosine kinase activity,GO:0004713,molecular function,66,8.0,1.025e-01,4.068e-02,1.719e-02,8.667e-01,6.072e-03,9.761e-02,1.076e-01,2.956e-02,5.598e-02,1.497e-02,1.973e-02
MGI:96756,LCK,6524,protein kinase binding,GO:0019901,molecular function,66,21.0,1.025e-01,4.068e-02,1.776e-02,8.626e-01,7.364e-03,9.761e-02,1.076e-01,2.956e-02,5.598e-02,1.522e-02,2.072e-02
MGI:96756,LCK,6524,positive regulation of T cell activation,GO:0050870,biological process,66,13.0,1.025e-01,4.068e-02,1.881e-02,8.560e-01,7.967e-03,9.761e-02,1.076e-01,2.956e-02,5.598e-02,1.603e-02,2.206e-02
MGI:96756,LCK,6524,activation of cysteine-type endopeptidase activity involved in apoptotic process,GO:0006919,biological process,66,6.0,1.025e-01,4.068e-02,2.201e-02,8.373e-01,5.350e-03,9.761e-02,1.076e-01,2.956e-02,5.598e-02,1.984e-02,2.441e-02
MGI:96756,LCK,6524,B cell receptor signaling pathway,GO:0050853,biological process,66,3.0,1.025e-01,4.183e-02,1.958e-02,8.482e-01,1.997e-02,9.761e-02,1.076e-01,2.886e-02,6.062e-02,1.259e-02,3.043e-02
MGI:96756,LCK,6524,transmembrane receptor protein tyrosine kinase signaling pathway,GO:0007169,biological process,66,24.0,1.025e-01,4.183e-02,2.393e-02,8.263e-01,1.394e-02,9.761e-02,1.076e-01,2.886e-02,6.062e-02,1.845e-02,3.106e-02
MGI:96756,LCK,6524,Fc-gamma receptor signaling pathway,GO:0038094,biological process,66,3.0,1.025e-01,4.218e-02,2.521e-02,8.193e-01,1.850e-02,9.761e-02,1.076e-01,2.919e-02,6.093e-02,1.773e-02,3.584e-02
MGI:96756,LCK,6524,SH2 domain binding,GO:0042169,molecular function,66,2.0,1.026e-01,4.305e-02,2.327e-02,8.252e-01,2.972e-02,9.776e-02,1.076e-01,2.994e-02,6.189e-02,1.246e-02,4.346e-02
MGI:96756,LCK,6524,positive regulation of leukocyte cell-cell adhesion,GO:1903039,biological process,66,8.0,1.026e-01,4.183e-02,2.480e-02,8.211e-01,2.056e-02,9.749e-02,1.081e-01,2.886e-02,6.062e-02,1.678e-02,3.664e-02
MGI:96756,LCK,6524,extracellular exosome,GO:0070062,cellular component,66,88.0,1.035e-01,4.434e-02,2.877e-02,8.024e-01,1.976e-02,9.677e-02,1.106e-01,3.196e-02,6.153e-02,1.994e-02,4.152e-02
MGI:96756,LCK,6524,signaling receptor binding,GO:0005102,molecular function,66,66.0,1.040e-01,4.022e-02,1.414e-02,8.626e-01,4.377e-02,9.936e-02,1.088e-01,3.857e-02,4.195e-02,4.353e-03,4.593e-02
MGI:96756,LCK,6524,identical protein binding,GO:0042802,molecular function,66,28.0,1.044e-01,4.492e-02,3.137e-02,7.914e-01,1.958e-02,9.590e-02,1.137e-01,3.156e-02,6.392e-02,2.179e-02,4.516e-02
MGI:96756,LCK,6524,protein serine/threonine phosphatase activity,GO:0004722,molecular function,66,7.0,1.049e-01,4.629e-02,3.051e-02,7.948e-01,2.519e-02,1.002e-01,1.099e-01,3.162e-02,6.777e-02,1.908e-02,4.879e-02
MGI:96756,LCK,6524,protein phosphatase binding,GO:0019903,molecular function,66,7.0,1.053e-01,4.282e-02,2.297e-02,8.281e-01,3.718e-02,9.517e-02,1.164e-01,2.828e-02,6.484e-02,1.099e-02,4.801e-02
MGI:96756,LCK,6524,protein phosphorylation,GO:0006468,biological process,66,21.0,1.055e-01,4.913e-02,3.754e-02,7.682e-01,1.039e-02,1.001e-01,1.112e-01,3.624e-02,6.659e-02,3.092e-02,4.557e-02
MGI:96756,LCK,6524,plasma membrane,GO:0005886,cellular component,66,93.0,1.057e-01,4.493e-02,3.325e-02,7.842e-01,2.066e-02,9.478e-02,1.179e-01,3.155e-02,6.399e-02,2.264e-02,4.883e-02
MGI:96756,LCK,6524,pericentriolar material,GO:0000242,cellular component,66,2.0,1.061e-01,4.282e-02,1.875e-02,8.463e-01,4.632e-02,9.447e-02,1.191e-01,2.828e-02,6.484e-02,7.220e-03,4.870e-02
MGI:96756,LCK,6524,intracellular signal transduction,GO:0035556,biological process,66,32.0,1.065e-01,4.788e-02,3.100e-02,7.920e-01,3.434e-02,1.002e-01,1.131e-01,3.188e-02,7.190e-02,1.619e-02,5.938e-02
MGI:96756,LCK,6524,membrane raft,GO:0045121,cellular component,66,11.0,1.068e-01,4.282e-02,2.635e-02,8.135e-01,3.765e-02,9.385e-02,1.216e-01,2.828e-02,6.484e-02,1.301e-02,5.338e-02
MGI:96756,LCK,6524,immunological synapse,GO:0001772,cellular component,66,3.0,1.068e-01,4.282e-02,2.061e-02,8.372e-01,4.748e-02,9.384e-02,1.216e-01,2.828e-02,6.484e-02,7.957e-03,5.338e-02
MGI:96756,LCK,6524,protein binding,GO:0005515,molecular function,66,373.0,1.073e-01,4.559e-02,3.819e-02,7.660e-01,1.931e-02,9.457e-02,1.217e-01,3.246e-02,6.403e-02,2.664e-02,5.474e-02
MGI:96756,LCK,6524,phospholipase activator activity,GO:0016004,molecular function,66,5.0,1.091e-01,5.049e-02,3.990e-02,7.608e-01,2.114e-02,9.890e-02,1.203e-01,3.622e-02,7.039e-02,2.686e-02,5.927e-02
MGI:96756,LCK,6524,positive regulation of intrinsic apoptotic signaling pathway,GO:2001244,biological process,66,10.0,1.108e-01,5.123e-02,4.080e-02,7.569e-01,2.810e-02,9.289e-02,1.321e-01,3.359e-02,7.814e-02,2.437e-02,6.832e-02
MGI:96756,LCK,6524,positive regulation of heterotypic cell-cell adhesion,GO:0034116,biological process,66,5.0,1.112e-01,4.572e-02,3.376e-02,7.813e-01,4.133e-02,9.028e-02,1.370e-01,2.665e-02,7.846e-02,1.579e-02,7.219e-02
MGI:96756,LCK,6524,intracellular zinc ion homeostasis,GO:0006882,biological process,66,3.0,1.163e-01,5.545e-02,5.164e-02,7.264e-01,2.223e-02,9.795e-02,1.381e-01,3.629e-02,8.473e-02,3.430e-02,7.774e-02
MGI:96756,LCK,6524,T cell differentiation,GO:0030217,biological process,66,11.0,1.206e-01,5.961e-02,5.519e-02,7.162e-01,3.455e-02,9.271e-02,1.569e-01,3.367e-02,1.056e-01,2.990e-02,1.019e-01
MGI:96756,LCK,6524,innate immune response,GO:0045087,biological process,66,21.0,1.241e-01,6.221e-02,5.863e-02,7.079e-01,3.648e-02,9.616e-02,1.601e-01,3.507e-02,1.103e-01,3.060e-02,1.124e-01
MGI:96756,LCK,6524,response to xenobiotic stimulus,GO:0009410,biological process,66,4.0,1.254e-01,6.386e-02,6.330e-02,6.982e-01,2.903e-02,9.785e-02,1.606e-01,3.879e-02,1.052e-01,3.835e-02,1.045e-01
MGI:1920431,NFATC4,7778,RNA polymerase II cis-regulatory region sequence-specific DNA binding,GO:0000978,molecular function,15,27.0,1.025e-01,2.354e-02,7.615e-03,9.262e-01,1.540e-03,9.761e-02,1.076e-01,1.445e-02,3.833e-02,7.038e-03,8.240e-03
MGI:1920431,NFATC4,7778,sequence-specific double-stranded DNA binding,GO:1990837,molecular function,15,22.0,1.025e-01,2.354e-02,8.756e-03,9.187e-01,4.756e-03,9.761e-02,1.076e-01,1.445e-02,3.833e-02,7.024e-03,1.092e-02
MGI:1920431,NFATC4,7778,regulation of transcription by RNA polymerase II,GO:0006357,biological process,15,27.0,1.025e-01,2.410e-02,9.690e-03,9.126e-01,7.142e-03,9.761e-02,1.076e-01,1.490e-02,3.897e-02,7.020e-03,1.338e-02
MGI:1920431,NFATC4,7778,"DNA-binding transcription repressor activity, RNA polymerase II-specific",GO:0001227,molecular function,15,6.0,1.025e-01,2.488e-02,6.151e-03,9.158e-01,2.260e-02,9.761e-02,1.076e-01,1.581e-02,3.915e-02,1.252e-03,3.023e-02
MGI:1920431,NFATC4,7778,transcription factor binding,GO:0008134,molecular function,15,6.0,1.025e-01,2.658e-02,1.201e-02,8.709e-01,3.964e-02,9.761e-02,1.076e-01,1.549e-02,4.560e-02,3.197e-03,4.515e-02
MGI:1920431,NFATC4,7778,"DNA-binding transcription factor activity, RNA polymerase II-specific",GO:0000981,molecular function,15,20.0,1.025e-01,2.684e-02,9.033e-03,9.098e-01,1.803e-02,9.761e-02,1.076e-01,1.909e-02,3.774e-02,4.519e-03,1.806e-02
MGI:1920431,NFATC4,7778,negative regulation of miRNA transcription,GO:1902894,biological process,15,4.0,1.025e-01,2.782e-02,1.615e-02,8.617e-01,3.152e-02,9.761e-02,1.076e-01,1.847e-02,4.188e-02,7.468e-03,3.491e-02
MGI:1920431,NFATC4,7778,nuclear speck,GO:0016607,cellular component,15,9.0,1.025e-01,2.814e-02,1.325e-02,8.701e-01,3.064e-02,9.761e-02,1.076e-01,1.623e-02,4.878e-02,4.574e-03,3.841e-02
MGI:1920431,NFATC4,7778,nucleus,GO:0005634,cellular component,15,87.0,1.025e-01,3.700e-02,2.369e-02,8.269e-01,1.855e-02,9.762e-02,1.076e-01,3.000e-02,4.564e-02,1.654e-02,3.393e-02
MGI:1920431,NFATC4,7778,transcription regulator complex,GO:0005667,cellular component,15,14.0,1.045e-01,2.577e-02,7.437e-03,8.869e-01,5.492e-02,9.587e-02,1.138e-01,1.333e-02,4.983e-02,1.347e-03,4.106e-02
MGI:1920431,NFATC4,7778,cytosol,GO:0005829,cellular component,15,76.0,1.085e-01,4.830e-02,3.841e-02,7.653e-01,2.303e-02,1.018e-01,1.155e-01,3.541e-02,6.589e-02,2.499e-02,5.903e-02
MGI:1920431,NFATC4,7778,protein binding,GO:0005515,molecular function,15,373.0,1.141e-01,5.357e-02,4.506e-02,7.449e-01,2.908e-02,1.073e-01,1.213e-01,4.034e-02,7.113e-02,2.629e-02,7.722e-02
MGI:1920431,NFATC4,7778,calcineurin-NFAT signaling cascade,GO:0033173,biological process,15,2.0,1.240e-01,4.919e-02,3.396e-02,7.568e-01,7.446e-02,9.424e-02,1.632e-01,1.595e-02,1.517e-01,6.354e-03,1.815e-01
MGI:1920431,NFATC4,7778,cytokine production,GO:0001816,biological process,15,58.0,1.342e-01,6.583e-02,6.075e-02,6.987e-01,6.189e-02,9.158e-02,1.967e-01,2.616e-02,1.656e-01,2.096e-02,1.761e-01
MGI:1913461,RPL3L,10351,RNA binding,GO:0003723,molecular function,6,46.0,1.240e-01,9.688e-02,5.209e-02,7.231e-01,4.833e-02,9.418e-02,1.632e-01,5.479e-02,1.713e-01,2.192e-02,1.238e-01
MGI:1913461,RPL3L,10351,cytosolic large ribosomal subunit,GO:0022625,cellular component,6,2.0,1.250e-01,9.688e-02,5.008e-02,7.279e-01,5.432e-02,9.415e-02,1.659e-01,5.479e-02,1.713e-01,1.879e-02,1.334e-01
MGI:1913461,RPL3L,10351,structural constituent of ribosome,GO:0003735,molecular function,6,2.0,1.360e-01,1.083e-01,7.396e-02,6.754e-01,3.514e-02,1.038e-01,1.782e-01,6.540e-02,1.793e-01,3.997e-02,1.369e-01
MGI:1913461,RPL3L,10351,translation,GO:0006412,biological process,6,8.0,1.455e-01,1.143e-01,8.592e-02,6.498e-01,5.230e-02,9.241e-02,2.292e-01,6.617e-02,1.974e-01,3.865e-02,1.910e-01
MGI:1913461,RPL3L,10351,membrane,GO:0016020,cellular component,6,60.0,1.888e-01,1.540e-01,1.429e-01,5.759e-01,1.394e-02,1.687e-01,2.113e-01,1.340e-01,1.769e-01,1.176e-01,1.737e-01
MGI:1913650,ALKBH7,21306,mitochondrial matrix,GO:0005759,cellular component,10,2.0,1.025e-01,4.789e-02,9.502e-03,9.083e-01,1.553e-02,9.761e-02,1.076e-01,3.314e-02,6.921e-02,5.150e-03,1.753e-02
MGI:1913650,ALKBH7,21306,mitochondrion,GO:0005739,cellular component,10,22.0,1.037e-01,7.948e-02,3.118e-02,7.923e-01,1.353e-02,9.653e-02,1.115e-01,5.747e-02,1.099e-01,2.433e-02,3.995e-02
MGI:1913650,ALKBH7,21306,fatty acid metabolic process,GO:0006631,biological process,10,18.0,1.281e-01,8.869e-02,6.757e-02,6.908e-01,1.751e-02,1.089e-01,1.506e-01,5.943e-02,1.324e-01,4.968e-02,9.190e-02
MGI:1913650,ALKBH7,21306,regulation of mitochondrial membrane permeability involved in programmed necrotic cell death,GO:1902445,biological process,10,2.0,1.302e-01,8.762e-02,6.232e-02,6.992e-01,4.241e-02,9.966e-02,1.701e-01,5.737e-02,1.338e-01,2.918e-02,1.331e-01
MGI:1913650,ALKBH7,21306,DNA damage response,GO:0006974,biological process,10,7.0,1.368e-01,8.869e-02,7.693e-02,6.712e-01,2.694e-02,1.087e-01,1.722e-01,5.943e-02,1.324e-01,4.838e-02,1.223e-01
MGI:1913650,ALKBH7,21306,protein binding,GO:0005515,molecular function,10,373.0,1.557e-01,1.019e-01,1.019e-01,6.307e-01,1.589e-02,1.347e-01,1.800e-01,7.985e-02,1.301e-01,7.985e-02,1.301e-01
MGI:1919147,LYPD6B,27018,acetylcholine receptor regulator activity,GO:0030548,molecular function,1,4.0,1.025e-01,1.425e-02,1.425e-02,8.699e-01,2.748e-02,9.761e-02,1.076e-01,6.006e-03,3.381e-02,6.006e-03,3.381e-02
MGI:1338033,SPINT1,11246,extracellular exosome,GO:0070062,cellular component,20,88.0,1.025e-01,3.769e-02,1.610e-02,8.722e-01,1.160e-02,9.761e-02,1.076e-01,2.688e-02,5.283e-02,1.244e-02,2.086e-02
MGI:1338033,SPINT1,11246,extracellular space,GO:0005615,cellular component,20,55.0,1.025e-01,3.769e-02,1.790e-02,8.580e-01,2.074e-02,9.761e-02,1.076e-01,2.688e-02,5.283e-02,1.128e-02,2.840e-02
MGI:1338033,SPINT1,11246,plasma membrane,GO:0005886,cellular component,20,93.0,1.025e-01,3.769e-02,1.850e-02,8.561e-01,1.519e-02,9.761e-02,1.076e-01,2.688e-02,5.283e-02,1.324e-02,2.585e-02
MGI:1338033,SPINT1,11246,serine-type endopeptidase inhibitor activity,GO:0004867,molecular function,20,4.0,1.025e-01,4.013e-02,2.183e-02,8.377e-01,1.668e-02,9.761e-02,1.076e-01,2.680e-02,6.009e-02,1.592e-02,2.995e-02
MGI:1338033,SPINT1,11246,extracellular matrix organization,GO:0030198,biological process,20,18.0,1.086e-01,4.485e-02,3.018e-02,7.912e-01,4.504e-02,1.005e-01,1.173e-01,2.694e-02,7.467e-02,1.204e-02,7.569e-02
MGI:1338033,SPINT1,11246,epidermis development,GO:0008544,biological process,20,3.0,1.162e-01,4.929e-02,4.362e-02,7.480e-01,4.114e-02,9.358e-02,1.444e-01,2.605e-02,9.324e-02,2.051e-02,9.279e-02
MGI:1338033,SPINT1,11246,epithelium development,GO:0060429,biological process,20,21.0,1.179e-01,5.039e-02,5.039e-02,7.294e-01,3.280e-02,9.567e-02,1.454e-01,2.774e-02,9.154e-02,2.774e-02,9.154e-02
MGI:88111,ATP2B4,817,calmodulin binding,GO:0005516,molecular function,45,4.0,1.032e-01,1.335e-01,2.902e-02,8.016e-01,1.356e-02,9.891e-02,1.077e-01,7.543e-02,2.364e-01,2.269e-02,3.712e-02
MGI:88111,ATP2B4,817,nitric-oxide synthase binding,GO:0050998,molecular function,45,2.0,1.075e-01,1.335e-01,1.421e-02,8.559e-01,5.807e-02,9.965e-02,1.160e-01,7.543e-02,2.364e-01,3.459e-03,5.840e-02
MGI:88111,ATP2B4,817,negative regulation of the force of heart contraction,GO:0098736,biological process,45,2.0,1.082e-01,1.335e-01,4.077e-02,7.579e-01,1.460e-02,1.064e-01,1.101e-01,7.543e-02,2.364e-01,3.103e-02,5.358e-02
MGI:88111,ATP2B4,817,regulation of cytosolic calcium ion concentration,GO:0051480,biological process,45,6.0,1.099e-01,1.335e-01,2.631e-02,8.102e-01,5.011e-02,9.795e-02,1.233e-01,7.543e-02,2.364e-01,1.011e-02,6.852e-02
MGI:88111,ATP2B4,817,negative regulation of citrulline biosynthetic process,GO:1903249,biological process,45,3.0,1.164e-01,1.362e-01,4.930e-02,7.318e-01,3.081e-02,9.884e-02,1.371e-01,7.420e-02,2.499e-01,2.830e-02,8.591e-02
MGI:88111,ATP2B4,817,intracellular calcium ion homeostasis,GO:0006874,biological process,45,11.0,1.175e-01,1.362e-01,4.625e-02,7.392e-01,4.061e-02,9.645e-02,1.431e-01,7.420e-02,2.499e-01,2.236e-02,9.570e-02
MGI:88111,ATP2B4,817,regulation of transcription by RNA polymerase II,GO:0006357,biological process,45,27.0,1.216e-01,1.537e-01,5.694e-02,7.118e-01,3.431e-02,9.262e-02,1.597e-01,1.034e-01,2.285e-01,3.115e-02,1.041e-01
MGI:88111,ATP2B4,817,protein phosphatase 2B binding,GO:0030346,molecular function,45,2.0,1.261e-01,1.494e-01,6.493e-02,6.961e-01,1.604e-02,1.097e-01,1.449e-01,9.781e-02,2.281e-01,4.896e-02,8.612e-02
MGI:88111,ATP2B4,817,membrane raft,GO:0045121,cellular component,45,11.0,1.272e-01,1.494e-01,6.751e-02,6.911e-01,7.799e-03,1.138e-01,1.421e-01,9.781e-02,2.281e-01,5.892e-02,7.735e-02
MGI:88111,ATP2B4,817,intracellular membrane-bounded organelle,GO:0043231,cellular component,45,58.0,1.303e-01,1.537e-01,6.825e-02,6.874e-01,3.035e-02,1.011e-01,1.679e-01,1.034e-01,2.285e-01,4.042e-02,1.152e-01
MGI:88111,ATP2B4,817,calcium ion transmembrane transporter activity,GO:0015085,molecular function,45,6.0,1.303e-01,1.431e-01,5.266e-02,7.162e-01,6.669e-02,8.367e-02,2.028e-01,7.111e-02,2.878e-01,1.732e-02,1.601e-01
MGI:88111,ATP2B4,817,negative regulation of nitric-oxide synthase activity,GO:0051001,biological process,45,3.0,1.321e-01,1.576e-01,6.004e-02,7.022e-01,5.334e-02,9.639e-02,1.810e-01,9.067e-02,2.741e-01,2.391e-02,1.507e-01
MGI:88111,ATP2B4,817,P-type calcium transporter activity,GO:0005388,molecular function,45,7.0,1.332e-01,1.423e-01,6.629e-02,6.884e-01,4.767e-02,9.699e-02,1.829e-01,7.146e-02,2.833e-01,2.972e-02,1.479e-01
MGI:88111,ATP2B4,817,negative regulation of blood vessel endothelial cell migration,GO:0043537,biological process,45,6.0,1.336e-01,1.431e-01,6.266e-02,6.962e-01,5.242e-02,1.002e-01,1.782e-01,8.123e-02,2.520e-01,2.523e-02,1.556e-01
MGI:88111,ATP2B4,817,membrane,GO:0016020,cellular component,45,60.0,1.336e-01,1.510e-01,7.473e-02,6.763e-01,1.917e-02,1.114e-01,1.603e-01,9.993e-02,2.281e-01,5.360e-02,1.042e-01
MGI:88111,ATP2B4,817,plasma membrane,GO:0005886,cellular component,45,93.0,1.366e-01,1.510e-01,7.952e-02,6.685e-01,5.219e-03,1.262e-01,1.480e-01,9.993e-02,2.281e-01,7.275e-02,8.691e-02
MGI:88111,ATP2B4,817,negative regulation of nitric oxide biosynthetic process,GO:0045019,biological process,45,4.0,1.376e-01,1.478e-01,5.851e-02,6.985e-01,7.590e-02,7.938e-02,2.387e-01,6.911e-02,3.160e-01,1.724e-02,1.986e-01
MGI:88111,ATP2B4,817,positive regulation of protein localization to plasma membrane,GO:1903078,biological process,45,9.0,1.407e-01,1.579e-01,7.735e-02,6.675e-01,4.304e-02,1.006e-01,1.967e-01,9.053e-02,2.754e-01,3.887e-02,1.539e-01
MGI:88111,ATP2B4,817,PDZ domain binding,GO:0030165,molecular function,45,2.0,1.419e-01,1.609e-01,6.428e-02,6.902e-01,6.693e-02,9.837e-02,2.048e-01,9.402e-02,2.753e-01,2.008e-02,2.057e-01
MGI:88111,ATP2B4,817,positive regulation of peptidyl-serine phosphorylation,GO:0033138,biological process,45,4.0,1.441e-01,1.478e-01,6.076e-02,6.926e-01,8.183e-02,8.427e-02,2.465e-01,6.911e-02,3.160e-01,1.602e-02,2.305e-01
MGI:88111,ATP2B4,817,protein binding,GO:0005515,molecular function,45,373.0,1.507e-01,1.568e-01,9.693e-02,6.388e-01,1.082e-02,1.341e-01,1.693e-01,1.015e-01,2.422e-01,8.175e-02,1.149e-01
MGI:88111,ATP2B4,817,negative regulation of angiogenesis,GO:0016525,biological process,45,8.0,1.517e-01,1.612e-01,9.261e-02,6.422e-01,3.637e-02,1.189e-01,1.936e-01,9.831e-02,2.643e-01,5.096e-02,1.683e-01
MGI:88111,ATP2B4,817,negative regulation of cardiac muscle hypertrophy in response to stress,GO:1903243,biological process,45,4.0,1.546e-01,1.519e-01,8.455e-02,6.506e-01,6.048e-02,1.039e-01,2.299e-01,7.490e-02,3.079e-01,3.094e-02,2.310e-01
MGI:88111,ATP2B4,817,negative regulation of arginine catabolic process,GO:1900082,biological process,45,5.0,1.624e-01,1.701e-01,7.354e-02,6.627e-01,9.051e-02,9.372e-02,2.815e-01,9.384e-02,3.084e-01,1.623e-02,3.331e-01
MGI:88111,ATP2B4,817,positive regulation of cAMP-dependent protein kinase activity,GO:2000481,biological process,45,3.0,1.633e-01,1.653e-01,9.989e-02,6.260e-01,5.633e-02,1.007e-01,2.647e-01,8.874e-02,3.080e-01,4.387e-02,2.274e-01
MGI:88111,ATP2B4,817,negative regulation of nitric oxide mediated signal transduction,GO:0010751,biological process,45,4.0,1.672e-01,1.539e-01,9.391e-02,6.283e-01,7.782e-02,9.014e-02,3.103e-01,6.664e-02,3.555e-01,2.923e-02,3.016e-01
MGI:88111,ATP2B4,817,T-tubule,GO:0030315,cellular component,45,2.0,1.715e-01,1.862e-01,1.171e-01,6.043e-01,4.266e-02,1.168e-01,2.517e-01,1.302e-01,2.662e-01,6.205e-02,2.212e-01
MGI:88111,ATP2B4,817,calcium ion export,GO:1901660,biological process,45,2.0,1.773e-01,1.721e-01,1.018e-01,6.080e-01,9.593e-02,7.916e-02,3.972e-01,6.993e-02,4.233e-01,2.737e-02,3.786e-01
MGI:88111,ATP2B4,817,calcium ion transmembrane transport,GO:0070588,biological process,45,12.0,1.790e-01,1.817e-01,1.082e-01,6.027e-01,8.640e-02,8.518e-02,3.761e-01,7.913e-02,4.172e-01,3.349e-02,3.498e-01
MGI:88111,ATP2B4,817,negative regulation of cellular response to vascular endothelial growth factor stimulus,GO:1902548,biological process,45,5.0,1.839e-01,1.647e-01,1.054e-01,6.025e-01,9.580e-02,8.522e-02,3.967e-01,6.317e-02,4.292e-01,2.715e-02,4.092e-01
MGI:88111,ATP2B4,817,negative regulation of calcineurin-NFAT signaling cascade,GO:0070885,biological process,45,3.0,1.889e-01,1.812e-01,1.283e-01,5.828e-01,6.662e-02,1.046e-01,3.412e-01,8.836e-02,3.714e-01,5.137e-02,3.204e-01
MGI:88111,ATP2B4,817,Z disc,GO:0030018,cellular component,45,3.0,1.901e-01,1.962e-01,1.431e-01,5.739e-01,2.852e-02,1.459e-01,2.476e-01,1.357e-01,2.837e-01,9.684e-02,2.116e-01
MGI:88111,ATP2B4,817,response to hydrostatic pressure,GO:0051599,biological process,45,4.0,1.932e-01,1.818e-01,1.380e-01,5.763e-01,4.866e-02,1.259e-01,2.964e-01,9.559e-02,3.456e-01,7.171e-02,2.656e-01
MGI:88111,ATP2B4,817,negative regulation of adenylate cyclase-activating adrenergic receptor signaling pathway,GO:0071878,biological process,45,3.0,1.991e-01,1.777e-01,9.292e-02,6.108e-01,1.227e-01,8.913e-02,4.450e-01,6.787e-02,4.651e-01,1.449e-02,5.959e-01
MGI:88111,ATP2B4,817,regulation of cell cycle G1/S phase transition,GO:1902806,biological process,45,6.0,2.379e-01,2.310e-01,1.962e-01,5.160e-01,3.556e-02,1.716e-01,3.298e-01,1.470e-01,3.629e-01,1.235e-01,3.118e-01
MGI:88111,ATP2B4,817,nitric-oxide synthase inhibitor activity,GO:0036487,molecular function,45,3.0,2.462e-01,2.187e-01,1.773e-01,4.984e-01,1.218e-01,9.088e-02,6.670e-01,7.376e-02,6.486e-01,4.715e-02,6.668e-01
MGI:88111,ATP2B4,817,cellular response to epinephrine stimulus,GO:0071872,biological process,45,3.0,2.643e-01,2.369e-01,1.683e-01,5.026e-01,1.271e-01,1.012e-01,6.902e-01,7.885e-02,7.115e-01,3.062e-02,9.254e-01
MGI:88111,ATP2B4,817,negative regulation of gene expression,GO:0010629,biological process,45,21.0,3.052e-01,2.716e-01,2.644e-01,4.427e-01,7.643e-02,1.606e-01,5.802e-01,1.251e-01,5.898e-01,1.218e-01,5.738e-01
MGI:1201606,HS3ST1,5194,[heparan sulfate]-glucosamine 3-sulfotransferase 1 activity,GO:0008467,molecular function,4,2.0,2.037e-01,2.227e-01,1.328e-01,5.619e-01,1.009e-01,8.644e-02,4.798e-01,8.124e-02,6.105e-01,3.558e-02,4.959e-01
MGI:1201606,HS3ST1,5194,glycosaminoglycan biosynthetic process,GO:0006024,biological process,4,10.0,4.050e-01,3.743e-01,3.743e-01,3.626e-01,7.161e-02,2.199e-01,7.459e-01,1.807e-01,7.752e-01,1.807e-01,7.752e-01
MGI:3652325,ZNF716,32458,regulation of DNA-templated transcription,GO:0006355,biological process,3,22.0,1.025e-01,1.370e-02,5.649e-03,9.371e-01,4.395e-03,9.761e-02,1.076e-01,1.292e-02,1.454e-02,4.212e-03,7.575e-03
MGI:3652325,ZNF716,32458,"DNA-binding transcription factor activity, RNA polymerase II-specific",GO:0000981,molecular function,3,20.0,1.025e-01,1.430e-02,1.262e-02,8.956e-01,4.301e-03,9.761e-02,1.076e-01,1.248e-02,1.638e-02,1.101e-02,1.447e-02
MGI:3652325,ZNF716,32458,RNA polymerase II cis-regulatory region sequence-specific DNA binding,GO:0000978,molecular function,3,27.0,1.025e-01,1.430e-02,1.417e-02,8.857e-01,5.649e-03,9.761e-02,1.076e-01,1.248e-02,1.638e-02,1.230e-02,1.633e-02
MGI:1930153,POPDC3,17649,cAMP binding,GO:0030552,molecular function,7,4.0,1.060e-01,6.972e-02,2.320e-02,8.130e-01,4.723e-02,9.797e-02,1.148e-01,3.284e-02,1.480e-01,7.407e-03,7.268e-02
MGI:1930153,POPDC3,17649,heart development,GO:0007507,biological process,7,5.0,1.091e-01,6.972e-02,2.759e-02,8.007e-01,4.818e-02,9.200e-02,1.293e-01,3.284e-02,1.480e-01,1.022e-02,7.453e-02
MGI:1930153,POPDC3,17649,skeletal muscle tissue development,GO:0007519,biological process,7,4.0,1.143e-01,7.854e-02,4.367e-02,7.482e-01,3.233e-02,9.770e-02,1.338e-01,4.657e-02,1.324e-01,2.416e-02,7.894e-02
MGI:1930153,POPDC3,17649,sarcolemma,GO:0042383,cellular component,7,2.0,1.298e-01,8.563e-02,6.149e-02,7.002e-01,4.430e-02,9.634e-02,1.749e-01,4.483e-02,1.635e-01,2.853e-02,1.325e-01
MGI:1930153,POPDC3,17649,striated muscle cell differentiation,GO:0051146,biological process,7,4.0,1.352e-01,9.948e-02,7.502e-02,6.725e-01,4.039e-02,9.553e-02,1.912e-01,6.016e-02,1.645e-01,3.923e-02,1.434e-01
MGI:1930153,POPDC3,17649,regulation of membrane potential,GO:0042391,biological process,7,25.0,1.827e-01,1.356e-01,1.351e-01,5.839e-01,2.708e-02,1.421e-01,2.349e-01,9.154e-02,2.009e-01,9.131e-02,2.000e-01
MGI:95832,GRN,4601,regulation of inflammatory response,GO:0050727,biological process,28,13.0,1.025e-01,1.384e-01,1.754e-02,8.639e-01,7.208e-03,9.761e-02,1.076e-01,8.927e-02,2.145e-01,1.507e-02,2.042e-02
MGI:95832,GRN,4601,protein-folding chaperone binding,GO:0051087,molecular function,28,4.0,1.054e-01,1.384e-01,2.067e-02,8.252e-01,4.595e-02,9.963e-02,1.114e-01,8.927e-02,2.145e-01,6.518e-03,6.552e-02
MGI:95832,GRN,4601,negative regulation of neuron apoptotic process,GO:0043524,biological process,28,8.0,1.068e-01,1.384e-01,2.261e-02,8.188e-01,4.817e-02,9.382e-02,1.217e-01,8.927e-02,2.145e-01,7.479e-03,6.836e-02
MGI:95832,GRN,4601,positive regulation of aspartic-type peptidase activity,GO:1905247,biological process,28,4.0,1.192e-01,1.384e-01,3.115e-02,7.821e-01,7.099e-02,8.446e-02,1.683e-01,8.927e-02,2.145e-01,8.127e-03,1.194e-01
MGI:95832,GRN,4601,negative regulation of neutrophil activation,GO:1902564,biological process,28,3.0,1.214e-01,1.384e-01,5.404e-02,7.187e-01,3.919e-02,9.184e-02,1.605e-01,8.927e-02,2.145e-01,2.702e-02,1.081e-01
MGI:95832,GRN,4601,endosome,GO:0005768,cellular component,28,15.0,1.223e-01,1.512e-01,5.889e-02,7.088e-01,2.374e-02,1.039e-01,1.439e-01,8.453e-02,2.705e-01,3.896e-02,8.902e-02
MGI:95832,GRN,4601,negative regulation of respiratory burst involved in inflammatory response,GO:0060266,biological process,28,8.0,1.257e-01,1.384e-01,4.366e-02,7.405e-01,6.892e-02,9.041e-02,1.747e-01,8.927e-02,2.145e-01,1.201e-02,1.587e-01
MGI:95832,GRN,4601,RNA binding,GO:0003723,molecular function,28,46.0,1.271e-01,1.384e-01,6.670e-02,6.916e-01,2.569e-02,1.009e-01,1.603e-01,8.927e-02,2.145e-01,4.320e-02,1.030e-01
MGI:95832,GRN,4601,positive regulation of epithelial cell proliferation,GO:0050679,biological process,28,19.0,1.311e-01,1.548e-01,6.848e-02,6.869e-01,3.353e-02,1.027e-01,1.674e-01,8.312e-02,2.882e-01,3.915e-02,1.198e-01
MGI:95832,GRN,4601,late endosome,GO:0005770,cellular component,28,5.0,1.390e-01,1.548e-01,7.760e-02,6.685e-01,3.540e-02,1.047e-01,1.844e-01,8.312e-02,2.882e-01,4.322e-02,1.394e-01
MGI:95832,GRN,4601,extracellular region,GO:0005576,cellular component,28,22.0,1.436e-01,1.536e-01,8.269e-02,6.578e-01,4.242e-02,1.022e-01,2.017e-01,8.581e-02,2.749e-01,4.088e-02,1.672e-01
MGI:95832,GRN,4601,lysosomal transport,GO:0007041,biological process,28,13.0,1.454e-01,1.512e-01,8.844e-02,6.498e-01,3.266e-02,1.094e-01,1.931e-01,8.453e-02,2.705e-01,5.160e-02,1.516e-01
MGI:95832,GRN,4601,membrane,GO:0016020,cellular component,28,60.0,1.538e-01,1.565e-01,9.726e-02,6.355e-01,3.321e-02,1.157e-01,2.043e-01,8.242e-02,2.972e-01,5.859e-02,1.615e-01
MGI:95832,GRN,4601,extracellular space,GO:0005615,cellular component,28,55.0,1.539e-01,1.565e-01,8.991e-02,6.425e-01,5.428e-02,1.007e-01,2.352e-01,8.242e-02,2.972e-01,3.674e-02,2.200e-01
MGI:95832,GRN,4601,extracellular exosome,GO:0070062,cellular component,28,88.0,1.628e-01,1.565e-01,1.080e-01,6.185e-01,3.716e-02,1.171e-01,2.264e-01,8.242e-02,2.972e-01,6.139e-02,1.898e-01
MGI:95832,GRN,4601,lysosomal membrane,GO:0005765,cellular component,28,15.0,1.632e-01,1.640e-01,9.083e-02,6.314e-01,8.186e-02,8.299e-02,3.208e-01,7.946e-02,3.386e-01,2.757e-02,2.992e-01
MGI:95832,GRN,4601,protein stabilization,GO:0050821,biological process,28,5.0,1.648e-01,1.628e-01,1.036e-01,6.201e-01,5.748e-02,1.016e-01,2.672e-01,7.994e-02,3.315e-01,4.512e-02,2.377e-01
MGI:95832,GRN,4601,plasma membrane,GO:0005886,cellular component,28,93.0,1.761e-01,1.640e-01,1.163e-01,6.011e-01,6.049e-02,1.046e-01,2.967e-01,7.946e-02,3.386e-01,5.030e-02,2.688e-01
MGI:95832,GRN,4601,Golgi apparatus,GO:0005794,cellular component,28,20.0,1.838e-01,1.628e-01,1.316e-01,5.845e-01,4.671e-02,1.206e-01,2.801e-01,7.994e-02,3.315e-01,6.814e-02,2.541e-01
MGI:95832,GRN,4601,lysosomal lumen acidification,GO:0007042,biological process,28,4.0,1.846e-01,1.704e-01,1.210e-01,5.880e-01,7.893e-02,9.278e-02,3.674e-01,7.702e-02,3.771e-01,4.187e-02,3.496e-01
MGI:95832,GRN,4601,endoplasmic reticulum,GO:0005783,cellular component,28,24.0,1.854e-01,1.732e-01,1.395e-01,5.801e-01,1.421e-02,1.638e-01,2.099e-01,1.062e-01,2.823e-01,1.143e-01,1.702e-01
MGI:95832,GRN,4601,protein binding,GO:0005515,molecular function,28,373.0,1.896e-01,1.640e-01,1.378e-01,5.763e-01,4.917e-02,1.214e-01,2.961e-01,7.946e-02,3.386e-01,7.009e-02,2.709e-01
MGI:95832,GRN,4601,positive regulation of cell migration,GO:0030335,biological process,28,36.0,1.909e-01,1.640e-01,1.358e-01,5.745e-01,6.173e-02,1.097e-01,3.322e-01,7.946e-02,3.386e-01,5.752e-02,3.206e-01
MGI:95832,GRN,4601,lysosome,GO:0005764,cellular component,28,15.0,2.232e-01,2.117e-01,1.811e-01,5.300e-01,4.041e-02,1.528e-01,3.259e-01,1.114e-01,4.022e-01,1.055e-01,3.109e-01
MGI:95832,GRN,4601,positive regulation of lysosome organization,GO:1905673,biological process,28,3.0,2.912e-01,2.539e-01,2.469e-01,4.565e-01,7.653e-02,1.462e-01,5.798e-01,1.066e-01,6.045e-01,9.836e-02,6.200e-01
MGI:1859631,PDGFC,8801,platelet-derived growth factor receptor signaling pathway,GO:0048008,biological process,17,6.0,1.025e-01,8.692e-02,1.488e-02,8.803e-01,8.519e-03,9.761e-02,1.076e-01,7.105e-02,1.063e-01,1.188e-02,1.865e-02
MGI:1859631,PDGFC,8801,positive regulation of fibroblast proliferation,GO:0048146,biological process,17,7.0,1.025e-01,8.692e-02,1.656e-02,8.671e-01,1.773e-02,9.761e-02,1.076e-01,7.105e-02,1.063e-01,1.096e-02,2.501e-02
MGI:1859631,PDGFC,8801,positive regulation of MAP kinase activity,GO:0043406,biological process,17,7.0,1.026e-01,9.233e-02,2.782e-02,8.067e-01,1.607e-02,9.755e-02,1.079e-01,7.211e-02,1.182e-01,2.065e-02,3.747e-02
MGI:1859631,PDGFC,8801,positive regulation of protein autophosphorylation,GO:0031954,biological process,17,5.0,1.046e-01,7.936e-02,1.813e-02,8.286e-01,4.879e-02,9.593e-02,1.141e-01,5.882e-02,1.071e-01,4.407e-03,7.455e-02
MGI:1859631,PDGFC,8801,positive regulation of ERK1 and ERK2 cascade,GO:0070374,biological process,17,12.0,1.065e-01,9.233e-02,3.675e-02,7.711e-01,1.799e-02,9.491e-02,1.196e-01,7.211e-02,1.182e-01,2.626e-02,5.143e-02
MGI:1859631,PDGFC,8801,positive regulation of cell population proliferation,GO:0008284,biological process,17,36.0,1.115e-01,9.804e-02,3.467e-02,7.764e-01,4.439e-02,9.920e-02,1.254e-01,7.164e-02,1.342e-01,1.481e-02,8.113e-02
MGI:1859631,PDGFC,8801,platelet-derived growth factor receptor binding,GO:0005161,molecular function,17,3.0,1.167e-01,9.804e-02,5.027e-02,7.297e-01,2.563e-02,9.938e-02,1.371e-01,7.164e-02,1.342e-01,3.149e-02,8.024e-02
MGI:1859631,PDGFC,8801,positive regulation of cell migration,GO:0030335,biological process,17,36.0,1.248e-01,1.038e-01,6.269e-02,7.007e-01,1.925e-02,1.069e-01,1.457e-01,8.451e-02,1.276e-01,4.461e-02,8.808e-02
MGI:1859631,PDGFC,8801,extracellular space,GO:0005615,cellular component,17,55.0,1.361e-01,1.060e-01,7.721e-02,6.710e-01,2.364e-02,1.100e-01,1.684e-01,8.545e-02,1.316e-01,5.152e-02,1.157e-01
MGI:1859631,PDGFC,8801,protein homodimerization activity,GO:0042803,molecular function,17,14.0,1.407e-01,1.123e-01,8.254e-02,6.622e-01,1.709e-02,1.264e-01,1.566e-01,1.031e-01,1.222e-01,6.216e-02,1.096e-01
MGI:1859631,PDGFC,8801,cell surface,GO:0009986,cellular component,17,22.0,1.454e-01,1.146e-01,9.016e-02,6.498e-01,7.498e-03,1.325e-01,1.596e-01,1.067e-01,1.231e-01,7.995e-02,1.017e-01
MGI:1859631,PDGFC,8801,extracellular exosome,GO:0070062,cellular component,17,88.0,1.491e-01,1.146e-01,9.452e-02,6.428e-01,7.049e-03,1.386e-01,1.604e-01,1.067e-01,1.231e-01,8.453e-02,1.057e-01
MGI:1859631,PDGFC,8801,plasma membrane,GO:0005886,cellular component,17,93.0,1.534e-01,1.191e-01,9.992e-02,6.344e-01,5.991e-03,1.510e-01,1.558e-01,1.141e-01,1.243e-01,9.085e-02,1.099e-01
MGI:1859631,PDGFC,8801,protein binding,GO:0005515,molecular function,17,373.0,1.709e-01,1.303e-01,1.221e-01,6.026e-01,4.164e-03,1.630e-01,1.791e-01,1.231e-01,1.379e-01,1.149e-01,1.298e-01
MGI:1859631,PDGFC,8801,cytosol,GO:0005829,cellular component,17,76.0,1.841e-01,1.386e-01,1.386e-01,5.814e-01,4.619e-03,1.763e-01,1.923e-01,1.299e-01,1.478e-01,1.299e-01,1.478e-01
MGI:3646642,SIGLEC15,27596,regulation of actin cytoskeleton organization,GO:0032956,biological process,4,12.0,1.526e-01,2.293e-01,9.717e-02,6.344e-01,3.906e-02,1.070e-01,2.177e-01,1.587e-01,3.315e-01,5.376e-02,1.756e-01
MGI:3646642,SIGLEC15,27596,regulation of bone resorption,GO:0045124,biological process,4,4.0,2.343e-01,2.699e-01,1.748e-01,5.234e-01,8.030e-02,1.183e-01,4.639e-01,1.509e-01,4.830e-01,6.497e-02,4.702e-01
MGI:3646642,SIGLEC15,27596,plasma membrane,GO:0005886,cellular component,4,93.0,2.438e-01,2.554e-01,2.051e-01,5.085e-01,2.956e-02,1.837e-01,3.236e-01,1.554e-01,4.198e-01,1.415e-01,2.974e-01
MGI:3646642,SIGLEC15,27596,regulation of osteoclast development,GO:2001204,biological process,4,4.0,2.662e-01,2.677e-01,2.290e-01,4.854e-01,3.652e-02,1.895e-01,3.740e-01,1.585e-01,4.520e-01,1.471e-01,3.566e-01
MGI:2144423,ARHGAP44,29096,leading edge membrane,GO:0031256,cellular component,16,5.0,1.175e-01,2.273e-01,3.008e-02,7.756e-01,6.766e-02,9.108e-02,1.517e-01,6.689e-02,7.723e-01,6.572e-03,1.376e-01
MGI:2144423,ARHGAP44,29096,regulation of dendritic spine morphogenesis,GO:0061001,biological process,16,6.0,1.546e-01,2.330e-01,8.200e-02,6.491e-01,7.894e-02,8.361e-02,2.859e-01,7.176e-02,7.567e-01,2.418e-02,2.781e-01
MGI:2144423,ARHGAP44,29096,dendritic spine,GO:0043197,cellular component,16,4.0,1.769e-01,2.273e-01,5.070e-02,6.730e-01,1.629e-01,5.782e-02,5.413e-01,6.689e-02,7.723e-01,4.820e-03,5.333e-01
MGI:2144423,ARHGAP44,29096,presynaptic active zone,GO:0048786,cellular component,16,2.0,1.843e-01,2.330e-01,1.037e-01,6.031e-01,1.026e-01,8.254e-02,4.114e-01,7.176e-02,7.567e-01,2.339e-02,4.594e-01
MGI:2144423,ARHGAP44,29096,regulation of actin cytoskeleton organization,GO:0032956,biological process,16,12.0,1.859e-01,2.674e-01,1.318e-01,5.804e-01,5.922e-02,1.091e-01,3.169e-01,1.050e-01,6.808e-01,5.692e-02,3.052e-01
MGI:2144423,ARHGAP44,29096,protein binding,GO:0005515,molecular function,16,373.0,1.957e-01,2.961e-01,1.499e-01,5.650e-01,3.522e-02,1.415e-01,2.708e-01,1.377e-01,6.368e-01,9.345e-02,2.403e-01
MGI:2144423,ARHGAP44,29096,"neurotransmitter receptor transport, endosome to postsynaptic membrane",GO:0098887,biological process,16,3.0,2.151e-01,2.764e-01,1.689e-01,5.404e-01,5.003e-02,1.356e-01,3.410e-01,1.149e-01,6.652e-01,8.603e-02,3.315e-01
MGI:2144423,ARHGAP44,29096,intracellular anatomical structure,GO:0005622,cellular component,16,10.0,2.343e-01,2.732e-01,1.810e-01,5.152e-01,8.394e-02,1.106e-01,4.963e-01,1.113e-01,6.707e-01,6.502e-02,5.039e-01
MGI:2144423,ARHGAP44,29096,modification of dendritic spine,GO:0098886,biological process,16,2.0,2.415e-01,2.923e-01,1.965e-01,5.073e-01,6.617e-02,1.323e-01,4.408e-01,1.332e-01,6.417e-01,9.100e-02,4.244e-01
MGI:2144423,ARHGAP44,29096,postsynaptic density,GO:0014069,cellular component,16,3.0,2.675e-01,2.471e-01,1.859e-01,4.841e-01,1.254e-01,9.612e-02,7.445e-01,7.856e-02,7.771e-01,3.694e-02,9.357e-01
MGI:2144423,ARHGAP44,29096,phospholipid binding,GO:0005543,molecular function,16,12.0,2.724e-01,2.528e-01,1.581e-01,5.055e-01,1.410e-01,9.881e-02,7.512e-01,7.548e-02,8.470e-01,2.147e-02,1.164e+00
MGI:2144423,ARHGAP44,29096,GTPase activator activity,GO:0005096,molecular function,16,7.0,3.002e-01,3.636e-01,2.714e-01,4.543e-01,2.975e-03,2.954e-01,3.052e-01,2.193e-01,6.029e-01,2.626e-01,2.804e-01
MGI:2144423,ARHGAP44,29096,negative regulation of Rac protein signal transduction,GO:0035021,biological process,16,3.0,3.344e-01,3.449e-01,3.009e-01,4.190e-01,6.443e-02,1.956e-01,5.716e-01,1.977e-01,6.019e-01,1.620e-01,5.591e-01
MGI:2146908,C6orf132,21288,,,,0,nan,,,,,,,,,,,
MGI:95568,FOLR1,3791,apical plasma membrane,GO:0016324,cellular component,17,6.0,1.504e-01,3.192e-01,9.150e-02,6.423e-01,4.618e-02,1.012e-01,2.235e-01,1.880e-01,5.419e-01,4.423e-02,1.893e-01
MGI:95568,FOLR1,3791,basolateral plasma membrane,GO:0016323,cellular component,17,5.0,1.563e-01,3.192e-01,9.349e-02,6.346e-01,6.168e-02,9.319e-02,2.622e-01,1.880e-01,5.419e-01,3.641e-02,2.400e-01
MGI:95568,FOLR1,3791,fusion of sperm to egg plasma membrane involved in single fertilization,GO:0007342,biological process,17,4.0,1.888e-01,3.192e-01,1.206e-01,5.880e-01,7.758e-02,1.020e-01,3.495e-01,1.880e-01,5.419e-01,3.567e-02,4.079e-01
MGI:95568,FOLR1,3791,folic acid binding,GO:0005542,molecular function,17,7.0,1.922e-01,3.192e-01,1.468e-01,5.698e-01,2.818e-02,1.473e-01,2.507e-01,1.880e-01,5.419e-01,9.801e-02,2.198e-01
MGI:95568,FOLR1,3791,cell adhesion,GO:0007155,biological process,17,15.0,2.089e-01,3.192e-01,1.613e-01,5.488e-01,4.972e-02,1.327e-01,3.288e-01,1.880e-01,5.419e-01,8.253e-02,3.152e-01
MGI:95568,FOLR1,3791,folic acid receptor activity,GO:0061714,molecular function,17,2.0,2.180e-01,3.542e-01,1.740e-01,5.393e-01,2.989e-02,1.643e-01,2.892e-01,2.548e-01,4.925e-01,1.186e-01,2.551e-01
MGI:95568,FOLR1,3791,signaling receptor activity,GO:0038023,molecular function,17,28.0,2.372e-01,3.265e-01,1.940e-01,5.125e-01,5.757e-02,1.400e-01,4.022e-01,1.890e-01,5.641e-01,9.836e-02,3.826e-01
MGI:95568,FOLR1,3791,cell surface,GO:0009986,cellular component,17,22.0,2.418e-01,3.192e-01,2.013e-01,5.089e-01,4.519e-02,1.583e-01,3.691e-01,1.880e-01,5.419e-01,1.114e-01,3.639e-01
MGI:95568,FOLR1,3791,external side of plasma membrane,GO:0009897,cellular component,17,15.0,2.463e-01,3.223e-01,2.076e-01,5.032e-01,4.431e-02,1.638e-01,3.702e-01,1.875e-01,5.541e-01,1.210e-01,3.562e-01
MGI:95568,FOLR1,3791,extracellular exosome,GO:0070062,cellular component,17,88.0,2.693e-01,3.205e-01,2.354e-01,4.805e-01,3.416e-02,1.964e-01,3.694e-01,1.902e-01,5.399e-01,1.548e-01,3.579e-01
MGI:95568,FOLR1,3791,folic acid transport,GO:0015884,biological process,17,7.0,2.741e-01,3.405e-01,2.303e-01,4.730e-01,7.263e-02,1.423e-01,5.277e-01,1.894e-01,6.119e-01,9.824e-02,5.400e-01
MGI:95568,FOLR1,3791,sperm-egg recognition,GO:0035036,biological process,17,4.0,2.836e-01,3.618e-01,2.262e-01,4.560e-01,1.113e-01,1.121e-01,7.173e-01,1.777e-01,7.365e-01,6.586e-02,7.768e-01
MGI:95568,FOLR1,3791,cellular response to folic acid,GO:0071231,biological process,17,6.0,3.200e-01,3.618e-01,2.806e-01,4.248e-01,8.578e-02,1.566e-01,6.537e-01,1.777e-01,7.365e-01,1.186e-01,6.643e-01
MGI:95568,FOLR1,3791,protein binding,GO:0005515,molecular function,17,373.0,3.289e-01,3.450e-01,2.984e-01,4.260e-01,5.005e-02,2.121e-01,5.100e-01,1.890e-01,6.296e-01,1.735e-01,5.132e-01
MGI:95568,FOLR1,3791,nucleus,GO:0005634,cellular component,17,87.0,3.386e-01,3.450e-01,3.081e-01,4.178e-01,5.221e-02,2.133e-01,5.372e-01,1.890e-01,6.296e-01,1.737e-01,5.464e-01
MGI:2685619,SYCP3,18130,synaptonemal complex,GO:0000795,cellular component,10,2.0,1.128e-01,1.057e-01,4.777e-02,7.370e-01,1.605e-02,1.017e-01,1.250e-01,6.793e-02,1.646e-01,3.545e-02,6.438e-02
MGI:2685619,SYCP3,18130,nucleus,GO:0005634,cellular component,10,87.0,1.272e-01,1.057e-01,6.494e-02,6.949e-01,2.783e-02,1.032e-01,1.567e-01,6.793e-02,1.646e-01,4.046e-02,1.042e-01
MGI:2685619,SYCP3,18130,sperm DNA condensation,GO:0035092,biological process,10,3.0,1.379e-01,1.308e-01,7.246e-02,6.720e-01,6.114e-02,8.345e-02,2.278e-01,6.527e-02,2.620e-01,2.748e-02,1.910e-01
MGI:2685619,SYCP3,18130,protein binding,GO:0005515,molecular function,10,373.0,1.383e-01,1.057e-01,7.939e-02,6.667e-01,2.457e-02,1.132e-01,1.690e-01,6.793e-02,1.646e-01,5.320e-02,1.185e-01
MGI:2685619,SYCP3,18130,spermatid development,GO:0007286,biological process,10,2.0,1.539e-01,1.111e-01,9.702e-02,6.355e-01,3.510e-02,1.141e-01,2.077e-01,6.656e-02,1.853e-01,5.686e-02,1.655e-01
MGI:2685619,SYCP3,18130,meiotic cell cycle,GO:0051321,biological process,10,4.0,1.712e-01,1.330e-01,1.158e-01,6.031e-01,5.523e-02,1.044e-01,2.806e-01,6.465e-02,2.735e-01,5.182e-02,2.587e-01
MGI:1201781,VILL,30906,actin polymerization or depolymerization,GO:0008154,biological process,7,5.0,1.051e-01,1.258e-01,3.590e-02,7.739e-01,9.942e-03,9.700e-02,1.138e-01,9.995e-02,1.583e-01,2.982e-02,4.323e-02
MGI:1201781,VILL,30906,actin filament binding,GO:0051015,molecular function,7,11.0,1.160e-01,1.258e-01,5.306e-02,7.233e-01,1.311e-02,1.075e-01,1.252e-01,9.995e-02,1.583e-01,4.197e-02,6.707e-02
MGI:1201781,VILL,30906,actin cytoskeleton,GO:0015629,cellular component,7,12.0,1.245e-01,1.332e-01,6.004e-02,7.046e-01,3.334e-02,9.981e-02,1.553e-01,9.531e-02,1.862e-01,3.362e-02,1.072e-01
MGI:1201781,VILL,30906,actin filament severing,GO:0051014,biological process,7,4.0,1.298e-01,1.385e-01,6.935e-02,6.869e-01,2.074e-02,1.084e-01,1.556e-01,1.164e-01,1.648e-01,4.817e-02,9.985e-02
MGI:1201781,VILL,30906,"phosphatidylinositol-4,5-bisphosphate binding",GO:0005546,molecular function,7,4.0,1.851e-01,1.960e-01,1.300e-01,5.853e-01,5.017e-02,1.185e-01,2.892e-01,1.068e-01,3.598e-01,6.167e-02,2.739e-01
MGI:1201781,VILL,30906,barbed-end actin filament capping,GO:0051016,biological process,7,3.0,2.896e-01,2.845e-01,2.576e-01,4.637e-01,2.364e-02,2.318e-01,3.618e-01,2.269e-01,3.567e-01,1.953e-01,3.397e-01
MGI:1201781,VILL,30906,cytoplasm,GO:0005737,cellular component,7,99.0,3.126e-01,2.861e-01,2.845e-01,4.430e-01,1.903e-02,2.615e-01,3.737e-01,2.307e-01,3.549e-01,2.301e-01,3.518e-01
MGI:1100869,AP3B2,567,vesicle-mediated transport,GO:0016192,biological process,2,26.0,1.025e-01,3.122e-02,1.708e-02,8.561e-01,2.943e-02,9.761e-02,1.076e-01,1.631e-02,5.978e-02,8.116e-03,3.596e-02
MGI:1100869,AP3B2,567,anterograde synaptic vesicle transport,GO:0048490,biological process,2,4.0,1.068e-01,3.929e-02,3.929e-02,7.622e-01,1.329e-02,9.564e-02,1.194e-01,3.057e-02,5.050e-02,3.057e-02,5.050e-02
MGI:2442042,DPEP2,23028,leukotriene D4 catabolic process,GO:1901749,biological process,3,7.0,1.025e-01,2.279e-02,1.573e-02,8.757e-01,7.025e-03,9.761e-02,1.076e-01,1.580e-02,3.285e-02,1.324e-02,1.868e-02
MGI:2442042,DPEP2,23028,dipeptidase activity,GO:0016805,molecular function,3,6.0,1.054e-01,2.568e-02,2.568e-02,8.172e-01,3.181e-02,9.962e-02,1.116e-01,1.412e-02,4.671e-02,1.412e-02,4.671e-02
MGI:87885,CHRNA1,1955,skeletal muscle contraction,GO:0003009,biological process,27,4.0,1.028e-01,8.307e-02,1.668e-02,8.439e-01,4.075e-02,9.816e-02,1.078e-01,5.636e-02,1.224e-01,5.069e-03,5.486e-02
MGI:87885,CHRNA1,1955,neuromuscular process,GO:0050905,biological process,27,6.0,1.032e-01,8.967e-02,3.008e-02,7.966e-01,1.380e-02,9.885e-02,1.077e-01,6.998e-02,1.149e-01,2.335e-02,3.876e-02
MGI:87885,CHRNA1,1955,musculoskeletal movement,GO:0050881,biological process,27,5.0,1.032e-01,8.967e-02,2.628e-02,8.140e-01,1.838e-02,9.891e-02,1.077e-01,6.998e-02,1.149e-01,1.873e-02,3.687e-02
MGI:87885,CHRNA1,1955,"synaptic transmission, cholinergic",GO:0007271,biological process,27,3.0,1.037e-01,8.307e-02,1.984e-02,8.313e-01,4.138e-02,9.931e-02,1.084e-01,5.636e-02,1.224e-01,6.898e-03,5.704e-02
MGI:87885,CHRNA1,1955,regulation of membrane potential,GO:0042391,biological process,27,25.0,1.058e-01,9.118e-02,3.865e-02,7.641e-01,4.794e-03,9.859e-02,1.135e-01,7.323e-02,1.135e-01,3.529e-02,4.234e-02
MGI:87885,CHRNA1,1955,neuromuscular synaptic transmission,GO:0007274,biological process,27,4.0,1.067e-01,8.401e-02,2.777e-02,8.015e-01,4.248e-02,1.007e-01,1.131e-01,5.821e-02,1.212e-01,1.162e-02,6.640e-02
MGI:87885,CHRNA1,1955,nervous system process,GO:0050877,biological process,27,17.0,1.073e-01,8.967e-02,4.046e-02,7.586e-01,7.925e-03,1.055e-01,1.091e-01,6.998e-02,1.149e-01,3.479e-02,4.707e-02
MGI:87885,CHRNA1,1955,transmitter-gated monoatomic ion channel activity involved in regulation of postsynaptic membrane potential,GO:1904315,molecular function,27,5.0,1.076e-01,8.401e-02,2.642e-02,8.038e-01,4.654e-02,1.002e-01,1.156e-01,5.821e-02,1.212e-01,9.655e-03,7.232e-02
MGI:87885,CHRNA1,1955,acetylcholine-gated monoatomic cation-selective channel activity,GO:0022848,molecular function,27,5.0,1.091e-01,8.967e-02,3.488e-02,7.776e-01,3.440e-02,1.033e-01,1.151e-01,6.998e-02,1.149e-01,1.833e-02,6.639e-02
MGI:87885,CHRNA1,1955,neuromuscular junction,GO:0031594,cellular component,27,7.0,1.122e-01,9.404e-02,4.821e-02,7.364e-01,5.159e-03,1.049e-01,1.200e-01,7.935e-02,1.114e-01,4.377e-02,5.310e-02
MGI:87885,CHRNA1,1955,neuronal action potential,GO:0019228,biological process,27,2.0,1.138e-01,9.673e-02,4.619e-02,7.411e-01,2.774e-02,1.055e-01,1.228e-01,7.190e-02,1.301e-01,2.775e-02,7.689e-02
MGI:87885,CHRNA1,1955,synapse,GO:0045202,cellular component,27,19.0,1.141e-01,8.461e-02,2.438e-02,7.926e-01,6.430e-02,9.910e-02,1.313e-01,5.588e-02,1.281e-01,4.728e-03,1.257e-01
MGI:87885,CHRNA1,1955,acetylcholine receptor activity,GO:0015464,molecular function,27,5.0,1.202e-01,1.016e-01,5.891e-02,7.101e-01,4.515e-03,1.104e-01,1.309e-01,8.850e-02,1.167e-01,5.452e-02,6.365e-02
MGI:87885,CHRNA1,1955,membrane depolarization,GO:0051899,biological process,27,6.0,1.260e-01,1.033e-01,6.596e-02,6.944e-01,9.805e-03,1.208e-01,1.315e-01,8.281e-02,1.289e-01,5.563e-02,7.819e-02
MGI:87885,CHRNA1,1955,monoatomic ion transmembrane transport,GO:0034220,biological process,27,7.0,1.435e-01,1.233e-01,7.166e-02,6.762e-01,5.749e-02,1.038e-01,1.985e-01,6.535e-02,2.327e-01,2.687e-02,1.911e-01
MGI:87885,CHRNA1,1955,skeletal muscle tissue growth,GO:0048630,biological process,27,2.0,1.455e-01,1.320e-01,8.850e-02,6.513e-01,2.287e-02,1.207e-01,1.753e-01,9.147e-02,1.906e-01,6.109e-02,1.282e-01
MGI:87885,CHRNA1,1955,neuromuscular junction development,GO:0007528,biological process,27,4.0,1.500e-01,1.351e-01,8.486e-02,6.508e-01,5.492e-02,9.552e-02,2.356e-01,7.494e-02,2.436e-01,3.621e-02,1.989e-01
MGI:87885,CHRNA1,1955,response to nicotine,GO:0035094,biological process,27,3.0,1.651e-01,1.454e-01,9.528e-02,6.312e-01,6.366e-02,1.085e-01,2.511e-01,7.147e-02,2.956e-01,3.313e-02,2.740e-01
MGI:87885,CHRNA1,1955,neuron cellular homeostasis,GO:0070050,biological process,27,4.0,1.652e-01,1.353e-01,9.349e-02,6.305e-01,7.352e-02,9.206e-02,2.965e-01,6.072e-02,3.017e-01,3.076e-02,2.841e-01
MGI:87885,CHRNA1,1955,neuron projection,GO:0043005,cellular component,27,21.0,1.697e-01,1.497e-01,1.020e-01,6.187e-01,6.934e-02,1.002e-01,2.874e-01,8.989e-02,2.494e-01,3.299e-02,3.151e-01
MGI:87885,CHRNA1,1955,muscle cell cellular homeostasis,GO:0046716,biological process,27,2.0,1.772e-01,1.419e-01,1.124e-01,6.049e-01,6.570e-02,1.017e-01,3.085e-01,6.832e-02,2.949e-01,4.432e-02,2.848e-01
MGI:87885,CHRNA1,1955,acetylcholine-gated channel complex,GO:0005892,cellular component,27,4.0,2.058e-01,1.675e-01,1.444e-01,5.607e-01,7.318e-02,1.096e-01,3.864e-01,7.517e-02,3.733e-01,5.627e-02,3.703e-01
MGI:87885,CHRNA1,1955,acetylcholine receptor signaling pathway,GO:0095500,biological process,27,4.0,2.176e-01,2.039e-01,1.784e-01,5.372e-01,8.942e-03,1.998e-01,2.370e-01,1.760e-01,2.363e-01,1.587e-01,2.005e-01
MGI:87885,CHRNA1,1955,cell surface,GO:0009986,cellular component,27,22.0,2.451e-01,2.203e-01,2.058e-01,5.087e-01,2.471e-02,1.951e-01,3.078e-01,1.618e-01,3.000e-01,1.511e-01,2.802e-01
MGI:87885,CHRNA1,1955,plasma membrane,GO:0005886,cellular component,27,93.0,2.538e-01,2.331e-01,2.156e-01,4.997e-01,2.457e-02,2.038e-01,3.159e-01,1.686e-01,3.224e-01,1.586e-01,2.933e-01
MGI:1353450,ALDH1A1,402,3-deoxyglucosone dehydrogenase activity,GO:0106373,molecular function,21,2.0,1.025e-01,1.847e-02,5.262e-03,9.343e-01,1.265e-02,9.761e-02,1.076e-01,1.078e-02,3.164e-02,2.026e-03,1.367e-02
MGI:1353450,ALDH1A1,402,benzaldehyde dehydrogenase (NAD+) activity,GO:0018479,molecular function,21,4.0,1.025e-01,1.847e-02,6.642e-03,9.253e-01,1.371e-02,9.761e-02,1.076e-01,1.078e-02,3.164e-02,2.759e-03,1.599e-02
MGI:1353450,ALDH1A1,402,aldehyde dehydrogenase (NAD+) activity,GO:0004029,molecular function,21,24.0,1.025e-01,2.022e-02,1.051e-02,9.016e-01,1.538e-02,9.761e-02,1.076e-01,1.388e-02,2.944e-02,5.476e-03,2.018e-02
MGI:1353450,ALDH1A1,402,cytosol,GO:0005829,cellular component,21,76.0,1.025e-01,2.517e-02,1.592e-02,8.709e-01,1.931e-02,9.761e-02,1.076e-01,1.657e-02,3.824e-02,1.023e-02,2.479e-02
MGI:1353450,ALDH1A1,402,extracellular exosome,GO:0070062,cellular component,21,88.0,1.025e-01,2.517e-02,1.837e-02,8.556e-01,2.267e-02,9.761e-02,1.076e-01,1.657e-02,3.824e-02,1.150e-02,2.934e-02
MGI:1353450,ALDH1A1,402,protein binding,GO:0005515,molecular function,21,373.0,1.045e-01,2.649e-02,2.161e-02,8.343e-01,3.563e-02,9.961e-02,1.097e-01,1.578e-02,4.448e-02,1.050e-02,4.446e-02
MGI:1353450,ALDH1A1,402,fructosamine catabolic process,GO:0030392,biological process,21,4.0,1.061e-01,2.852e-02,1.645e-02,8.533e-01,5.050e-02,9.443e-02,1.193e-01,1.500e-02,5.420e-02,5.400e-03,5.014e-02
MGI:1353450,ALDH1A1,402,cellular detoxification of aldehyde,GO:0110095,biological process,21,4.0,1.066e-01,3.520e-02,3.367e-02,7.824e-01,2.674e-02,9.905e-02,1.147e-01,2.047e-02,6.052e-02,2.045e-02,5.544e-02
MGI:1924183,IFI27L2,19753,mitochondrial membrane,GO:0031966,cellular component,4,7.0,1.067e-01,3.499e-02,1.651e-02,8.226e-01,5.702e-02,9.432e-02,1.206e-01,1.038e-02,1.179e-01,2.646e-03,1.030e-01
MGI:1924183,IFI27L2,19753,apoptotic signaling pathway,GO:0097190,biological process,4,6.0,1.071e-01,4.444e-02,3.021e-02,7.965e-01,3.134e-02,9.890e-02,1.160e-01,2.075e-02,9.514e-02,1.685e-02,5.417e-02
MGI:1924183,IFI27L2,19753,mitochondrion,GO:0005739,cellular component,4,22.0,1.133e-01,4.444e-02,3.435e-02,7.758e-01,5.050e-02,9.648e-02,1.330e-01,2.075e-02,9.514e-02,1.299e-02,9.082e-02
MGI:1924183,IFI27L2,19753,apoptotic process,GO:0006915,biological process,4,23.0,1.133e-01,4.444e-02,3.511e-02,7.757e-01,4.625e-02,9.448e-02,1.358e-01,2.075e-02,9.514e-02,1.501e-02,8.215e-02
MGI:1321396,PSTPIP1,9580,actin filament polymerization,GO:0030041,biological process,11,4.0,1.025e-01,4.246e-02,1.431e-02,8.855e-01,8.045e-04,9.761e-02,1.076e-01,3.715e-02,4.852e-02,1.400e-02,1.462e-02
MGI:1321396,PSTPIP1,9580,actin filament binding,GO:0051015,molecular function,11,11.0,1.025e-01,4.246e-02,1.953e-02,8.515e-01,1.267e-02,9.761e-02,1.076e-01,3.715e-02,4.852e-02,1.520e-02,2.508e-02
MGI:1321396,PSTPIP1,9580,actin filament,GO:0005884,cellular component,11,9.0,1.025e-01,4.246e-02,2.097e-02,8.419e-01,1.629e-02,9.761e-02,1.076e-01,3.715e-02,4.852e-02,1.501e-02,2.930e-02
MGI:1321396,PSTPIP1,9580,identical protein binding,GO:0042802,molecular function,11,28.0,1.025e-01,4.246e-02,2.427e-02,8.249e-01,7.467e-03,9.761e-02,1.076e-01,3.715e-02,4.852e-02,2.103e-02,2.800e-02
MGI:1321396,PSTPIP1,9580,membrane,GO:0016020,cellular component,11,60.0,1.027e-01,4.246e-02,3.279e-02,7.855e-01,2.712e-03,9.764e-02,1.081e-01,3.715e-02,4.852e-02,3.125e-02,3.440e-02
MGI:1321396,PSTPIP1,9580,plasma membrane,GO:0005886,cellular component,11,93.0,1.048e-01,4.246e-02,3.541e-02,7.758e-01,1.091e-02,9.986e-02,1.100e-01,3.715e-02,4.852e-02,2.886e-02,4.345e-02
MGI:1321396,PSTPIP1,9580,cytoplasm,GO:0005737,cellular component,11,99.0,1.060e-01,4.246e-02,3.911e-02,7.627e-01,3.735e-03,1.016e-01,1.106e-01,3.715e-02,4.852e-02,3.643e-02,4.199e-02
MGI:1321396,PSTPIP1,9580,protein binding,GO:0005515,molecular function,11,373.0,1.063e-01,4.246e-02,3.908e-02,7.628e-01,1.077e-02,1.016e-01,1.111e-01,3.715e-02,4.852e-02,3.179e-02,4.804e-02
MGI:1321396,PSTPIP1,9580,cytosol,GO:0005829,cellular component,11,76.0,1.087e-01,4.386e-02,4.209e-02,7.538e-01,1.063e-02,1.002e-01,1.180e-01,3.787e-02,5.080e-02,3.434e-02,5.158e-02
MGI:96108,HLF,4977,"DNA-binding transcription activator activity, RNA polymerase II-specific",GO:0001228,molecular function,16,6.0,1.025e-01,1.730e-02,5.422e-03,9.365e-01,8.618e-03,9.761e-02,1.076e-01,1.460e-02,2.051e-02,2.791e-03,1.053e-02
MGI:96108,HLF,4977,"DNA-binding transcription factor activity, RNA polymerase II-specific",GO:0000981,molecular function,16,20.0,1.025e-01,1.730e-02,7.218e-03,9.284e-01,1.352e-03,9.761e-02,1.076e-01,1.460e-02,2.051e-02,6.646e-03,7.840e-03
MGI:96108,HLF,4977,regulation of transcription by RNA polymerase II,GO:0006357,biological process,16,27.0,1.025e-01,1.730e-02,8.641e-03,9.183e-01,7.912e-03,9.761e-02,1.076e-01,1.460e-02,2.051e-02,6.155e-03,1.213e-02
MGI:96108,HLF,4977,nucleus,GO:0005634,cellular component,16,87.0,1.025e-01,1.730e-02,8.372e-03,9.169e-01,1.280e-02,9.761e-02,1.076e-01,1.460e-02,2.051e-02,4.742e-03,1.478e-02
MGI:96108,HLF,4977,nucleoplasm,GO:0005654,cellular component,16,49.0,1.025e-01,1.730e-02,9.298e-03,9.086e-01,1.550e-02,9.761e-02,1.076e-01,1.460e-02,2.051e-02,4.500e-03,1.921e-02
MGI:96108,HLF,4977,sequence-specific double-stranded DNA binding,GO:1990837,molecular function,16,22.0,1.025e-01,1.730e-02,1.109e-02,9.027e-01,1.065e-02,9.761e-02,1.076e-01,1.460e-02,2.051e-02,7.851e-03,1.566e-02
MGI:96108,HLF,4977,positive regulation of transcription by RNA polymerase II,GO:0045944,biological process,16,23.0,1.025e-01,1.750e-02,8.177e-03,9.207e-01,7.303e-03,9.761e-02,1.076e-01,1.493e-02,2.051e-02,5.521e-03,1.211e-02
MGI:96108,HLF,4977,protein binding,GO:0005515,molecular function,16,373.0,1.025e-01,1.753e-02,1.409e-02,8.848e-01,1.143e-02,9.761e-02,1.076e-01,1.490e-02,2.063e-02,1.059e-02,1.876e-02
MGI:96108,HLF,4977,RNA polymerase II cis-regulatory region sequence-specific DNA binding,GO:0000978,molecular function,16,27.0,1.025e-01,1.927e-02,1.572e-02,8.756e-01,7.207e-03,9.761e-02,1.076e-01,1.610e-02,2.306e-02,1.316e-02,1.878e-02
MGI:96108,HLF,4977,sequence-specific DNA binding,GO:0043565,molecular function,16,10.0,1.025e-01,2.167e-02,1.902e-02,8.549e-01,6.392e-03,9.761e-02,1.076e-01,2.017e-02,2.328e-02,1.670e-02,2.166e-02
MGI:96108,HLF,4977,RNA polymerase II transcription regulator complex,GO:0090575,cellular component,16,43.0,1.091e-01,4.298e-02,4.298e-02,7.510e-01,1.239e-02,1.080e-01,1.102e-01,3.396e-02,5.439e-02,3.396e-02,5.439e-02
MGI:103100,CA7,1381,regulation of intracellular pH,GO:0051453,biological process,7,9.0,1.092e-01,7.922e-02,4.067e-02,7.582e-01,2.099e-02,9.962e-02,1.197e-01,5.732e-02,1.095e-01,2.755e-02,6.002e-02
MGI:103100,CA7,1381,carbonate dehydratase activity,GO:0004089,molecular function,7,4.0,1.205e-01,7.922e-02,5.665e-02,7.141e-01,2.315e-02,1.039e-01,1.398e-01,5.732e-02,1.095e-01,3.723e-02,8.621e-02
MGI:103100,CA7,1381,one-carbon metabolic process,GO:0006730,biological process,7,8.0,1.232e-01,7.922e-02,6.309e-02,7.004e-01,6.571e-03,1.207e-01,1.257e-01,5.732e-02,1.095e-01,5.642e-02,7.056e-02
MGI:103100,CA7,1381,cytoplasm,GO:0005737,cellular component,7,99.0,1.511e-01,9.590e-02,9.187e-02,6.431e-01,3.794e-02,1.159e-01,1.971e-01,5.615e-02,1.638e-01,4.975e-02,1.697e-01
MGI:1917084,RAB43,19983,phagocytic vesicle,GO:0045335,cellular component,13,7.0,1.025e-01,8.474e-02,1.277e-02,8.950e-01,3.442e-03,9.761e-02,1.076e-01,7.412e-02,9.688e-02,1.151e-02,1.417e-02
MGI:1917084,RAB43,19983,"retrograde transport, plasma membrane to Golgi",GO:0035526,biological process,13,2.0,1.025e-01,8.474e-02,1.552e-02,8.760e-01,1.145e-02,9.761e-02,1.076e-01,7.412e-02,9.688e-02,1.197e-02,2.012e-02
MGI:1917084,RAB43,19983,phagosome maturation,GO:0090382,biological process,13,3.0,1.025e-01,8.595e-02,2.616e-02,8.149e-01,8.851e-03,9.761e-02,1.076e-01,7.518e-02,9.826e-02,2.219e-02,3.084e-02
MGI:1917084,RAB43,19983,Golgi organization,GO:0007030,biological process,13,9.0,1.120e-01,8.619e-02,4.847e-02,7.355e-01,4.252e-03,1.063e-01,1.180e-01,7.577e-02,9.804e-02,4.481e-02,5.243e-02
MGI:1917084,RAB43,19983,GTPase activity,GO:0003924,molecular function,13,7.0,1.123e-01,8.595e-02,4.521e-02,7.436e-01,2.548e-02,9.927e-02,1.270e-01,7.518e-02,9.826e-02,2.839e-02,7.198e-02
MGI:1917084,RAB43,19983,autophagosome assembly,GO:0000045,biological process,13,6.0,1.141e-01,8.619e-02,5.062e-02,7.294e-01,1.447e-02,1.091e-01,1.193e-01,7.577e-02,9.804e-02,3.877e-02,6.608e-02
MGI:1917084,RAB43,19983,intracellular protein transport,GO:0006886,biological process,13,25.0,1.188e-01,9.640e-02,4.699e-02,7.361e-01,4.671e-02,8.644e-02,1.633e-01,6.844e-02,1.358e-01,2.059e-02,1.072e-01
MGI:1917084,RAB43,19983,endomembrane system,GO:0012505,cellular component,13,3.0,1.251e-01,9.667e-02,6.167e-02,7.008e-01,3.546e-02,9.305e-02,1.683e-01,6.890e-02,1.356e-01,3.363e-02,1.131e-01
MGI:1917084,RAB43,19983,extracellular exosome,GO:0070062,cellular component,13,88.0,1.431e-01,1.095e-01,8.743e-02,6.538e-01,1.331e-02,1.236e-01,1.655e-01,8.530e-02,1.406e-01,7.018e-02,1.089e-01
MGI:1917084,RAB43,19983,Golgi apparatus,GO:0005794,cellular component,13,20.0,1.466e-01,1.127e-01,9.158e-02,6.472e-01,1.320e-02,1.293e-01,1.663e-01,8.692e-02,1.460e-01,7.413e-02,1.131e-01
MGI:1917084,RAB43,19983,virion assembly,GO:0019068,biological process,13,2.0,1.521e-01,1.084e-01,9.851e-02,6.349e-01,2.346e-02,1.233e-01,1.877e-01,8.588e-02,1.369e-01,6.836e-02,1.419e-01
MGI:1917084,RAB43,19983,protein binding,GO:0005515,molecular function,13,373.0,1.631e-01,1.167e-01,1.121e-01,6.150e-01,2.162e-02,1.331e-01,2.000e-01,8.760e-02,1.554e-01,8.044e-02,1.563e-01
MGI:1917120,POLR3GL,28466,RNA polymerase III complex,GO:0005666,cellular component,5,2.0,1.556e-01,1.766e-01,8.114e-02,6.491e-01,8.051e-02,8.014e-02,3.022e-01,1.084e-01,2.879e-01,2.459e-02,2.678e-01
MGI:1917120,POLR3GL,28466,nucleus,GO:0005634,cellular component,5,87.0,1.684e-01,1.780e-01,1.174e-01,6.083e-01,1.609e-02,1.474e-01,1.924e-01,1.103e-01,2.875e-01,9.257e-02,1.488e-01
MGI:1917120,POLR3GL,28466,transcription by RNA polymerase III,GO:0006383,biological process,5,6.0,1.755e-01,1.766e-01,1.113e-01,6.057e-01,6.713e-02,9.748e-02,3.160e-01,1.084e-01,2.879e-01,4.365e-02,2.836e-01
MGI:1917120,POLR3GL,28466,protein binding,GO:0005515,molecular function,5,373.0,2.227e-01,1.976e-01,1.817e-01,5.332e-01,1.660e-02,1.906e-01,2.601e-01,1.362e-01,2.869e-01,1.469e-01,2.248e-01
MGI:109424,ABCA4,34,retinal metabolic process,GO:0042574,biological process,16,5.0,1.025e-01,4.119e-02,8.061e-03,9.008e-01,2.605e-02,9.761e-02,1.076e-01,2.261e-02,7.504e-02,1.892e-03,3.434e-02
MGI:109424,ABCA4,34,ATP hydrolysis activity,GO:0016887,molecular function,16,4.0,1.025e-01,5.739e-02,1.783e-02,8.596e-01,1.775e-02,9.761e-02,1.076e-01,3.744e-02,8.797e-02,1.199e-02,2.653e-02
MGI:109424,ABCA4,34,flippase activity,GO:0140327,molecular function,16,5.0,1.025e-01,5.739e-02,1.808e-02,8.545e-01,2.266e-02,9.761e-02,1.076e-01,3.744e-02,8.797e-02,1.042e-02,3.135e-02
MGI:109424,ABCA4,34,11-cis retinal binding,GO:0005502,molecular function,16,2.0,1.039e-01,5.856e-02,2.787e-02,8.065e-01,2.298e-02,9.945e-02,1.086e-01,3.749e-02,9.149e-02,1.816e-02,4.276e-02
MGI:109424,ABCA4,34,all-trans retinal binding,GO:0005503,molecular function,16,2.0,1.041e-01,5.856e-02,2.704e-02,8.101e-01,2.562e-02,9.944e-02,1.090e-01,3.749e-02,9.149e-02,1.667e-02,4.386e-02
MGI:109424,ABCA4,34,lipid transport,GO:0006869,biological process,16,24.0,1.051e-01,6.076e-02,3.580e-02,7.742e-01,1.095e-02,1.016e-01,1.088e-01,4.180e-02,8.832e-02,2.922e-02,4.387e-02
MGI:109424,ABCA4,34,ATPase-coupled intramembrane lipid transporter activity,GO:0140326,molecular function,16,5.0,1.069e-01,5.966e-02,3.205e-02,7.891e-01,2.846e-02,9.999e-02,1.143e-01,3.989e-02,8.922e-02,1.892e-02,5.431e-02
MGI:109424,ABCA4,34,phospholipid transporter activity,GO:0005548,molecular function,16,11.0,1.078e-01,5.856e-02,2.936e-02,7.963e-01,4.226e-02,1.001e-01,1.160e-01,3.749e-02,9.149e-02,1.266e-02,6.809e-02
MGI:109424,ABCA4,34,phosphatidylethanolamine flippase activity,GO:0090555,molecular function,16,2.0,1.105e-01,5.954e-02,3.260e-02,7.831e-01,4.566e-02,1.041e-01,1.172e-01,3.748e-02,9.456e-02,1.319e-02,8.052e-02
MGI:109424,ABCA4,34,phospholipid translocation,GO:0045332,biological process,16,7.0,1.162e-01,6.201e-02,4.635e-02,7.407e-01,3.326e-02,1.040e-01,1.299e-01,4.008e-02,9.595e-02,2.523e-02,8.516e-02
MGI:109424,ABCA4,34,intracellular membrane-bounded organelle,GO:0043231,cellular component,16,58.0,1.313e-01,9.002e-02,5.023e-02,7.230e-01,7.060e-02,8.834e-02,1.952e-01,4.154e-02,1.951e-01,1.494e-02,1.689e-01
MGI:109424,ABCA4,34,ATPase-coupled transmembrane transporter activity,GO:0042626,molecular function,16,17.0,1.450e-01,9.361e-02,8.130e-02,6.593e-01,4.660e-02,1.016e-01,2.069e-01,4.410e-02,1.987e-01,3.893e-02,1.698e-01
MGI:109424,ABCA4,34,endoplasmic reticulum,GO:0005783,cellular component,16,24.0,1.651e-01,1.090e-01,9.649e-02,6.261e-01,7.227e-02,8.882e-02,3.069e-01,4.350e-02,2.731e-01,3.409e-02,2.732e-01
MGI:109424,ABCA4,34,cytoplasmic vesicle,GO:0031410,cellular component,16,32.0,1.701e-01,1.094e-01,1.042e-01,6.174e-01,6.338e-02,1.009e-01,2.867e-01,4.283e-02,2.796e-01,4.112e-02,2.638e-01
MGI:2136890,SETD4,1258,positive regulation of transcription by RNA polymerase II,GO:0045944,biological process,9,23.0,1.748e-01,4.898e-01,1.269e-01,5.949e-01,2.494e-02,1.383e-01,2.210e-01,3.637e-01,6.598e-01,8.900e-02,1.808e-01
MGI:2136890,SETD4,1258,nucleus,GO:0005634,cellular component,9,87.0,2.928e-01,4.898e-01,2.611e-01,4.602e-01,2.811e-02,2.248e-01,3.814e-01,3.637e-01,6.598e-01,1.880e-01,3.628e-01
MGI:2136890,SETD4,1258,peptidyl-lysine trimethylation,GO:0018023,biological process,9,6.0,3.137e-01,4.898e-01,2.762e-01,4.339e-01,7.496e-02,1.673e-01,5.885e-01,3.637e-01,6.598e-01,1.319e-01,5.784e-01
MGI:2136890,SETD4,1258,cytosol,GO:0005829,cellular component,9,76.0,3.448e-01,4.932e-01,3.179e-01,4.151e-01,3.525e-02,2.507e-01,4.742e-01,3.691e-01,6.591e-01,2.181e-01,4.633e-01
MGI:2136890,SETD4,1258,peptidyl-lysine monomethylation,GO:0018026,biological process,9,2.0,3.456e-01,4.898e-01,3.116e-01,4.035e-01,8.092e-02,1.811e-01,6.599e-01,3.637e-01,6.598e-01,1.483e-01,6.547e-01
MGI:2136890,SETD4,1258,transcription coactivator activity,GO:0003713,molecular function,9,6.0,3.557e-01,5.070e-01,3.301e-01,4.067e-01,3.358e-02,2.657e-01,4.763e-01,3.836e-01,6.701e-01,2.324e-01,4.689e-01
MGI:2136890,SETD4,1258,histone H4K20 methyltransferase activity,GO:0042799,molecular function,9,6.0,4.753e-01,5.070e-01,4.586e-01,3.203e-01,3.892e-02,3.545e-01,6.373e-01,3.836e-01,6.701e-01,3.316e-01,6.343e-01
MGI:2136890,SETD4,1258,histone H3K36 methyltransferase activity,GO:0046975,molecular function,9,5.0,4.848e-01,5.070e-01,4.690e-01,3.129e-01,4.173e-02,3.573e-01,6.578e-01,3.836e-01,6.701e-01,3.367e-01,6.533e-01
MGI:2136890,SETD4,1258,histone H3K4 methyltransferase activity,GO:0042800,molecular function,9,6.0,4.941e-01,5.070e-01,4.778e-01,3.057e-01,4.702e-02,3.512e-01,6.951e-01,3.836e-01,6.701e-01,3.282e-01,6.957e-01
MGI:1346052,APC2,24036,beta-catenin binding,GO:0008013,molecular function,29,2.0,1.243e-01,3.221e-01,4.901e-02,7.308e-01,5.314e-02,1.024e-01,1.508e-01,1.632e-01,6.355e-01,1.876e-02,1.281e-01
MGI:1346052,APC2,24036,gamma-catenin binding,GO:0045295,molecular function,29,2.0,1.258e-01,3.221e-01,5.104e-02,7.254e-01,5.290e-02,1.041e-01,1.520e-01,1.632e-01,6.355e-01,1.965e-02,1.325e-01
MGI:1346052,APC2,24036,activation of GTPase activity,GO:0090630,biological process,29,4.0,1.432e-01,3.221e-01,7.898e-02,6.642e-01,4.391e-02,1.096e-01,1.872e-01,1.632e-01,6.355e-01,3.693e-02,1.689e-01
MGI:1346052,APC2,24036,cytoplasmic microtubule,GO:0005881,cellular component,29,6.0,1.482e-01,3.221e-01,8.418e-02,6.536e-01,4.904e-02,1.067e-01,2.058e-01,1.632e-01,6.355e-01,3.704e-02,1.913e-01
MGI:1346052,APC2,24036,actin filament,GO:0005884,cellular component,29,9.0,1.619e-01,3.872e-01,1.083e-01,6.207e-01,2.046e-02,1.377e-01,1.905e-01,2.670e-01,5.615e-01,7.988e-02,1.468e-01
MGI:1346052,APC2,24036,microtubule cytoskeleton,GO:0015630,cellular component,29,6.0,1.746e-01,4.000e-01,1.230e-01,5.972e-01,3.819e-02,1.256e-01,2.428e-01,2.879e-01,5.556e-01,6.919e-02,2.188e-01
MGI:1346052,APC2,24036,positive regulation of protein catabolic process,GO:0045732,biological process,29,11.0,2.074e-01,3.276e-01,1.296e-01,5.720e-01,8.712e-02,1.084e-01,3.968e-01,1.652e-01,6.496e-01,3.386e-02,4.961e-01
MGI:1346052,APC2,24036,filamentous actin,GO:0031941,cellular component,29,2.0,2.148e-01,3.244e-01,1.144e-01,5.796e-01,1.176e-01,9.683e-02,4.767e-01,1.626e-01,6.474e-01,1.994e-02,6.565e-01
MGI:1346052,APC2,24036,catenin complex,GO:0016342,cellular component,29,4.0,2.294e-01,3.715e-01,1.714e-01,5.302e-01,7.215e-02,1.244e-01,4.231e-01,2.407e-01,5.732e-01,6.809e-02,4.315e-01
MGI:1346052,APC2,24036,intercellular bridge,GO:0045171,cellular component,29,7.0,2.338e-01,4.000e-01,1.966e-01,5.188e-01,1.327e-02,2.058e-01,2.655e-01,2.879e-01,5.556e-01,1.666e-01,2.320e-01
MGI:1346052,APC2,24036,microtubule binding,GO:0008017,molecular function,29,8.0,2.390e-01,4.000e-01,2.017e-01,5.140e-01,1.092e-02,2.147e-01,2.662e-01,2.879e-01,5.556e-01,1.762e-01,2.308e-01
MGI:1346052,APC2,24036,lamellipodium membrane,GO:0031258,cellular component,29,3.0,2.418e-01,3.891e-01,1.861e-01,5.178e-01,6.351e-02,1.424e-01,4.104e-01,2.523e-01,6.000e-01,7.828e-02,4.424e-01
MGI:1346052,APC2,24036,Golgi apparatus,GO:0005794,cellular component,29,20.0,2.699e-01,4.000e-01,2.362e-01,4.822e-01,1.895e-02,2.247e-01,3.242e-01,2.879e-01,5.556e-01,1.882e-01,2.965e-01
MGI:1346052,APC2,24036,cell migration,GO:0016477,biological process,29,45.0,2.785e-01,4.180e-01,2.421e-01,4.735e-01,3.983e-02,1.921e-01,4.038e-01,3.149e-01,5.548e-01,1.495e-01,3.920e-01
MGI:1346052,APC2,24036,nervous system development,GO:0007399,biological process,29,4.0,2.840e-01,4.256e-01,2.497e-01,4.672e-01,4.034e-02,1.979e-01,4.077e-01,3.248e-01,5.577e-01,1.604e-01,3.887e-01
MGI:1346052,APC2,24036,protein binding,GO:0005515,molecular function,29,373.0,2.942e-01,4.180e-01,2.608e-01,4.587e-01,3.737e-02,2.076e-01,4.170e-01,3.149e-01,5.548e-01,1.678e-01,4.055e-01
MGI:1346052,APC2,24036,cytoplasm,GO:0005737,cellular component,29,99.0,3.232e-01,4.234e-01,2.933e-01,4.335e-01,3.524e-02,2.341e-01,4.464e-01,3.220e-01,5.566e-01,1.977e-01,4.352e-01
MGI:1346052,APC2,24036,cytosol,GO:0005829,cellular component,29,76.0,3.299e-01,4.251e-01,3.028e-01,4.280e-01,2.663e-02,2.582e-01,4.216e-01,3.260e-01,5.543e-01,2.262e-01,4.053e-01
MGI:1346052,APC2,24036,perinuclear region of cytoplasm,GO:0048471,cellular component,29,12.0,3.363e-01,4.378e-01,3.119e-01,4.235e-01,5.313e-03,3.182e-01,3.555e-01,3.436e-01,5.578e-01,2.948e-01,3.301e-01
MGI:1346052,APC2,24036,microtubule cytoskeleton organization,GO:0000226,biological process,29,23.0,3.433e-01,4.463e-01,3.141e-01,4.128e-01,5.419e-02,2.167e-01,5.437e-01,2.922e-01,6.815e-01,1.839e-01,5.365e-01
MGI:1346052,APC2,24036,negative regulation of canonical Wnt signaling pathway,GO:0090090,biological process,29,11.0,3.556e-01,4.442e-01,3.299e-01,4.069e-01,3.379e-02,2.639e-01,4.793e-01,3.234e-01,6.101e-01,2.303e-01,4.724e-01
MGI:1346052,APC2,24036,regulation of cell differentiation,GO:0045595,biological process,29,45.0,3.728e-01,4.711e-01,3.441e-01,3.870e-01,6.496e-02,2.179e-01,6.379e-01,2.990e-01,7.423e-01,1.841e-01,6.432e-01
MGI:1346052,APC2,24036,midbody,GO:0030496,cellular component,29,3.0,4.171e-01,4.841e-01,3.939e-01,3.554e-01,5.811e-02,2.612e-01,6.661e-01,3.082e-01,7.604e-01,2.315e-01,6.701e-01
MGI:1346052,APC2,24036,negative regulation of microtubule depolymerization,GO:0007026,biological process,29,7.0,4.385e-01,5.481e-01,3.987e-01,3.290e-01,9.874e-02,1.990e-01,9.664e-01,3.214e-01,9.346e-01,1.536e-01,1.035e+00
MGI:1346052,APC2,24036,beta-catenin destruction complex,GO:0030877,cellular component,29,3.0,4.535e-01,5.770e-01,3.989e-01,2.944e-01,1.383e-01,1.716e-01,1.199e+00,3.133e-01,1.063e+00,1.196e-01,1.330e+00
MGI:1346052,APC2,24036,pattern specification process,GO:0007389,biological process,29,18.0,5.169e-01,5.615e-01,4.930e-01,2.751e-01,8.651e-02,2.712e-01,9.849e-01,3.222e-01,9.785e-01,2.392e-01,1.016e+00
MGI:1346052,APC2,24036,cell fate specification,GO:0001708,biological process,29,25.0,5.381e-01,5.849e-01,5.120e-01,2.330e-01,1.205e-01,2.494e-01,1.161e+00,3.164e-01,1.081e+00,2.173e-01,1.206e+00
MGI:2444579,FAM171B,29412,,,,0,nan,,,,,,,,,,,
MGI:1927899,MMP19,7165,extracellular matrix organization,GO:0030198,biological process,4,18.0,1.060e-01,1.027e-01,2.807e-02,8.056e-01,3.168e-02,1.004e-01,1.120e-01,5.178e-02,2.036e-01,1.552e-02,5.078e-02
MGI:1927899,MMP19,7165,metalloendopeptidase activity,GO:0004222,molecular function,4,6.0,1.614e-01,1.512e-01,1.009e-01,6.275e-01,4.457e-02,1.154e-01,2.256e-01,6.531e-02,3.500e-01,5.007e-02,2.032e-01
MGI:1927899,MMP19,7165,extracellular space,GO:0005615,cellular component,4,55.0,2.017e-01,1.593e-01,1.447e-01,5.665e-01,5.135e-02,1.340e-01,3.036e-01,6.690e-02,3.791e-01,6.781e-02,3.088e-01
MGI:1927899,MMP19,7165,collagen catabolic process,GO:0030574,biological process,4,3.0,2.210e-01,1.774e-01,1.531e-01,5.411e-01,9.329e-02,1.014e-01,4.819e-01,5.959e-02,5.283e-01,4.691e-02,5.000e-01
MGI:1929693,SLC37A2,20644,endoplasmic reticulum membrane,GO:0005789,cellular component,6,17.0,1.095e-01,1.443e-01,4.336e-02,7.493e-01,1.730e-02,1.009e-01,1.188e-01,1.161e-01,1.794e-01,3.138e-02,5.992e-02
MGI:1929693,SLC37A2,20644,glucose-6-phosphate transport,GO:0015760,biological process,6,2.0,1.391e-01,1.443e-01,7.918e-02,6.660e-01,3.227e-02,1.078e-01,1.794e-01,1.161e-01,1.794e-01,4.723e-02,1.327e-01
MGI:1929693,SLC37A2,20644,phosphate ion transmembrane transport,GO:0035435,biological process,6,5.0,1.663e-01,1.564e-01,1.132e-01,6.137e-01,2.168e-02,1.402e-01,1.971e-01,1.145e-01,2.136e-01,8.214e-02,1.559e-01
MGI:1929693,SLC37A2,20644,extracellular exosome,GO:0070062,cellular component,6,88.0,1.710e-01,1.684e-01,1.189e-01,6.042e-01,3.154e-02,1.306e-01,2.238e-01,1.405e-01,2.019e-01,7.335e-02,1.927e-01
MGI:1929693,SLC37A2,20644,glucose 6-phosphate:inorganic phosphate antiporter activity,GO:0061513,molecular function,6,3.0,2.139e-01,1.790e-01,1.599e-01,5.491e-01,5.422e-02,1.349e-01,3.392e-01,1.042e-01,3.074e-01,7.720e-02,3.311e-01
MGI:1309468,CASQ1,1512,positive regulation of release of sequestered calcium ion into cytosol,GO:0051281,biological process,12,5.0,1.331e-01,1.774e-01,6.016e-02,6.995e-01,6.089e-02,8.835e-02,2.006e-01,1.273e-01,2.471e-01,2.190e-02,1.653e-01
MGI:1309468,CASQ1,1512,regulation of store-operated calcium entry,GO:2001256,biological process,12,5.0,1.405e-01,1.774e-01,5.393e-02,7.066e-01,8.784e-02,7.715e-02,2.558e-01,1.273e-01,2.471e-01,1.319e-02,2.204e-01
MGI:1309468,CASQ1,1512,protein polymerization,GO:0051258,biological process,12,6.0,1.420e-01,1.774e-01,7.660e-02,6.666e-01,5.303e-02,9.333e-02,2.162e-01,1.273e-01,2.471e-01,3.302e-02,1.777e-01
MGI:1309468,CASQ1,1512,regulation of skeletal muscle contraction by regulation of release of sequestered calcium ion,GO:0014809,biological process,12,5.0,1.436e-01,1.774e-01,7.877e-02,6.627e-01,5.122e-02,9.587e-02,2.151e-01,1.273e-01,2.471e-01,3.481e-02,1.783e-01
MGI:1309468,CASQ1,1512,positive regulation of store-operated calcium channel activity,GO:1901341,biological process,12,5.0,1.456e-01,1.901e-01,8.562e-02,6.547e-01,3.313e-02,1.176e-01,1.804e-01,1.458e-01,2.477e-01,4.935e-02,1.485e-01
MGI:1309468,CASQ1,1512,mitochondrion,GO:0005739,cellular component,12,22.0,1.673e-01,2.034e-01,1.134e-01,6.109e-01,3.656e-02,1.211e-01,2.312e-01,1.665e-01,2.485e-01,6.655e-02,1.933e-01
MGI:1309468,CASQ1,1512,identical protein binding,GO:0042802,molecular function,12,28.0,1.700e-01,2.034e-01,1.208e-01,6.044e-01,3.264e-03,1.620e-01,1.785e-01,1.665e-01,2.485e-01,1.152e-01,1.267e-01
MGI:1309468,CASQ1,1512,calcium ion binding,GO:0005509,molecular function,12,12.0,1.759e-01,2.034e-01,1.280e-01,5.947e-01,1.400e-03,1.714e-01,1.805e-01,1.665e-01,2.485e-01,1.255e-01,1.306e-01
MGI:1309468,CASQ1,1512,endoplasmic reticulum,GO:0005783,cellular component,12,24.0,2.242e-01,2.272e-01,1.841e-01,5.304e-01,1.878e-02,1.869e-01,2.690e-01,1.962e-01,2.631e-01,1.439e-01,2.355e-01
MGI:1309468,CASQ1,1512,protein binding,GO:0005515,molecular function,12,373.0,2.410e-01,2.268e-01,2.051e-01,5.110e-01,5.577e-03,2.300e-01,2.526e-01,1.961e-01,2.622e-01,1.915e-01,2.196e-01
MGI:1309468,CASQ1,1512,Z disc,GO:0030018,cellular component,12,3.0,2.568e-01,2.377e-01,2.211e-01,4.955e-01,1.875e-02,2.142e-01,3.078e-01,1.944e-01,2.907e-01,1.770e-01,2.763e-01
MGI:1309468,CASQ1,1512,sarcoplasmic reticulum lumen,GO:0033018,cellular component,12,4.0,2.741e-01,2.727e-01,2.268e-01,4.681e-01,9.070e-02,1.273e-01,5.901e-01,1.275e-01,5.834e-01,8.846e-02,5.815e-01
MGI:1917074,GLOD5,33358,,,,0,nan,,,,,,,,,,,
MGI:2448419,H4C15,29607,CENP-A containing nucleosome,GO:0043505,cellular component,29,3.0,1.025e-01,1.207e-02,1.800e-03,9.572e-01,1.180e-02,9.761e-02,1.076e-01,3.374e-03,4.321e-02,2.646e-04,1.225e-02
MGI:2448419,H4C15,29607,nucleosome,GO:0000786,cellular component,29,8.0,1.025e-01,2.221e-02,4.460e-03,9.442e-01,4.095e-03,9.761e-02,1.076e-01,1.881e-02,2.623e-02,3.157e-03,6.300e-03
MGI:2448419,H4C15,29607,structural constituent of chromatin,GO:0030527,molecular function,29,3.0,1.025e-01,2.221e-02,8.548e-03,9.164e-01,1.241e-02,9.761e-02,1.076e-01,1.881e-02,2.623e-02,5.156e-03,1.417e-02
MGI:2448419,H4C15,29607,negative regulation of megakaryocyte differentiation,GO:0045653,biological process,29,4.0,1.025e-01,2.454e-02,1.478e-02,8.772e-01,1.619e-02,9.761e-02,1.076e-01,2.071e-02,2.909e-02,9.475e-03,2.306e-02
MGI:2448419,H4C15,29607,RNA binding,GO:0003723,molecular function,29,46.0,1.025e-01,2.492e-02,1.193e-02,8.964e-01,1.406e-02,9.761e-02,1.076e-01,2.010e-02,3.090e-02,7.870e-03,1.809e-02
MGI:2448419,H4C15,29607,DNA binding,GO:0003677,molecular function,29,23.0,1.025e-01,2.556e-02,1.282e-02,8.910e-01,1.220e-02,9.761e-02,1.076e-01,2.161e-02,3.023e-02,8.608e-03,1.909e-02
MGI:2448419,H4C15,29607,"chromosome, telomeric region",GO:0000781,cellular component,29,5.0,1.025e-01,2.610e-02,1.335e-02,8.756e-01,3.613e-02,9.761e-02,1.076e-01,2.011e-02,3.389e-02,5.493e-03,3.246e-02
MGI:2448419,H4C15,29607,nucleosome assembly,GO:0006334,biological process,29,6.0,1.025e-01,2.781e-02,1.992e-02,8.373e-01,3.413e-02,9.761e-02,1.076e-01,2.076e-02,3.725e-02,8.697e-03,4.562e-02
MGI:2448419,H4C15,29607,nucleus,GO:0005634,cellular component,29,87.0,1.032e-01,2.990e-02,1.555e-02,8.625e-01,3.822e-02,9.886e-02,1.077e-01,1.755e-02,5.096e-02,6.312e-03,3.828e-02
MGI:2448419,H4C15,29607,extracellular exosome,GO:0070062,cellular component,29,88.0,1.036e-01,3.186e-02,2.200e-02,8.273e-01,3.639e-02,9.951e-02,1.079e-01,1.898e-02,5.348e-02,9.691e-03,4.994e-02
MGI:2448419,H4C15,29607,protein binding,GO:0005515,molecular function,29,373.0,1.062e-01,3.329e-02,2.573e-02,8.107e-01,4.224e-02,1.003e-01,1.125e-01,1.837e-02,6.034e-02,1.070e-02,6.189e-02
MGI:2448419,H4C15,29607,membrane,GO:0016020,cellular component,29,60.0,1.065e-01,3.329e-02,2.516e-02,8.155e-01,4.115e-02,1.002e-01,1.131e-01,1.837e-02,6.034e-02,1.104e-02,5.732e-02
MGI:2448419,H4C15,29607,protein-containing complex,GO:0032991,cellular component,29,295.0,3.042e-01,1.982e-01,1.982e-01,4.351e-01,1.693e-01,9.332e-02,9.918e-01,3.023e-02,1.300e+00,3.023e-02,1.300e+00
MGI:1914674,MYO1H,13879,actin filament-based movement,GO:0030048,biological process,9,6.0,1.076e-01,8.536e-02,3.354e-02,7.830e-01,2.867e-02,9.317e-02,1.243e-01,6.372e-02,1.143e-01,1.964e-02,5.728e-02
MGI:1914674,MYO1H,13879,actin filament organization,GO:0007015,biological process,9,18.0,1.082e-01,8.536e-02,4.119e-02,7.560e-01,1.415e-02,9.664e-02,1.211e-01,6.372e-02,1.143e-01,3.157e-02,5.376e-02
MGI:1914674,MYO1H,13879,actin filament binding,GO:0051015,molecular function,9,11.0,1.088e-01,9.069e-02,4.312e-02,7.503e-01,7.476e-03,1.038e-01,1.141e-01,6.982e-02,1.178e-01,3.733e-02,4.982e-02
MGI:1914674,MYO1H,13879,endocytosis,GO:0006897,biological process,9,12.0,1.142e-01,8.536e-02,3.859e-02,7.631e-01,4.517e-02,8.801e-02,1.482e-01,6.372e-02,1.143e-01,1.699e-02,8.765e-02
MGI:1914674,MYO1H,13879,actin cytoskeleton,GO:0015629,cellular component,9,12.0,1.183e-01,9.945e-02,5.506e-02,7.180e-01,2.076e-02,1.066e-01,1.313e-01,7.288e-02,1.357e-01,3.790e-02,7.999e-02
MGI:1914674,MYO1H,13879,microvillus,GO:0005902,cellular component,9,4.0,1.202e-01,8.536e-02,5.432e-02,7.191e-01,3.262e-02,9.489e-02,1.523e-01,6.372e-02,1.143e-01,3.023e-02,9.760e-02
MGI:1914674,MYO1H,13879,microfilament motor activity,GO:0000146,molecular function,9,6.0,1.547e-01,1.224e-01,9.113e-02,6.413e-01,5.250e-02,1.002e-01,2.390e-01,6.507e-02,2.302e-01,4.053e-02,2.049e-01
MGI:1914674,MYO1H,13879,plasma membrane,GO:0005886,cellular component,9,93.0,1.951e-01,1.723e-01,1.496e-01,5.679e-01,1.622e-02,1.686e-01,2.256e-01,1.320e-01,2.248e-01,1.194e-01,1.874e-01
MGI:1914674,MYO1H,13879,cytoplasm,GO:0005737,cellular component,9,99.0,2.495e-01,2.139e-01,2.139e-01,5.028e-01,6.098e-03,2.343e-01,2.656e-01,1.986e-01,2.303e-01,1.986e-01,2.303e-01
MGI:1916202,TLCD3B,25295,ceramide biosynthetic process,GO:0046513,biological process,4,9.0,1.202e-01,1.368e-01,4.370e-02,7.451e-01,5.421e-02,9.030e-02,1.600e-01,4.081e-02,4.586e-01,1.686e-02,1.133e-01
MGI:1916202,TLCD3B,25295,sphingosine N-acyltransferase activity,GO:0050291,molecular function,4,2.0,1.760e-01,1.568e-01,1.028e-01,6.094e-01,8.934e-02,8.228e-02,3.764e-01,4.812e-02,5.111e-01,2.978e-02,3.545e-01
MGI:1916202,TLCD3B,25295,endoplasmic reticulum,GO:0005783,cellular component,4,24.0,2.095e-01,1.775e-01,1.541e-01,5.516e-01,6.501e-02,1.173e-01,3.742e-01,5.711e-02,5.517e-01,6.193e-02,3.833e-01
MGI:1916202,TLCD3B,25295,lipid homeostasis,GO:0055088,biological process,4,11.0,2.172e-01,1.753e-01,1.385e-01,5.486e-01,1.109e-01,8.743e-02,5.395e-01,5.302e-02,5.797e-01,3.112e-02,6.167e-01
MGI:2146001,CCDC65,29937,cilium assembly,GO:0060271,biological process,7,8.0,2.254e-01,4.158e-01,1.822e-01,5.304e-01,3.268e-02,1.658e-01,3.065e-01,2.299e-01,7.521e-01,1.207e-01,2.751e-01
MGI:2146001,CCDC65,29937,regulation of cilium movement,GO:0003352,biological process,7,7.0,2.301e-01,4.158e-01,1.707e-01,5.240e-01,8.948e-02,1.057e-01,5.009e-01,2.299e-01,7.521e-01,5.941e-02,4.903e-01
MGI:2146001,CCDC65,29937,cilium-dependent cell motility,GO:0060285,biological process,7,3.0,2.775e-01,4.158e-01,2.427e-01,4.746e-01,3.262e-02,2.042e-01,3.771e-01,2.299e-01,7.521e-01,1.636e-01,3.602e-01
MGI:2146001,CCDC65,29937,axonemal dynein complex assembly,GO:0070286,biological process,7,5.0,2.869e-01,4.158e-01,2.280e-01,4.626e-01,9.723e-02,1.246e-01,6.605e-01,2.299e-01,7.521e-01,7.160e-02,7.262e-01
MGI:2146001,CCDC65,29937,ciliary basal body,GO:0036064,cellular component,7,13.0,3.396e-01,4.158e-01,3.050e-01,4.176e-01,5.908e-02,1.995e-01,5.780e-01,2.299e-01,7.521e-01,1.574e-01,5.909e-01
MGI:2146001,CCDC65,29937,protein binding,GO:0005515,molecular function,7,373.0,3.858e-01,4.655e-01,3.653e-01,3.854e-01,1.476e-02,3.379e-01,4.406e-01,3.211e-01,6.749e-01,3.165e-01,4.217e-01
MGI:2146001,CCDC65,29937,axoneme,GO:0005930,cellular component,7,4.0,4.392e-01,4.426e-01,4.106e-01,3.359e-01,7.548e-02,2.374e-01,8.125e-01,2.367e-01,8.276e-01,2.021e-01,8.345e-01
MGI:1915161,ZNF169,12957,RNA polymerase II transcription regulatory region sequence-specific DNA binding,GO:0000977,molecular function,5,7.0,1.025e-01,3.081e-02,1.215e-02,8.983e-01,4.721e-03,9.761e-02,1.076e-01,2.692e-02,3.526e-02,1.042e-02,1.417e-02
MGI:1915161,ZNF169,12957,"DNA-binding transcription factor activity, RNA polymerase II-specific",GO:0000981,molecular function,5,20.0,1.025e-01,3.081e-02,1.615e-02,8.732e-01,6.163e-03,9.761e-02,1.076e-01,2.692e-02,3.526e-02,1.394e-02,1.871e-02
MGI:1915161,ZNF169,12957,regulation of transcription by RNA polymerase II,GO:0006357,biological process,5,27.0,1.025e-01,3.169e-02,1.616e-02,8.705e-01,1.608e-02,9.761e-02,1.076e-01,2.628e-02,3.821e-02,1.134e-02,2.303e-02
MGI:1915161,ZNF169,12957,nucleus,GO:0005634,cellular component,5,87.0,1.136e-01,6.246e-02,4.997e-02,7.321e-01,6.151e-03,1.042e-01,1.239e-01,5.575e-02,6.997e-02,4.460e-02,5.598e-02
MGI:1915161,ZNF169,12957,protein binding,GO:0005515,molecular function,5,373.0,1.367e-01,7.927e-02,7.927e-02,6.686e-01,8.462e-03,1.260e-01,1.483e-01,6.856e-02,9.165e-02,6.856e-02,9.165e-02
MGI:3608325,PDZD7,26257,stereocilia ankle link complex,GO:0002142,cellular component,10,2.0,3.226e-01,6.238e-01,2.890e-01,4.320e-01,5.284e-02,2.009e-01,5.180e-01,4.064e-01,9.576e-01,1.626e-01,5.139e-01
MGI:3608325,PDZD7,26257,auditory receptor cell stereocilium organization,GO:0060088,biological process,10,2.0,4.238e-01,6.238e-01,3.914e-01,3.031e-01,1.376e-01,1.895e-01,9.479e-01,4.064e-01,9.576e-01,1.615e-01,9.490e-01
MGI:3608325,PDZD7,26257,extracellular space,GO:0005615,cellular component,10,55.0,4.531e-01,6.238e-01,4.331e-01,3.316e-01,5.362e-02,2.976e-01,6.898e-01,4.064e-01,9.576e-01,2.730e-01,6.872e-01
MGI:3608325,PDZD7,26257,sensory perception of sound,GO:0007605,biological process,10,4.0,4.669e-01,6.238e-01,4.436e-01,3.071e-01,8.839e-02,2.597e-01,8.393e-01,4.064e-01,9.576e-01,2.332e-01,8.439e-01
MGI:3608325,PDZD7,26257,nucleus,GO:0005634,cellular component,10,87.0,4.713e-01,6.238e-01,4.546e-01,3.229e-01,3.899e-02,3.444e-01,6.450e-01,4.064e-01,9.576e-01,3.234e-01,6.389e-01
MGI:3608325,PDZD7,26257,plasma membrane,GO:0005886,cellular component,10,93.0,4.874e-01,6.238e-01,4.733e-01,3.155e-01,1.795e-02,4.239e-01,5.605e-01,4.064e-01,9.576e-01,4.092e-01,5.474e-01
MGI:3608325,PDZD7,26257,nucleoplasm,GO:0005654,cellular component,10,49.0,4.893e-01,6.238e-01,4.745e-01,3.116e-01,3.457e-02,3.752e-01,6.380e-01,4.064e-01,9.576e-01,3.578e-01,6.295e-01
MGI:3608325,PDZD7,26257,protein binding,GO:0005515,molecular function,10,373.0,5.122e-01,6.238e-01,4.991e-01,2.978e-01,2.954e-02,4.106e-01,6.389e-01,4.064e-01,9.576e-01,3.950e-01,6.307e-01
MGI:3608325,PDZD7,26257,stereocilium tip,GO:0032426,cellular component,10,2.0,5.924e-01,6.238e-01,5.809e-01,2.262e-01,7.739e-02,3.849e-01,9.116e-01,4.064e-01,9.576e-01,3.702e-01,9.116e-01
MGI:3608325,PDZD7,26257,cilium,GO:0005929,cellular component,10,7.0,6.110e-01,7.113e-01,5.950e-01,2.047e-01,9.248e-02,3.503e-01,1.066e+00,5.105e-01,9.911e-01,3.256e-01,1.087e+00
MGI:2670958,CNKSR1,19700,protein-macromolecule adaptor activity,GO:0030674,molecular function,4,20.0,1.025e-01,1.986e-02,1.222e-02,8.865e-01,2.867e-02,9.761e-02,1.076e-01,8.613e-03,4.577e-02,5.807e-03,2.570e-02
MGI:2670958,CNKSR1,19700,protein binding,GO:0005515,molecular function,4,373.0,1.055e-01,3.168e-02,2.767e-02,8.056e-01,3.493e-02,9.982e-02,1.116e-01,1.466e-02,6.844e-02,1.396e-02,5.485e-02
MGI:2670958,CNKSR1,19700,cell cortex,GO:0005938,cellular component,4,3.0,1.089e-01,2.191e-02,1.469e-02,8.472e-01,6.204e-02,9.869e-02,1.202e-01,7.605e-03,6.311e-02,2.960e-03,7.287e-02
MGI:1891708,NPFF,7901,dendrite,GO:0030425,cellular component,7,13.0,1.854e-01,1.937e-01,6.700e-02,6.457e-01,1.182e-01,9.926e-02,3.464e-01,3.370e-02,1.114e+00,6.875e-03,6.529e-01
MGI:1891708,NPFF,7901,extracellular space,GO:0005615,cellular component,7,55.0,1.861e-01,2.836e-01,1.408e-01,5.787e-01,6.285e-03,1.745e-01,1.984e-01,8.854e-02,9.084e-01,1.288e-01,1.540e-01
MGI:1891708,NPFF,7901,axon terminus,GO:0043679,cellular component,7,7.0,1.872e-01,1.935e-01,5.980e-02,6.464e-01,1.667e-01,5.912e-02,5.929e-01,3.307e-02,1.132e+00,5.891e-03,6.070e-01
MGI:1891708,NPFF,7901,excitatory postsynaptic potential,GO:0060079,biological process,7,4.0,2.213e-01,2.694e-01,1.398e-01,5.312e-01,1.374e-01,7.314e-02,6.696e-01,7.665e-02,9.468e-01,2.980e-02,6.556e-01
MGI:1891708,NPFF,7901,perikaryon,GO:0043204,cellular component,7,2.0,2.423e-01,2.706e-01,1.938e-01,5.101e-01,6.470e-02,1.356e-01,4.331e-01,7.851e-02,9.325e-01,8.702e-02,4.316e-01
MGI:1891708,NPFF,7901,G protein-coupled receptor binding,GO:0001664,molecular function,7,47.0,2.706e-01,2.725e-01,1.974e-01,4.491e-01,1.585e-01,8.442e-02,8.672e-01,7.801e-02,9.518e-01,4.433e-02,8.787e-01
MGI:1891708,NPFF,7901,neuropeptide hormone activity,GO:0005184,molecular function,7,8.0,2.711e-01,2.694e-01,1.920e-01,4.362e-01,1.790e-01,8.024e-02,9.159e-01,7.665e-02,9.468e-01,4.046e-02,9.111e-01
MGI:2444467,ZBTB37,28365,"DNA-binding transcription repressor activity, RNA polymerase II-specific",GO:0001227,molecular function,8,6.0,1.147e-01,1.178e-01,4.264e-02,7.510e-01,3.746e-02,9.302e-02,1.413e-01,5.407e-02,2.568e-01,2.149e-02,8.463e-02
MGI:2444467,ZBTB37,28365,negative regulation of transcription by RNA polymerase II,GO:0000122,biological process,8,16.0,1.170e-01,1.178e-01,4.733e-02,7.381e-01,3.390e-02,9.757e-02,1.403e-01,5.407e-02,2.568e-01,2.545e-02,8.801e-02
MGI:2444467,ZBTB37,28365,sequence-specific double-stranded DNA binding,GO:1990837,molecular function,8,22.0,1.310e-01,1.178e-01,5.946e-02,7.033e-01,5.557e-02,9.300e-02,1.846e-01,5.407e-02,2.568e-01,2.268e-02,1.559e-01
MGI:2444467,ZBTB37,28365,RNA polymerase II cis-regulatory region sequence-specific DNA binding,GO:0000978,molecular function,8,27.0,1.337e-01,1.313e-01,7.301e-02,6.769e-01,3.783e-02,9.704e-02,1.842e-01,7.169e-02,2.406e-01,3.937e-02,1.354e-01
MGI:2444467,ZBTB37,28365,regulation of immune system process,GO:0002682,biological process,8,18.0,2.500e-01,2.783e-01,2.112e-01,5.027e-01,3.078e-02,1.871e-01,3.340e-01,1.955e-01,3.962e-01,1.426e-01,3.128e-01
MGI:2444467,ZBTB37,28365,nucleoplasm,GO:0005654,cellular component,8,49.0,3.267e-01,3.292e-01,2.932e-01,4.268e-01,5.804e-02,1.928e-01,5.537e-01,2.105e-01,5.149e-01,1.512e-01,5.685e-01
MGI:2444467,ZBTB37,28365,regulation of cytokine production,GO:0001817,biological process,8,56.0,4.984e-01,4.937e-01,4.830e-01,3.009e-01,5.157e-02,3.470e-01,7.159e-01,3.463e-01,7.040e-01,3.293e-01,7.086e-01
MGI:2448355,H3C15,20505,nucleosome,GO:0000786,cellular component,15,8.0,1.025e-01,1.153e-02,2.057e-03,9.569e-01,1.307e-02,9.761e-02,1.076e-01,3.524e-03,3.772e-02,5.506e-04,7.684e-03
MGI:2448355,H3C15,20505,nucleosome assembly,GO:0006334,biological process,15,6.0,1.025e-01,3.135e-02,1.486e-02,8.754e-01,2.281e-02,9.761e-02,1.076e-01,2.532e-02,3.881e-02,8.710e-03,2.537e-02
MGI:2448355,H3C15,20505,extracellular exosome,GO:0070062,cellular component,15,88.0,1.036e-01,3.824e-02,3.170e-02,7.900e-01,1.458e-02,9.978e-02,1.076e-01,2.618e-02,5.585e-02,2.434e-02,4.128e-02
MGI:2448355,H3C15,20505,nucleus,GO:0005634,cellular component,15,87.0,1.037e-01,3.824e-02,2.710e-02,8.102e-01,1.949e-02,9.959e-02,1.079e-01,2.618e-02,5.585e-02,1.891e-02,3.882e-02
MGI:2448355,H3C15,20505,nucleoplasm,GO:0005654,cellular component,15,49.0,1.048e-01,3.824e-02,3.201e-02,7.892e-01,1.836e-02,1.005e-01,1.094e-01,2.618e-02,5.585e-02,2.275e-02,4.502e-02
MGI:2448355,H3C15,20505,protein binding,GO:0005515,molecular function,15,373.0,1.083e-01,3.863e-02,3.863e-02,7.648e-01,2.053e-02,1.066e-01,1.101e-01,2.630e-02,5.674e-02,2.630e-02,5.674e-02
MGI:1921298,VSIR,30085,positive regulation of regulatory T cell differentiation,GO:0045591,biological process,19,4.0,1.102e-01,1.725e-01,4.193e-02,7.534e-01,2.320e-02,9.281e-02,1.309e-01,9.842e-02,3.025e-01,2.735e-02,6.428e-02
MGI:1921298,VSIR,30085,enzyme binding,GO:0019899,molecular function,19,36.0,1.223e-01,1.106e-01,2.904e-02,7.653e-01,7.449e-02,9.730e-02,1.537e-01,2.639e-02,4.633e-01,4.409e-03,1.912e-01
MGI:1921298,VSIR,30085,endopeptidase activator activity,GO:0061133,molecular function,19,4.0,1.225e-01,1.717e-01,5.286e-02,7.223e-01,3.780e-02,9.962e-02,1.505e-01,9.707e-02,3.038e-01,2.657e-02,1.051e-01
MGI:1921298,VSIR,30085,positive regulation of collagen catabolic process,GO:0120158,biological process,19,4.0,1.355e-01,8.768e-02,1.967e-02,7.450e-01,9.536e-02,9.872e-02,1.860e-01,1.328e-02,5.788e-01,7.568e-04,5.111e-01
MGI:1921298,VSIR,30085,positive regulation of endopeptidase activity,GO:0010950,biological process,19,7.0,1.356e-01,1.013e-01,2.856e-02,7.402e-01,9.047e-02,1.002e-01,1.835e-01,2.036e-02,5.040e-01,2.304e-03,3.541e-01
MGI:1921298,VSIR,30085,negative regulation of alpha-beta T cell activation,GO:0046636,biological process,19,8.0,1.525e-01,1.819e-01,9.469e-02,6.367e-01,4.720e-02,1.023e-01,2.273e-01,1.151e-01,2.875e-01,4.529e-02,1.980e-01
MGI:1921298,VSIR,30085,identical protein binding,GO:0042802,molecular function,19,28.0,1.678e-01,2.038e-01,1.156e-01,6.085e-01,3.351e-02,1.241e-01,2.269e-01,1.130e-01,3.674e-01,6.965e-02,1.919e-01
MGI:1921298,VSIR,30085,negative regulation of tumor necrosis factor production,GO:0032720,biological process,19,4.0,1.731e-01,1.855e-01,9.582e-02,6.214e-01,8.963e-02,8.834e-02,3.393e-01,9.529e-02,3.613e-01,2.412e-02,3.806e-01
MGI:1921298,VSIR,30085,"negative regulation of CD8-positive, alpha-beta T cell proliferation",GO:2000565,biological process,19,4.0,1.753e-01,1.898e-01,1.230e-01,5.953e-01,4.802e-02,1.137e-01,2.705e-01,1.140e-01,3.158e-01,6.274e-02,2.413e-01
MGI:1921298,VSIR,30085,negative regulation of interleukin-10 production,GO:0032693,biological process,19,3.0,1.785e-01,2.038e-01,1.228e-01,5.957e-01,4.798e-02,1.185e-01,2.688e-01,1.130e-01,3.674e-01,6.294e-02,2.397e-01
MGI:1921298,VSIR,30085,negative regulation of interleukin-17 production,GO:0032700,biological process,19,4.0,1.802e-01,2.038e-01,1.239e-01,5.933e-01,5.040e-02,1.185e-01,2.741e-01,1.130e-01,3.674e-01,6.053e-02,2.535e-01
MGI:1921298,VSIR,30085,plasma membrane,GO:0005886,cellular component,19,93.0,1.890e-01,2.038e-01,1.388e-01,5.764e-01,4.330e-02,1.278e-01,2.796e-01,1.130e-01,3.674e-01,7.596e-02,2.537e-01
MGI:1921298,VSIR,30085,"negative regulation of CD4-positive, alpha-beta T cell proliferation",GO:2000562,biological process,19,4.0,1.912e-01,1.947e-01,1.422e-01,5.712e-01,4.860e-02,1.221e-01,2.995e-01,1.130e-01,3.354e-01,7.470e-02,2.705e-01
MGI:1921298,VSIR,30085,protein binding,GO:0005515,molecular function,19,373.0,2.029e-01,2.038e-01,1.558e-01,5.563e-01,4.354e-02,1.366e-01,3.016e-01,1.130e-01,3.674e-01,8.467e-02,2.869e-01
MGI:1921298,VSIR,30085,negative regulation of type II interferon production,GO:0032689,biological process,19,4.0,2.059e-01,2.060e-01,1.599e-01,5.527e-01,3.998e-02,1.429e-01,2.966e-01,1.125e-01,3.772e-01,9.520e-02,2.686e-01
MGI:1921298,VSIR,30085,positive regulation of cell migration,GO:0030335,biological process,19,36.0,2.102e-01,2.139e-01,1.412e-01,5.560e-01,8.920e-02,1.005e-01,4.395e-01,9.579e-02,4.775e-01,3.788e-02,5.268e-01
MGI:1921298,VSIR,30085,zymogen activation,GO:0031638,biological process,19,7.0,2.182e-01,2.330e-01,1.587e-01,5.372e-01,8.790e-02,1.007e-01,4.727e-01,1.049e-01,5.176e-01,5.178e-02,4.865e-01
MGI:1921298,VSIR,30085,positive regulation of gene expression,GO:0010628,biological process,19,28.0,2.447e-01,2.476e-01,1.821e-01,5.022e-01,1.062e-01,9.871e-02,6.068e-01,1.004e-01,6.105e-01,5.058e-02,6.555e-01
MGI:3043305,NEURL2,16156,ubiquitin protein ligase activity,GO:0061630,molecular function,1,7.0,2.269e-01,1.734e-01,1.734e-01,5.303e-01,6.490e-02,1.272e-01,4.048e-01,7.094e-02,4.240e-01,7.094e-02,4.240e-01
MGI:88476,CP,2295,lysosomal membrane,GO:0005765,cellular component,16,15.0,1.025e-01,2.413e-02,1.075e-02,8.986e-01,2.057e-02,9.761e-02,1.076e-01,2.144e-02,2.716e-02,5.603e-03,2.061e-02
MGI:88476,CP,2295,protein-folding chaperone binding,GO:0051087,molecular function,16,4.0,1.025e-01,2.413e-02,1.180e-02,8.976e-01,1.156e-02,9.761e-02,1.076e-01,2.144e-02,2.716e-02,7.871e-03,1.769e-02
MGI:88476,CP,2295,extracellular exosome,GO:0070062,cellular component,16,88.0,1.025e-01,2.413e-02,1.253e-02,8.964e-01,3.560e-03,9.761e-02,1.076e-01,2.144e-02,2.716e-02,1.122e-02,1.400e-02
MGI:88476,CP,2295,plasma membrane,GO:0005886,cellular component,16,93.0,1.025e-01,2.413e-02,1.233e-02,8.962e-01,8.273e-03,9.761e-02,1.076e-01,2.144e-02,2.716e-02,9.343e-03,1.627e-02
MGI:88476,CP,2295,extracellular space,GO:0005615,cellular component,16,55.0,1.025e-01,2.413e-02,1.727e-02,8.633e-01,1.476e-02,9.761e-02,1.076e-01,2.144e-02,2.716e-02,1.219e-02,2.446e-02
MGI:88476,CP,2295,blood microparticle,GO:0072562,cellular component,16,6.0,1.025e-01,2.484e-02,1.673e-02,8.698e-01,2.652e-03,9.761e-02,1.076e-01,2.315e-02,2.666e-02,1.573e-02,1.779e-02
MGI:88476,CP,2295,iron ion transport,GO:0006826,biological process,16,8.0,1.605e-01,6.927e-02,6.154e-02,6.754e-01,1.171e-01,6.880e-02,3.742e-01,1.361e-02,3.526e-01,1.069e-02,3.541e-01
MGI:88476,CP,2295,oxidoreductase activity,GO:0016491,molecular function,16,81.0,2.114e-01,1.543e-01,1.476e-01,5.569e-01,7.011e-02,1.207e-01,3.702e-01,5.342e-02,4.458e-01,5.287e-02,4.121e-01
MGI:1916579,CFAP206,21405,sperm axoneme assembly,GO:0007288,biological process,6,5.0,1.924e-01,4.005e-01,1.350e-01,5.731e-01,6.982e-02,1.039e-01,3.562e-01,1.734e-01,9.252e-01,5.099e-02,3.571e-01
MGI:1916579,CFAP206,21405,regulation of cilium beat frequency,GO:0003356,biological process,6,3.0,1.984e-01,4.005e-01,1.184e-01,5.842e-01,9.562e-02,9.521e-02,4.134e-01,1.734e-01,9.252e-01,2.792e-02,5.023e-01
MGI:1916579,CFAP206,21405,regulation of flagellated sperm motility,GO:1901317,biological process,6,5.0,2.780e-01,4.338e-01,2.332e-01,4.716e-01,6.977e-02,1.496e-01,5.166e-01,2.196e-01,8.571e-01,1.027e-01,5.297e-01
MGI:1916579,CFAP206,21405,ciliary basal body,GO:0036064,cellular component,6,13.0,4.157e-01,4.721e-01,3.824e-01,3.520e-01,8.091e-02,2.092e-01,8.264e-01,2.506e-01,8.891e-01,1.691e-01,8.647e-01
MGI:1916579,CFAP206,21405,axoneme,GO:0005930,cellular component,6,4.0,4.942e-01,5.017e-01,4.721e-01,2.953e-01,7.609e-02,2.748e-01,8.887e-01,2.931e-01,8.587e-01,2.454e-01,9.083e-01
MGI:1916579,CFAP206,21405,protein binding,GO:0005515,molecular function,6,373.0,4.995e-01,5.446e-01,4.857e-01,3.062e-01,2.903e-02,3.980e-01,6.270e-01,3.801e-01,7.803e-01,3.818e-01,6.178e-01
MGI:95487,FBLN1,3600,fibronectin binding,GO:0001968,molecular function,26,4.0,1.025e-01,6.250e-02,4.775e-03,9.320e-01,2.006e-02,9.761e-02,1.076e-01,3.468e-02,1.126e-01,1.441e-03,1.582e-02
MGI:95487,FBLN1,3600,negative regulation of stem cell proliferation,GO:2000647,biological process,26,5.0,1.025e-01,7.440e-02,1.720e-02,8.608e-01,2.695e-02,9.761e-02,1.076e-01,5.296e-02,1.045e-01,9.753e-03,3.034e-02
MGI:95487,FBLN1,3600,collagen-containing extracellular matrix,GO:0062023,cellular component,26,32.0,1.025e-01,7.591e-02,1.931e-02,8.442e-01,3.056e-02,9.760e-02,1.077e-01,5.494e-02,1.049e-01,9.594e-03,3.886e-02
MGI:95487,FBLN1,3600,extracellular matrix,GO:0031012,cellular component,26,14.0,1.029e-01,7.553e-02,2.015e-02,8.366e-01,3.455e-02,9.723e-02,1.090e-01,5.451e-02,1.047e-01,8.924e-03,4.550e-02
MGI:95487,FBLN1,3600,negative regulation of cell motility,GO:2000146,biological process,26,8.0,1.061e-01,7.736e-02,3.518e-02,7.769e-01,1.821e-02,9.448e-02,1.191e-01,5.720e-02,1.046e-01,2.500e-02,4.949e-02
MGI:95487,FBLN1,3600,negative regulation of ERK1 and ERK2 cascade,GO:0070373,biological process,26,3.0,1.121e-01,7.412e-02,1.910e-02,8.342e-01,6.515e-02,8.958e-02,1.404e-01,5.257e-02,1.045e-01,4.869e-03,7.490e-02
MGI:95487,FBLN1,3600,protein-containing complex binding,GO:0044877,molecular function,26,74.0,1.135e-01,7.905e-02,4.192e-02,7.533e-01,3.471e-02,9.170e-02,1.405e-01,5.966e-02,1.047e-01,2.225e-02,7.898e-02
MGI:95487,FBLN1,3600,extracellular matrix structural constituent,GO:0005201,molecular function,26,10.0,1.139e-01,7.905e-02,4.331e-02,7.490e-01,3.267e-02,9.232e-02,1.406e-01,5.966e-02,1.047e-01,2.383e-02,7.871e-02
MGI:95487,FBLN1,3600,extracellular region,GO:0005576,cellular component,26,22.0,1.162e-01,8.427e-02,4.549e-02,7.428e-01,3.699e-02,9.318e-02,1.448e-01,6.439e-02,1.103e-01,2.322e-02,8.913e-02
MGI:95487,FBLN1,3600,fibrinogen binding,GO:0070051,molecular function,26,3.0,1.162e-01,9.483e-02,3.514e-02,7.707e-01,5.631e-02,9.830e-02,1.373e-01,7.003e-02,1.284e-01,1.162e-02,1.063e-01
MGI:95487,FBLN1,3600,negative regulation of cell adhesion,GO:0007162,biological process,26,11.0,1.193e-01,9.110e-02,4.409e-02,7.464e-01,4.649e-02,9.992e-02,1.424e-01,6.595e-02,1.258e-01,1.865e-02,1.042e-01
MGI:95487,FBLN1,3600,elastic fiber,GO:0071953,cellular component,26,2.0,1.201e-01,8.157e-02,3.600e-02,7.677e-01,6.714e-02,8.385e-02,1.720e-01,5.124e-02,1.299e-01,1.074e-02,1.206e-01
MGI:95487,FBLN1,3600,extracellular space,GO:0005615,cellular component,26,55.0,1.244e-01,9.545e-02,6.012e-02,7.050e-01,2.943e-02,1.004e-01,1.540e-01,6.990e-02,1.303e-01,3.576e-02,1.011e-01
MGI:95487,FBLN1,3600,negative regulation of substrate adhesion-dependent cell spreading,GO:1900025,biological process,26,3.0,1.279e-01,1.004e-01,6.886e-02,6.884e-01,1.075e-02,1.125e-01,1.455e-01,8.782e-02,1.148e-01,5.713e-02,8.300e-02
MGI:95487,FBLN1,3600,identical protein binding,GO:0042802,molecular function,26,28.0,1.300e-01,1.039e-01,6.915e-02,6.873e-01,1.975e-02,1.171e-01,1.442e-01,9.065e-02,1.191e-01,4.897e-02,9.765e-02
MGI:95487,FBLN1,3600,integrin binding,GO:0005178,molecular function,26,16.0,1.305e-01,1.063e-01,6.666e-02,6.901e-01,3.532e-02,1.061e-01,1.604e-01,8.925e-02,1.266e-01,3.575e-02,1.243e-01
MGI:95487,FBLN1,3600,calcium ion binding,GO:0005509,molecular function,26,12.0,1.316e-01,9.420e-02,7.194e-02,6.817e-01,2.096e-02,1.108e-01,1.564e-01,8.415e-02,1.054e-01,4.994e-02,1.036e-01
MGI:95487,FBLN1,3600,negative regulation of protein phosphorylation,GO:0001933,biological process,26,13.0,1.392e-01,9.927e-02,7.391e-02,6.723e-01,5.271e-02,9.487e-02,2.043e-01,6.049e-02,1.629e-01,3.038e-02,1.798e-01
MGI:95487,FBLN1,3600,extracellular exosome,GO:0070062,cellular component,26,88.0,1.406e-01,1.072e-01,8.251e-02,6.617e-01,2.096e-02,1.203e-01,1.642e-01,8.866e-02,1.297e-01,5.868e-02,1.160e-01
MGI:95487,FBLN1,3600,protein binding,GO:0005515,molecular function,26,373.0,1.641e-01,1.177e-01,1.118e-01,6.157e-01,2.093e-02,1.391e-01,1.936e-01,9.148e-02,1.514e-01,8.204e-02,1.524e-01
MGI:95487,FBLN1,3600,"blood coagulation, fibrin clot formation",GO:0072378,biological process,26,2.0,1.726e-01,1.274e-01,1.229e-01,5.999e-01,2.644e-02,1.349e-01,2.207e-01,8.916e-02,1.819e-01,8.326e-02,1.813e-01
MGI:1926022,HHIPL2,25842,protein binding,GO:0005515,molecular function,1,373.0,1.941e-01,1.507e-01,1.507e-01,5.671e-01,1.099e-02,1.736e-01,2.169e-01,1.291e-01,1.760e-01,1.291e-01,1.760e-01
MGI:1922014,KLC4,21624,kinesin binding,GO:0019894,molecular function,5,2.0,1.466e-01,1.953e-01,7.833e-02,6.571e-01,7.340e-02,7.999e-02,2.688e-01,8.292e-02,4.602e-01,2.543e-02,2.413e-01
MGI:1922014,KLC4,21624,microtubule-based movement,GO:0007018,biological process,5,10.0,1.629e-01,1.986e-01,1.025e-01,6.196e-01,6.484e-02,9.182e-02,2.891e-01,8.526e-02,4.626e-01,4.031e-02,2.605e-01
MGI:1922014,KLC4,21624,protein binding,GO:0005515,molecular function,5,373.0,2.664e-01,2.442e-01,2.281e-01,4.831e-01,5.083e-02,1.683e-01,4.215e-01,1.289e-01,4.628e-01,1.290e-01,4.032e-01
MGI:1922014,KLC4,21624,cytoplasm,GO:0005737,cellular component,5,99.0,2.818e-01,2.442e-01,2.428e-01,4.673e-01,5.994e-02,1.658e-01,4.788e-01,1.289e-01,4.628e-01,1.272e-01,4.636e-01
MGI:2444031,ALG6,23157,"dolichyl pyrophosphate Man9GlcNAc2 alpha-1,3-glucosyltransferase activity",GO:0042281,molecular function,7,2.0,1.025e-01,1.360e-02,2.401e-03,9.548e-01,1.113e-02,9.761e-02,1.076e-01,4.054e-03,4.562e-02,6.556e-04,8.795e-03
MGI:2444031,ALG6,23157,endoplasmic reticulum membrane,GO:0005789,cellular component,7,17.0,1.025e-01,2.072e-02,9.850e-03,8.911e-01,3.664e-02,9.761e-02,1.076e-01,1.159e-02,3.702e-02,3.222e-03,3.012e-02
MGI:2444031,ALG6,23157,oligosaccharide-lipid intermediate biosynthetic process,GO:0006490,biological process,7,4.0,1.030e-01,3.389e-02,2.198e-02,8.341e-01,2.761e-02,9.845e-02,1.079e-01,1.961e-02,5.856e-02,1.272e-02,3.801e-02
MGI:2444031,ALG6,23157,glucosyltransferase activity,GO:0046527,molecular function,7,29.0,1.034e-01,4.203e-02,2.653e-02,8.130e-01,2.126e-02,9.918e-02,1.078e-01,3.332e-02,5.301e-02,1.787e-02,3.938e-02
MGI:2444031,ALG6,23157,protein N-linked glycosylation,GO:0006487,biological process,7,6.0,1.059e-01,3.469e-02,2.625e-02,8.109e-01,3.809e-02,9.947e-02,1.128e-01,1.931e-02,6.232e-02,1.225e-02,5.627e-02
MGI:2444031,ALG6,23157,membrane,GO:0016020,cellular component,7,60.0,1.218e-01,5.873e-02,5.873e-02,7.093e-01,2.275e-02,1.002e-01,1.480e-01,3.908e-02,8.826e-02,3.908e-02,8.826e-02
MGI:3652174,CDK2AP1,14002,regulation of transcription by RNA polymerase II,GO:0006357,biological process,12,27.0,1.298e-01,2.283e-01,6.717e-02,6.878e-01,4.039e-02,9.382e-02,1.797e-01,1.297e-01,4.018e-01,3.395e-02,1.329e-01
MGI:3652174,CDK2AP1,14002,chromatin,GO:0000785,cellular component,12,7.0,1.468e-01,2.320e-01,6.594e-02,6.839e-01,7.675e-02,9.716e-02,2.218e-01,1.320e-01,4.079e-01,1.723e-02,2.523e-01
MGI:3652174,CDK2AP1,14002,DNA polymerase binding,GO:0070182,molecular function,12,2.0,1.521e-01,2.283e-01,8.217e-02,6.481e-01,7.847e-02,7.944e-02,2.914e-01,1.297e-01,4.018e-01,2.513e-02,2.686e-01
MGI:3652174,CDK2AP1,14002,positive regulation of protein phosphorylation,GO:0001934,biological process,12,18.0,1.818e-01,2.345e-01,1.133e-01,5.903e-01,9.763e-02,7.737e-02,4.274e-01,1.270e-01,4.329e-01,3.109e-02,4.129e-01
MGI:3652174,CDK2AP1,14002,nucleus,GO:0005634,cellular component,12,87.0,1.879e-01,2.320e-01,1.407e-01,5.753e-01,3.836e-02,1.312e-01,2.692e-01,1.320e-01,4.079e-01,8.369e-02,2.364e-01
MGI:3652174,CDK2AP1,14002,nucleoplasm,GO:0005654,cellular component,12,49.0,2.057e-01,2.320e-01,1.614e-01,5.509e-01,4.060e-02,1.404e-01,3.012e-01,1.320e-01,4.079e-01,9.421e-02,2.766e-01
MGI:3652174,CDK2AP1,14002,cytosol,GO:0005829,cellular component,12,76.0,2.186e-01,2.339e-01,1.769e-01,5.350e-01,3.789e-02,1.534e-01,3.115e-01,1.348e-01,4.056e-01,1.087e-01,2.878e-01
MGI:3652174,CDK2AP1,14002,NuRD complex,GO:0016581,cellular component,12,5.0,2.192e-01,2.479e-01,1.729e-01,5.356e-01,5.132e-02,1.375e-01,3.495e-01,1.391e-01,4.419e-01,8.585e-02,3.483e-01
MGI:3652174,CDK2AP1,14002,perinuclear region of cytoplasm,GO:0048471,cellular component,12,12.0,2.334e-01,2.479e-01,1.883e-01,5.190e-01,5.426e-02,1.419e-01,3.840e-01,1.391e-01,4.419e-01,9.048e-02,3.918e-01
MGI:3652174,CDK2AP1,14002,protein binding,GO:0005515,molecular function,12,373.0,2.402e-01,2.478e-01,2.008e-01,5.110e-01,3.841e-02,1.683e-01,3.430e-01,1.530e-01,4.014e-01,1.266e-01,3.187e-01
MGI:3652174,CDK2AP1,14002,cytoplasm,GO:0005737,cellular component,12,99.0,2.584e-01,2.514e-01,2.206e-01,4.912e-01,4.430e-02,1.718e-01,3.886e-01,1.514e-01,4.173e-01,1.316e-01,3.698e-01
MGI:105933,RAB3IP,16508,guanyl-nucleotide exchange factor activity,GO:0005085,molecular function,12,10.0,1.025e-01,4.031e-02,1.781e-02,8.600e-01,1.888e-02,9.761e-02,1.076e-01,2.613e-02,6.219e-02,1.198e-02,2.646e-02
MGI:105933,RAB3IP,16508,protein binding,GO:0005515,molecular function,12,373.0,1.026e-01,4.177e-02,2.999e-02,7.972e-01,6.366e-03,9.754e-02,1.079e-01,2.895e-02,6.028e-02,2.676e-02,3.361e-02
MGI:105933,RAB3IP,16508,Golgi to plasma membrane transport vesicle,GO:0070319,cellular component,12,2.0,1.029e-01,4.031e-02,2.727e-02,8.092e-01,1.835e-02,9.823e-02,1.078e-01,2.613e-02,6.219e-02,1.937e-02,3.839e-02
MGI:105933,RAB3IP,16508,exocytosis,GO:0006887,biological process,12,8.0,1.040e-01,4.031e-02,2.437e-02,8.223e-01,2.848e-02,9.936e-02,1.088e-01,2.613e-02,6.219e-02,1.402e-02,4.235e-02
MGI:105933,RAB3IP,16508,cytosol,GO:0005829,cellular component,12,76.0,1.049e-01,4.031e-02,3.094e-02,7.933e-01,2.104e-02,9.553e-02,1.151e-01,2.613e-02,6.219e-02,2.088e-02,4.585e-02
MGI:105933,RAB3IP,16508,protein targeting to membrane,GO:0006612,biological process,12,6.0,1.080e-01,4.100e-02,2.990e-02,7.976e-01,3.534e-02,9.838e-02,1.185e-01,2.593e-02,6.484e-02,1.548e-02,5.777e-02
MGI:105933,RAB3IP,16508,nucleus,GO:0005634,cellular component,12,87.0,1.080e-01,4.095e-02,3.296e-02,7.844e-01,3.502e-02,9.954e-02,1.172e-01,2.595e-02,6.461e-02,1.693e-02,6.419e-02
MGI:2687194,S100A7L2,21655,calcium-dependent protein binding,GO:0048306,molecular function,5,3.0,1.025e-01,3.489e-02,1.081e-02,8.864e-01,3.083e-02,9.761e-02,1.076e-01,1.799e-02,6.768e-02,3.518e-03,3.323e-02
MGI:2687194,S100A7L2,21655,calcium ion binding,GO:0005509,molecular function,5,12.0,1.025e-01,4.829e-02,1.950e-02,8.517e-01,9.186e-03,9.761e-02,1.076e-01,4.038e-02,5.776e-02,1.625e-02,2.341e-02
MGI:2687194,S100A7L2,21655,extracellular space,GO:0005615,cellular component,5,55.0,1.063e-01,4.947e-02,3.611e-02,7.732e-01,1.607e-02,9.870e-02,1.145e-01,4.112e-02,5.952e-02,2.680e-02,4.866e-02
MGI:2687194,S100A7L2,21655,protein binding,GO:0005515,molecular function,5,373.0,1.066e-01,4.947e-02,3.993e-02,7.600e-01,6.566e-03,1.036e-01,1.096e-01,4.112e-02,5.952e-02,3.517e-02,4.534e-02
MGI:2687194,S100A7L2,21655,cytoplasm,GO:0005737,cellular component,5,99.0,1.149e-01,5.129e-02,5.129e-02,7.277e-01,1.307e-02,1.058e-01,1.249e-01,4.033e-02,6.524e-02,4.033e-02,6.524e-02
MGI:2673874,P2RY6,8543,positive regulation of vascular associated smooth muscle cell proliferation,GO:1904707,biological process,13,3.0,1.483e-01,2.374e-01,8.107e-02,6.588e-01,5.222e-02,1.083e-01,2.030e-01,1.002e-01,5.629e-01,3.312e-02,1.984e-01
MGI:2673874,P2RY6,8543,positive regulation of inositol trisphosphate biosynthetic process,GO:0032962,biological process,13,3.0,1.862e-01,2.556e-01,1.128e-01,5.918e-01,9.540e-02,8.352e-02,4.152e-01,1.245e-01,5.247e-01,3.053e-02,4.167e-01
MGI:2673874,P2RY6,8543,G protein-coupled ADP receptor activity,GO:0001621,molecular function,13,2.0,1.979e-01,2.374e-01,1.263e-01,5.779e-01,8.391e-02,1.031e-01,3.800e-01,1.002e-01,5.629e-01,3.649e-02,4.374e-01
MGI:2673874,P2RY6,8543,positive regulation of ERK1 and ERK2 cascade,GO:0070374,biological process,13,12.0,2.057e-01,2.556e-01,1.516e-01,5.567e-01,6.131e-02,1.209e-01,3.501e-01,1.245e-01,5.247e-01,6.890e-02,3.334e-01
MGI:2673874,P2RY6,8543,cellular response to pyrimidine ribonucleotide,GO:1905835,biological process,13,5.0,2.071e-01,2.386e-01,1.322e-01,5.699e-01,8.385e-02,1.095e-01,3.917e-01,1.002e-01,5.679e-01,3.664e-02,4.769e-01
MGI:2673874,P2RY6,8543,G protein-coupled UTP receptor activity,GO:0045030,molecular function,13,2.0,2.326e-01,2.374e-01,1.667e-01,5.308e-01,8.048e-02,1.207e-01,4.484e-01,1.002e-01,5.629e-01,5.398e-02,5.150e-01
MGI:2673874,P2RY6,8543,G protein-coupled UDP receptor activity,GO:0045029,molecular function,13,2.0,2.349e-01,2.374e-01,1.651e-01,5.302e-01,8.565e-02,1.180e-01,4.677e-01,1.002e-01,5.629e-01,4.937e-02,5.522e-01
MGI:2673874,P2RY6,8543,plasma membrane,GO:0005886,cellular component,13,93.0,2.448e-01,2.787e-01,2.033e-01,5.072e-01,4.513e-02,1.643e-01,3.645e-01,1.606e-01,4.836e-01,1.189e-01,3.476e-01
MGI:2673874,P2RY6,8543,cellular response to purine-containing compound,GO:0071415,biological process,13,7.0,2.514e-01,2.476e-01,1.791e-01,5.120e-01,9.169e-02,1.197e-01,5.279e-01,1.006e-01,6.096e-01,4.945e-02,6.486e-01
MGI:2673874,P2RY6,8543,protein binding,GO:0005515,molecular function,13,373.0,2.588e-01,2.787e-01,2.187e-01,4.924e-01,4.663e-02,1.718e-01,3.899e-01,1.606e-01,4.836e-01,1.270e-01,3.765e-01
MGI:2673874,P2RY6,8543,G protein-coupled receptor signaling pathway,GO:0007186,biological process,13,48.0,4.059e-01,4.106e-01,3.865e-01,3.710e-01,1.670e-02,3.502e-01,4.705e-01,3.922e-01,4.299e-01,3.295e-01,4.532e-01
MGI:1917016,PIK3IP1,24942,signaling receptor binding,GO:0005102,molecular function,6,66.0,1.388e-01,8.920e-02,3.760e-02,7.512e-01,1.021e-01,7.805e-02,2.468e-01,1.697e-02,4.689e-01,6.782e-03,2.085e-01
MGI:1917016,PIK3IP1,24942,endopeptidase activity,GO:0004175,molecular function,6,12.0,1.672e-01,8.920e-02,2.823e-02,7.337e-01,1.572e-01,6.530e-02,4.283e-01,1.697e-02,4.689e-01,1.961e-03,4.064e-01
MGI:1917016,PIK3IP1,24942,phosphatidylinositol 3-kinase inhibitor activity,GO:0141039,molecular function,6,2.0,1.739e-01,9.631e-02,5.466e-02,6.723e-01,1.486e-01,6.290e-02,4.808e-01,1.935e-02,4.795e-01,6.147e-03,4.860e-01
MGI:1917016,PIK3IP1,24942,negative regulation of phosphatidylinositol 3-kinase/protein kinase B signal transduction,GO:0051898,biological process,6,4.0,1.927e-01,1.617e-01,1.234e-01,5.804e-01,8.881e-02,9.247e-02,4.015e-01,5.267e-02,4.964e-01,3.683e-02,4.134e-01
MGI:1917016,PIK3IP1,24942,extracellular space,GO:0005615,cellular component,6,55.0,1.956e-01,1.877e-01,1.445e-01,5.682e-01,4.971e-02,1.256e-01,3.045e-01,7.439e-02,4.734e-01,7.515e-02,2.778e-01
MGI:1917016,PIK3IP1,24942,protein binding,GO:0005515,molecular function,6,373.0,2.229e-01,2.198e-01,1.761e-01,5.359e-01,3.639e-02,1.648e-01,3.015e-01,9.419e-02,5.127e-01,1.077e-01,2.877e-01
MGI:2145349,CDK20,21420,protein phosphorylation,GO:0006468,biological process,6,21.0,1.042e-01,1.191e-01,3.205e-02,7.883e-01,1.794e-02,9.743e-02,1.115e-01,1.100e-01,1.289e-01,2.300e-02,4.468e-02
MGI:2145349,CDK20,21420,protein binding,GO:0005515,molecular function,6,373.0,1.374e-01,1.191e-01,7.890e-02,6.686e-01,1.881e-02,1.169e-01,1.615e-01,1.100e-01,1.289e-01,5.782e-02,1.077e-01
MGI:2145349,CDK20,21420,nucleus,GO:0005634,cellular component,6,87.0,1.449e-01,1.191e-01,8.961e-02,6.509e-01,6.922e-03,1.330e-01,1.578e-01,1.100e-01,1.289e-01,8.021e-02,1.001e-01
MGI:2145349,CDK20,21420,nucleoplasm,GO:0005654,cellular component,6,49.0,1.461e-01,1.191e-01,9.088e-02,6.483e-01,1.457e-02,1.260e-01,1.694e-01,1.100e-01,1.289e-01,7.209e-02,1.146e-01
MGI:2145349,CDK20,21420,protein serine/threonine kinase activity,GO:0004674,molecular function,6,43.0,2.174e-01,1.674e-01,1.674e-01,5.423e-01,4.924e-02,1.397e-01,3.382e-01,9.014e-02,3.109e-01,9.014e-02,3.109e-01
MGI:109271,ZHX1,12871,DNA-binding transcription factor activity,GO:0003700,molecular function,10,10.0,1.025e-01,2.716e-02,5.109e-03,9.310e-01,1.569e-02,9.761e-02,1.076e-01,1.224e-02,6.027e-02,1.380e-03,1.892e-02
MGI:109271,ZHX1,12871,"DNA-binding transcription factor activity, RNA polymerase II-specific",GO:0000981,molecular function,10,20.0,1.025e-01,4.353e-02,1.533e-02,8.789e-01,3.832e-03,9.761e-02,1.076e-01,3.728e-02,5.082e-02,1.403e-02,1.676e-02
MGI:109271,ZHX1,12871,negative regulation of transcription by RNA polymerase II,GO:0000122,biological process,10,16.0,1.025e-01,4.353e-02,1.447e-02,8.785e-01,1.877e-02,9.761e-02,1.076e-01,3.728e-02,5.082e-02,8.912e-03,2.350e-02
MGI:109271,ZHX1,12871,protein heterodimerization activity,GO:0046982,molecular function,10,4.0,1.025e-01,4.464e-02,2.275e-02,8.328e-01,1.196e-02,9.761e-02,1.076e-01,3.788e-02,5.259e-02,1.816e-02,2.850e-02
MGI:109271,ZHX1,12871,regulation of transcription by RNA polymerase II,GO:0006357,biological process,10,27.0,1.026e-01,4.463e-02,2.261e-02,8.331e-01,1.854e-02,9.776e-02,1.076e-01,3.788e-02,5.258e-02,1.592e-02,3.211e-02
MGI:109271,ZHX1,12871,negative regulation of DNA-templated transcription,GO:0045892,biological process,10,24.0,1.037e-01,4.992e-02,3.476e-02,7.777e-01,3.385e-03,9.976e-02,1.077e-01,4.537e-02,5.492e-02,3.270e-02,3.694e-02
MGI:109271,ZHX1,12871,nucleus,GO:0005634,cellular component,10,87.0,1.094e-01,5.376e-02,4.372e-02,7.484e-01,1.100e-02,1.046e-01,1.143e-01,4.227e-02,6.838e-02,3.552e-02,5.380e-02
MGI:109271,ZHX1,12871,nucleoplasm,GO:0005654,cellular component,10,49.0,1.163e-01,5.639e-02,5.255e-02,7.243e-01,1.547e-02,1.039e-01,1.302e-01,4.543e-02,6.999e-02,3.956e-02,6.981e-02
MGI:109271,ZHX1,12871,protein binding,GO:0005515,molecular function,10,373.0,1.198e-01,5.982e-02,5.752e-02,7.130e-01,1.116e-02,1.131e-01,1.268e-01,5.199e-02,6.883e-02,4.727e-02,6.999e-02
MGI:1924116,MORN1,25852,,,,0,nan,,,,,,,,,,,
MGI:1353451,ALDH3A1,405,benzaldehyde dehydrogenase (NAD+) activity,GO:0018479,molecular function,23,4.0,1.025e-01,4.024e-02,7.833e-03,9.174e-01,1.472e-02,9.761e-02,1.076e-01,2.875e-02,5.633e-02,3.360e-03,1.826e-02
MGI:1353451,ALDH3A1,405,aldehyde dehydrogenase (NAD+) activity,GO:0004029,molecular function,23,24.0,1.025e-01,4.024e-02,1.021e-02,9.066e-01,1.357e-02,9.761e-02,1.076e-01,2.875e-02,5.633e-02,6.529e-03,1.597e-02
MGI:1353451,ALDH3A1,405,3-chloroallyl aldehyde dehydrogenase activity,GO:0004028,molecular function,23,3.0,1.025e-01,4.138e-02,1.708e-02,8.646e-01,1.564e-02,9.761e-02,1.076e-01,3.087e-02,5.547e-02,1.187e-02,2.457e-02
MGI:1353451,ALDH3A1,405,endoplasmic reticulum,GO:0005783,cellular component,23,24.0,1.025e-01,4.534e-02,2.859e-02,8.036e-01,7.370e-03,9.761e-02,1.076e-01,3.723e-02,5.521e-02,2.500e-02,3.269e-02
MGI:1353451,ALDH3A1,405,cellular aldehyde metabolic process,GO:0006081,biological process,23,22.0,1.025e-01,4.534e-02,2.879e-02,8.025e-01,4.538e-03,9.761e-02,1.076e-01,3.723e-02,5.521e-02,2.645e-02,3.134e-02
MGI:1353451,ALDH3A1,405,alcohol dehydrogenase (NADP+) activity,GO:0008106,molecular function,23,6.0,1.031e-01,4.024e-02,2.066e-02,8.315e-01,3.738e-02,9.876e-02,1.077e-01,2.875e-02,5.633e-02,8.393e-03,5.084e-02
MGI:1353451,ALDH3A1,405,plasma membrane,GO:0005886,cellular component,23,93.0,1.070e-01,4.997e-02,3.830e-02,7.655e-01,1.737e-02,9.965e-02,1.148e-01,3.407e-02,7.329e-02,2.769e-02,5.298e-02
MGI:1353451,ALDH3A1,405,cytosol,GO:0005829,cellular component,23,76.0,1.082e-01,4.997e-02,4.123e-02,7.561e-01,1.515e-02,9.982e-02,1.172e-01,3.407e-02,7.329e-02,3.105e-02,5.475e-02
MGI:1353451,ALDH3A1,405,protein binding,GO:0005515,molecular function,23,373.0,1.098e-01,4.997e-02,4.043e-02,7.584e-01,2.491e-02,9.845e-02,1.224e-01,3.407e-02,7.329e-02,2.552e-02,6.405e-02
MGI:1353451,ALDH3A1,405,cytoplasm,GO:0005737,cellular component,23,99.0,1.104e-01,4.997e-02,4.199e-02,7.529e-01,2.482e-02,9.743e-02,1.251e-01,3.407e-02,7.329e-02,2.662e-02,6.622e-02
MGI:1353451,ALDH3A1,405,extracellular space,GO:0005615,cellular component,23,55.0,1.308e-01,6.943e-02,6.943e-02,6.856e-01,2.656e-02,1.061e-01,1.612e-01,4.418e-02,1.091e-01,4.418e-02,1.091e-01
MGI:1347344,GLA,4296,glycosphingolipid catabolic process,GO:0046479,biological process,16,6.0,1.025e-01,1.453e-01,1.158e-02,8.981e-01,1.275e-02,9.761e-02,1.076e-01,9.441e-02,2.235e-01,7.248e-03,1.849e-02
MGI:1347344,GLA,4296,protein homodimerization activity,GO:0042803,molecular function,16,14.0,1.401e-01,1.960e-01,8.234e-02,6.621e-01,1.950e-02,1.212e-01,1.621e-01,1.630e-01,2.357e-01,5.981e-02,1.134e-01
MGI:1347344,GLA,4296,oligosaccharide metabolic process,GO:0009311,biological process,16,18.0,1.427e-01,1.960e-01,8.303e-02,6.570e-01,4.459e-02,9.853e-02,2.067e-01,1.630e-01,2.357e-01,4.046e-02,1.704e-01
MGI:1347344,GLA,4296,signaling receptor binding,GO:0005102,molecular function,16,66.0,1.551e-01,2.163e-01,8.006e-02,6.549e-01,7.371e-02,9.383e-02,2.564e-01,1.801e-01,2.598e-01,2.461e-02,2.605e-01
MGI:1347344,GLA,4296,extracellular exosome,GO:0070062,cellular component,16,88.0,1.628e-01,1.960e-01,1.090e-01,6.195e-01,2.135e-02,1.377e-01,1.925e-01,1.630e-01,2.357e-01,7.936e-02,1.496e-01
MGI:1347344,GLA,4296,Golgi apparatus,GO:0005794,cellular component,16,20.0,1.653e-01,1.960e-01,1.096e-01,6.176e-01,2.984e-02,1.328e-01,2.056e-01,1.630e-01,2.357e-01,6.958e-02,1.727e-01
MGI:1347344,GLA,4296,glycoside catabolic process,GO:0016139,biological process,16,12.0,1.714e-01,1.960e-01,1.216e-01,6.014e-01,2.685e-02,1.336e-01,2.197e-01,1.630e-01,2.357e-01,8.123e-02,1.821e-01
MGI:1347344,GLA,4296,extracellular region,GO:0005576,cellular component,16,22.0,1.743e-01,1.960e-01,1.222e-01,5.985e-01,3.729e-02,1.259e-01,2.414e-01,1.630e-01,2.357e-01,6.895e-02,2.165e-01
MGI:1347344,GLA,4296,lysosome,GO:0005764,cellular component,16,15.0,1.752e-01,1.967e-01,1.255e-01,5.957e-01,3.154e-02,1.326e-01,2.314e-01,1.637e-01,2.362e-01,7.959e-02,1.979e-01
MGI:1347344,GLA,4296,protein binding,GO:0005515,molecular function,16,373.0,1.907e-01,1.982e-01,1.426e-01,5.756e-01,2.126e-02,1.593e-01,2.283e-01,1.614e-01,2.435e-01,1.063e-01,1.914e-01
MGI:1347344,GLA,4296,cytoplasm,GO:0005737,cellular component,16,99.0,1.965e-01,1.982e-01,1.488e-01,5.671e-01,2.964e-02,1.493e-01,2.588e-01,1.614e-01,2.435e-01,9.961e-02,2.223e-01
MGI:1347344,GLA,4296,alpha-galactosidase activity,GO:0004557,molecular function,16,4.0,2.073e-01,1.982e-01,1.619e-01,5.530e-01,2.438e-02,1.657e-01,2.594e-01,1.614e-01,2.435e-01,1.174e-01,2.233e-01
MGI:1347344,GLA,4296,catalytic activity,GO:0003824,molecular function,16,16.0,3.448e-01,3.774e-01,2.711e-01,3.903e-01,1.439e-01,1.210e-01,9.829e-01,1.589e-01,8.961e-01,6.476e-02,1.135e+00
MGI:103253,CYB561,2571,lysosomal membrane,GO:0005765,cellular component,4,15.0,1.025e-01,3.462e-02,1.511e-02,8.802e-01,3.647e-03,9.761e-02,1.076e-01,2.234e-02,5.366e-02,1.385e-02,1.648e-02
MGI:103253,CYB561,2571,protein binding,GO:0005515,molecular function,4,373.0,1.065e-01,3.656e-02,2.790e-02,8.047e-01,3.695e-02,9.409e-02,1.206e-01,2.207e-02,6.056e-02,1.367e-02,5.694e-02
MGI:103253,CYB561,2571,oxidoreductase activity,GO:0016491,molecular function,4,81.0,2.061e-01,1.382e-01,1.224e-01,5.659e-01,1.186e-01,7.934e-02,5.353e-01,3.574e-02,5.348e-01,2.648e-02,5.657e-01
MGI:2139434,MYLK2,16243,myosin light chain kinase activity,GO:0004687,molecular function,12,2.0,2.221e-01,6.032e-01,1.707e-01,5.322e-01,6.917e-02,1.193e-01,4.134e-01,3.043e-01,1.196e+00,6.937e-02,4.203e-01
MGI:2139434,MYLK2,16243,striated muscle contraction,GO:0006941,biological process,12,5.0,3.307e-01,6.032e-01,2.631e-01,4.155e-01,1.199e-01,1.190e-01,9.188e-01,3.043e-01,1.196e+00,6.324e-02,1.095e+00
MGI:2139434,MYLK2,16243,protein autophosphorylation,GO:0046777,biological process,12,12.0,3.307e-01,7.120e-01,2.984e-01,4.241e-01,5.553e-02,2.074e-01,5.274e-01,4.944e-01,1.025e+00,1.715e-01,5.191e-01
MGI:2139434,MYLK2,16243,peptidyl-threonine phosphorylation,GO:0018107,biological process,12,6.0,3.347e-01,7.120e-01,3.029e-01,4.199e-01,5.775e-02,2.025e-01,5.531e-01,4.944e-01,1.025e+00,1.636e-01,5.608e-01
MGI:2139434,MYLK2,16243,myosin light chain binding,GO:0032027,molecular function,12,5.0,3.427e-01,6.032e-01,2.658e-01,4.050e-01,1.294e-01,1.147e-01,1.024e+00,3.043e-01,1.196e+00,5.559e-02,1.271e+00
MGI:2139434,MYLK2,16243,nucleus,GO:0005634,cellular component,12,87.0,5.196e-01,7.120e-01,5.061e-01,2.944e-01,2.480e-02,4.329e-01,6.238e-01,4.944e-01,1.025e+00,4.138e-01,6.191e-01
MGI:2139434,MYLK2,16243,regulation of muscle filament sliding,GO:0032971,biological process,12,8.0,5.529e-01,7.286e-01,5.273e-01,2.384e-01,1.045e-01,2.795e-01,1.094e+00,4.895e-01,1.084e+00,2.462e-01,1.129e+00
MGI:2139434,MYLK2,16243,protein binding,GO:0005515,molecular function,12,373.0,5.602e-01,7.120e-01,5.482e-01,2.675e-01,3.178e-02,4.517e-01,6.947e-01,4.944e-01,1.025e+00,4.334e-01,6.934e-01
MGI:2139434,MYLK2,16243,cytoplasm,GO:0005737,cellular component,12,99.0,5.785e-01,7.120e-01,5.674e-01,2.553e-01,3.376e-02,4.639e-01,7.213e-01,4.944e-01,1.025e+00,4.468e-01,7.204e-01
MGI:2139434,MYLK2,16243,skeletal muscle cell differentiation,GO:0035914,biological process,12,4.0,6.095e-01,7.342e-01,5.982e-01,2.268e-01,5.803e-02,4.191e-01,8.865e-01,4.996e-01,1.079e+00,3.996e-01,8.954e-01
MGI:2139434,MYLK2,16243,cardiac muscle tissue morphogenesis,GO:0055008,biological process,12,4.0,6.712e-01,7.770e-01,6.496e-01,1.024e-01,1.392e-01,3.247e-01,1.387e+00,5.009e-01,1.205e+00,2.949e-01,1.431e+00
MGI:2139434,MYLK2,16243,positive regulation of gene expression,GO:0010628,biological process,12,28.0,8.005e-01,8.465e-01,7.956e-01,8.115e-02,7.417e-02,6.380e-01,1.004e+00,7.255e-01,9.878e-01,6.302e-01,1.004e+00
MGI:97362,NOS3,7876,flavin adenine dinucleotide binding,GO:0050660,molecular function,37,6.0,1.033e-01,1.362e-01,2.481e-02,8.193e-01,2.802e-02,9.694e-02,1.100e-01,1.034e-01,1.794e-01,1.429e-02,4.309e-02
MGI:97362,NOS3,7876,tetrahydrobiopterin binding,GO:0034617,molecular function,37,3.0,1.061e-01,1.362e-01,3.072e-02,7.934e-01,3.254e-02,1.005e-01,1.122e-01,1.034e-01,1.794e-01,1.657e-02,5.696e-02
MGI:97362,NOS3,7876,response to fluid shear stress,GO:0034405,biological process,37,6.0,1.090e-01,1.476e-01,4.130e-02,7.564e-01,1.776e-02,9.929e-02,1.197e-01,1.260e-01,1.730e-01,2.962e-02,5.757e-02
MGI:97362,NOS3,7876,actin monomer binding,GO:0003785,molecular function,37,2.0,1.099e-01,1.362e-01,3.223e-02,7.870e-01,4.176e-02,9.796e-02,1.233e-01,1.034e-01,1.794e-01,1.488e-02,6.981e-02
MGI:97362,NOS3,7876,response to lipopolysaccharide,GO:0032496,biological process,37,7.0,1.140e-01,1.362e-01,4.432e-02,7.461e-01,3.149e-02,9.250e-02,1.406e-01,1.034e-01,1.794e-01,2.496e-02,7.870e-02
MGI:97362,NOS3,7876,arginine binding,GO:0034618,molecular function,37,3.0,1.146e-01,1.362e-01,3.718e-02,7.681e-01,4.625e-02,9.441e-02,1.390e-01,1.034e-01,1.794e-01,1.608e-02,8.598e-02
MGI:97362,NOS3,7876,positive regulation of blood vessel endothelial cell migration,GO:0043536,biological process,37,5.0,1.167e-01,1.362e-01,4.504e-02,7.435e-01,4.084e-02,9.127e-02,1.492e-01,1.034e-01,1.794e-01,2.156e-02,9.407e-02
MGI:97362,NOS3,7876,caveola,GO:0005901,cellular component,37,3.0,1.208e-01,1.362e-01,4.887e-02,7.326e-01,4.401e-02,9.809e-02,1.487e-01,1.034e-01,1.794e-01,2.180e-02,1.095e-01
MGI:97362,NOS3,7876,heme binding,GO:0020037,molecular function,37,3.0,1.209e-01,1.476e-01,5.775e-02,7.115e-01,2.281e-02,1.054e-01,1.388e-01,1.260e-01,1.730e-01,3.868e-02,8.624e-02
MGI:97362,NOS3,7876,nitric oxide mediated signal transduction,GO:0007263,biological process,37,3.0,1.249e-01,1.476e-01,5.571e-02,7.153e-01,3.984e-02,1.079e-01,1.446e-01,1.260e-01,1.730e-01,2.697e-02,1.151e-01
MGI:97362,NOS3,7876,positive regulation of angiogenesis,GO:0045766,biological process,37,12.0,1.302e-01,1.523e-01,6.801e-02,6.865e-01,3.943e-02,9.372e-02,1.807e-01,1.325e-01,1.751e-01,3.538e-02,1.307e-01
MGI:97362,NOS3,7876,cytosol,GO:0005829,cellular component,37,76.0,1.414e-01,1.476e-01,8.494e-02,6.582e-01,1.065e-02,1.272e-01,1.573e-01,1.260e-01,1.730e-01,7.116e-02,1.014e-01
MGI:97362,NOS3,7876,nucleus,GO:0005634,cellular component,37,87.0,1.417e-01,1.476e-01,8.569e-02,6.574e-01,5.772e-03,1.298e-01,1.546e-01,1.260e-01,1.730e-01,7.797e-02,9.418e-02
MGI:97362,NOS3,7876,plasma membrane,GO:0005886,cellular component,37,93.0,1.442e-01,1.476e-01,8.836e-02,6.520e-01,1.707e-02,1.221e-01,1.701e-01,1.260e-01,1.730e-01,6.675e-02,1.170e-01
MGI:97362,NOS3,7876,Golgi apparatus,GO:0005794,cellular component,37,20.0,1.485e-01,1.570e-01,9.171e-02,6.460e-01,2.269e-02,1.256e-01,1.757e-01,1.188e-01,2.075e-01,6.445e-02,1.305e-01
MGI:97362,NOS3,7876,protein binding,GO:0005515,molecular function,37,373.0,1.540e-01,1.485e-01,1.011e-01,6.326e-01,4.042e-03,1.460e-01,1.625e-01,1.275e-01,1.730e-01,9.488e-02,1.077e-01
MGI:97362,NOS3,7876,cytoplasm,GO:0005737,cellular component,37,99.0,1.587e-01,1.523e-01,1.068e-01,6.241e-01,5.629e-03,1.494e-01,1.685e-01,1.224e-01,1.894e-01,9.788e-02,1.165e-01
MGI:97362,NOS3,7876,nitric-oxide synthase activity,GO:0004517,molecular function,37,2.0,1.814e-01,1.831e-01,1.171e-01,5.978e-01,6.690e-02,1.027e-01,3.206e-01,1.025e-01,3.272e-01,4.642e-02,2.952e-01
MGI:97362,NOS3,7876,FMN binding,GO:0010181,molecular function,37,4.0,1.817e-01,1.873e-01,1.124e-01,5.988e-01,8.107e-02,9.095e-02,3.632e-01,1.003e-01,3.495e-01,3.570e-02,3.541e-01
MGI:97362,NOS3,7876,endothelial cell migration,GO:0043542,biological process,37,6.0,1.989e-01,1.831e-01,1.443e-01,5.675e-01,5.281e-02,1.238e-01,3.196e-01,1.025e-01,3.272e-01,7.206e-02,2.890e-01
MGI:97362,NOS3,7876,response to hormone,GO:0009725,biological process,37,22.0,1.994e-01,1.939e-01,1.508e-01,5.639e-01,3.427e-02,1.502e-01,2.649e-01,1.373e-01,2.738e-01,9.430e-02,2.411e-01
MGI:97362,NOS3,7876,positive regulation of guanylate cyclase activity,GO:0031284,biological process,37,5.0,1.999e-01,1.873e-01,1.399e-01,5.681e-01,6.791e-02,1.105e-01,3.616e-01,1.003e-01,3.495e-01,5.789e-02,3.382e-01
MGI:97362,NOS3,7876,regulation of systemic arterial blood pressure by endothelin,GO:0003100,biological process,37,2.0,2.000e-01,1.844e-01,1.562e-01,5.607e-01,1.301e-02,1.772e-01,2.259e-01,1.388e-01,2.449e-01,1.304e-01,1.870e-01
MGI:97362,NOS3,7876,removal of superoxide radicals,GO:0019430,biological process,37,4.0,2.250e-01,2.131e-01,1.830e-01,5.304e-01,2.753e-02,1.742e-01,2.906e-01,1.471e-01,3.087e-01,1.269e-01,2.639e-01
MGI:97362,NOS3,7876,negative regulation of blood pressure,GO:0045776,biological process,37,4.0,2.253e-01,2.122e-01,1.840e-01,5.293e-01,2.900e-02,1.738e-01,2.919e-01,1.552e-01,2.902e-01,1.277e-01,2.649e-01
MGI:97362,NOS3,7876,arginine catabolic process,GO:0006527,biological process,37,10.0,2.262e-01,2.255e-01,1.589e-01,5.357e-01,9.000e-02,1.070e-01,4.780e-01,1.149e-01,4.424e-01,4.859e-02,5.199e-01
MGI:97362,NOS3,7876,nitric oxide biosynthetic process,GO:0006809,biological process,37,3.0,2.344e-01,2.190e-01,1.917e-01,5.215e-01,2.878e-02,1.811e-01,3.035e-01,1.446e-01,3.317e-01,1.319e-01,2.786e-01
MGI:1914682,HOGA1,25155,glyoxylate metabolic process,GO:0046487,biological process,11,5.0,1.025e-01,1.300e-01,1.965e-02,8.485e-01,1.821e-02,9.761e-02,1.076e-01,1.002e-01,1.685e-01,1.330e-02,2.905e-02
MGI:1914682,HOGA1,25155,pyruvate biosynthetic process,GO:0042866,biological process,11,4.0,1.076e-01,1.300e-01,4.077e-02,7.576e-01,9.885e-03,9.865e-02,1.174e-01,1.002e-01,1.685e-01,3.376e-02,4.922e-02
MGI:1914682,HOGA1,25155,glyoxylate catabolic process,GO:0009436,biological process,11,4.0,1.091e-01,1.300e-01,3.767e-02,7.678e-01,2.764e-02,9.375e-02,1.269e-01,1.002e-01,1.685e-01,2.265e-02,6.265e-02
MGI:1914682,HOGA1,25155,4-hydroxyproline catabolic process,GO:0019470,biological process,11,7.0,1.217e-01,1.339e-01,6.126e-02,7.044e-01,6.521e-03,1.204e-01,1.231e-01,1.034e-01,1.734e-01,5.468e-02,6.863e-02
MGI:1914682,HOGA1,25155,N-acetylneuraminate catabolic process,GO:0019262,biological process,11,6.0,1.378e-01,1.455e-01,7.834e-02,6.660e-01,4.080e-02,9.685e-02,1.961e-01,9.728e-02,2.176e-01,4.094e-02,1.499e-01
MGI:1914682,HOGA1,25155,mitochondrion,GO:0005739,cellular component,11,22.0,1.400e-01,1.622e-01,7.721e-02,6.684e-01,3.940e-02,1.033e-01,1.897e-01,1.057e-01,2.488e-01,3.907e-02,1.526e-01
MGI:1914682,HOGA1,25155,protein homodimerization activity,GO:0042803,molecular function,11,14.0,1.700e-01,1.707e-01,1.148e-01,6.066e-01,4.650e-02,1.127e-01,2.566e-01,1.063e-01,2.742e-01,5.659e-02,2.329e-01
MGI:1914682,HOGA1,25155,oxalate metabolic process,GO:0033609,biological process,11,5.0,1.719e-01,1.792e-01,1.242e-01,5.994e-01,1.598e-02,1.462e-01,2.021e-01,1.415e-01,2.270e-01,9.848e-02,1.566e-01
MGI:1914682,HOGA1,25155,4-hydroxy-2-oxoglutarate aldolase activity,GO:0008700,molecular function,11,3.0,2.371e-01,2.133e-01,2.003e-01,5.147e-01,1.831e-02,1.997e-01,2.814e-01,1.773e-01,2.567e-01,1.594e-01,2.517e-01
MGI:1914682,HOGA1,25155,N-acetylneuraminate lyase activity,GO:0008747,molecular function,11,2.0,2.410e-01,2.133e-01,2.049e-01,5.109e-01,1.361e-02,2.125e-01,2.734e-01,1.773e-01,2.567e-01,1.733e-01,2.422e-01
MGI:1914682,HOGA1,25155,protein binding,GO:0005515,molecular function,11,373.0,2.424e-01,2.268e-01,2.025e-01,5.079e-01,4.522e-02,1.598e-01,3.677e-01,1.435e-01,3.585e-01,1.149e-01,3.571e-01
MGI:1351872,SLCO2B1,10962,sodium-independent organic anion transport,GO:0043252,biological process,22,2.0,1.025e-01,3.015e-02,6.666e-03,9.271e-01,1.277e-02,9.761e-02,1.076e-01,2.344e-02,3.877e-02,3.552e-03,1.251e-02
MGI:1351872,SLCO2B1,10962,basal plasma membrane,GO:0009925,cellular component,22,2.0,1.025e-01,3.015e-02,7.584e-03,9.249e-01,6.227e-03,9.761e-02,1.076e-01,2.344e-02,3.877e-02,5.551e-03,1.036e-02
MGI:1351872,SLCO2B1,10962,apical plasma membrane,GO:0016324,cellular component,22,6.0,1.025e-01,3.015e-02,1.043e-02,9.068e-01,1.019e-02,9.761e-02,1.076e-01,2.344e-02,3.877e-02,7.064e-03,1.539e-02
MGI:1351872,SLCO2B1,10962,sodium-independent organic anion transmembrane transporter activity,GO:0015347,molecular function,22,3.0,1.025e-01,3.015e-02,1.105e-02,8.990e-01,1.545e-02,9.761e-02,1.076e-01,2.344e-02,3.877e-02,6.074e-03,2.010e-02
MGI:1351872,SLCO2B1,10962,basolateral plasma membrane,GO:0016323,cellular component,22,5.0,1.025e-01,3.015e-02,1.366e-02,8.868e-01,1.267e-02,9.761e-02,1.076e-01,2.344e-02,3.877e-02,9.784e-03,1.907e-02
MGI:1351872,SLCO2B1,10962,plasma membrane,GO:0005886,cellular component,22,93.0,1.025e-01,3.015e-02,2.031e-02,8.466e-01,1.412e-02,9.761e-02,1.076e-01,2.344e-02,3.877e-02,1.551e-02,2.660e-02
MGI:1351872,SLCO2B1,10962,prostaglandin transmembrane transporter activity,GO:0015132,molecular function,22,2.0,1.025e-01,3.051e-02,1.793e-02,8.579e-01,1.781e-02,9.761e-02,1.076e-01,2.320e-02,4.013e-02,1.185e-02,2.714e-02
MGI:1351872,SLCO2B1,10962,transmembrane transporter activity,GO:0022857,molecular function,22,51.0,1.025e-01,3.261e-02,2.567e-02,8.171e-01,1.750e-02,9.762e-02,1.076e-01,2.186e-02,4.864e-02,1.849e-02,3.566e-02
MGI:1351872,SLCO2B1,10962,organic anion transmembrane transporter activity,GO:0008514,molecular function,22,40.0,1.027e-01,3.261e-02,2.419e-02,8.233e-01,2.226e-02,9.786e-02,1.077e-01,2.186e-02,4.864e-02,1.570e-02,3.728e-02
MGI:1351872,SLCO2B1,10962,bile acid transmembrane transporter activity,GO:0015125,molecular function,22,7.0,1.048e-01,3.510e-02,2.887e-02,8.024e-01,2.333e-02,9.966e-02,1.102e-01,2.128e-02,5.789e-02,1.866e-02,4.465e-02
MGI:1351872,SLCO2B1,10962,bile acid and bile salt transport,GO:0015721,biological process,22,5.0,1.060e-01,3.483e-02,2.895e-02,8.022e-01,3.005e-02,9.943e-02,1.131e-01,2.056e-02,5.899e-02,1.652e-02,5.074e-02
MGI:1351872,SLCO2B1,10962,organic anion transport,GO:0015711,biological process,22,40.0,1.093e-01,3.923e-02,3.819e-02,7.657e-01,2.744e-02,9.744e-02,1.227e-01,2.247e-02,6.851e-02,2.304e-02,6.332e-02
MGI:1351872,SLCO2B1,10962,transmembrane transport,GO:0055085,biological process,22,52.0,1.122e-01,4.028e-02,3.929e-02,7.618e-01,3.463e-02,9.533e-02,1.320e-01,2.191e-02,7.407e-02,2.087e-02,7.397e-02
MGI:2685055,STYXL2,25034,MAP kinase phosphatase activity,GO:0033549,molecular function,4,5.0,1.804e-01,2.036e-01,1.332e-01,5.880e-01,7.396e-03,1.698e-01,1.917e-01,1.663e-01,2.491e-01,1.200e-01,1.479e-01
MGI:2685055,STYXL2,25034,protein tyrosine/serine/threonine phosphatase activity,GO:0008138,molecular function,4,4.0,1.847e-01,2.036e-01,1.375e-01,5.827e-01,1.107e-02,1.690e-01,2.020e-01,1.663e-01,2.491e-01,1.176e-01,1.608e-01
MGI:2685055,STYXL2,25034,negative regulation of MAPK cascade,GO:0043409,biological process,4,7.0,1.988e-01,2.036e-01,1.540e-01,5.608e-01,3.200e-02,1.476e-01,2.676e-01,1.663e-01,2.491e-01,1.006e-01,2.357e-01
MGI:2685055,STYXL2,25034,cytoplasm,GO:0005737,cellular component,4,99.0,3.123e-01,2.979e-01,2.832e-01,4.427e-01,2.906e-02,2.399e-01,4.067e-01,2.364e-01,3.754e-01,2.036e-01,3.940e-01
MGI:95484,FAS,11920,CD95 death-inducing signaling complex,GO:0031265,cellular component,35,2.0,1.025e-01,8.028e-02,6.772e-03,9.192e-01,2.228e-02,9.761e-02,1.076e-01,4.100e-02,1.572e-01,2.643e-03,1.735e-02
MGI:95484,FAS,11920,necroptotic signaling pathway,GO:0097527,biological process,35,2.0,1.025e-01,8.028e-02,7.833e-03,9.085e-01,2.675e-02,9.761e-02,1.076e-01,4.100e-02,1.572e-01,2.617e-03,2.345e-02
MGI:95484,FAS,11920,kinase binding,GO:0019900,molecular function,35,6.0,1.025e-01,8.439e-02,1.358e-02,8.842e-01,1.759e-02,9.761e-02,1.076e-01,4.519e-02,1.576e-01,8.268e-03,2.229e-02
MGI:95484,FAS,11920,extrinsic apoptotic signaling pathway in absence of ligand,GO:0097192,biological process,35,3.0,1.025e-01,8.798e-02,2.333e-02,8.296e-01,8.213e-03,9.761e-02,1.076e-01,4.856e-02,1.594e-01,1.993e-02,2.730e-02
MGI:95484,FAS,11920,calmodulin binding,GO:0005516,molecular function,35,4.0,1.026e-01,8.956e-02,1.651e-02,8.581e-01,3.426e-02,9.749e-02,1.081e-01,4.760e-02,1.685e-01,7.190e-03,3.792e-02
MGI:95484,FAS,11920,positive regulation of apoptotic signaling pathway,GO:2001235,biological process,35,7.0,1.061e-01,8.969e-02,2.446e-02,8.201e-01,3.875e-02,9.443e-02,1.193e-01,4.771e-02,1.686e-01,1.140e-02,5.248e-02
MGI:95484,FAS,11920,death-inducing signaling complex,GO:0031264,cellular component,35,4.0,1.099e-01,8.956e-02,2.891e-02,7.983e-01,4.701e-02,9.130e-02,1.323e-01,4.760e-02,1.685e-01,1.167e-02,7.163e-02
MGI:95484,FAS,11920,extrinsic apoptotic signaling pathway,GO:0097191,biological process,35,7.0,1.102e-01,9.321e-02,3.573e-02,7.738e-01,3.671e-02,9.173e-02,1.324e-01,5.058e-02,1.718e-01,1.816e-02,7.030e-02
MGI:95484,FAS,11920,regulation of stress-activated MAPK cascade,GO:0032872,biological process,35,9.0,1.107e-01,9.321e-02,3.839e-02,7.657e-01,3.262e-02,1.003e-01,1.222e-01,5.058e-02,1.718e-01,2.086e-02,7.065e-02
MGI:95484,FAS,11920,positive regulation of cysteine-type endopeptidase activity involved in apoptotic signaling pathway,GO:2001269,biological process,35,4.0,1.109e-01,9.321e-02,3.304e-02,7.813e-01,4.627e-02,1.003e-01,1.227e-01,5.058e-02,1.718e-01,1.316e-02,8.293e-02
MGI:95484,FAS,11920,tumor necrosis factor receptor activity,GO:0005031,molecular function,35,3.0,1.113e-01,8.398e-02,2.374e-02,8.009e-01,6.053e-02,9.073e-02,1.365e-01,4.222e-02,1.670e-01,5.364e-03,1.051e-01
MGI:95484,FAS,11920,positive regulation of apoptotic process,GO:0043065,biological process,35,22.0,1.207e-01,9.584e-02,4.986e-02,7.295e-01,4.449e-02,9.249e-02,1.574e-01,4.937e-02,1.861e-01,2.251e-02,1.104e-01
MGI:95484,FAS,11920,positive regulation of protein phosphorylation,GO:0001934,biological process,35,18.0,1.208e-01,1.069e-01,5.870e-02,7.094e-01,2.176e-02,9.886e-02,1.476e-01,6.704e-02,1.706e-01,4.002e-02,8.609e-02
MGI:95484,FAS,11920,Fas signaling pathway,GO:0036337,biological process,35,2.0,1.274e-01,1.021e-01,5.544e-02,7.110e-01,5.938e-02,8.385e-02,1.935e-01,4.665e-02,2.235e-01,2.039e-02,1.507e-01
MGI:95484,FAS,11920,motor neuron apoptotic process,GO:0097049,biological process,35,2.0,1.289e-01,1.115e-01,6.968e-02,6.867e-01,3.299e-03,1.213e-01,1.370e-01,7.315e-02,1.700e-01,6.561e-02,7.400e-02
MGI:95484,FAS,11920,cellular response to hyperoxia,GO:0071455,biological process,35,4.0,1.298e-01,1.022e-01,5.942e-02,7.010e-01,6.020e-02,8.296e-02,2.030e-01,4.679e-02,2.234e-01,2.188e-02,1.614e-01
MGI:95484,FAS,11920,membrane raft,GO:0045121,cellular component,35,11.0,1.299e-01,1.070e-01,6.517e-02,6.903e-01,4.841e-02,8.812e-02,1.914e-01,5.198e-02,2.204e-01,2.928e-02,1.451e-01
MGI:95484,FAS,11920,apoptotic process,GO:0006915,biological process,35,23.0,1.345e-01,1.171e-01,7.629e-02,6.740e-01,9.210e-03,1.227e-01,1.475e-01,7.775e-02,1.762e-01,6.524e-02,8.921e-02
MGI:95484,FAS,11920,identical protein binding,GO:0042802,molecular function,35,28.0,1.472e-01,1.273e-01,9.239e-02,6.449e-01,2.124e-02,1.197e-01,1.810e-01,7.366e-02,2.201e-01,6.535e-02,1.306e-01
MGI:95484,FAS,11920,nuclear body,GO:0016604,cellular component,35,16.0,1.542e-01,1.267e-01,6.752e-02,6.756e-01,8.860e-02,9.483e-02,2.506e-01,6.619e-02,2.424e-01,1.450e-02,3.145e-01
MGI:95484,FAS,11920,cell surface,GO:0009986,cellular component,35,22.0,1.555e-01,1.317e-01,9.169e-02,6.372e-01,6.188e-02,9.395e-02,2.573e-01,7.161e-02,2.424e-01,3.459e-02,2.431e-01
MGI:95484,FAS,11920,activation-induced cell death of T cells,GO:0006924,biological process,35,2.0,1.603e-01,1.334e-01,1.067e-01,6.198e-01,3.931e-02,1.131e-01,2.272e-01,7.949e-02,2.238e-01,5.938e-02,1.918e-01
MGI:95484,FAS,11920,extracellular exosome,GO:0070062,cellular component,35,88.0,1.605e-01,1.323e-01,1.079e-01,6.194e-01,3.245e-02,1.190e-01,2.163e-01,7.515e-02,2.327e-01,6.521e-02,1.784e-01
MGI:95484,FAS,11920,cytosol,GO:0005829,cellular component,35,76.0,1.608e-01,1.351e-01,1.079e-01,6.194e-01,3.117e-02,1.210e-01,2.135e-01,7.686e-02,2.375e-01,6.610e-02,1.762e-01
MGI:95484,FAS,11920,cellular response to mechanical stimulus,GO:0071260,biological process,35,6.0,1.697e-01,1.301e-01,7.466e-02,6.395e-01,1.291e-01,6.179e-02,4.659e-01,3.729e-02,4.540e-01,1.233e-02,4.520e-01
MGI:95484,FAS,11920,external side of plasma membrane,GO:0009897,cellular component,35,15.0,1.741e-01,1.379e-01,1.147e-01,5.994e-01,7.074e-02,9.219e-02,3.290e-01,6.016e-02,3.160e-01,4.354e-02,3.024e-01
MGI:95484,FAS,11920,plasma membrane,GO:0005886,cellular component,35,93.0,1.747e-01,1.451e-01,1.252e-01,5.964e-01,2.884e-02,1.339e-01,2.278e-01,8.928e-02,2.359e-01,8.157e-02,1.922e-01
MGI:95484,FAS,11920,cellular response to amino acid starvation,GO:0034198,biological process,35,4.0,1.773e-01,1.528e-01,9.039e-02,6.255e-01,1.021e-01,8.197e-02,3.836e-01,5.491e-02,4.252e-01,2.001e-02,4.082e-01
MGI:95484,FAS,11920,protein binding,GO:0005515,molecular function,35,373.0,1.884e-01,1.560e-01,1.432e-01,5.742e-01,2.695e-02,1.462e-01,2.428e-01,1.007e-01,2.416e-01,9.730e-02,2.109e-01
MGI:95484,FAS,11920,negative regulation of apoptotic process,GO:0043066,biological process,35,31.0,2.216e-01,1.955e-01,1.629e-01,5.385e-01,7.321e-02,1.165e-01,4.216e-01,8.960e-02,4.266e-01,5.724e-02,4.635e-01
MGI:104808,LCP1,6528,actin filament network formation,GO:0051639,biological process,25,2.0,1.029e-01,2.199e-01,2.985e-02,7.978e-01,8.914e-03,9.723e-02,1.090e-01,1.800e-01,2.687e-01,2.535e-02,3.514e-02
MGI:104808,LCP1,6528,stress fiber,GO:0001725,cellular component,25,4.0,1.139e-01,2.199e-01,4.251e-02,7.509e-01,3.809e-02,8.846e-02,1.466e-01,1.800e-01,2.687e-01,2.134e-02,8.467e-02
MGI:104808,LCP1,6528,GTPase binding,GO:0051020,molecular function,25,4.0,1.139e-01,2.199e-01,5.078e-02,7.292e-01,1.170e-02,1.106e-01,1.174e-01,1.800e-01,2.687e-01,4.085e-02,6.313e-02
MGI:104808,LCP1,6528,extracellular matrix disassembly,GO:0022617,biological process,25,6.0,1.154e-01,2.199e-01,5.258e-02,7.253e-01,6.344e-03,1.068e-01,1.248e-01,1.800e-01,2.687e-01,4.678e-02,5.911e-02
MGI:104808,LCP1,6528,actin cytoskeleton,GO:0015629,cellular component,25,12.0,1.229e-01,2.199e-01,6.076e-02,7.048e-01,2.061e-02,1.077e-01,1.401e-01,1.800e-01,2.687e-01,4.242e-02,8.704e-02
MGI:104808,LCP1,6528,actin filament binding,GO:0051015,molecular function,25,11.0,1.242e-01,2.199e-01,6.050e-02,7.048e-01,2.604e-02,1.101e-01,1.402e-01,1.800e-01,2.687e-01,3.763e-02,9.729e-02
MGI:104808,LCP1,6528,actin filament,GO:0005884,cellular component,25,9.0,1.348e-01,2.252e-01,7.548e-02,6.743e-01,2.184e-02,1.174e-01,1.548e-01,1.795e-01,2.824e-01,5.257e-02,1.084e-01
MGI:104808,LCP1,6528,focal adhesion,GO:0005925,cellular component,25,18.0,1.441e-01,2.249e-01,8.877e-02,6.508e-01,2.182e-02,1.167e-01,1.780e-01,1.795e-01,2.818e-01,6.276e-02,1.256e-01
MGI:104808,LCP1,6528,protein kinase A signaling,GO:0010737,biological process,25,3.0,1.455e-01,2.252e-01,8.732e-02,6.519e-01,3.112e-02,1.130e-01,1.874e-01,1.795e-01,2.824e-01,5.231e-02,1.458e-01
MGI:104808,LCP1,6528,filopodium,GO:0030175,cellular component,25,4.0,1.476e-01,2.249e-01,9.321e-02,6.447e-01,1.415e-02,1.268e-01,1.719e-01,1.795e-01,2.818e-01,7.461e-02,1.164e-01
MGI:104808,LCP1,6528,integrin binding,GO:0005178,molecular function,25,16.0,1.566e-01,2.252e-01,1.007e-01,6.316e-01,2.446e-02,1.307e-01,1.877e-01,1.795e-01,2.824e-01,6.958e-02,1.457e-01
MGI:104808,LCP1,6528,actin filament bundle assembly,GO:0051017,biological process,25,7.0,1.650e-01,2.443e-01,1.110e-01,6.134e-01,4.020e-02,1.167e-01,2.332e-01,1.775e-01,3.362e-01,5.948e-02,2.073e-01
MGI:104808,LCP1,6528,T cell activation involved in immune response,GO:0002286,biological process,25,9.0,1.885e-01,2.792e-01,1.260e-01,5.835e-01,7.012e-02,1.060e-01,3.352e-01,2.408e-01,3.237e-01,4.237e-02,3.744e-01
MGI:104808,LCP1,6528,regulation of intracellular protein transport,GO:0033157,biological process,25,12.0,2.004e-01,2.625e-01,1.514e-01,5.633e-01,3.465e-02,1.511e-01,2.658e-01,2.409e-01,2.861e-01,9.378e-02,2.445e-01
MGI:104808,LCP1,6528,ruffle,GO:0001726,cellular component,25,2.0,2.086e-01,2.691e-01,1.672e-01,5.475e-01,2.301e-02,1.678e-01,2.594e-01,2.283e-01,3.172e-01,1.238e-01,2.257e-01
MGI:104808,LCP1,6528,podosome,GO:0002102,cellular component,25,3.0,2.262e-01,2.904e-01,1.867e-01,5.283e-01,1.505e-02,1.952e-01,2.621e-01,2.421e-01,3.484e-01,1.540e-01,2.264e-01
MGI:104808,LCP1,6528,extracellular space,GO:0005615,cellular component,25,55.0,2.518e-01,2.894e-01,2.108e-01,5.013e-01,3.963e-02,1.747e-01,3.630e-01,2.240e-01,3.739e-01,1.267e-01,3.508e-01
MGI:104808,LCP1,6528,extracellular exosome,GO:0070062,cellular component,25,88.0,2.599e-01,2.969e-01,2.246e-01,4.919e-01,2.285e-02,2.083e-01,3.244e-01,2.412e-01,3.653e-01,1.704e-01,2.960e-01
MGI:104808,LCP1,6528,cell migration,GO:0016477,biological process,25,45.0,2.666e-01,3.178e-01,2.293e-01,4.867e-01,2.993e-02,2.036e-01,3.490e-01,2.942e-01,3.432e-01,1.586e-01,3.316e-01
MGI:104808,LCP1,6528,plasma membrane,GO:0005886,cellular component,25,93.0,2.666e-01,2.969e-01,2.319e-01,4.849e-01,2.689e-02,2.064e-01,3.444e-01,2.412e-01,3.653e-01,1.675e-01,3.210e-01
MGI:104808,LCP1,6528,actin filament bundle,GO:0032432,cellular component,25,6.0,2.802e-01,2.996e-01,2.309e-01,4.716e-01,7.388e-02,1.449e-01,5.421e-01,1.779e-01,5.047e-01,9.267e-02,5.753e-01
MGI:104808,LCP1,6528,positive regulation of podosome assembly,GO:0071803,biological process,25,4.0,2.968e-01,3.205e-01,2.648e-01,4.550e-01,3.983e-02,2.078e-01,4.238e-01,2.633e-01,3.901e-01,1.687e-01,4.157e-01
MGI:104808,LCP1,6528,cytoplasm,GO:0005737,cellular component,25,99.0,3.343e-01,3.342e-01,3.084e-01,4.248e-01,2.015e-02,2.787e-01,4.011e-01,2.916e-01,3.829e-01,2.505e-01,3.798e-01
MGI:104808,LCP1,6528,perinuclear region of cytoplasm,GO:0048471,cellular component,25,12.0,3.476e-01,3.473e-01,3.239e-01,4.144e-01,1.223e-02,3.136e-01,3.853e-01,3.137e-01,3.846e-01,2.855e-01,3.674e-01
MGI:104808,LCP1,6528,cytosol,GO:0005829,cellular component,25,76.0,3.586e-01,3.503e-01,3.361e-01,4.056e-01,1.406e-02,3.149e-01,4.084e-01,3.185e-01,3.853e-01,2.917e-01,3.874e-01
MGI:1195266,TNFAIP6,11898,fibronectin binding,GO:0001968,molecular function,19,4.0,1.025e-01,9.752e-02,7.706e-03,9.239e-01,6.727e-03,9.761e-02,1.076e-01,8.294e-02,1.147e-01,5.374e-03,1.105e-02
MGI:1195266,TNFAIP6,11898,fibronectin fibril organization,GO:1905590,biological process,19,2.0,1.025e-01,1.126e-01,2.666e-02,8.128e-01,6.644e-03,9.761e-02,1.076e-01,9.988e-02,1.270e-01,2.358e-02,3.014e-02
MGI:1195266,TNFAIP6,11898,negative regulation of neutrophil chemotaxis,GO:0090024,biological process,19,4.0,1.062e-01,1.126e-01,3.173e-02,7.900e-01,2.723e-02,1.003e-01,1.125e-01,9.988e-02,1.270e-01,1.909e-02,5.274e-02
MGI:1195266,TNFAIP6,11898,negative regulation of BMP signaling pathway,GO:0030514,biological process,19,6.0,1.164e-01,1.126e-01,4.119e-02,7.543e-01,4.686e-02,9.302e-02,1.457e-01,9.988e-02,1.270e-01,1.787e-02,9.497e-02
MGI:1195266,TNFAIP6,11898,hyaluronan metabolic process,GO:0030212,biological process,19,5.0,1.247e-01,1.242e-01,6.302e-02,7.002e-01,1.914e-02,1.112e-01,1.399e-01,1.212e-01,1.272e-01,4.505e-02,8.817e-02
MGI:1195266,TNFAIP6,11898,negative regulation of osteoblast differentiation,GO:0045668,biological process,19,3.0,1.329e-01,1.403e-01,7.373e-02,6.766e-01,3.213e-02,9.999e-02,1.766e-01,1.099e-01,1.791e-01,4.373e-02,1.243e-01
MGI:1195266,TNFAIP6,11898,extracellular region,GO:0005576,cellular component,19,22.0,1.371e-01,1.422e-01,7.413e-02,6.720e-01,4.930e-02,9.121e-02,2.061e-01,1.085e-01,1.865e-01,3.342e-02,1.644e-01
MGI:1195266,TNFAIP6,11898,extracellular space,GO:0005615,cellular component,19,55.0,1.447e-01,1.411e-01,8.794e-02,6.511e-01,3.028e-02,1.105e-01,1.893e-01,1.113e-01,1.789e-01,5.380e-02,1.437e-01
MGI:1195266,TNFAIP6,11898,negative regulation of osteoclast differentiation,GO:0045671,biological process,19,4.0,1.449e-01,1.403e-01,8.957e-02,6.497e-01,2.039e-02,1.204e-01,1.745e-01,1.099e-01,1.791e-01,6.405e-02,1.253e-01
MGI:1195266,TNFAIP6,11898,calcium ion binding,GO:0005509,molecular function,19,12.0,1.452e-01,1.403e-01,8.943e-02,6.489e-01,2.733e-02,1.143e-01,1.845e-01,1.099e-01,1.791e-01,5.753e-02,1.390e-01
MGI:1195266,TNFAIP6,11898,positive regulation of receptor clustering,GO:1903911,biological process,19,5.0,1.499e-01,1.411e-01,9.551e-02,6.413e-01,5.908e-03,1.490e-01,1.508e-01,1.113e-01,1.789e-01,8.701e-02,1.049e-01
MGI:1195266,TNFAIP6,11898,negative regulation of inflammatory response,GO:0050728,biological process,19,13.0,1.738e-01,1.525e-01,1.123e-01,6.088e-01,5.163e-02,1.193e-01,2.534e-01,1.213e-01,1.916e-01,4.961e-02,2.543e-01
MGI:1195266,TNFAIP6,11898,carboxylesterase activity,GO:0106435,molecular function,19,2.0,1.756e-01,1.532e-01,1.269e-01,5.944e-01,2.820e-02,1.350e-01,2.283e-01,1.186e-01,1.978e-01,8.437e-02,1.908e-01
MGI:1195266,TNFAIP6,11898,hyaluronic acid binding,GO:0005540,molecular function,19,3.0,1.760e-01,1.530e-01,1.272e-01,5.946e-01,1.957e-02,1.483e-01,2.089e-01,1.217e-01,1.925e-01,9.514e-02,1.701e-01
MGI:1195266,TNFAIP6,11898,protein binding,GO:0005515,molecular function,19,373.0,2.074e-01,1.737e-01,1.666e-01,5.487e-01,1.642e-02,1.772e-01,2.428e-01,1.459e-01,2.069e-01,1.342e-01,2.069e-01
MGI:2136388,DQX1,20410,spliceosomal complex,GO:0005681,cellular component,4,13.0,1.095e-01,1.257e-01,3.397e-02,7.802e-01,3.819e-02,9.886e-02,1.214e-01,6.424e-02,2.458e-01,1.630e-02,7.081e-02
MGI:2136388,DQX1,20410,RNA binding,GO:0003723,molecular function,4,46.0,1.378e-01,1.581e-01,7.905e-02,6.668e-01,3.021e-02,1.054e-01,1.803e-01,9.600e-02,2.604e-01,4.800e-02,1.302e-01
MGI:2136388,DQX1,20410,helicase activity,GO:0004386,molecular function,4,6.0,2.145e-01,2.297e-01,1.723e-01,5.406e-01,3.282e-02,1.580e-01,2.914e-01,1.510e-01,3.495e-01,1.132e-01,2.622e-01
MGI:2136388,DQX1,20410,intracellular anatomical structure,GO:0005622,cellular component,4,10.0,4.747e-01,4.510e-01,4.510e-01,3.135e-01,6.757e-02,2.803e-01,8.037e-01,2.463e-01,8.258e-01,2.463e-01,8.258e-01
MGI:96011,HAO1,4809,glycolate catabolic process,GO:0046296,biological process,7,4.0,1.595e-01,2.326e-01,9.302e-02,6.347e-01,6.436e-02,9.240e-02,2.754e-01,8.093e-02,6.684e-01,3.627e-02,2.386e-01
MGI:96011,HAO1,4809,intracellular membrane-bounded organelle,GO:0043231,cellular component,7,58.0,1.695e-01,2.326e-01,9.033e-02,6.251e-01,9.916e-02,7.429e-02,3.869e-01,8.093e-02,6.684e-01,2.261e-02,3.609e-01
MGI:96011,HAO1,4809,glyoxylate oxidase activity,GO:0047969,molecular function,7,2.0,1.996e-01,2.469e-01,1.419e-01,5.673e-01,6.276e-02,1.145e-01,3.479e-01,9.069e-02,6.719e-01,6.277e-02,3.206e-01
MGI:96011,HAO1,4809,(S)-2-hydroxy-acid oxidase activity,GO:0003973,molecular function,7,2.0,2.174e-01,2.326e-01,1.534e-01,5.410e-01,9.284e-02,9.697e-02,4.875e-01,8.093e-02,6.684e-01,4.727e-02,4.979e-01
MGI:96011,HAO1,4809,FMN binding,GO:0010181,molecular function,7,4.0,2.667e-01,2.543e-01,2.003e-01,4.713e-01,1.274e-01,9.805e-02,7.257e-01,8.970e-02,7.207e-01,5.564e-02,7.208e-01
MGI:96011,HAO1,4809,fatty acid alpha-oxidation,GO:0001561,biological process,7,3.0,2.729e-01,2.484e-01,2.228e-01,4.718e-01,9.068e-02,1.270e-01,5.864e-01,9.171e-02,6.727e-01,8.644e-02,5.743e-01
MGI:96011,HAO1,4809,peroxisomal matrix,GO:0005782,cellular component,7,4.0,2.930e-01,2.737e-01,2.429e-01,4.555e-01,8.731e-02,1.422e-01,6.037e-01,1.075e-01,6.969e-01,9.554e-02,6.173e-01
MGI:1917022,BDH2,32389,siderophore biosynthetic process,GO:0019290,biological process,10,11.0,1.856e-01,3.354e-01,1.272e-01,5.879e-01,5.384e-02,1.211e-01,2.844e-01,2.255e-01,4.989e-01,5.739e-02,2.818e-01
MGI:1917022,BDH2,32389,cytosol,GO:0005829,cellular component,10,76.0,2.439e-01,3.354e-01,2.037e-01,5.090e-01,3.558e-02,1.754e-01,3.390e-01,2.255e-01,4.989e-01,1.331e-01,3.118e-01
MGI:1917022,BDH2,32389,extracellular exosome,GO:0070062,cellular component,10,88.0,2.467e-01,3.354e-01,2.056e-01,5.065e-01,3.892e-02,1.733e-01,3.511e-01,2.255e-01,4.989e-01,1.283e-01,3.295e-01
MGI:1917022,BDH2,32389,cytoplasm,GO:0005737,cellular component,10,99.0,2.593e-01,3.354e-01,2.194e-01,4.931e-01,4.134e-02,1.782e-01,3.772e-01,2.255e-01,4.989e-01,1.347e-01,3.573e-01
MGI:1917022,BDH2,32389,protein binding,GO:0005515,molecular function,10,373.0,2.615e-01,3.354e-01,2.222e-01,4.908e-01,3.975e-02,1.823e-01,3.750e-01,2.255e-01,4.989e-01,1.380e-01,3.579e-01
MGI:1917022,BDH2,32389,NAD binding,GO:0051287,molecular function,10,4.0,2.883e-01,3.759e-01,2.368e-01,4.585e-01,9.220e-02,1.356e-01,6.133e-01,2.145e-01,6.590e-01,9.018e-02,6.218e-01
MGI:1917022,BDH2,32389,3-hydroxybutyrate dehydrogenase activity,GO:0003858,molecular function,10,2.0,3.209e-01,3.929e-01,2.862e-01,4.288e-01,6.830e-02,1.799e-01,5.721e-01,2.420e-01,6.380e-01,1.434e-01,5.712e-01
MGI:1917022,BDH2,32389,fatty acid beta-oxidation,GO:0006635,biological process,10,7.0,3.250e-01,3.696e-01,2.988e-01,4.324e-01,1.735e-02,2.778e-01,3.802e-01,2.514e-01,5.433e-01,2.468e-01,3.618e-01
MGI:1917022,BDH2,32389,epithelial cell differentiation,GO:0030855,biological process,10,28.0,4.273e-01,4.305e-01,3.939e-01,3.444e-01,8.048e-02,2.196e-01,8.315e-01,2.273e-01,8.154e-01,1.774e-01,8.748e-01
MGI:1921257,ABTB3,23844,,,,0,nan,,,,,,,,,,,
MGI:1914418,LPAR6,15520,plasma membrane,GO:0005886,cellular component,4,93.0,3.317e-01,6.190e-01,3.063e-01,4.276e-01,8.272e-03,3.059e-01,3.596e-01,5.637e-01,6.797e-01,2.802e-01,3.348e-01
MGI:1914418,LPAR6,15520,protein binding,GO:0005515,molecular function,4,373.0,3.879e-01,6.190e-01,3.677e-01,3.842e-01,9.606e-03,3.585e-01,4.198e-01,5.637e-01,6.797e-01,3.351e-01,4.035e-01
MGI:1914418,LPAR6,15520,lysophosphatidic acid receptor activity,GO:0070915,molecular function,4,2.0,5.884e-01,6.190e-01,5.788e-01,2.526e-01,1.519e-02,5.346e-01,6.476e-01,5.637e-01,6.797e-01,5.213e-01,6.426e-01
MGI:1914418,LPAR6,15520,positive regulation of Rho protein signal transduction,GO:0035025,biological process,4,4.0,6.036e-01,6.190e-01,5.941e-01,2.416e-01,2.448e-02,5.159e-01,7.062e-01,5.637e-01,6.797e-01,5.007e-01,7.048e-01
MGI:2443320,ACAD10,21597,fatty acid beta-oxidation using acyl-CoA dehydrogenase,GO:0033539,biological process,4,2.0,1.025e-01,7.343e-02,2.814e-02,8.056e-01,3.733e-03,9.762e-02,1.076e-01,5.981e-02,9.015e-02,2.623e-02,3.019e-02
MGI:2443320,ACAD10,21597,cytoplasm,GO:0005737,cellular component,4,99.0,1.282e-01,8.561e-02,6.533e-02,6.942e-01,2.702e-02,1.119e-01,1.469e-01,5.621e-02,1.304e-01,4.020e-02,1.062e-01
MGI:2443320,ACAD10,21597,acyl-CoA dehydrogenase activity,GO:0003995,molecular function,4,10.0,1.633e-01,1.175e-01,1.097e-01,6.170e-01,3.049e-02,1.258e-01,2.119e-01,8.313e-02,1.661e-01,6.806e-02,1.767e-01
MGI:96398,ID3,5362,negative regulation of transcription by RNA polymerase II,GO:0000122,biological process,11,16.0,1.025e-01,6.094e-02,1.103e-02,8.953e-01,2.462e-02,9.761e-02,1.076e-01,4.907e-02,7.569e-02,5.487e-03,2.216e-02
MGI:96398,ID3,5362,negative regulation of DNA-binding transcription factor activity,GO:0043433,biological process,11,7.0,1.025e-01,6.112e-02,2.101e-02,8.404e-01,1.988e-02,9.761e-02,1.076e-01,4.928e-02,7.581e-02,1.384e-02,3.188e-02
MGI:96398,ID3,5362,negative regulation of DNA-templated transcription,GO:0045892,biological process,11,24.0,1.043e-01,6.112e-02,3.402e-02,7.809e-01,1.052e-02,9.973e-02,1.092e-01,4.928e-02,7.581e-02,2.801e-02,4.132e-02
MGI:96398,ID3,5362,transcription regulator activity,GO:0140110,molecular function,11,11.0,1.054e-01,6.112e-02,2.603e-02,8.143e-01,3.291e-02,9.962e-02,1.116e-01,4.928e-02,7.581e-02,1.379e-02,4.915e-02
MGI:96398,ID3,5362,nucleus,GO:0005634,cellular component,11,87.0,1.061e-01,6.112e-02,3.922e-02,7.622e-01,7.549e-03,1.015e-01,1.108e-01,4.928e-02,7.581e-02,3.392e-02,4.536e-02
MGI:96398,ID3,5362,protein binding,GO:0005515,molecular function,11,373.0,1.153e-01,6.609e-02,5.218e-02,7.257e-01,1.148e-02,1.080e-01,1.232e-01,4.983e-02,8.767e-02,4.244e-02,6.417e-02
MGI:96398,ID3,5362,circadian regulation of gene expression,GO:0032922,biological process,11,5.0,1.289e-01,7.733e-02,6.682e-02,6.917e-01,2.336e-02,1.145e-01,1.451e-01,5.232e-02,1.143e-01,4.412e-02,1.012e-01
MGI:96398,ID3,5362,cell differentiation,GO:0030154,biological process,11,84.0,4.796e-01,4.593e-01,4.593e-01,3.007e-01,8.203e-02,2.741e-01,8.390e-01,2.505e-01,8.423e-01,2.505e-01,8.423e-01
MGI:1095408,TUBA3E,20765,microtubule cytoskeleton,GO:0015630,cellular component,9,6.0,1.229e-01,2.189e-01,5.421e-02,7.168e-01,4.660e-02,8.723e-02,1.732e-01,1.038e-01,4.613e-01,2.422e-02,1.213e-01
MGI:1095408,TUBA3E,20765,microtubule,GO:0005874,cellular component,9,11.0,1.594e-01,2.189e-01,8.657e-02,6.447e-01,6.927e-02,1.004e-01,2.530e-01,1.038e-01,4.613e-01,2.706e-02,2.770e-01
MGI:1095408,TUBA3E,20765,GTP binding,GO:0005525,molecular function,9,9.0,1.818e-01,2.247e-01,1.117e-01,5.978e-01,8.546e-02,9.080e-02,3.640e-01,1.035e-01,4.878e-01,3.125e-02,3.989e-01
MGI:1095408,TUBA3E,20765,microtubule cytoskeleton organization,GO:0000226,biological process,9,23.0,2.045e-01,2.694e-01,1.592e-01,5.547e-01,3.378e-02,1.506e-01,2.778e-01,1.917e-01,3.786e-01,9.981e-02,2.540e-01
MGI:1095408,TUBA3E,20765,protein binding,GO:0005515,molecular function,9,373.0,2.471e-01,2.694e-01,2.108e-01,5.048e-01,1.818e-02,2.065e-01,2.956e-01,1.917e-01,3.786e-01,1.682e-01,2.643e-01
MGI:1095408,TUBA3E,20765,mitotic cell cycle,GO:0000278,biological process,9,7.0,2.512e-01,3.315e-01,1.966e-01,4.886e-01,1.063e-01,1.020e-01,6.189e-01,1.695e-01,6.485e-01,6.354e-02,6.081e-01
MGI:1095408,TUBA3E,20765,cytoplasm,GO:0005737,cellular component,9,99.0,2.598e-01,2.694e-01,2.236e-01,4.921e-01,2.756e-02,1.999e-01,3.377e-01,1.917e-01,3.786e-01,1.588e-01,3.148e-01
MGI:1095408,TUBA3E,20765,structural constituent of cytoskeleton,GO:0005200,molecular function,9,5.0,2.614e-01,2.778e-01,2.224e-01,4.903e-01,4.171e-02,1.777e-01,3.846e-01,1.924e-01,4.012e-01,1.337e-01,3.699e-01
MGI:1095408,TUBA3E,20765,nucleus,GO:0005634,cellular component,9,87.0,2.616e-01,2.737e-01,2.272e-01,4.904e-01,1.476e-02,2.261e-01,3.026e-01,2.009e-01,3.729e-01,1.907e-01,2.707e-01
MGI:88450,COL17A1,2194,extracellular matrix structural constituent conferring tensile strength,GO:0030020,molecular function,13,8.0,1.025e-01,1.807e-02,2.491e-03,9.549e-01,9.335e-03,9.761e-02,1.076e-01,6.149e-03,5.312e-02,7.560e-04,8.209e-03
MGI:88450,COL17A1,2194,extracellular matrix organization,GO:0030198,biological process,13,18.0,1.025e-01,3.301e-02,1.343e-02,8.862e-01,1.423e-02,9.761e-02,1.076e-01,2.790e-02,3.907e-02,8.599e-03,2.098e-02
MGI:88450,COL17A1,2194,collagen-containing extracellular matrix,GO:0062023,cellular component,13,32.0,1.025e-01,3.301e-02,1.639e-02,8.668e-01,2.080e-02,9.761e-02,1.076e-01,2.790e-02,3.907e-02,1.007e-02,2.665e-02
MGI:88450,COL17A1,2194,hemidesmosome assembly,GO:0031581,biological process,13,2.0,1.025e-01,3.301e-02,1.801e-02,8.621e-01,7.832e-04,9.761e-02,1.076e-01,2.790e-02,3.907e-02,1.771e-02,1.831e-02
MGI:88450,COL17A1,2194,hemidesmosome,GO:0030056,cellular component,13,2.0,1.025e-01,3.301e-02,2.029e-02,8.473e-01,1.001e-02,9.761e-02,1.076e-01,2.790e-02,3.907e-02,1.667e-02,2.469e-02
MGI:88450,COL17A1,2194,heparin binding,GO:0008201,molecular function,13,7.0,1.025e-01,3.538e-02,2.574e-02,8.171e-01,7.837e-03,9.761e-02,1.076e-01,3.226e-02,3.880e-02,2.224e-02,2.978e-02
MGI:88450,COL17A1,2194,extracellular space,GO:0005615,cellular component,13,55.0,1.108e-01,5.176e-02,4.529e-02,7.442e-01,1.073e-02,9.974e-02,1.232e-01,4.231e-02,6.333e-02,3.702e-02,5.542e-02
MGI:88450,COL17A1,2194,protein binding,GO:0005515,molecular function,13,373.0,1.522e-01,9.879e-02,9.879e-02,6.356e-01,1.445e-02,1.310e-01,1.769e-01,7.840e-02,1.245e-01,7.840e-02,1.245e-01
MGI:1915909,GASK1B,25312,Golgi apparatus,GO:0005794,cellular component,2,20.0,1.033e-01,2.927e-02,2.927e-02,8.000e-01,1.635e-02,9.881e-02,1.079e-01,2.160e-02,3.965e-02,2.160e-02,3.965e-02
MGI:1921915,DRC3,25384,protein binding,GO:0005515,molecular function,4,373.0,4.969e-01,7.160e-01,4.836e-01,3.100e-01,1.016e-02,4.569e-01,5.403e-01,5.983e-01,8.568e-01,4.447e-01,5.258e-01
MGI:1921915,DRC3,25384,cytoplasm,GO:0005737,cellular component,4,99.0,5.204e-01,7.160e-01,5.080e-01,2.944e-01,1.863e-02,4.502e-01,6.016e-01,5.983e-01,8.568e-01,4.375e-01,5.898e-01
MGI:1921915,DRC3,25384,cilium,GO:0005929,cellular component,4,7.0,6.309e-01,7.216e-01,6.225e-01,2.197e-01,4.101e-02,4.957e-01,8.032e-01,6.118e-01,8.511e-01,4.828e-01,8.026e-01
MGI:1921915,DRC3,25384,axoneme,GO:0005930,cellular component,4,4.0,6.709e-01,7.301e-01,6.633e-01,1.855e-01,5.932e-02,4.654e-01,9.670e-01,6.030e-01,8.839e-01,4.543e-01,9.685e-01
MGI:107783,ZNF471,23226,"DNA-binding transcription factor activity, RNA polymerase II-specific",GO:0000981,molecular function,4,20.0,1.025e-01,3.041e-02,1.928e-02,8.532e-01,6.444e-03,9.761e-02,1.076e-01,2.637e-02,3.506e-02,1.696e-02,2.192e-02
MGI:107783,ZNF471,23226,regulation of transcription by RNA polymerase II,GO:0006357,biological process,4,27.0,1.025e-01,3.041e-02,1.990e-02,8.487e-01,1.455e-02,9.761e-02,1.076e-01,2.637e-02,3.506e-02,1.498e-02,2.644e-02
MGI:107783,ZNF471,23226,RNA polymerase II cis-regulatory region sequence-specific DNA binding,GO:0000978,molecular function,4,27.0,1.025e-01,3.041e-02,2.015e-02,8.483e-01,3.676e-03,9.761e-02,1.076e-01,2.637e-02,3.506e-02,1.878e-02,2.162e-02
MGI:107783,ZNF471,23226,nucleus,GO:0005634,cellular component,4,87.0,1.206e-01,5.958e-02,5.958e-02,7.084e-01,6.183e-03,1.097e-01,1.325e-01,5.361e-02,6.620e-02,5.361e-02,6.620e-02
MGI:2135951,MPV17L,26827,intracellular membrane-bounded organelle,GO:0043231,cellular component,5,58.0,1.301e-01,2.482e-01,6.663e-02,6.900e-01,3.434e-02,1.026e-01,1.651e-01,1.797e-01,3.428e-01,3.668e-02,1.210e-01
MGI:2135951,MPV17L,26827,mitochondrion,GO:0005739,cellular component,5,22.0,1.808e-01,2.542e-01,1.332e-01,5.880e-01,1.083e-02,1.651e-01,1.978e-01,1.920e-01,3.366e-01,1.142e-01,1.554e-01
MGI:2135951,MPV17L,26827,negative regulation of hydrogen peroxide biosynthetic process,GO:0010730,biological process,5,5.0,1.894e-01,2.519e-01,1.371e-01,5.758e-01,5.346e-02,1.177e-01,3.047e-01,1.782e-01,3.561e-01,6.542e-02,2.872e-01
MGI:2135951,MPV17L,26827,cytoplasm,GO:0005737,cellular component,5,99.0,3.365e-01,3.765e-01,3.093e-01,4.228e-01,2.916e-02,2.611e-01,4.337e-01,2.822e-01,5.024e-01,2.276e-01,4.205e-01
MGI:2135951,MPV17L,26827,negative regulation of mitochondrial outer membrane permeabilization involved in apoptotic signaling pathway,GO:1901029,biological process,5,5.0,4.715e-01,4.800e-01,4.456e-01,3.147e-01,7.223e-02,2.660e-01,8.359e-01,2.863e-01,8.047e-01,2.298e-01,8.643e-01
MGI:1922396,MFSD13A,26196,protein binding,GO:0005515,molecular function,2,373.0,1.053e-01,3.702e-02,3.702e-02,7.697e-01,8.511e-03,1.011e-01,1.098e-01,3.144e-02,4.359e-02,3.144e-02,4.359e-02
MGI:1918586,RBKS,30325,identical protein binding,GO:0042802,molecular function,5,28.0,1.025e-01,4.293e-02,2.478e-02,8.221e-01,3.874e-03,9.761e-02,1.076e-01,4.114e-02,4.479e-02,2.303e-02,2.665e-02
MGI:1918586,RBKS,30325,cytosol,GO:0005829,cellular component,5,76.0,1.064e-01,4.293e-02,3.870e-02,7.641e-01,8.071e-03,9.882e-02,1.145e-01,4.114e-02,4.479e-02,3.319e-02,4.513e-02
MGI:1918586,RBKS,30325,protein binding,GO:0005515,molecular function,5,373.0,1.074e-01,4.293e-02,4.123e-02,7.560e-01,4.541e-03,1.044e-01,1.105e-01,4.114e-02,4.479e-02,3.778e-02,4.499e-02
MGI:1342772,KLF2,6347,negative regulation of transcription by RNA polymerase II,GO:0000122,biological process,22,16.0,1.025e-01,3.845e-02,7.685e-03,8.976e-01,3.209e-02,9.761e-02,1.076e-01,2.326e-02,6.357e-02,1.512e-03,3.906e-02
MGI:1342772,KLF2,6347,DNA-binding transcription factor activity,GO:0003700,molecular function,22,10.0,1.025e-01,4.076e-02,1.752e-02,8.639e-01,8.207e-03,9.761e-02,1.076e-01,2.606e-02,6.376e-02,1.472e-02,2.085e-02
MGI:1342772,KLF2,6347,positive regulation of transcription by RNA polymerase II,GO:0045944,biological process,22,23.0,1.025e-01,4.076e-02,1.894e-02,8.549e-01,1.231e-02,9.761e-02,1.076e-01,2.606e-02,6.376e-02,1.473e-02,2.435e-02
MGI:1342772,KLF2,6347,sequence-specific double-stranded DNA binding,GO:1990837,molecular function,22,22.0,1.025e-01,4.033e-02,1.516e-02,8.704e-01,2.948e-02,9.765e-02,1.076e-01,2.556e-02,6.362e-02,7.701e-03,2.984e-02
MGI:1342772,KLF2,6347,negative regulation of sprouting angiogenesis,GO:1903671,biological process,22,5.0,1.027e-01,4.502e-02,2.590e-02,8.159e-01,1.385e-02,9.786e-02,1.077e-01,3.167e-02,6.401e-02,2.009e-02,3.339e-02
MGI:1342772,KLF2,6347,DNA binding,GO:0003677,molecular function,22,23.0,1.031e-01,4.033e-02,1.924e-02,8.462e-01,3.176e-02,9.876e-02,1.077e-01,2.556e-02,6.362e-02,9.638e-03,3.842e-02
MGI:1342772,KLF2,6347,"DNA-binding transcription factor activity, RNA polymerase II-specific",GO:0000981,molecular function,22,20.0,1.032e-01,4.033e-02,1.766e-02,8.484e-01,3.739e-02,9.891e-02,1.077e-01,2.556e-02,6.362e-02,7.020e-03,4.443e-02
MGI:1342772,KLF2,6347,positive regulation of DNA-templated transcription,GO:0045893,biological process,22,24.0,1.042e-01,4.591e-02,2.236e-02,8.221e-01,4.101e-02,9.968e-02,1.090e-01,3.158e-02,6.676e-02,8.574e-03,5.831e-02
MGI:1342772,KLF2,6347,positive regulation of nitric oxide biosynthetic process,GO:0045429,biological process,22,4.0,1.059e-01,5.088e-02,1.488e-02,8.473e-01,5.112e-02,9.461e-02,1.186e-01,3.122e-02,8.293e-02,3.311e-03,6.683e-02
MGI:1342772,KLF2,6347,RNA polymerase II cis-regulatory region sequence-specific DNA binding,GO:0000978,molecular function,22,27.0,1.090e-01,4.632e-02,2.408e-02,8.208e-01,5.034e-02,9.864e-02,1.204e-01,2.308e-02,9.295e-02,9.177e-03,6.321e-02
MGI:1342772,KLF2,6347,cellular response to laminar fluid shear stress,GO:0071499,biological process,22,4.0,1.097e-01,5.473e-02,1.991e-02,8.132e-01,5.987e-02,9.166e-02,1.314e-01,3.071e-02,9.754e-02,3.894e-03,1.018e-01
MGI:1342772,KLF2,6347,regulation of transcription by RNA polymerase II,GO:0006357,biological process,22,27.0,1.118e-01,4.591e-02,1.742e-02,8.395e-01,6.721e-02,9.649e-02,1.296e-01,2.259e-02,9.330e-02,4.102e-03,7.399e-02
MGI:1342772,KLF2,6347,positive regulation of retinoic acid receptor signaling pathway,GO:0048386,biological process,22,3.0,1.157e-01,5.519e-02,4.286e-02,7.494e-01,4.232e-02,9.496e-02,1.409e-01,2.852e-02,1.068e-01,1.999e-02,9.188e-02
MGI:1342772,KLF2,6347,chromatin,GO:0000785,cellular component,22,7.0,1.268e-01,5.361e-02,3.564e-02,7.671e-01,7.941e-02,8.586e-02,1.871e-01,2.007e-02,1.432e-01,8.950e-03,1.419e-01
MGI:1342772,KLF2,6347,cellular stress response to acid chemical,GO:0097533,biological process,22,2.0,1.281e-01,7.450e-02,5.465e-02,7.146e-01,5.811e-02,9.131e-02,1.798e-01,3.051e-02,1.819e-01,1.970e-02,1.516e-01
MGI:1342772,KLF2,6347,cellular response to fluid shear stress,GO:0071498,biological process,22,7.0,1.298e-01,7.254e-02,5.530e-02,7.140e-01,5.698e-02,9.737e-02,1.731e-01,3.084e-02,1.706e-01,1.987e-02,1.539e-01
MGI:1342772,KLF2,6347,vasodilation,GO:0042311,biological process,22,11.0,1.310e-01,8.377e-02,5.007e-02,7.219e-01,7.392e-02,8.675e-02,1.978e-01,4.408e-02,1.592e-01,1.359e-02,1.845e-01
MGI:1342772,KLF2,6347,protein binding,GO:0005515,molecular function,22,373.0,1.330e-01,6.732e-02,5.739e-02,7.070e-01,6.076e-02,9.565e-02,1.848e-01,3.002e-02,1.510e-01,2.018e-02,1.632e-01
MGI:1342772,KLF2,6347,positive regulation of protein metabolic process,GO:0051247,biological process,22,17.0,1.466e-01,8.388e-02,7.321e-02,6.692e-01,7.267e-02,8.926e-02,2.409e-01,2.904e-02,2.422e-01,2.226e-02,2.408e-01
MGI:1913425,MUSTN1,22144,,,,0,nan,,,,,,,,,,,
MGI:1915646,NAT8B,30235,"lysine N-acetyltransferase activity, acting on acetyl phosphate as donor",GO:0004468,molecular function,10,2.0,1.065e-01,2.191e-01,3.411e-02,7.804e-01,2.693e-02,1.005e-01,1.128e-01,1.674e-01,2.868e-01,2.063e-02,5.641e-02
MGI:1915646,NAT8B,30235,endoplasmic reticulum-Golgi intermediate compartment,GO:0005793,cellular component,10,2.0,1.161e-01,2.191e-01,5.357e-02,7.222e-01,1.082e-02,1.026e-01,1.314e-01,1.674e-01,2.868e-01,4.410e-02,6.507e-02
MGI:1915646,NAT8B,30235,endoplasmic reticulum membrane,GO:0005789,cellular component,10,17.0,1.392e-01,2.303e-01,8.183e-02,6.631e-01,2.186e-02,1.143e-01,1.695e-01,1.648e-01,3.218e-01,5.680e-02,1.179e-01
MGI:1915646,NAT8B,30235,endoplasmic reticulum-Golgi intermediate compartment membrane,GO:0033116,cellular component,10,2.0,1.648e-01,2.581e-01,1.099e-01,6.162e-01,3.405e-02,1.227e-01,2.214e-01,1.530e-01,4.354e-01,6.488e-02,1.860e-01
MGI:1915646,NAT8B,30235,peptidyl-lysine N6-acetylation,GO:0018003,biological process,10,2.0,2.760e-01,3.467e-01,2.331e-01,4.757e-01,5.914e-02,1.610e-01,4.732e-01,1.872e-01,6.422e-01,1.118e-01,4.860e-01
MGI:1915646,NAT8B,30235,amyloid-beta metabolic process,GO:0050435,biological process,10,3.0,2.772e-01,3.196e-01,2.347e-01,4.727e-01,6.402e-02,1.586e-01,4.847e-01,2.045e-01,4.995e-01,1.160e-01,4.747e-01
MGI:1915646,NAT8B,30235,N-acetyltransferase activity,GO:0008080,molecular function,10,32.0,2.911e-01,3.196e-01,2.502e-01,4.582e-01,6.696e-02,1.634e-01,5.185e-01,2.045e-01,4.995e-01,1.226e-01,5.107e-01
MGI:1915646,NAT8B,30235,protein binding,GO:0005515,molecular function,10,373.0,3.635e-01,4.433e-01,3.403e-01,4.021e-01,1.793e-02,3.131e-01,4.220e-01,3.853e-01,5.100e-01,2.837e-01,4.082e-01
MGI:1915646,NAT8B,30235,negative regulation of apoptotic process,GO:0043066,biological process,10,31.0,3.690e-01,3.968e-01,3.082e-01,3.781e-01,1.215e-01,1.374e-01,9.908e-01,1.663e-01,9.470e-01,8.409e-02,1.130e+00
MGI:1915646,NAT8B,30235,positive regulation of gene expression,GO:0010628,biological process,10,28.0,5.413e-01,6.007e-01,5.248e-01,2.708e-01,6.083e-02,3.479e-01,8.422e-01,4.538e-01,7.952e-01,3.219e-01,8.556e-01
MGI:2685339,USP35,20061,cysteine-type deubiquitinase activity,GO:0004843,molecular function,4,5.0,1.575e-01,2.540e-01,1.017e-01,6.302e-01,2.320e-02,1.342e-01,1.849e-01,2.395e-01,2.693e-01,7.125e-02,1.452e-01
MGI:2685339,USP35,20061,protein deubiquitination,GO:0016579,biological process,4,14.0,1.840e-01,2.540e-01,1.371e-01,5.831e-01,1.381e-02,1.645e-01,2.059e-01,2.395e-01,2.693e-01,1.129e-01,1.664e-01
MGI:2685339,USP35,20061,nucleus,GO:0005634,cellular component,4,87.0,2.587e-01,2.573e-01,2.244e-01,4.932e-01,8.263e-03,2.399e-01,2.790e-01,2.482e-01,2.666e-01,2.031e-01,2.479e-01
MGI:2685339,USP35,20061,cytosol,GO:0005829,cellular component,4,76.0,2.880e-01,2.573e-01,2.573e-01,4.656e-01,3.076e-03,2.776e-01,2.988e-01,2.482e-01,2.666e-01,2.482e-01,2.666e-01
MGI:3655979,IGFLR1,23620,plasma membrane,GO:0005886,cellular component,3,93.0,1.475e-01,1.194e-01,9.279e-02,6.451e-01,1.299e-02,1.277e-01,1.703e-01,8.999e-02,1.585e-01,7.531e-02,1.143e-01
MGI:3655979,IGFLR1,23620,nucleoplasm,GO:0005654,cellular component,3,49.0,1.641e-01,1.194e-01,1.130e-01,6.133e-01,2.534e-02,1.296e-01,2.077e-01,8.999e-02,1.585e-01,7.640e-02,1.672e-01
MGI:3655979,IGFLR1,23620,protein binding,GO:0005515,molecular function,3,373.0,1.646e-01,1.194e-01,1.143e-01,6.126e-01,1.575e-02,1.410e-01,1.921e-01,8.999e-02,1.585e-01,8.994e-02,1.452e-01
MGI:1917184,TRMT10B,26454,tRNA binding,GO:0000049,molecular function,10,4.0,1.121e-01,1.785e-01,3.809e-02,7.656e-01,3.814e-02,8.958e-02,1.404e-01,1.126e-01,2.828e-01,1.899e-02,7.638e-02
MGI:1917184,TRMT10B,26454,mitochondrial inner membrane,GO:0005743,cellular component,10,4.0,1.129e-01,1.785e-01,4.708e-02,7.391e-01,1.983e-02,9.892e-02,1.289e-01,1.126e-01,2.828e-01,3.256e-02,6.808e-02
MGI:1917184,TRMT10B,26454,protein insertion into mitochondrial inner membrane,GO:0045039,biological process,10,5.0,1.361e-01,1.785e-01,7.113e-02,6.765e-01,5.558e-02,8.747e-02,2.118e-01,1.126e-01,2.828e-01,2.872e-02,1.761e-01
MGI:1917184,TRMT10B,26454,TIM22 mitochondrial import inner membrane insertion complex,GO:0042721,cellular component,10,2.0,1.393e-01,1.785e-01,7.775e-02,6.647e-01,5.200e-02,8.942e-02,2.171e-01,1.126e-01,2.828e-01,3.420e-02,1.767e-01
MGI:1917184,TRMT10B,26454,tRNA N1-guanine methylation,GO:0002939,biological process,10,2.0,1.764e-01,1.899e-01,1.204e-01,5.950e-01,6.090e-02,1.020e-01,3.050e-01,1.229e-01,2.933e-01,5.179e-02,2.798e-01
MGI:1917184,TRMT10B,26454,nucleus,GO:0005634,cellular component,10,87.0,1.983e-01,2.192e-01,1.518e-01,5.638e-01,2.940e-02,1.515e-01,2.597e-01,1.330e-01,3.613e-01,1.001e-01,2.301e-01
MGI:1917184,TRMT10B,26454,tRNA (guanosine(9)-N1)-methyltransferase activity,GO:0052905,molecular function,10,2.0,2.053e-01,1.969e-01,1.595e-01,5.524e-01,4.389e-02,1.369e-01,3.079e-01,1.274e-01,3.043e-01,9.075e-02,2.803e-01
MGI:1917184,TRMT10B,26454,nucleoplasm,GO:0005654,cellular component,10,49.0,2.219e-01,2.192e-01,1.789e-01,5.339e-01,3.223e-02,1.648e-01,2.989e-01,1.330e-01,3.613e-01,1.158e-01,2.763e-01
MGI:1917184,TRMT10B,26454,cytosol,GO:0005829,cellular component,10,76.0,2.485e-01,2.242e-01,2.067e-01,5.046e-01,4.220e-02,1.683e-01,3.669e-01,1.329e-01,3.781e-01,1.197e-01,3.570e-01
MGI:1917184,TRMT10B,26454,protein binding,GO:0005515,molecular function,10,373.0,2.542e-01,2.368e-01,2.170e-01,4.973e-01,3.101e-02,1.898e-01,3.404e-01,1.562e-01,3.589e-01,1.489e-01,3.164e-01
MGI:2145541,H3C12,4774,nucleosome,GO:0000786,cellular component,25,8.0,1.025e-01,3.109e-02,7.904e-03,9.236e-01,4.318e-03,9.761e-02,1.076e-01,2.028e-02,4.767e-02,6.301e-03,9.916e-03
MGI:2145541,H3C12,4774,cadherin binding,GO:0045296,molecular function,25,8.0,1.025e-01,3.109e-02,9.239e-03,9.098e-01,1.665e-02,9.761e-02,1.076e-01,2.028e-02,4.767e-02,5.032e-03,1.697e-02
MGI:2145541,H3C12,4774,nucleus,GO:0005634,cellular component,25,87.0,1.025e-01,3.109e-02,1.597e-02,8.678e-01,2.681e-02,9.761e-02,1.076e-01,2.028e-02,4.767e-02,8.888e-03,2.869e-02
MGI:2145541,H3C12,4774,extracellular exosome,GO:0070062,cellular component,25,88.0,1.025e-01,3.109e-02,1.789e-02,8.574e-01,2.418e-02,9.761e-02,1.076e-01,2.028e-02,4.767e-02,1.064e-02,3.008e-02
MGI:2145541,H3C12,4774,nucleoplasm,GO:0005654,cellular component,25,49.0,1.026e-01,3.109e-02,1.962e-02,8.481e-01,2.595e-02,9.776e-02,1.076e-01,2.028e-02,4.767e-02,1.177e-02,3.272e-02
MGI:2145541,H3C12,4774,gene expression,GO:0010467,biological process,25,9.0,1.029e-01,4.165e-02,2.663e-02,8.111e-01,2.536e-02,9.829e-02,1.078e-01,3.765e-02,4.606e-02,1.633e-02,4.342e-02
MGI:2145541,H3C12,4774,protein binding,GO:0005515,molecular function,25,373.0,1.032e-01,3.109e-02,2.105e-02,8.384e-01,2.994e-02,9.891e-02,1.077e-01,2.028e-02,4.767e-02,1.149e-02,3.854e-02
MGI:2145541,H3C12,4774,membrane,GO:0016020,cellular component,25,60.0,1.034e-01,3.109e-02,2.131e-02,8.378e-01,2.991e-02,9.918e-02,1.078e-01,2.028e-02,4.767e-02,1.181e-02,3.847e-02
MGI:2145541,H3C12,4774,nucleosome assembly,GO:0006334,biological process,25,6.0,1.034e-01,3.897e-02,2.275e-02,8.282e-01,3.172e-02,9.679e-02,1.105e-01,3.012e-02,5.041e-02,1.183e-02,4.374e-02
MGI:2145541,H3C12,4774,epigenetic regulation of gene expression,GO:0040029,biological process,25,8.0,1.669e-01,6.650e-02,5.376e-02,6.862e-01,1.351e-01,6.602e-02,4.217e-01,1.010e-02,4.378e-01,7.242e-03,3.991e-01
MGI:2145541,H3C12,4774,protein-containing complex,GO:0032991,cellular component,25,295.0,3.025e-01,2.124e-01,2.124e-01,4.242e-01,1.662e-01,9.447e-02,9.688e-01,3.923e-02,1.150e+00,3.923e-02,1.150e+00
MGI:2448380,H2BC8,4746,innate immune response in mucosa,GO:0002227,biological process,22,4.0,1.025e-01,4.850e-02,1.706e-02,8.633e-01,2.282e-02,9.761e-02,1.076e-01,3.749e-02,6.274e-02,1.055e-02,2.760e-02
MGI:2448380,H2BC8,4746,identical protein binding,GO:0042802,molecular function,22,28.0,1.032e-01,5.295e-02,3.271e-02,7.858e-01,7.230e-03,9.892e-02,1.077e-01,4.565e-02,6.141e-02,2.868e-02,3.729e-02
MGI:2448380,H2BC8,4746,defense response to Gram-positive bacterium,GO:0050830,biological process,22,5.0,1.044e-01,4.850e-02,1.565e-02,8.587e-01,4.412e-02,9.589e-02,1.137e-01,3.749e-02,6.274e-02,5.511e-03,4.444e-02
MGI:2448380,H2BC8,4746,nucleus,GO:0005634,cellular component,22,87.0,1.054e-01,5.295e-02,3.514e-02,7.767e-01,1.627e-02,1.002e-01,1.109e-01,4.565e-02,6.141e-02,2.592e-02,4.763e-02
MGI:2448380,H2BC8,4746,antibacterial humoral response,GO:0019731,biological process,22,8.0,1.061e-01,4.850e-02,2.036e-02,8.398e-01,4.429e-02,9.446e-02,1.191e-01,3.749e-02,6.274e-02,8.409e-03,4.930e-02
MGI:2448380,H2BC8,4746,extracellular exosome,GO:0070062,cellular component,22,88.0,1.072e-01,5.295e-02,4.065e-02,7.578e-01,3.947e-03,1.043e-01,1.101e-01,4.565e-02,6.141e-02,3.769e-02,4.384e-02
MGI:2448380,H2BC8,4746,nucleoplasm,GO:0005654,cellular component,22,49.0,1.085e-01,5.295e-02,4.249e-02,7.523e-01,1.180e-02,1.012e-01,1.163e-01,4.565e-02,6.141e-02,3.395e-02,5.318e-02
MGI:2448380,H2BC8,4746,protein binding,GO:0005515,molecular function,22,373.0,1.112e-01,5.383e-02,4.718e-02,7.386e-01,1.277e-02,1.069e-01,1.158e-01,4.569e-02,6.342e-02,3.717e-02,5.990e-02
MGI:2448380,H2BC8,4746,cytosol,GO:0005829,cellular component,22,76.0,1.114e-01,5.295e-02,4.681e-02,7.400e-01,7.026e-03,1.028e-01,1.209e-01,4.565e-02,6.141e-02,4.098e-02,5.346e-02
MGI:2448380,H2BC8,4746,extracellular space,GO:0005615,cellular component,22,55.0,1.115e-01,5.295e-02,4.722e-02,7.387e-01,7.273e-03,1.029e-01,1.209e-01,4.565e-02,6.141e-02,4.116e-02,5.417e-02
MGI:2448380,H2BC8,4746,antimicrobial humoral immune response mediated by antimicrobial peptide,GO:0061844,biological process,22,4.0,1.143e-01,5.680e-02,3.336e-02,7.790e-01,5.533e-02,8.816e-02,1.481e-01,3.535e-02,9.128e-02,1.169e-02,9.518e-02
MGI:2446630,AGO1,3262,polysome,GO:0005844,cellular component,31,2.0,1.025e-01,5.995e-02,1.008e-02,9.081e-01,1.189e-02,9.761e-02,1.076e-01,5.368e-02,6.695e-02,6.721e-03,1.513e-02
MGI:2446630,AGO1,3262,RNA binding,GO:0003723,molecular function,31,46.0,1.025e-01,5.995e-02,1.651e-02,8.711e-01,2.400e-03,9.761e-02,1.076e-01,5.368e-02,6.695e-02,1.556e-02,1.751e-02
MGI:2446630,AGO1,3262,miRNA processing,GO:0035196,biological process,31,4.0,1.025e-01,5.995e-02,1.821e-02,8.596e-01,8.113e-03,9.761e-02,1.076e-01,5.368e-02,6.695e-02,1.535e-02,2.161e-02
MGI:2446630,AGO1,3262,double-stranded RNA binding,GO:0003725,molecular function,31,5.0,1.025e-01,5.995e-02,1.808e-02,8.587e-01,1.539e-02,9.761e-02,1.076e-01,5.368e-02,6.695e-02,1.286e-02,2.540e-02
MGI:2446630,AGO1,3262,single-stranded RNA binding,GO:0003727,molecular function,31,7.0,1.025e-01,5.995e-02,1.895e-02,8.544e-01,1.608e-02,9.761e-02,1.076e-01,5.368e-02,6.695e-02,1.370e-02,2.620e-02
MGI:2446630,AGO1,3262,ribonucleoprotein complex,GO:1990904,cellular component,31,27.0,1.025e-01,5.995e-02,1.941e-02,8.510e-01,1.839e-02,9.761e-02,1.076e-01,5.368e-02,6.695e-02,1.347e-02,2.797e-02
MGI:2446630,AGO1,3262,RNA polymerase II complex binding,GO:0000993,molecular function,31,5.0,1.025e-01,5.995e-02,2.051e-02,8.461e-01,7.593e-03,9.761e-02,1.076e-01,5.368e-02,6.695e-02,1.770e-02,2.377e-02
MGI:2446630,AGO1,3262,pre-miRNA processing,GO:0031054,biological process,31,3.0,1.025e-01,5.995e-02,2.144e-02,8.405e-01,7.512e-03,9.761e-02,1.076e-01,5.368e-02,6.695e-02,1.855e-02,2.477e-02
MGI:2446630,AGO1,3262,cytoplasmic ribonucleoprotein granule,GO:0036464,cellular component,31,13.0,1.025e-01,5.995e-02,2.462e-02,8.227e-01,1.561e-02,9.761e-02,1.076e-01,5.368e-02,6.695e-02,1.837e-02,3.299e-02
MGI:2446630,AGO1,3262,nuclear-transcribed mRNA catabolic process,GO:0000956,biological process,31,14.0,1.026e-01,6.233e-02,2.834e-02,8.048e-01,6.211e-03,9.776e-02,1.076e-01,5.560e-02,6.987e-02,2.534e-02,3.169e-02
MGI:2446630,AGO1,3262,positive regulation of transcription by RNA polymerase II,GO:0045944,biological process,31,23.0,1.028e-01,6.199e-02,2.571e-02,8.170e-01,1.756e-02,9.813e-02,1.077e-01,5.204e-02,7.384e-02,1.855e-02,3.563e-02
MGI:2446630,AGO1,3262,core promoter sequence-specific DNA binding,GO:0001046,molecular function,31,4.0,1.037e-01,6.546e-02,3.096e-02,7.927e-01,1.545e-02,9.980e-02,1.077e-01,5.537e-02,7.739e-02,2.333e-02,4.110e-02
MGI:2446630,AGO1,3262,negative regulation of angiogenesis,GO:0016525,biological process,31,8.0,1.068e-01,6.722e-02,3.396e-02,7.810e-01,2.645e-02,1.014e-01,1.124e-01,5.460e-02,8.275e-02,2.071e-02,5.569e-02
MGI:2446630,AGO1,3262,RISC complex,GO:0016442,cellular component,31,2.0,1.078e-01,7.061e-02,4.092e-02,7.574e-01,1.340e-02,1.073e-01,1.083e-01,5.561e-02,8.966e-02,3.182e-02,5.262e-02
MGI:2446630,AGO1,3262,RISC-loading complex,GO:0070578,cellular component,31,2.0,1.299e-01,9.519e-02,6.827e-02,6.884e-01,2.439e-02,1.145e-01,1.474e-01,7.233e-02,1.253e-01,4.458e-02,1.046e-01
MGI:2446630,AGO1,3262,RNA secondary structure unwinding,GO:0010501,biological process,31,2.0,1.315e-01,9.851e-02,6.947e-02,6.828e-01,4.207e-02,9.304e-02,1.858e-01,6.829e-02,1.421e-01,3.466e-02,1.393e-01
MGI:2446630,AGO1,3262,regulatory ncRNA-mediated post-transcriptional gene silencing,GO:0035194,biological process,31,10.0,1.334e-01,9.956e-02,7.486e-02,6.760e-01,1.294e-02,1.199e-01,1.485e-01,8.844e-02,1.121e-01,6.020e-02,9.310e-02
MGI:2446630,AGO1,3262,miRNA binding,GO:0035198,molecular function,31,3.0,1.336e-01,9.604e-02,7.423e-02,6.770e-01,2.120e-02,1.166e-01,1.532e-01,7.817e-02,1.180e-01,5.190e-02,1.062e-01
MGI:2446630,AGO1,3262,RISC complex assembly,GO:0070922,biological process,31,2.0,1.351e-01,1.046e-01,7.639e-02,6.729e-01,2.183e-02,1.095e-01,1.665e-01,8.620e-02,1.269e-01,5.321e-02,1.097e-01
MGI:2446630,AGO1,3262,miRNA-mediated gene silencing by inhibition of translation,GO:0035278,biological process,31,3.0,1.359e-01,1.016e-01,7.831e-02,6.703e-01,7.381e-03,1.237e-01,1.492e-01,9.102e-02,1.135e-01,6.892e-02,8.898e-02
MGI:2446630,AGO1,3262,nucleus,GO:0005634,cellular component,31,87.0,1.439e-01,1.081e-01,8.719e-02,6.547e-01,1.027e-02,1.394e-01,1.486e-01,9.924e-02,1.177e-01,7.379e-02,1.030e-01
MGI:2446630,AGO1,3262,cytosol,GO:0005829,cellular component,31,76.0,1.676e-01,1.299e-01,1.172e-01,6.091e-01,9.580e-03,1.549e-01,1.813e-01,1.147e-01,1.471e-01,1.018e-01,1.349e-01
MGI:2446630,AGO1,3262,protein binding,GO:0005515,molecular function,31,373.0,1.896e-01,1.507e-01,1.431e-01,5.757e-01,1.351e-02,1.726e-01,2.084e-01,1.283e-01,1.770e-01,1.182e-01,1.733e-01
MGI:2446630,AGO1,3262,cytoplasm,GO:0005737,cellular component,31,99.0,2.006e-01,1.579e-01,1.579e-01,5.590e-01,9.616e-03,1.857e-01,2.167e-01,1.384e-01,1.802e-01,1.384e-01,1.802e-01
MGI:1890682,EVI2B,3500,positive regulation of neutrophil differentiation,GO:0045660,biological process,3,3.0,1.025e-01,3.282e-03,1.094e-03,9.713e-01,3.978e-03,9.761e-02,1.076e-01,1.497e-03,7.197e-03,4.988e-04,2.399e-03
MGI:1890682,EVI2B,3500,positive regulation of granulocyte differentiation,GO:0030854,biological process,3,6.0,1.025e-01,1.357e-02,9.856e-03,9.123e-01,4.060e-03,9.761e-02,1.076e-01,9.767e-03,1.887e-02,8.316e-03,1.168e-02
MGI:1890682,EVI2B,3500,regulation of stem cell division,GO:2000035,biological process,3,4.0,1.025e-01,1.501e-02,1.501e-02,8.756e-01,1.689e-02,9.761e-02,1.076e-01,9.608e-03,2.345e-02,9.608e-03,2.345e-02
MGI:2447794,SFMBT2,20256,histone binding,GO:0042393,molecular function,12,6.0,1.025e-01,1.500e-01,2.157e-02,8.386e-01,1.513e-02,9.761e-02,1.076e-01,1.223e-01,1.841e-01,1.602e-02,2.905e-02
MGI:2447794,SFMBT2,20256,aggresome,GO:0016235,cellular component,12,3.0,1.136e-01,1.500e-01,4.972e-02,7.319e-01,1.201e-02,1.022e-01,1.263e-01,1.223e-01,1.841e-01,3.971e-02,6.225e-02
MGI:2447794,SFMBT2,20256,negative regulation of DNA-templated transcription,GO:0045892,biological process,12,24.0,1.166e-01,1.500e-01,5.164e-02,7.264e-01,2.104e-02,1.012e-01,1.342e-01,1.223e-01,1.841e-01,3.502e-02,7.615e-02
MGI:2447794,SFMBT2,20256,nuclear speck,GO:0016607,cellular component,12,9.0,1.307e-01,1.500e-01,6.745e-02,6.888e-01,3.338e-02,1.008e-01,1.696e-01,1.223e-01,1.841e-01,3.734e-02,1.218e-01
MGI:2447794,SFMBT2,20256,intracellular membrane-bounded organelle,GO:0043231,cellular component,12,58.0,1.393e-01,1.636e-01,8.083e-02,6.653e-01,1.706e-02,1.260e-01,1.540e-01,1.452e-01,1.844e-01,6.084e-02,1.074e-01
MGI:2447794,SFMBT2,20256,nucleus,GO:0005634,cellular component,12,87.0,1.541e-01,1.646e-01,1.011e-01,6.325e-01,6.821e-03,1.448e-01,1.640e-01,1.459e-01,1.856e-01,9.080e-02,1.126e-01
MGI:2447794,SFMBT2,20256,nucleoplasm,GO:0005654,cellular component,12,49.0,1.745e-01,1.646e-01,1.274e-01,5.955e-01,9.050e-03,1.581e-01,1.925e-01,1.459e-01,1.856e-01,1.117e-01,1.453e-01
MGI:2447794,SFMBT2,20256,cytosol,GO:0005829,cellular component,12,76.0,1.896e-01,1.741e-01,1.448e-01,5.739e-01,4.811e-03,1.846e-01,1.947e-01,1.464e-01,2.071e-01,1.353e-01,1.550e-01
MGI:2447794,SFMBT2,20256,nuclear body,GO:0016604,cellular component,12,16.0,1.982e-01,1.894e-01,1.316e-01,5.701e-01,8.602e-02,9.561e-02,4.107e-01,9.905e-02,3.622e-01,3.902e-02,4.438e-01
MGI:2447794,SFMBT2,20256,negative regulation of gene expression,GO:0010629,biological process,12,21.0,2.003e-01,1.962e-01,1.462e-01,5.667e-01,4.671e-02,1.331e-01,3.014e-01,1.344e-01,2.864e-01,7.830e-02,2.729e-01
MGI:2447794,SFMBT2,20256,protein binding,GO:0005515,molecular function,12,373.0,2.045e-01,1.851e-01,1.610e-01,5.550e-01,1.527e-02,1.775e-01,2.356e-01,1.409e-01,2.432e-01,1.312e-01,1.974e-01
MGI:2447794,SFMBT2,20256,chromatin binding,GO:0003682,molecular function,12,6.0,2.454e-01,2.199e-01,2.024e-01,5.096e-01,3.755e-02,1.762e-01,3.419e-01,1.476e-01,3.277e-01,1.248e-01,3.283e-01
MGI:96623,ITPR1,6180,platelet dense granule membrane,GO:0031088,cellular component,24,2.0,1.025e-01,3.330e-02,8.259e-03,9.212e-01,5.069e-03,9.761e-02,1.076e-01,2.927e-02,3.789e-02,6.372e-03,1.070e-02
MGI:96623,ITPR1,6180,membrane,GO:0016020,cellular component,24,60.0,1.025e-01,3.330e-02,1.526e-02,8.780e-01,8.646e-03,9.761e-02,1.076e-01,2.927e-02,3.789e-02,1.222e-02,1.904e-02
MGI:96623,ITPR1,6180,platelet dense tubular network,GO:0031094,cellular component,24,2.0,1.025e-01,3.330e-02,1.807e-02,8.610e-01,6.114e-03,9.761e-02,1.076e-01,2.927e-02,3.789e-02,1.589e-02,2.054e-02
MGI:96623,ITPR1,6180,plasma membrane,GO:0005886,cellular component,24,93.0,1.025e-01,3.334e-02,1.811e-02,8.576e-01,2.099e-02,9.761e-02,1.076e-01,2.924e-02,3.801e-02,1.174e-02,2.794e-02
MGI:96623,ITPR1,6180,sarcoplasmic reticulum,GO:0016529,cellular component,24,2.0,1.025e-01,3.340e-02,1.350e-02,8.795e-01,2.429e-02,9.761e-02,1.076e-01,2.942e-02,3.791e-02,6.614e-03,2.755e-02
MGI:96623,ITPR1,6180,secretory granule membrane,GO:0030667,cellular component,24,14.0,1.025e-01,3.340e-02,1.795e-02,8.607e-01,1.349e-02,9.761e-02,1.076e-01,2.942e-02,3.791e-02,1.360e-02,2.371e-02
MGI:96623,ITPR1,6180,calcium channel inhibitor activity,GO:0019855,molecular function,24,3.0,1.025e-01,3.370e-02,1.469e-02,8.759e-01,1.868e-02,9.761e-02,1.076e-01,2.996e-02,3.790e-02,8.496e-03,2.539e-02
MGI:96623,ITPR1,6180,"inositol 1,4,5 trisphosphate binding",GO:0070679,molecular function,24,3.0,1.025e-01,3.389e-02,1.898e-02,8.515e-01,2.150e-02,9.761e-02,1.076e-01,3.026e-02,3.796e-02,1.194e-02,3.016e-02
MGI:96623,ITPR1,6180,calcium ion binding,GO:0005509,molecular function,24,12.0,1.025e-01,3.334e-02,1.580e-02,8.662e-01,3.044e-02,9.762e-02,1.076e-01,2.924e-02,3.801e-02,7.905e-03,3.160e-02
MGI:96623,ITPR1,6180,phosphatidylinositol binding,GO:0035091,molecular function,24,5.0,1.026e-01,3.389e-02,1.841e-02,8.553e-01,2.476e-02,9.776e-02,1.076e-01,3.026e-02,3.796e-02,1.121e-02,3.025e-02
MGI:96623,ITPR1,6180,endoplasmic reticulum membrane,GO:0005789,cellular component,24,17.0,1.036e-01,3.385e-02,1.709e-02,8.574e-01,3.757e-02,9.907e-02,1.083e-01,2.881e-02,3.978e-02,7.758e-03,3.763e-02
MGI:96623,ITPR1,6180,protein binding,GO:0005515,molecular function,24,373.0,1.040e-01,3.385e-02,2.253e-02,8.325e-01,2.958e-02,9.936e-02,1.088e-01,2.881e-02,3.978e-02,1.285e-02,3.948e-02
MGI:96623,ITPR1,6180,"inositol 1,4,5-trisphosphate-sensitive calcium-release channel activity",GO:0005220,molecular function,24,3.0,1.048e-01,3.959e-02,3.488e-02,7.775e-01,1.198e-02,9.870e-02,1.112e-01,3.190e-02,4.912e-02,2.801e-02,4.345e-02
MGI:96623,ITPR1,6180,response to hypoxia,GO:0001666,biological process,24,7.0,1.115e-01,4.690e-02,3.382e-02,7.812e-01,4.128e-02,9.009e-02,1.379e-01,2.651e-02,8.297e-02,1.584e-02,7.218e-02
MGI:96623,ITPR1,6180,negative regulation of calcium-mediated signaling,GO:0050849,biological process,24,6.0,1.172e-01,5.031e-02,4.269e-02,7.492e-01,4.886e-02,8.602e-02,1.598e-01,2.489e-02,1.017e-01,1.797e-02,1.014e-01
MGI:96623,ITPR1,6180,release of sequestered calcium ion into cytosol,GO:0051209,biological process,24,8.0,1.173e-01,5.290e-02,4.779e-02,7.347e-01,4.003e-02,8.797e-02,1.564e-01,2.764e-02,1.012e-01,2.348e-02,9.727e-02
MGI:1919011,AMDHD1,28577,histidine catabolic process,GO:0006548,biological process,2,9.0,1.672e-01,1.975e-01,9.874e-02,6.256e-01,6.283e-02,1.090e-01,2.564e-01,6.998e-02,5.573e-01,3.499e-02,2.786e-01
MGI:1919011,AMDHD1,28577,imidazolonepropionase activity,GO:0050480,molecular function,2,2.0,3.440e-01,3.132e-01,3.132e-01,4.142e-01,5.158e-02,2.190e-01,5.403e-01,1.797e-01,5.461e-01,1.797e-01,5.461e-01
MGI:1915643,MOGAT1,18210,endoplasmic reticulum membrane,GO:0005789,cellular component,8,17.0,1.025e-01,5.659e-03,1.889e-03,9.607e-01,9.361e-03,9.761e-02,1.076e-01,3.202e-03,1.000e-02,6.339e-04,5.631e-03
MGI:1915643,MOGAT1,18210,triglyceride biosynthetic process,GO:0019432,biological process,8,4.0,1.025e-01,1.207e-02,8.717e-03,9.027e-01,2.983e-02,9.761e-02,1.076e-01,5.614e-03,2.593e-02,3.250e-03,2.338e-02
MGI:1915643,MOGAT1,18210,diacylglycerol biosynthetic process,GO:0006651,biological process,8,4.0,1.025e-01,1.207e-02,1.036e-02,8.932e-01,3.164e-02,9.761e-02,1.076e-01,5.614e-03,2.593e-02,4.107e-03,2.612e-02
MGI:1915643,MOGAT1,18210,diacylglycerol O-acyltransferase activity,GO:0004144,molecular function,8,3.0,1.025e-01,1.218e-02,1.033e-02,9.061e-01,1.291e-02,9.761e-02,1.076e-01,5.737e-03,2.587e-02,6.673e-03,1.600e-02
MGI:1924923,DEFB110,18091,chemoattractant activity,GO:0042056,molecular function,5,3.0,1.043e-01,6.973e-02,3.100e-02,7.929e-01,1.891e-02,1.002e-01,1.085e-01,5.110e-02,9.515e-02,2.182e-02,4.405e-02
MGI:1924923,DEFB110,18091,cell chemotaxis,GO:0060326,biological process,5,19.0,1.095e-01,8.255e-02,4.391e-02,7.479e-01,1.211e-02,1.032e-01,1.163e-01,6.458e-02,1.055e-01,3.491e-02,5.522e-02
MGI:1924923,DEFB110,18091,CCR6 chemokine receptor binding,GO:0031731,molecular function,5,2.0,1.118e-01,6.973e-02,3.080e-02,7.889e-01,5.198e-02,9.653e-02,1.295e-01,5.110e-02,9.515e-02,1.121e-02,8.460e-02
MGI:1924923,DEFB110,18091,defense response to bacterium,GO:0042742,biological process,5,11.0,1.497e-01,1.164e-01,9.366e-02,6.406e-01,3.743e-02,1.071e-01,2.092e-01,8.247e-02,1.643e-01,5.265e-02,1.666e-01
MGI:1924923,DEFB110,18091,extracellular space,GO:0005615,cellular component,5,55.0,1.785e-01,1.305e-01,1.212e-01,5.987e-01,4.354e-02,1.248e-01,2.553e-01,7.782e-02,2.189e-01,6.441e-02,2.279e-01
MGI:107611,ZNF235,12866,,,,0,nan,,,,,,,,,,,
MGI:1916102,LRRN4CL,33724,,,,0,nan,,,,,,,,,,,
MGI:98733,TG,11764,thyroid gland development,GO:0030878,biological process,6,2.0,1.241e-01,1.500e-01,5.998e-02,7.053e-01,3.165e-02,1.017e-01,1.514e-01,1.326e-01,1.698e-01,3.448e-02,1.043e-01
MGI:98733,TG,11764,identical protein binding,GO:0042802,molecular function,6,28.0,1.298e-01,1.500e-01,6.874e-02,6.875e-01,2.247e-02,1.086e-01,1.551e-01,1.326e-01,1.698e-01,4.684e-02,1.009e-01
MGI:98733,TG,11764,extracellular space,GO:0005615,cellular component,6,55.0,1.694e-01,1.500e-01,1.200e-01,6.053e-01,8.515e-03,1.564e-01,1.834e-01,1.326e-01,1.698e-01,1.060e-01,1.358e-01
MGI:98733,TG,11764,protein binding,GO:0005515,molecular function,6,373.0,1.732e-01,1.598e-01,1.194e-01,6.025e-01,3.744e-02,1.250e-01,2.400e-01,1.249e-01,2.045e-01,7.020e-02,2.032e-01
MGI:98733,TG,11764,thyroid hormone generation,GO:0006590,biological process,6,2.0,1.943e-01,1.717e-01,1.482e-01,5.689e-01,2.288e-02,1.575e-01,2.398e-01,1.524e-01,1.934e-01,1.076e-01,2.042e-01
MGI:99450,IFIT1B,23442,defense response to virus,GO:0051607,biological process,4,14.0,1.030e-01,6.966e-02,2.440e-02,8.190e-01,3.200e-02,9.723e-02,1.091e-01,4.964e-02,9.774e-02,1.258e-02,4.733e-02
MGI:99450,IFIT1B,23442,RNA binding,GO:0003723,molecular function,4,46.0,1.058e-01,7.288e-02,3.644e-02,7.721e-01,1.365e-02,9.760e-02,1.147e-01,5.660e-02,9.386e-02,2.830e-02,4.693e-02
MGI:99450,IFIT1B,23442,cytosol,GO:0005829,cellular component,4,76.0,1.783e-01,1.588e-01,1.293e-01,5.926e-01,1.621e-02,1.584e-01,2.008e-01,1.237e-01,2.039e-01,1.022e-01,1.636e-01
MGI:99450,IFIT1B,23442,protein binding,GO:0005515,molecular function,4,373.0,2.031e-01,1.588e-01,1.588e-01,5.573e-01,1.837e-02,1.742e-01,2.368e-01,1.237e-01,2.039e-01,1.237e-01,2.039e-01
MGI:2442435,TMEM241,31723,Golgi apparatus,GO:0005794,cellular component,3,20.0,1.258e-01,8.192e-02,6.155e-02,7.013e-01,3.312e-02,1.011e-01,1.566e-01,5.647e-02,1.188e-01,3.424e-02,1.106e-01
MGI:2442435,TMEM241,31723,protein binding,GO:0005515,molecular function,3,373.0,1.320e-01,8.289e-02,6.921e-02,6.850e-01,3.443e-02,1.022e-01,1.704e-01,5.648e-02,1.216e-01,3.760e-02,1.274e-01
MGI:2442435,TMEM241,31723,antiporter activity,GO:0015297,molecular function,3,45.0,1.356e-01,9.227e-02,6.049e-02,7.011e-01,5.758e-02,1.051e-01,1.751e-01,6.457e-02,1.319e-01,2.173e-02,1.684e-01
MGI:1923918,MDH1B,17836,oxaloacetate metabolic process,GO:0006107,biological process,5,5.0,1.178e-01,1.060e-01,4.871e-02,7.341e-01,3.439e-02,1.049e-01,1.324e-01,6.427e-02,1.748e-01,2.595e-02,9.142e-02
MGI:1923918,MDH1B,17836,NADH metabolic process,GO:0006734,biological process,5,5.0,1.288e-01,1.105e-01,6.939e-02,6.874e-01,9.658e-03,1.228e-01,1.351e-01,7.235e-02,1.687e-01,5.863e-02,8.212e-02
MGI:1923918,MDH1B,17836,tricarboxylic acid cycle,GO:0006099,biological process,5,3.0,1.314e-01,1.060e-01,5.711e-02,7.099e-01,5.344e-02,1.081e-01,1.597e-01,6.427e-02,1.748e-01,2.177e-02,1.498e-01
MGI:1923918,MDH1B,17836,malate metabolic process,GO:0006108,biological process,5,2.0,1.587e-01,1.267e-01,9.798e-02,6.311e-01,4.868e-02,1.093e-01,2.304e-01,6.596e-02,2.433e-01,4.607e-02,2.084e-01
MGI:1923918,MDH1B,17836,L-malate dehydrogenase activity,GO:0030060,molecular function,5,3.0,1.883e-01,1.369e-01,1.369e-01,5.797e-01,3.908e-02,1.350e-01,2.627e-01,8.002e-02,2.340e-01,8.002e-02,2.340e-01
MGI:106598,MYO5B,7603,actin filament binding,GO:0051015,molecular function,18,11.0,1.026e-01,7.210e-02,2.736e-02,8.093e-01,5.544e-03,9.776e-02,1.076e-01,4.951e-02,1.050e-01,2.475e-02,3.025e-02
MGI:106598,MYO5B,7603,small GTPase binding,GO:0031267,molecular function,18,8.0,1.028e-01,7.210e-02,2.133e-02,8.348e-01,3.031e-02,9.813e-02,1.077e-01,4.951e-02,1.050e-01,1.109e-02,4.103e-02
MGI:106598,MYO5B,7603,actin filament organization,GO:0007015,biological process,18,18.0,1.048e-01,7.296e-02,3.596e-02,7.736e-01,9.896e-03,9.619e-02,1.141e-01,4.981e-02,1.069e-01,2.985e-02,4.331e-02
MGI:106598,MYO5B,7603,vesicle-mediated transport,GO:0016192,biological process,18,26.0,1.052e-01,7.296e-02,3.171e-02,7.897e-01,2.430e-02,9.782e-02,1.132e-01,4.981e-02,1.069e-01,2.021e-02,4.977e-02
MGI:106598,MYO5B,7603,vesicle transport along actin filament,GO:0030050,biological process,18,5.0,1.071e-01,7.531e-02,4.048e-02,7.585e-01,8.794e-03,1.060e-01,1.082e-01,4.913e-02,1.154e-01,3.425e-02,4.784e-02
MGI:106598,MYO5B,7603,endosomal transport,GO:0016197,biological process,18,10.0,1.077e-01,7.384e-02,3.970e-02,7.611e-01,1.484e-02,9.688e-02,1.197e-01,5.005e-02,1.089e-01,3.006e-02,5.242e-02
MGI:106598,MYO5B,7603,vesicle,GO:0031982,cellular component,18,8.0,1.081e-01,7.442e-02,3.749e-02,7.687e-01,2.500e-02,1.009e-01,1.158e-01,4.872e-02,1.137e-01,2.358e-02,5.961e-02
MGI:106598,MYO5B,7603,actin cytoskeleton,GO:0015629,cellular component,18,12.0,1.094e-01,7.442e-02,3.937e-02,7.624e-01,2.503e-02,1.040e-01,1.152e-01,4.872e-02,1.137e-01,2.477e-02,6.259e-02
MGI:106598,MYO5B,7603,apical cortex,GO:0045179,cellular component,18,3.0,1.138e-01,7.442e-02,2.896e-02,7.950e-01,5.795e-02,9.500e-02,1.363e-01,4.872e-02,1.137e-01,9.370e-03,8.951e-02
MGI:106598,MYO5B,7603,extracellular exosome,GO:0070062,cellular component,18,88.0,1.190e-01,7.791e-02,5.369e-02,7.209e-01,2.807e-02,1.007e-01,1.406e-01,4.999e-02,1.214e-01,3.216e-02,8.964e-02
MGI:106598,MYO5B,7603,membrane,GO:0016020,cellular component,18,60.0,1.244e-01,8.016e-02,6.022e-02,7.049e-01,3.173e-02,1.001e-01,1.548e-01,5.038e-02,1.276e-01,3.382e-02,1.072e-01
MGI:106598,MYO5B,7603,protein binding,GO:0005515,molecular function,18,373.0,1.299e-01,8.016e-02,6.834e-02,6.880e-01,2.674e-02,1.064e-01,1.585e-01,5.038e-02,1.276e-01,4.252e-02,1.099e-01
MGI:106598,MYO5B,7603,cytoplasm,GO:0005737,cellular component,18,99.0,1.327e-01,8.074e-02,7.172e-02,6.809e-01,2.820e-02,1.069e-01,1.648e-01,5.043e-02,1.293e-01,4.375e-02,1.176e-01
MGI:106598,MYO5B,7603,microfilament motor activity,GO:0000146,molecular function,18,6.0,1.506e-01,1.071e-01,9.227e-02,6.437e-01,3.079e-02,1.191e-01,1.904e-01,7.132e-02,1.609e-01,5.746e-02,1.482e-01
MGI:106598,MYO5B,7603,protein-containing complex,GO:0032991,cellular component,18,295.0,4.575e-01,4.399e-01,4.399e-01,3.312e-01,4.224e-02,3.287e-01,6.367e-01,3.073e-01,6.298e-01,3.073e-01,6.298e-01
MGI:1097680,C3AR1,1319,phospholipase C-activating G protein-coupled receptor signaling pathway,GO:0007200,biological process,10,11.0,1.115e-01,1.014e-01,2.737e-02,8.051e-01,5.285e-02,9.677e-02,1.284e-01,6.138e-02,1.673e-01,9.990e-03,7.500e-02
MGI:1097680,C3AR1,1319,complement component C3a receptor activity,GO:0004876,molecular function,10,2.0,1.195e-01,1.014e-01,4.144e-02,7.522e-01,5.495e-02,9.079e-02,1.572e-01,6.138e-02,1.673e-01,1.570e-02,1.094e-01
MGI:1097680,C3AR1,1319,complement component C5a receptor activity,GO:0004878,molecular function,10,3.0,1.206e-01,1.014e-01,4.223e-02,7.495e-01,5.645e-02,9.001e-02,1.615e-01,6.138e-02,1.673e-01,1.570e-02,1.136e-01
MGI:1097680,C3AR1,1319,complement receptor mediated signaling pathway,GO:0002430,biological process,10,3.0,1.713e-01,1.693e-01,1.177e-01,6.029e-01,4.551e-02,1.156e-01,2.538e-01,1.039e-01,2.759e-01,5.923e-02,2.339e-01
MGI:1097680,C3AR1,1319,calcium-mediated signaling,GO:0019722,biological process,10,12.0,1.724e-01,1.711e-01,1.134e-01,6.057e-01,5.653e-02,1.084e-01,2.742e-01,1.003e-01,2.919e-01,4.636e-02,2.775e-01
MGI:1097680,C3AR1,1319,positive regulation of cytosolic calcium ion concentration,GO:0007204,biological process,10,10.0,1.745e-01,2.074e-01,9.720e-02,6.185e-01,9.171e-02,8.631e-02,3.528e-01,1.218e-01,3.533e-01,2.429e-02,3.890e-01
MGI:1097680,C3AR1,1319,plasma membrane,GO:0005886,cellular component,10,93.0,1.781e-01,1.887e-01,1.308e-01,5.899e-01,2.253e-02,1.433e-01,2.213e-01,1.364e-01,2.610e-01,9.419e-02,1.816e-01
MGI:1097680,C3AR1,1319,inflammatory response,GO:0006954,biological process,10,14.0,2.163e-01,2.110e-01,1.678e-01,5.375e-01,6.437e-02,1.201e-01,3.897e-01,1.198e-01,3.716e-01,7.635e-02,3.687e-01
MGI:1097680,C3AR1,1319,G protein-coupled receptor activity,GO:0004930,molecular function,10,48.0,2.823e-01,3.032e-01,2.373e-01,4.692e-01,6.706e-02,1.594e-01,5.000e-01,1.946e-01,4.726e-01,1.118e-01,5.039e-01
MGI:1922908,PABPC1L,15797,cytoplasmic stress granule,GO:0010494,cellular component,8,2.0,1.025e-01,5.399e-02,1.071e-02,9.022e-01,1.454e-02,9.761e-02,1.076e-01,4.398e-02,6.628e-02,6.252e-03,1.836e-02
MGI:1922908,PABPC1L,15797,mRNA 3'-UTR binding,GO:0003730,molecular function,8,3.0,1.025e-01,5.713e-02,1.228e-02,8.938e-01,1.296e-02,9.761e-02,1.076e-01,4.634e-02,7.044e-02,7.835e-03,1.925e-02
MGI:1922908,PABPC1L,15797,ribonucleoprotein complex,GO:1990904,cellular component,8,27.0,1.035e-01,6.540e-02,2.908e-02,8.011e-01,2.063e-02,9.691e-02,1.106e-01,5.075e-02,8.426e-02,1.982e-02,4.266e-02
MGI:1922908,PABPC1L,15797,poly(A) binding,GO:0008143,molecular function,8,2.0,1.058e-01,6.856e-02,3.587e-02,7.742e-01,1.640e-02,1.029e-01,1.088e-01,5.314e-02,8.845e-02,2.645e-02,4.865e-02
MGI:1922908,PABPC1L,15797,poly(U) RNA binding,GO:0008266,molecular function,8,2.0,1.071e-01,6.856e-02,3.811e-02,7.663e-01,1.980e-02,9.992e-02,1.147e-01,5.314e-02,8.845e-02,2.628e-02,5.525e-02
MGI:1922908,PABPC1L,15797,nucleus,GO:0005634,cellular component,8,87.0,1.641e-01,1.414e-01,1.104e-01,6.175e-01,2.237e-02,1.373e-01,1.961e-01,1.097e-01,1.823e-01,7.919e-02,1.538e-01
MGI:1922908,PABPC1L,15797,cytosol,GO:0005829,cellular component,8,76.0,1.975e-01,1.584e-01,1.528e-01,5.644e-01,1.295e-02,1.763e-01,2.213e-01,1.351e-01,1.858e-01,1.280e-01,1.825e-01
MGI:1922908,PABPC1L,15797,extracellular exosome,GO:0070062,cellular component,8,88.0,2.010e-01,1.584e-01,1.573e-01,5.595e-01,1.135e-02,1.827e-01,2.211e-01,1.351e-01,1.858e-01,1.345e-01,1.840e-01
MGI:1918274,PROCA1,28600,cyclin binding,GO:0030332,molecular function,1,3.0,1.025e-01,1.873e-02,1.873e-02,8.509e-01,2.309e-02,9.761e-02,1.076e-01,1.096e-02,3.202e-02,1.096e-02,3.202e-02
MGI:2448554,NBEAL2,31928,membrane,GO:0016020,cellular component,9,60.0,1.232e-01,9.514e-02,4.047e-02,7.527e-01,6.976e-02,8.183e-02,1.855e-01,3.357e-02,2.696e-01,1.212e-02,1.351e-01
MGI:2448554,NBEAL2,31928,protein binding,GO:0005515,molecular function,9,373.0,1.246e-01,9.750e-02,5.505e-02,7.149e-01,4.832e-02,8.953e-02,1.733e-01,3.489e-02,2.725e-01,2.370e-02,1.279e-01
MGI:2448554,NBEAL2,31928,cytosol,GO:0005829,cellular component,9,76.0,1.273e-01,9.514e-02,5.456e-02,7.125e-01,6.163e-02,8.204e-02,1.975e-01,3.357e-02,2.696e-01,1.940e-02,1.535e-01
MGI:2448554,NBEAL2,31928,endoplasmic reticulum,GO:0005783,cellular component,9,24.0,1.279e-01,9.514e-02,4.457e-02,7.362e-01,7.784e-02,7.953e-02,2.056e-01,3.357e-02,2.696e-01,1.166e-02,1.703e-01
MGI:2448554,NBEAL2,31928,protein kinase binding,GO:0019901,molecular function,9,21.0,1.336e-01,9.514e-02,5.047e-02,7.178e-01,8.314e-02,7.834e-02,2.280e-01,3.357e-02,2.696e-01,1.255e-02,2.029e-01
MGI:2448554,NBEAL2,31928,platelet formation,GO:0030220,biological process,9,3.0,2.112e-01,1.675e-01,1.484e-01,5.519e-01,7.945e-02,1.071e-01,4.165e-01,5.322e-02,5.272e-01,4.602e-02,4.788e-01
MGI:2448554,NBEAL2,31928,protein localization,GO:0008104,biological process,9,34.0,3.013e-01,2.388e-01,2.388e-01,4.277e-01,1.341e-01,1.049e-01,8.651e-01,5.998e-02,9.511e-01,5.998e-02,9.511e-01
MGI:2180098,CSAD,18966,taurine biosynthetic process,GO:0042412,biological process,3,4.0,3.773e-01,5.574e-01,3.474e-01,3.862e-01,6.093e-02,2.235e-01,6.368e-01,3.750e-01,8.286e-01,1.876e-01,6.433e-01
MGI:2180098,CSAD,18966,cytoplasm,GO:0005737,cellular component,3,99.0,3.965e-01,5.574e-01,3.728e-01,3.749e-01,4.296e-02,2.759e-01,5.698e-01,3.750e-01,8.286e-01,2.476e-01,5.612e-01
MGI:2180098,CSAD,18966,sulfinoalanine decarboxylase activity,GO:0004782,molecular function,3,2.0,6.389e-01,6.280e-01,6.280e-01,1.984e-01,7.378e-02,3.996e-01,1.022e+00,3.835e-01,1.028e+00,3.835e-01,1.028e+00
MGI:1346831,ESRRA,3471,protein binding,GO:0005515,molecular function,52,373.0,1.025e-01,1.495e-02,1.821e-03,9.635e-01,5.210e-03,9.761e-02,1.076e-01,7.411e-03,3.016e-02,8.911e-04,3.720e-03
MGI:1346831,ESRRA,3471,nucleoplasm,GO:0005654,cellular component,52,49.0,1.025e-01,1.495e-02,2.894e-03,9.538e-01,6.969e-03,9.761e-02,1.076e-01,7.411e-03,3.016e-02,1.275e-03,6.570e-03
MGI:1346831,ESRRA,3471,nucleus,GO:0005634,cellular component,52,87.0,1.025e-01,1.499e-02,3.151e-03,9.514e-01,8.783e-03,9.761e-02,1.076e-01,7.397e-03,3.039e-02,1.437e-03,6.912e-03
MGI:1346831,ESRRA,3471,cytoplasm,GO:0005737,cellular component,52,99.0,1.025e-01,1.513e-02,3.934e-03,9.465e-01,6.828e-03,9.761e-02,1.076e-01,7.496e-03,3.054e-02,2.023e-03,7.651e-03
MGI:1346831,ESRRA,3471,fibrillar center,GO:0001650,cellular component,52,2.0,1.025e-01,2.669e-02,9.189e-03,9.023e-01,2.123e-02,9.761e-02,1.076e-01,1.522e-02,4.681e-02,3.236e-03,2.609e-02
MGI:1346831,ESRRA,3471,intercellular bridge,GO:0045171,cellular component,52,7.0,1.025e-01,2.669e-02,1.040e-02,8.980e-01,2.042e-02,9.761e-02,1.076e-01,1.522e-02,4.681e-02,4.473e-03,2.420e-02
MGI:1346831,ESRRA,3471,regulation of transcription by RNA polymerase II,GO:0006357,biological process,52,27.0,1.025e-01,2.995e-02,1.274e-02,8.844e-01,2.777e-02,9.761e-02,1.076e-01,1.860e-02,4.824e-02,6.330e-03,2.563e-02
MGI:1346831,ESRRA,3471,microtubule cytoskeleton,GO:0015630,cellular component,52,6.0,1.025e-01,3.110e-02,1.548e-02,8.777e-01,4.280e-03,9.761e-02,1.076e-01,2.389e-02,4.048e-02,1.400e-02,1.712e-02
MGI:1346831,ESRRA,3471,estrogen response element binding,GO:0034056,molecular function,52,2.0,1.025e-01,3.506e-02,2.100e-02,8.413e-01,1.903e-02,9.761e-02,1.076e-01,2.403e-02,5.116e-02,1.437e-02,3.068e-02
MGI:1346831,ESRRA,3471,sequence-specific double-stranded DNA binding,GO:1990837,molecular function,52,22.0,1.025e-01,3.397e-02,1.903e-02,8.480e-01,2.763e-02,9.762e-02,1.076e-01,2.061e-02,5.596e-02,1.019e-02,3.553e-02
MGI:1346831,ESRRA,3471,DNA-binding transcription factor activity,GO:0003700,molecular function,52,10.0,1.029e-01,4.330e-02,3.039e-02,7.956e-01,8.419e-03,9.829e-02,1.078e-01,3.601e-02,5.207e-02,2.609e-02,3.540e-02
MGI:1346831,ESRRA,3471,regulation of DNA-templated transcription,GO:0006355,biological process,52,22.0,1.063e-01,4.805e-02,3.801e-02,7.666e-01,1.261e-02,1.036e-01,1.090e-01,3.737e-02,6.178e-02,3.003e-02,4.813e-02
MGI:1346831,ESRRA,3471,sequence-specific DNA binding,GO:0043565,molecular function,52,10.0,1.082e-01,4.767e-02,3.660e-02,7.716e-01,2.692e-02,1.071e-01,1.094e-01,3.203e-02,7.095e-02,2.208e-02,6.068e-02
MGI:1346831,ESRRA,3471,nuclear receptor activity,GO:0004879,molecular function,52,4.0,1.270e-01,7.573e-02,6.762e-02,6.906e-01,1.580e-02,1.075e-01,1.501e-01,5.657e-02,1.014e-01,5.161e-02,8.861e-02
MGI:1346831,ESRRA,3471,protein domain specific binding,GO:0019904,molecular function,52,77.0,1.950e-01,1.553e-01,1.520e-01,5.656e-01,4.638e-03,1.844e-01,2.063e-01,1.394e-01,1.730e-01,1.423e-01,1.623e-01
MGI:1346831,ESRRA,3471,intracellular steroid hormone receptor signaling pathway,GO:0030518,biological process,52,8.0,2.399e-01,1.788e-01,1.712e-01,5.000e-01,1.288e-01,8.373e-02,6.873e-01,4.512e-02,7.082e-01,4.152e-02,7.063e-01
MGI:1098533,INTS9,25592,snRNA processing,GO:0016180,biological process,8,5.0,1.172e-01,2.348e-01,5.473e-02,7.194e-01,1.308e-02,1.091e-01,1.259e-01,2.149e-01,2.566e-01,4.344e-02,6.895e-02
MGI:1098533,INTS9,25592,snRNA 3'-end processing,GO:0034472,biological process,8,8.0,1.209e-01,2.348e-01,6.014e-02,7.072e-01,7.973e-03,1.157e-01,1.262e-01,2.149e-01,2.566e-01,5.251e-02,6.889e-02
MGI:1098533,INTS9,25592,integrator complex,GO:0032039,cellular component,8,2.0,2.102e-01,2.623e-01,1.641e-01,5.498e-01,3.016e-02,1.596e-01,2.768e-01,2.256e-01,3.050e-01,1.108e-01,2.430e-01
MGI:1098533,INTS9,25592,negative regulation of transforming growth factor beta receptor signaling pathway,GO:0030512,biological process,8,4.0,2.135e-01,2.623e-01,1.671e-01,5.452e-01,3.849e-02,1.494e-01,3.052e-01,2.256e-01,3.050e-01,9.929e-02,2.811e-01
MGI:1098533,INTS9,25592,nucleus,GO:0005634,cellular component,8,87.0,2.228e-01,2.623e-01,1.832e-01,5.312e-01,2.104e-02,1.826e-01,2.718e-01,2.256e-01,3.050e-01,1.395e-01,2.404e-01
MGI:1098533,INTS9,25592,nucleoplasm,GO:0005654,cellular component,8,49.0,2.600e-01,2.680e-01,2.251e-01,4.913e-01,2.354e-02,2.092e-01,3.231e-01,2.376e-01,3.022e-01,1.709e-01,2.966e-01
MGI:1098533,INTS9,25592,cytosol,GO:0005829,cellular component,8,76.0,2.766e-01,2.680e-01,2.441e-01,4.755e-01,1.838e-02,2.340e-01,3.270e-01,2.376e-01,3.022e-01,1.977e-01,3.012e-01
MGI:1098533,INTS9,25592,protein binding,GO:0005515,molecular function,8,373.0,2.961e-01,2.684e-01,2.660e-01,4.583e-01,8.997e-03,2.728e-01,3.215e-01,2.385e-01,3.021e-01,2.406e-01,2.941e-01
MGI:1917902,TMEM144,25633,protein binding,GO:0005515,molecular function,1,373.0,1.999e-01,1.580e-01,1.580e-01,5.590e-01,8.451e-03,1.839e-01,2.174e-01,1.405e-01,1.775e-01,1.405e-01,1.775e-01
MGI:95779,GNAT2,4394,adenylate cyclase-modulating G protein-coupled receptor signaling pathway,GO:0007188,biological process,12,4.0,1.200e-01,1.842e-01,3.901e-02,7.573e-01,6.175e-02,9.403e-02,1.532e-01,1.377e-01,2.464e-01,1.232e-02,1.235e-01
MGI:95779,GNAT2,4394,G-protein beta/gamma-subunit complex binding,GO:0031683,molecular function,12,2.0,1.302e-01,2.191e-01,5.225e-02,7.170e-01,6.778e-02,8.311e-02,2.041e-01,2.054e-01,2.336e-01,1.688e-02,1.618e-01
MGI:95779,GNAT2,4394,GTPase activity,GO:0003924,molecular function,12,7.0,1.387e-01,2.226e-01,7.545e-02,6.685e-01,5.250e-02,9.053e-02,2.125e-01,1.888e-01,2.624e-01,3.227e-02,1.764e-01
MGI:95779,GNAT2,4394,detection of light stimulus involved in visual perception,GO:0050908,biological process,12,3.0,1.816e-01,2.362e-01,1.328e-01,5.854e-01,3.578e-02,1.308e-01,2.521e-01,2.154e-01,2.589e-01,7.782e-02,2.264e-01
MGI:95779,GNAT2,4394,cytoplasm,GO:0005737,cellular component,12,99.0,2.065e-01,2.362e-01,1.654e-01,5.506e-01,1.372e-02,1.805e-01,2.362e-01,2.154e-01,2.589e-01,1.369e-01,1.998e-01
MGI:95779,GNAT2,4394,photoreceptor inner segment,GO:0001917,cellular component,12,2.0,2.245e-01,2.362e-01,1.863e-01,5.285e-01,1.755e-02,1.898e-01,2.655e-01,2.154e-01,2.589e-01,1.488e-01,2.331e-01
MGI:95779,GNAT2,4394,heterotrimeric G-protein complex,GO:0005834,cellular component,12,3.0,2.248e-01,2.362e-01,1.840e-01,5.280e-01,3.597e-02,1.600e-01,3.159e-01,2.154e-01,2.589e-01,1.142e-01,2.964e-01
MGI:95779,GNAT2,4394,detection of chemical stimulus involved in sensory perception of bitter taste,GO:0001580,biological process,12,3.0,2.438e-01,2.498e-01,2.070e-01,5.086e-01,1.562e-02,2.092e-01,2.842e-01,2.313e-01,2.698e-01,1.700e-01,2.522e-01
MGI:95779,GNAT2,4394,G protein-coupled receptor binding,GO:0001664,molecular function,12,47.0,2.611e-01,3.227e-01,2.031e-01,4.882e-01,9.448e-02,1.186e-01,5.744e-01,1.864e-01,5.589e-01,7.125e-02,5.792e-01
MGI:95779,GNAT2,4394,photoreceptor outer segment,GO:0001750,cellular component,12,4.0,2.664e-01,2.498e-01,2.329e-01,4.860e-01,8.217e-04,2.619e-01,2.710e-01,2.313e-01,2.698e-01,2.306e-01,2.353e-01
MGI:96394,ICAM2,5345,cleavage furrow,GO:0032154,cellular component,5,2.0,1.025e-01,5.293e-02,2.501e-02,8.209e-01,4.196e-03,9.761e-02,1.076e-01,3.861e-02,7.258e-02,2.311e-02,2.705e-02
MGI:96394,ICAM2,5345,integrin binding,GO:0005178,molecular function,5,16.0,1.035e-01,5.293e-02,2.960e-02,7.985e-01,1.877e-02,9.812e-02,1.091e-01,3.861e-02,7.258e-02,2.093e-02,4.186e-02
MGI:96394,ICAM2,5345,cell adhesion,GO:0007155,biological process,5,15.0,1.145e-01,5.582e-02,4.608e-02,7.403e-01,3.340e-02,8.947e-02,1.466e-01,3.676e-02,8.475e-02,2.519e-02,8.427e-02
MGI:96394,ICAM2,5345,membrane,GO:0016020,cellular component,5,60.0,1.191e-01,6.267e-02,5.709e-02,7.136e-01,1.326e-02,1.063e-01,1.335e-01,4.354e-02,9.022e-02,4.495e-02,7.249e-02
MGI:1916604,SLC38A4,14679,microvillus membrane,GO:0031528,cellular component,16,3.0,1.025e-01,1.615e-02,6.301e-03,9.055e-01,3.019e-02,9.761e-02,1.076e-01,8.700e-03,2.996e-02,9.761e-04,4.068e-02
MGI:1916604,SLC38A4,14679,L-alanine import across plasma membrane,GO:1904273,biological process,16,3.0,1.025e-01,2.355e-02,1.162e-02,9.006e-01,8.312e-03,9.761e-02,1.076e-01,2.057e-02,2.695e-02,8.788e-03,1.538e-02
MGI:1916604,SLC38A4,14679,neutral L-amino acid:sodium symporter activity,GO:0005295,molecular function,16,6.0,1.025e-01,2.355e-02,1.333e-02,8.906e-01,7.593e-03,9.761e-02,1.076e-01,2.057e-02,2.695e-02,1.087e-02,1.635e-02
MGI:1916604,SLC38A4,14679,alanine:sodium symporter activity,GO:0015655,molecular function,16,5.0,1.025e-01,2.355e-02,1.449e-02,8.832e-01,8.029e-03,9.761e-02,1.076e-01,2.057e-02,2.695e-02,1.181e-02,1.778e-02
MGI:1916604,SLC38A4,14679,amino acid transmembrane transport,GO:0003333,biological process,16,17.0,1.025e-01,2.362e-02,1.311e-02,8.900e-01,1.146e-02,9.761e-02,1.076e-01,2.065e-02,2.702e-02,9.242e-03,1.860e-02
MGI:1916604,SLC38A4,14679,neutral amino acid transport,GO:0015804,biological process,16,18.0,1.025e-01,2.423e-02,2.035e-02,8.471e-01,2.953e-03,9.761e-02,1.076e-01,2.022e-02,2.904e-02,1.924e-02,2.153e-02
MGI:1916604,SLC38A4,14679,amino acid:sodium symporter activity,GO:0005283,molecular function,16,11.0,1.025e-01,2.607e-02,1.103e-02,8.849e-01,3.420e-02,9.761e-02,1.076e-01,1.878e-02,3.620e-02,3.698e-03,3.292e-02
MGI:1916604,SLC38A4,14679,L-amino acid transmembrane transporter activity,GO:0015179,molecular function,16,30.0,1.029e-01,2.702e-02,2.357e-02,8.279e-01,2.185e-02,9.830e-02,1.078e-01,1.831e-02,3.987e-02,1.570e-02,3.537e-02
MGI:1916604,SLC38A4,14679,protein binding,GO:0005515,molecular function,16,373.0,1.054e-01,3.008e-02,2.738e-02,8.078e-01,3.151e-02,9.963e-02,1.114e-01,1.908e-02,4.742e-02,1.491e-02,5.029e-02
MGI:1351595,INSL6,6089,,,,0,nan,,,,,,,,,,,
MGI:1859271,HTATIP2,16637,protein autophosphorylation,GO:0046777,biological process,12,12.0,1.320e-01,1.995e-01,6.776e-02,6.851e-01,4.815e-02,9.085e-02,1.919e-01,1.413e-01,2.816e-01,3.019e-02,1.521e-01
MGI:1859271,HTATIP2,16637,regulation of angiogenesis,GO:0045765,biological process,12,9.0,1.382e-01,1.995e-01,7.501e-02,6.699e-01,5.077e-02,9.237e-02,2.067e-01,1.413e-01,2.816e-01,3.246e-02,1.733e-01
MGI:1859271,HTATIP2,16637,positive regulation of transcription by RNA polymerase II,GO:0045944,biological process,12,23.0,1.412e-01,1.995e-01,8.351e-02,6.594e-01,2.562e-02,1.120e-01,1.780e-01,1.413e-01,2.816e-01,5.426e-02,1.285e-01
MGI:1859271,HTATIP2,16637,positive regulation of programmed cell death,GO:0043068,biological process,12,14.0,1.533e-01,1.995e-01,9.791e-02,6.350e-01,2.930e-02,1.197e-01,1.962e-01,1.413e-01,2.816e-01,6.086e-02,1.575e-01
MGI:1859271,HTATIP2,16637,membrane,GO:0016020,cellular component,12,60.0,1.675e-01,2.050e-01,1.095e-01,6.110e-01,5.827e-02,1.014e-01,2.767e-01,1.389e-01,3.028e-01,4.577e-02,2.620e-01
MGI:1859271,HTATIP2,16637,cytosol,GO:0005829,cellular component,12,76.0,1.704e-01,1.995e-01,1.213e-01,6.031e-01,1.282e-02,1.518e-01,1.914e-01,1.413e-01,2.816e-01,1.002e-01,1.468e-01
MGI:1859271,HTATIP2,16637,protein binding,GO:0005515,molecular function,12,373.0,1.850e-01,1.995e-01,1.395e-01,5.801e-01,1.360e-02,1.615e-01,2.119e-01,1.413e-01,2.816e-01,1.153e-01,1.688e-01
MGI:1859271,HTATIP2,16637,cytoplasm,GO:0005737,cellular component,12,99.0,1.950e-01,1.995e-01,1.512e-01,5.663e-01,1.332e-02,1.720e-01,2.212e-01,1.413e-01,2.816e-01,1.256e-01,1.820e-01
MGI:1859271,HTATIP2,16637,nuclear envelope,GO:0005635,cellular component,12,4.0,2.322e-01,2.260e-01,1.883e-01,5.225e-01,4.149e-02,1.588e-01,3.395e-01,1.452e-01,3.519e-01,1.086e-01,3.262e-01
MGI:1859271,HTATIP2,16637,protein serine/threonine kinase activity,GO:0004674,molecular function,12,43.0,2.811e-01,2.753e-01,2.476e-01,4.704e-01,3.236e-02,2.088e-01,3.784e-01,2.104e-01,3.604e-01,1.724e-01,3.556e-01
MGI:1859271,HTATIP2,16637,import into nucleus,GO:0051170,biological process,12,5.0,3.266e-01,3.101e-01,2.761e-01,4.092e-01,1.174e-01,1.322e-01,8.071e-01,1.186e-01,8.111e-01,9.180e-02,8.301e-01
