INFO: [2023-11-24 22:30:37] genewalk.resources - Using /home/z3533223/genewalk/resources as resource folder.
WARNING: [2023-11-24 22:30:38] genewalk.gene_lists - Could not get HGNC ID for MGI ID MGI:2651928
WARNING: [2023-11-24 22:30:38] genewalk.gene_lists - Could not get HGNC ID for MGI ID MGI:97538
WARNING: [2023-11-24 22:30:38] genewalk.gene_lists - Could not get HGNC ID for MGI ID MGI:107200
WARNING: [2023-11-24 22:30:38] genewalk.gene_lists - Could not get HGNC ID for MGI ID MGI:1930269
WARNING: [2023-11-24 22:30:38] genewalk.gene_lists - Could not get HGNC ID for MGI ID MGI:5011037
WARNING: [2023-11-24 22:30:38] genewalk.gene_lists - Could not get HGNC ID for MGI ID MGI:3712219
WARNING: [2023-11-24 22:30:38] genewalk.gene_lists - Could not get HGNC ID for MGI ID MGI:1330344
WARNING: [2023-11-24 22:30:38] genewalk.gene_lists - Could not get HGNC ID for MGI ID MGI:1347248
WARNING: [2023-11-24 22:30:38] genewalk.gene_lists - Could not get HGNC ID for MGI ID MGI:3646648
WARNING: [2023-11-24 22:30:38] genewalk.gene_lists - Could not get HGNC ID for MGI ID MGI:3704503
WARNING: [2023-11-24 22:30:38] genewalk.gene_lists - Could not get HGNC ID for MGI ID MGI:4868370
WARNING: [2023-11-24 22:30:38] genewalk.gene_lists - Could not get UniProt ID for HGNC ID 33537
WARNING: [2023-11-24 22:30:38] genewalk.gene_lists - Could not get HGNC ID for MGI ID MGI:3800544
WARNING: [2023-11-24 22:30:38] genewalk.gene_lists - Could not get HGNC ID for MGI ID MGI:3704410
WARNING: [2023-11-24 22:30:38] genewalk.gene_lists - Could not get HGNC ID for MGI ID MGI:3647514
WARNING: [2023-11-24 22:30:38] genewalk.gene_lists - Could not get HGNC ID for MGI ID MGI:2145557
WARNING: [2023-11-24 22:30:38] genewalk.gene_lists - Could not get HGNC ID for MGI ID MGI:3651860
WARNING: [2023-11-24 22:30:38] genewalk.gene_lists - Could not get HGNC ID for MGI ID MGI:3709338
WARNING: [2023-11-24 22:30:38] genewalk.gene_lists - Could not get HGNC ID for MGI ID MGI:2441814
WARNING: [2023-11-24 22:30:38] genewalk.gene_lists - Could not get HGNC ID for MGI ID MGI:2660935
WARNING: [2023-11-24 22:30:38] genewalk.gene_lists - Could not get HGNC ID for MGI ID MGI:3642585
WARNING: [2023-11-24 22:30:38] genewalk.gene_lists - Could not get HGNC ID for MGI ID MGI:3642381
WARNING: [2023-11-24 22:30:38] genewalk.gene_lists - Could not get HGNC ID for MGI ID MGI:3647386
WARNING: [2023-11-24 22:30:38] genewalk.gene_lists - Could not get HGNC ID for MGI ID MGI:88555
INFO: [2023-11-24 22:30:38] genewalk.cli - Saving into /home/z3533223/genewalk/upf3b-all/genes.pkl...
INFO: [2023-11-24 22:30:38] genewalk.nx_mg_assembler - Adding gene edges from Pathway Commons to graph.
INFO: [2023-11-24 22:30:47] genewalk.nx_mg_assembler - Number of PC originating nodes 399
INFO: [2023-11-24 22:30:48] genewalk.nx_mg_assembler - Adding GO annotations for genes in graph.
INFO: [2023-11-24 22:30:59] genewalk.nx_mg_assembler - Adding GO ontology edges to graph.
INFO: [2023-11-24 22:30:59] genewalk.cli - Saving into /home/z3533223/genewalk/upf3b-all/multi_graph.pkl...
INFO: [2023-11-24 22:30:59] genewalk.cli - 1/3
INFO: [2023-11-24 22:30:59] genewalk.deepwalk - Running random walks...
INFO: [2023-11-24 22:31:01] genewalk.deepwalk - Walks for 100/43209 nodes complete in 1.94s
INFO: [2023-11-24 22:31:03] genewalk.deepwalk - Walks for 200/43209 nodes complete in 3.37s
INFO: [2023-11-24 22:31:05] genewalk.deepwalk - Walks for 300/43209 nodes complete in 5.15s
INFO: [2023-11-24 22:31:07] genewalk.deepwalk - Walks for 400/43209 nodes complete in 7.08s
INFO: [2023-11-24 22:31:10] genewalk.deepwalk - Walks for 500/43209 nodes complete in 10.78s
INFO: [2023-11-24 22:31:11] genewalk.deepwalk - Walks for 600/43209 nodes complete in 11.60s
INFO: [2023-11-24 22:31:12] genewalk.deepwalk - Walks for 700/43209 nodes complete in 12.57s
INFO: [2023-11-24 22:31:13] genewalk.deepwalk - Walks for 800/43209 nodes complete in 13.74s
INFO: [2023-11-24 22:31:14] genewalk.deepwalk - Walks for 900/43209 nodes complete in 15.00s
INFO: [2023-11-24 22:31:15] genewalk.deepwalk - Walks for 1000/43209 nodes complete in 15.87s
INFO: [2023-11-24 22:31:16] genewalk.deepwalk - Walks for 1100/43209 nodes complete in 16.63s
INFO: [2023-11-24 22:31:17] genewalk.deepwalk - Walks for 1200/43209 nodes complete in 17.50s
INFO: [2023-11-24 22:31:18] genewalk.deepwalk - Walks for 1300/43209 nodes complete in 18.25s
INFO: [2023-11-24 22:31:18] genewalk.deepwalk - Walks for 1400/43209 nodes complete in 18.99s
INFO: [2023-11-24 22:31:20] genewalk.deepwalk - Walks for 1500/43209 nodes complete in 20.07s
INFO: [2023-11-24 22:31:20] genewalk.deepwalk - Walks for 1600/43209 nodes complete in 20.70s
INFO: [2023-11-24 22:31:21] genewalk.deepwalk - Walks for 1700/43209 nodes complete in 21.52s
INFO: [2023-11-24 22:31:22] genewalk.deepwalk - Walks for 1800/43209 nodes complete in 22.23s
INFO: [2023-11-24 22:31:22] genewalk.deepwalk - Walks for 1900/43209 nodes complete in 22.89s
INFO: [2023-11-24 22:31:23] genewalk.deepwalk - Walks for 2000/43209 nodes complete in 23.46s
INFO: [2023-11-24 22:31:24] genewalk.deepwalk - Walks for 2100/43209 nodes complete in 24.08s
INFO: [2023-11-24 22:31:24] genewalk.deepwalk - Walks for 2200/43209 nodes complete in 24.66s
INFO: [2023-11-24 22:31:27] genewalk.deepwalk - Walks for 2300/43209 nodes complete in 27.07s
INFO: [2023-11-24 22:31:28] genewalk.deepwalk - Walks for 2400/43209 nodes complete in 28.65s
INFO: [2023-11-24 22:31:30] genewalk.deepwalk - Walks for 2500/43209 nodes complete in 31.03s
INFO: [2023-11-24 22:31:33] genewalk.deepwalk - Walks for 2600/43209 nodes complete in 33.50s
INFO: [2023-11-24 22:31:34] genewalk.deepwalk - Walks for 2700/43209 nodes complete in 34.73s
INFO: [2023-11-24 22:31:35] genewalk.deepwalk - Walks for 2800/43209 nodes complete in 35.13s
INFO: [2023-11-24 22:31:35] genewalk.deepwalk - Walks for 2900/43209 nodes complete in 36.00s
INFO: [2023-11-24 22:31:37] genewalk.deepwalk - Walks for 3000/43209 nodes complete in 37.08s
INFO: [2023-11-24 22:31:37] genewalk.deepwalk - Walks for 3100/43209 nodes complete in 37.56s
INFO: [2023-11-24 22:31:38] genewalk.deepwalk - Walks for 3200/43209 nodes complete in 38.17s
INFO: [2023-11-24 22:31:39] genewalk.deepwalk - Walks for 3300/43209 nodes complete in 39.56s
INFO: [2023-11-24 22:31:40] genewalk.deepwalk - Walks for 3400/43209 nodes complete in 40.34s
INFO: [2023-11-24 22:31:41] genewalk.deepwalk - Walks for 3500/43209 nodes complete in 41.09s
INFO: [2023-11-24 22:31:42] genewalk.deepwalk - Walks for 3600/43209 nodes complete in 42.12s
INFO: [2023-11-24 22:31:42] genewalk.deepwalk - Walks for 3700/43209 nodes complete in 42.79s
INFO: [2023-11-24 22:31:44] genewalk.deepwalk - Walks for 3800/43209 nodes complete in 44.58s
INFO: [2023-11-24 22:31:45] genewalk.deepwalk - Walks for 3900/43209 nodes complete in 45.13s
INFO: [2023-11-24 22:31:45] genewalk.deepwalk - Walks for 4000/43209 nodes complete in 45.62s
INFO: [2023-11-24 22:31:46] genewalk.deepwalk - Walks for 4100/43209 nodes complete in 46.27s
INFO: [2023-11-24 22:31:46] genewalk.deepwalk - Walks for 4200/43209 nodes complete in 46.78s
INFO: [2023-11-24 22:31:47] genewalk.deepwalk - Walks for 4300/43209 nodes complete in 47.07s
INFO: [2023-11-24 22:31:47] genewalk.deepwalk - Walks for 4400/43209 nodes complete in 47.37s
INFO: [2023-11-24 22:31:47] genewalk.deepwalk - Walks for 4500/43209 nodes complete in 47.67s
INFO: [2023-11-24 22:31:48] genewalk.deepwalk - Walks for 4600/43209 nodes complete in 48.51s
INFO: [2023-11-24 22:31:49] genewalk.deepwalk - Walks for 4700/43209 nodes complete in 49.27s
INFO: [2023-11-24 22:31:49] genewalk.deepwalk - Walks for 4800/43209 nodes complete in 49.97s
INFO: [2023-11-24 22:31:50] genewalk.deepwalk - Walks for 4900/43209 nodes complete in 50.55s
INFO: [2023-11-24 22:31:50] genewalk.deepwalk - Walks for 5000/43209 nodes complete in 50.80s
INFO: [2023-11-24 22:31:51] genewalk.deepwalk - Walks for 5100/43209 nodes complete in 51.10s
INFO: [2023-11-24 22:31:51] genewalk.deepwalk - Walks for 5200/43209 nodes complete in 51.45s
INFO: [2023-11-24 22:31:51] genewalk.deepwalk - Walks for 5300/43209 nodes complete in 52.03s
INFO: [2023-11-24 22:31:52] genewalk.deepwalk - Walks for 5400/43209 nodes complete in 52.40s
INFO: [2023-11-24 22:31:53] genewalk.deepwalk - Walks for 5500/43209 nodes complete in 53.41s
INFO: [2023-11-24 22:31:54] genewalk.deepwalk - Walks for 5600/43209 nodes complete in 54.85s
INFO: [2023-11-24 22:31:55] genewalk.deepwalk - Walks for 5700/43209 nodes complete in 55.26s
INFO: [2023-11-24 22:31:55] genewalk.deepwalk - Walks for 5800/43209 nodes complete in 55.90s
INFO: [2023-11-24 22:31:56] genewalk.deepwalk - Walks for 5900/43209 nodes complete in 56.63s
INFO: [2023-11-24 22:31:56] genewalk.deepwalk - Walks for 6000/43209 nodes complete in 57.02s
INFO: [2023-11-24 22:31:57] genewalk.deepwalk - Walks for 6100/43209 nodes complete in 58.01s
INFO: [2023-11-24 22:31:58] genewalk.deepwalk - Walks for 6200/43209 nodes complete in 58.26s
INFO: [2023-11-24 22:31:58] genewalk.deepwalk - Walks for 6300/43209 nodes complete in 58.52s
INFO: [2023-11-24 22:31:58] genewalk.deepwalk - Walks for 6400/43209 nodes complete in 58.85s
INFO: [2023-11-24 22:31:59] genewalk.deepwalk - Walks for 6500/43209 nodes complete in 59.15s
INFO: [2023-11-24 22:31:59] genewalk.deepwalk - Walks for 6600/43209 nodes complete in 59.46s
INFO: [2023-11-24 22:32:00] genewalk.deepwalk - Walks for 6700/43209 nodes complete in 60.09s
INFO: [2023-11-24 22:32:00] genewalk.deepwalk - Walks for 6800/43209 nodes complete in 60.56s
INFO: [2023-11-24 22:32:00] genewalk.deepwalk - Walks for 6900/43209 nodes complete in 60.85s
INFO: [2023-11-24 22:32:01] genewalk.deepwalk - Walks for 7000/43209 nodes complete in 61.24s
INFO: [2023-11-24 22:32:01] genewalk.deepwalk - Walks for 7100/43209 nodes complete in 61.81s
INFO: [2023-11-24 22:32:02] genewalk.deepwalk - Walks for 7200/43209 nodes complete in 62.65s
INFO: [2023-11-24 22:32:03] genewalk.deepwalk - Walks for 7300/43209 nodes complete in 63.52s
INFO: [2023-11-24 22:32:04] genewalk.deepwalk - Walks for 7400/43209 nodes complete in 64.06s
INFO: [2023-11-24 22:32:04] genewalk.deepwalk - Walks for 7500/43209 nodes complete in 64.46s
INFO: [2023-11-24 22:32:04] genewalk.deepwalk - Walks for 7600/43209 nodes complete in 64.90s
INFO: [2023-11-24 22:32:05] genewalk.deepwalk - Walks for 7700/43209 nodes complete in 65.68s
INFO: [2023-11-24 22:32:06] genewalk.deepwalk - Walks for 7800/43209 nodes complete in 66.57s
INFO: [2023-11-24 22:32:07] genewalk.deepwalk - Walks for 7900/43209 nodes complete in 67.16s
INFO: [2023-11-24 22:32:09] genewalk.deepwalk - Walks for 8000/43209 nodes complete in 69.07s
INFO: [2023-11-24 22:32:09] genewalk.deepwalk - Walks for 8100/43209 nodes complete in 69.87s
INFO: [2023-11-24 22:32:10] genewalk.deepwalk - Walks for 8200/43209 nodes complete in 70.54s
INFO: [2023-11-24 22:32:10] genewalk.deepwalk - Walks for 8300/43209 nodes complete in 71.01s
INFO: [2023-11-24 22:32:11] genewalk.deepwalk - Walks for 8400/43209 nodes complete in 71.36s
INFO: [2023-11-24 22:32:11] genewalk.deepwalk - Walks for 8500/43209 nodes complete in 71.84s
INFO: [2023-11-24 22:32:12] genewalk.deepwalk - Walks for 8600/43209 nodes complete in 72.13s
INFO: [2023-11-24 22:32:12] genewalk.deepwalk - Walks for 8700/43209 nodes complete in 72.54s
INFO: [2023-11-24 22:32:12] genewalk.deepwalk - Walks for 8800/43209 nodes complete in 73.02s
INFO: [2023-11-24 22:32:13] genewalk.deepwalk - Walks for 8900/43209 nodes complete in 73.58s
INFO: [2023-11-24 22:32:13] genewalk.deepwalk - Walks for 9000/43209 nodes complete in 74.03s
INFO: [2023-11-24 22:32:14] genewalk.deepwalk - Walks for 9100/43209 nodes complete in 74.36s
INFO: [2023-11-24 22:32:14] genewalk.deepwalk - Walks for 9200/43209 nodes complete in 74.83s
INFO: [2023-11-24 22:32:15] genewalk.deepwalk - Walks for 9300/43209 nodes complete in 75.19s
INFO: [2023-11-24 22:32:15] genewalk.deepwalk - Walks for 9400/43209 nodes complete in 75.39s
INFO: [2023-11-24 22:32:15] genewalk.deepwalk - Walks for 9500/43209 nodes complete in 75.60s
INFO: [2023-11-24 22:32:15] genewalk.deepwalk - Walks for 9600/43209 nodes complete in 75.90s
INFO: [2023-11-24 22:32:16] genewalk.deepwalk - Walks for 9700/43209 nodes complete in 76.44s
INFO: [2023-11-24 22:32:16] genewalk.deepwalk - Walks for 9800/43209 nodes complete in 76.90s
INFO: [2023-11-24 22:32:17] genewalk.deepwalk - Walks for 9900/43209 nodes complete in 77.35s
INFO: [2023-11-24 22:32:17] genewalk.deepwalk - Walks for 10000/43209 nodes complete in 77.66s
INFO: [2023-11-24 22:32:18] genewalk.deepwalk - Walks for 10100/43209 nodes complete in 78.09s
INFO: [2023-11-24 22:32:18] genewalk.deepwalk - Walks for 10200/43209 nodes complete in 78.85s
INFO: [2023-11-24 22:32:19] genewalk.deepwalk - Walks for 10300/43209 nodes complete in 79.18s
INFO: [2023-11-24 22:32:19] genewalk.deepwalk - Walks for 10400/43209 nodes complete in 79.96s
INFO: [2023-11-24 22:32:20] genewalk.deepwalk - Walks for 10500/43209 nodes complete in 80.35s
INFO: [2023-11-24 22:32:21] genewalk.deepwalk - Walks for 10600/43209 nodes complete in 81.05s
INFO: [2023-11-24 22:32:21] genewalk.deepwalk - Walks for 10700/43209 nodes complete in 81.50s
INFO: [2023-11-24 22:32:21] genewalk.deepwalk - Walks for 10800/43209 nodes complete in 81.85s
INFO: [2023-11-24 22:32:22] genewalk.deepwalk - Walks for 10900/43209 nodes complete in 82.56s
INFO: [2023-11-24 22:32:22] genewalk.deepwalk - Walks for 11000/43209 nodes complete in 82.99s
INFO: [2023-11-24 22:32:23] genewalk.deepwalk - Walks for 11100/43209 nodes complete in 83.68s
INFO: [2023-11-24 22:32:24] genewalk.deepwalk - Walks for 11200/43209 nodes complete in 84.28s
INFO: [2023-11-24 22:32:24] genewalk.deepwalk - Walks for 11300/43209 nodes complete in 84.76s
INFO: [2023-11-24 22:32:25] genewalk.deepwalk - Walks for 11400/43209 nodes complete in 85.22s
INFO: [2023-11-24 22:32:27] genewalk.deepwalk - Walks for 11500/43209 nodes complete in 87.11s
INFO: [2023-11-24 22:32:27] genewalk.deepwalk - Walks for 11600/43209 nodes complete in 87.52s
INFO: [2023-11-24 22:32:27] genewalk.deepwalk - Walks for 11700/43209 nodes complete in 87.95s
INFO: [2023-11-24 22:32:28] genewalk.deepwalk - Walks for 11800/43209 nodes complete in 88.22s
INFO: [2023-11-24 22:32:28] genewalk.deepwalk - Walks for 11900/43209 nodes complete in 88.47s
INFO: [2023-11-24 22:32:28] genewalk.deepwalk - Walks for 12000/43209 nodes complete in 88.77s
INFO: [2023-11-24 22:32:29] genewalk.deepwalk - Walks for 12100/43209 nodes complete in 89.09s
INFO: [2023-11-24 22:32:29] genewalk.deepwalk - Walks for 12200/43209 nodes complete in 89.35s
INFO: [2023-11-24 22:32:29] genewalk.deepwalk - Walks for 12300/43209 nodes complete in 89.71s
INFO: [2023-11-24 22:32:30] genewalk.deepwalk - Walks for 12400/43209 nodes complete in 90.13s
INFO: [2023-11-24 22:32:30] genewalk.deepwalk - Walks for 12500/43209 nodes complete in 90.57s
INFO: [2023-11-24 22:32:31] genewalk.deepwalk - Walks for 12600/43209 nodes complete in 91.05s
INFO: [2023-11-24 22:32:31] genewalk.deepwalk - Walks for 12700/43209 nodes complete in 91.35s
INFO: [2023-11-24 22:32:31] genewalk.deepwalk - Walks for 12800/43209 nodes complete in 91.63s
INFO: [2023-11-24 22:32:31] genewalk.deepwalk - Walks for 12900/43209 nodes complete in 91.97s
INFO: [2023-11-24 22:32:32] genewalk.deepwalk - Walks for 13000/43209 nodes complete in 92.29s
INFO: [2023-11-24 22:32:32] genewalk.deepwalk - Walks for 13100/43209 nodes complete in 92.65s
INFO: [2023-11-24 22:32:33] genewalk.deepwalk - Walks for 13200/43209 nodes complete in 93.13s
INFO: [2023-11-24 22:32:33] genewalk.deepwalk - Walks for 13300/43209 nodes complete in 93.43s
INFO: [2023-11-24 22:32:33] genewalk.deepwalk - Walks for 13400/43209 nodes complete in 93.72s
INFO: [2023-11-24 22:32:33] genewalk.deepwalk - Walks for 13500/43209 nodes complete in 93.85s
INFO: [2023-11-24 22:32:33] genewalk.deepwalk - Walks for 13600/43209 nodes complete in 94.02s
INFO: [2023-11-24 22:32:34] genewalk.deepwalk - Walks for 13700/43209 nodes complete in 94.16s
INFO: [2023-11-24 22:32:34] genewalk.deepwalk - Walks for 13800/43209 nodes complete in 94.36s
INFO: [2023-11-24 22:32:34] genewalk.deepwalk - Walks for 13900/43209 nodes complete in 94.76s
INFO: [2023-11-24 22:32:35] genewalk.deepwalk - Walks for 14000/43209 nodes complete in 95.15s
INFO: [2023-11-24 22:32:35] genewalk.deepwalk - Walks for 14100/43209 nodes complete in 95.38s
INFO: [2023-11-24 22:32:35] genewalk.deepwalk - Walks for 14200/43209 nodes complete in 95.80s
INFO: [2023-11-24 22:32:36] genewalk.deepwalk - Walks for 14300/43209 nodes complete in 96.15s
INFO: [2023-11-24 22:32:36] genewalk.deepwalk - Walks for 14400/43209 nodes complete in 96.51s
INFO: [2023-11-24 22:32:36] genewalk.deepwalk - Walks for 14500/43209 nodes complete in 96.88s
INFO: [2023-11-24 22:32:37] genewalk.deepwalk - Walks for 14600/43209 nodes complete in 97.24s
INFO: [2023-11-24 22:32:37] genewalk.deepwalk - Walks for 14700/43209 nodes complete in 97.54s
INFO: [2023-11-24 22:32:37] genewalk.deepwalk - Walks for 14800/43209 nodes complete in 97.84s
INFO: [2023-11-24 22:32:38] genewalk.deepwalk - Walks for 14900/43209 nodes complete in 98.07s
INFO: [2023-11-24 22:32:38] genewalk.deepwalk - Walks for 15000/43209 nodes complete in 98.23s
INFO: [2023-11-24 22:32:38] genewalk.deepwalk - Walks for 15100/43209 nodes complete in 98.44s
INFO: [2023-11-24 22:32:38] genewalk.deepwalk - Walks for 15200/43209 nodes complete in 98.65s
INFO: [2023-11-24 22:32:38] genewalk.deepwalk - Walks for 15300/43209 nodes complete in 98.82s
INFO: [2023-11-24 22:32:39] genewalk.deepwalk - Walks for 15400/43209 nodes complete in 99.09s
INFO: [2023-11-24 22:32:39] genewalk.deepwalk - Walks for 15500/43209 nodes complete in 99.42s
INFO: [2023-11-24 22:32:39] genewalk.deepwalk - Walks for 15600/43209 nodes complete in 99.72s
INFO: [2023-11-24 22:32:39] genewalk.deepwalk - Walks for 15700/43209 nodes complete in 100.02s
INFO: [2023-11-24 22:32:40] genewalk.deepwalk - Walks for 15800/43209 nodes complete in 100.46s
INFO: [2023-11-24 22:32:40] genewalk.deepwalk - Walks for 15900/43209 nodes complete in 100.86s
INFO: [2023-11-24 22:32:41] genewalk.deepwalk - Walks for 16000/43209 nodes complete in 101.19s
INFO: [2023-11-24 22:32:41] genewalk.deepwalk - Walks for 16100/43209 nodes complete in 101.45s
INFO: [2023-11-24 22:32:41] genewalk.deepwalk - Walks for 16200/43209 nodes complete in 101.74s
INFO: [2023-11-24 22:32:42] genewalk.deepwalk - Walks for 16300/43209 nodes complete in 102.08s
INFO: [2023-11-24 22:32:42] genewalk.deepwalk - Walks for 16400/43209 nodes complete in 102.68s
INFO: [2023-11-24 22:32:42] genewalk.deepwalk - Walks for 16500/43209 nodes complete in 102.92s
INFO: [2023-11-24 22:32:43] genewalk.deepwalk - Walks for 16600/43209 nodes complete in 103.30s
INFO: [2023-11-24 22:32:43] genewalk.deepwalk - Walks for 16700/43209 nodes complete in 103.64s
INFO: [2023-11-24 22:32:43] genewalk.deepwalk - Walks for 16800/43209 nodes complete in 103.81s
INFO: [2023-11-24 22:32:44] genewalk.deepwalk - Walks for 16900/43209 nodes complete in 104.04s
INFO: [2023-11-24 22:32:44] genewalk.deepwalk - Walks for 17000/43209 nodes complete in 104.40s
INFO: [2023-11-24 22:32:44] genewalk.deepwalk - Walks for 17100/43209 nodes complete in 104.74s
INFO: [2023-11-24 22:32:45] genewalk.deepwalk - Walks for 17200/43209 nodes complete in 105.18s
INFO: [2023-11-24 22:32:45] genewalk.deepwalk - Walks for 17300/43209 nodes complete in 105.71s
INFO: [2023-11-24 22:32:46] genewalk.deepwalk - Walks for 17400/43209 nodes complete in 106.08s
INFO: [2023-11-24 22:32:47] genewalk.deepwalk - Walks for 17500/43209 nodes complete in 107.98s
INFO: [2023-11-24 22:32:48] genewalk.deepwalk - Walks for 17600/43209 nodes complete in 108.26s
INFO: [2023-11-24 22:32:48] genewalk.deepwalk - Walks for 17700/43209 nodes complete in 108.60s
INFO: [2023-11-24 22:32:48] genewalk.deepwalk - Walks for 17800/43209 nodes complete in 109.03s
INFO: [2023-11-24 22:32:49] genewalk.deepwalk - Walks for 17900/43209 nodes complete in 109.41s
INFO: [2023-11-24 22:32:49] genewalk.deepwalk - Walks for 18000/43209 nodes complete in 109.77s
INFO: [2023-11-24 22:32:50] genewalk.deepwalk - Walks for 18100/43209 nodes complete in 110.08s
INFO: [2023-11-24 22:32:50] genewalk.deepwalk - Walks for 18200/43209 nodes complete in 110.37s
INFO: [2023-11-24 22:32:50] genewalk.deepwalk - Walks for 18300/43209 nodes complete in 110.54s
INFO: [2023-11-24 22:32:50] genewalk.deepwalk - Walks for 18400/43209 nodes complete in 110.78s
INFO: [2023-11-24 22:32:51] genewalk.deepwalk - Walks for 18500/43209 nodes complete in 111.07s
INFO: [2023-11-24 22:32:51] genewalk.deepwalk - Walks for 18600/43209 nodes complete in 111.24s
INFO: [2023-11-24 22:32:51] genewalk.deepwalk - Walks for 18700/43209 nodes complete in 111.38s
INFO: [2023-11-24 22:32:51] genewalk.deepwalk - Walks for 18800/43209 nodes complete in 111.51s
INFO: [2023-11-24 22:32:51] genewalk.deepwalk - Walks for 18900/43209 nodes complete in 111.85s
INFO: [2023-11-24 22:32:52] genewalk.deepwalk - Walks for 19000/43209 nodes complete in 112.15s
INFO: [2023-11-24 22:32:52] genewalk.deepwalk - Walks for 19100/43209 nodes complete in 112.45s
INFO: [2023-11-24 22:32:52] genewalk.deepwalk - Walks for 19200/43209 nodes complete in 112.69s
INFO: [2023-11-24 22:32:52] genewalk.deepwalk - Walks for 19300/43209 nodes complete in 112.85s
INFO: [2023-11-24 22:32:53] genewalk.deepwalk - Walks for 19400/43209 nodes complete in 113.20s
INFO: [2023-11-24 22:32:53] genewalk.deepwalk - Walks for 19500/43209 nodes complete in 113.41s
INFO: [2023-11-24 22:32:53] genewalk.deepwalk - Walks for 19600/43209 nodes complete in 113.54s
INFO: [2023-11-24 22:32:53] genewalk.deepwalk - Walks for 19700/43209 nodes complete in 113.74s
INFO: [2023-11-24 22:32:53] genewalk.deepwalk - Walks for 19800/43209 nodes complete in 114.02s
INFO: [2023-11-24 22:32:54] genewalk.deepwalk - Walks for 19900/43209 nodes complete in 114.25s
INFO: [2023-11-24 22:32:54] genewalk.deepwalk - Walks for 20000/43209 nodes complete in 114.50s
INFO: [2023-11-24 22:32:54] genewalk.deepwalk - Walks for 20100/43209 nodes complete in 114.78s
INFO: [2023-11-24 22:32:54] genewalk.deepwalk - Walks for 20200/43209 nodes complete in 115.01s
INFO: [2023-11-24 22:32:55] genewalk.deepwalk - Walks for 20300/43209 nodes complete in 115.26s
INFO: [2023-11-24 22:32:55] genewalk.deepwalk - Walks for 20400/43209 nodes complete in 115.54s
INFO: [2023-11-24 22:32:55] genewalk.deepwalk - Walks for 20500/43209 nodes complete in 115.84s
INFO: [2023-11-24 22:32:56] genewalk.deepwalk - Walks for 20600/43209 nodes complete in 116.24s
INFO: [2023-11-24 22:32:56] genewalk.deepwalk - Walks for 20700/43209 nodes complete in 116.50s
INFO: [2023-11-24 22:32:56] genewalk.deepwalk - Walks for 20800/43209 nodes complete in 116.77s
INFO: [2023-11-24 22:32:56] genewalk.deepwalk - Walks for 20900/43209 nodes complete in 117.02s
INFO: [2023-11-24 22:32:57] genewalk.deepwalk - Walks for 21000/43209 nodes complete in 117.22s
INFO: [2023-11-24 22:32:57] genewalk.deepwalk - Walks for 21100/43209 nodes complete in 117.45s
INFO: [2023-11-24 22:32:57] genewalk.deepwalk - Walks for 21200/43209 nodes complete in 117.63s
INFO: [2023-11-24 22:32:57] genewalk.deepwalk - Walks for 21300/43209 nodes complete in 117.91s
INFO: [2023-11-24 22:32:58] genewalk.deepwalk - Walks for 21400/43209 nodes complete in 118.09s
INFO: [2023-11-24 22:32:58] genewalk.deepwalk - Walks for 21500/43209 nodes complete in 118.37s
INFO: [2023-11-24 22:32:58] genewalk.deepwalk - Walks for 21600/43209 nodes complete in 118.65s
INFO: [2023-11-24 22:32:58] genewalk.deepwalk - Walks for 21700/43209 nodes complete in 119.01s
INFO: [2023-11-24 22:32:59] genewalk.deepwalk - Walks for 21800/43209 nodes complete in 119.28s
INFO: [2023-11-24 22:32:59] genewalk.deepwalk - Walks for 21900/43209 nodes complete in 119.51s
INFO: [2023-11-24 22:32:59] genewalk.deepwalk - Walks for 22000/43209 nodes complete in 119.79s
INFO: [2023-11-24 22:33:00] genewalk.deepwalk - Walks for 22100/43209 nodes complete in 120.05s
INFO: [2023-11-24 22:33:00] genewalk.deepwalk - Walks for 22200/43209 nodes complete in 120.30s
INFO: [2023-11-24 22:33:00] genewalk.deepwalk - Walks for 22300/43209 nodes complete in 120.64s
INFO: [2023-11-24 22:33:00] genewalk.deepwalk - Walks for 22400/43209 nodes complete in 120.97s
INFO: [2023-11-24 22:33:01] genewalk.deepwalk - Walks for 22500/43209 nodes complete in 121.20s
INFO: [2023-11-24 22:33:01] genewalk.deepwalk - Walks for 22600/43209 nodes complete in 121.34s
INFO: [2023-11-24 22:33:01] genewalk.deepwalk - Walks for 22700/43209 nodes complete in 121.56s
INFO: [2023-11-24 22:33:01] genewalk.deepwalk - Walks for 22800/43209 nodes complete in 121.79s
INFO: [2023-11-24 22:33:01] genewalk.deepwalk - Walks for 22900/43209 nodes complete in 121.97s
INFO: [2023-11-24 22:33:02] genewalk.deepwalk - Walks for 23000/43209 nodes complete in 122.19s
INFO: [2023-11-24 22:33:02] genewalk.deepwalk - Walks for 23100/43209 nodes complete in 122.39s
INFO: [2023-11-24 22:33:02] genewalk.deepwalk - Walks for 23200/43209 nodes complete in 122.59s
INFO: [2023-11-24 22:33:02] genewalk.deepwalk - Walks for 23300/43209 nodes complete in 122.79s
INFO: [2023-11-24 22:33:03] genewalk.deepwalk - Walks for 23400/43209 nodes complete in 123.08s
INFO: [2023-11-24 22:33:03] genewalk.deepwalk - Walks for 23500/43209 nodes complete in 123.31s
INFO: [2023-11-24 22:33:03] genewalk.deepwalk - Walks for 23600/43209 nodes complete in 123.52s
INFO: [2023-11-24 22:33:03] genewalk.deepwalk - Walks for 23700/43209 nodes complete in 123.85s
INFO: [2023-11-24 22:33:04] genewalk.deepwalk - Walks for 23800/43209 nodes complete in 124.25s
INFO: [2023-11-24 22:33:04] genewalk.deepwalk - Walks for 23900/43209 nodes complete in 124.66s
INFO: [2023-11-24 22:33:04] genewalk.deepwalk - Walks for 24000/43209 nodes complete in 124.98s
INFO: [2023-11-24 22:33:05] genewalk.deepwalk - Walks for 24100/43209 nodes complete in 125.33s
INFO: [2023-11-24 22:33:05] genewalk.deepwalk - Walks for 24200/43209 nodes complete in 125.55s
INFO: [2023-11-24 22:33:05] genewalk.deepwalk - Walks for 24300/43209 nodes complete in 125.91s
INFO: [2023-11-24 22:33:06] genewalk.deepwalk - Walks for 24400/43209 nodes complete in 126.11s
INFO: [2023-11-24 22:33:06] genewalk.deepwalk - Walks for 24500/43209 nodes complete in 126.33s
INFO: [2023-11-24 22:33:06] genewalk.deepwalk - Walks for 24600/43209 nodes complete in 126.47s
INFO: [2023-11-24 22:33:06] genewalk.deepwalk - Walks for 24700/43209 nodes complete in 126.61s
INFO: [2023-11-24 22:33:06] genewalk.deepwalk - Walks for 24800/43209 nodes complete in 126.74s
INFO: [2023-11-24 22:33:06] genewalk.deepwalk - Walks for 24900/43209 nodes complete in 126.87s
INFO: [2023-11-24 22:33:06] genewalk.deepwalk - Walks for 25000/43209 nodes complete in 127.01s
INFO: [2023-11-24 22:33:07] genewalk.deepwalk - Walks for 25100/43209 nodes complete in 127.15s
INFO: [2023-11-24 22:33:07] genewalk.deepwalk - Walks for 25200/43209 nodes complete in 127.29s
INFO: [2023-11-24 22:33:07] genewalk.deepwalk - Walks for 25300/43209 nodes complete in 127.42s
INFO: [2023-11-24 22:33:07] genewalk.deepwalk - Walks for 25400/43209 nodes complete in 127.57s
INFO: [2023-11-24 22:33:07] genewalk.deepwalk - Walks for 25500/43209 nodes complete in 127.85s
INFO: [2023-11-24 22:33:08] genewalk.deepwalk - Walks for 25600/43209 nodes complete in 128.07s
INFO: [2023-11-24 22:33:08] genewalk.deepwalk - Walks for 25700/43209 nodes complete in 128.28s
INFO: [2023-11-24 22:33:08] genewalk.deepwalk - Walks for 25800/43209 nodes complete in 128.53s
INFO: [2023-11-24 22:33:08] genewalk.deepwalk - Walks for 25900/43209 nodes complete in 128.84s
INFO: [2023-11-24 22:33:09] genewalk.deepwalk - Walks for 26000/43209 nodes complete in 129.06s
INFO: [2023-11-24 22:33:09] genewalk.deepwalk - Walks for 26100/43209 nodes complete in 129.24s
INFO: [2023-11-24 22:33:09] genewalk.deepwalk - Walks for 26200/43209 nodes complete in 129.38s
INFO: [2023-11-24 22:33:09] genewalk.deepwalk - Walks for 26300/43209 nodes complete in 129.52s
INFO: [2023-11-24 22:33:09] genewalk.deepwalk - Walks for 26400/43209 nodes complete in 129.66s
INFO: [2023-11-24 22:33:09] genewalk.deepwalk - Walks for 26500/43209 nodes complete in 129.80s
INFO: [2023-11-24 22:33:09] genewalk.deepwalk - Walks for 26600/43209 nodes complete in 129.94s
INFO: [2023-11-24 22:33:10] genewalk.deepwalk - Walks for 26700/43209 nodes complete in 130.08s
INFO: [2023-11-24 22:33:10] genewalk.deepwalk - Walks for 26800/43209 nodes complete in 130.37s
INFO: [2023-11-24 22:33:10] genewalk.deepwalk - Walks for 26900/43209 nodes complete in 130.60s
INFO: [2023-11-24 22:33:10] genewalk.deepwalk - Walks for 27000/43209 nodes complete in 130.86s
INFO: [2023-11-24 22:33:11] genewalk.deepwalk - Walks for 27100/43209 nodes complete in 131.12s
INFO: [2023-11-24 22:33:11] genewalk.deepwalk - Walks for 27200/43209 nodes complete in 131.41s
INFO: [2023-11-24 22:33:11] genewalk.deepwalk - Walks for 27300/43209 nodes complete in 131.65s
INFO: [2023-11-24 22:33:11] genewalk.deepwalk - Walks for 27400/43209 nodes complete in 131.95s
INFO: [2023-11-24 22:33:12] genewalk.deepwalk - Walks for 27500/43209 nodes complete in 132.23s
INFO: [2023-11-24 22:33:12] genewalk.deepwalk - Walks for 27600/43209 nodes complete in 132.41s
INFO: [2023-11-24 22:33:14] genewalk.deepwalk - Walks for 27700/43209 nodes complete in 134.44s
INFO: [2023-11-24 22:33:14] genewalk.deepwalk - Walks for 27800/43209 nodes complete in 134.60s
INFO: [2023-11-24 22:33:14] genewalk.deepwalk - Walks for 27900/43209 nodes complete in 134.79s
INFO: [2023-11-24 22:33:14] genewalk.deepwalk - Walks for 28000/43209 nodes complete in 135.00s
INFO: [2023-11-24 22:33:15] genewalk.deepwalk - Walks for 28100/43209 nodes complete in 135.22s
INFO: [2023-11-24 22:33:15] genewalk.deepwalk - Walks for 28200/43209 nodes complete in 135.53s
INFO: [2023-11-24 22:33:15] genewalk.deepwalk - Walks for 28300/43209 nodes complete in 135.77s
INFO: [2023-11-24 22:33:16] genewalk.deepwalk - Walks for 28400/43209 nodes complete in 136.07s
INFO: [2023-11-24 22:33:16] genewalk.deepwalk - Walks for 28500/43209 nodes complete in 136.30s
INFO: [2023-11-24 22:33:16] genewalk.deepwalk - Walks for 28600/43209 nodes complete in 136.57s
INFO: [2023-11-24 22:33:16] genewalk.deepwalk - Walks for 28700/43209 nodes complete in 136.77s
INFO: [2023-11-24 22:33:16] genewalk.deepwalk - Walks for 28800/43209 nodes complete in 136.97s
INFO: [2023-11-24 22:33:17] genewalk.deepwalk - Walks for 28900/43209 nodes complete in 137.23s
INFO: [2023-11-24 22:33:17] genewalk.deepwalk - Walks for 29000/43209 nodes complete in 137.50s
INFO: [2023-11-24 22:33:17] genewalk.deepwalk - Walks for 29100/43209 nodes complete in 137.78s
INFO: [2023-11-24 22:33:17] genewalk.deepwalk - Walks for 29200/43209 nodes complete in 137.99s
INFO: [2023-11-24 22:33:18] genewalk.deepwalk - Walks for 29300/43209 nodes complete in 138.19s
INFO: [2023-11-24 22:33:18] genewalk.deepwalk - Walks for 29400/43209 nodes complete in 138.39s
INFO: [2023-11-24 22:33:18] genewalk.deepwalk - Walks for 29500/43209 nodes complete in 138.57s
INFO: [2023-11-24 22:33:18] genewalk.deepwalk - Walks for 29600/43209 nodes complete in 138.80s
INFO: [2023-11-24 22:33:18] genewalk.deepwalk - Walks for 29700/43209 nodes complete in 139.02s
INFO: [2023-11-24 22:33:19] genewalk.deepwalk - Walks for 29800/43209 nodes complete in 139.26s
INFO: [2023-11-24 22:33:19] genewalk.deepwalk - Walks for 29900/43209 nodes complete in 139.47s
INFO: [2023-11-24 22:33:19] genewalk.deepwalk - Walks for 30000/43209 nodes complete in 139.67s
INFO: [2023-11-24 22:33:19] genewalk.deepwalk - Walks for 30100/43209 nodes complete in 139.89s
INFO: [2023-11-24 22:33:20] genewalk.deepwalk - Walks for 30200/43209 nodes complete in 140.10s
INFO: [2023-11-24 22:33:20] genewalk.deepwalk - Walks for 30300/43209 nodes complete in 140.30s
INFO: [2023-11-24 22:33:20] genewalk.deepwalk - Walks for 30400/43209 nodes complete in 140.52s
INFO: [2023-11-24 22:33:20] genewalk.deepwalk - Walks for 30500/43209 nodes complete in 140.73s
INFO: [2023-11-24 22:33:20] genewalk.deepwalk - Walks for 30600/43209 nodes complete in 141.02s
INFO: [2023-11-24 22:33:21] genewalk.deepwalk - Walks for 30700/43209 nodes complete in 141.27s
INFO: [2023-11-24 22:33:21] genewalk.deepwalk - Walks for 30800/43209 nodes complete in 141.46s
INFO: [2023-11-24 22:33:21] genewalk.deepwalk - Walks for 30900/43209 nodes complete in 141.75s
INFO: [2023-11-24 22:33:22] genewalk.deepwalk - Walks for 31000/43209 nodes complete in 142.12s
INFO: [2023-11-24 22:33:22] genewalk.deepwalk - Walks for 31100/43209 nodes complete in 142.43s
INFO: [2023-11-24 22:33:22] genewalk.deepwalk - Walks for 31200/43209 nodes complete in 142.66s
INFO: [2023-11-24 22:33:22] genewalk.deepwalk - Walks for 31300/43209 nodes complete in 142.88s
INFO: [2023-11-24 22:33:23] genewalk.deepwalk - Walks for 31400/43209 nodes complete in 143.10s
INFO: [2023-11-24 22:33:23] genewalk.deepwalk - Walks for 31500/43209 nodes complete in 143.32s
INFO: [2023-11-24 22:33:23] genewalk.deepwalk - Walks for 31600/43209 nodes complete in 143.57s
INFO: [2023-11-24 22:33:23] genewalk.deepwalk - Walks for 31700/43209 nodes complete in 143.78s
INFO: [2023-11-24 22:33:23] genewalk.deepwalk - Walks for 31800/43209 nodes complete in 143.98s
INFO: [2023-11-24 22:33:24] genewalk.deepwalk - Walks for 31900/43209 nodes complete in 144.21s
INFO: [2023-11-24 22:33:24] genewalk.deepwalk - Walks for 32000/43209 nodes complete in 144.50s
INFO: [2023-11-24 22:33:24] genewalk.deepwalk - Walks for 32100/43209 nodes complete in 144.74s
INFO: [2023-11-24 22:33:24] genewalk.deepwalk - Walks for 32200/43209 nodes complete in 144.89s
INFO: [2023-11-24 22:33:25] genewalk.deepwalk - Walks for 32300/43209 nodes complete in 145.08s
INFO: [2023-11-24 22:33:25] genewalk.deepwalk - Walks for 32400/43209 nodes complete in 145.30s
INFO: [2023-11-24 22:33:25] genewalk.deepwalk - Walks for 32500/43209 nodes complete in 145.58s
INFO: [2023-11-24 22:33:25] genewalk.deepwalk - Walks for 32600/43209 nodes complete in 145.85s
INFO: [2023-11-24 22:33:26] genewalk.deepwalk - Walks for 32700/43209 nodes complete in 146.15s
INFO: [2023-11-24 22:33:26] genewalk.deepwalk - Walks for 32800/43209 nodes complete in 146.33s
INFO: [2023-11-24 22:33:26] genewalk.deepwalk - Walks for 32900/43209 nodes complete in 146.52s
INFO: [2023-11-24 22:33:26] genewalk.deepwalk - Walks for 33000/43209 nodes complete in 146.69s
INFO: [2023-11-24 22:33:26] genewalk.deepwalk - Walks for 33100/43209 nodes complete in 146.88s
INFO: [2023-11-24 22:33:27] genewalk.deepwalk - Walks for 33200/43209 nodes complete in 147.07s
INFO: [2023-11-24 22:33:27] genewalk.deepwalk - Walks for 33300/43209 nodes complete in 147.27s
INFO: [2023-11-24 22:33:27] genewalk.deepwalk - Walks for 33400/43209 nodes complete in 147.45s
INFO: [2023-11-24 22:33:27] genewalk.deepwalk - Walks for 33500/43209 nodes complete in 147.61s
INFO: [2023-11-24 22:33:27] genewalk.deepwalk - Walks for 33600/43209 nodes complete in 147.78s
INFO: [2023-11-24 22:33:27] genewalk.deepwalk - Walks for 33700/43209 nodes complete in 147.94s
INFO: [2023-11-24 22:33:28] genewalk.deepwalk - Walks for 33800/43209 nodes complete in 148.16s
INFO: [2023-11-24 22:33:28] genewalk.deepwalk - Walks for 33900/43209 nodes complete in 148.37s
INFO: [2023-11-24 22:33:28] genewalk.deepwalk - Walks for 34000/43209 nodes complete in 148.62s
INFO: [2023-11-24 22:33:28] genewalk.deepwalk - Walks for 34100/43209 nodes complete in 148.81s
INFO: [2023-11-24 22:33:28] genewalk.deepwalk - Walks for 34200/43209 nodes complete in 149.04s
INFO: [2023-11-24 22:33:29] genewalk.deepwalk - Walks for 34300/43209 nodes complete in 149.22s
INFO: [2023-11-24 22:33:29] genewalk.deepwalk - Walks for 34400/43209 nodes complete in 149.36s
INFO: [2023-11-24 22:33:29] genewalk.deepwalk - Walks for 34500/43209 nodes complete in 149.50s
INFO: [2023-11-24 22:33:29] genewalk.deepwalk - Walks for 34600/43209 nodes complete in 149.65s
INFO: [2023-11-24 22:33:29] genewalk.deepwalk - Walks for 34700/43209 nodes complete in 149.80s
INFO: [2023-11-24 22:33:29] genewalk.deepwalk - Walks for 34800/43209 nodes complete in 149.95s
INFO: [2023-11-24 22:33:30] genewalk.deepwalk - Walks for 34900/43209 nodes complete in 150.09s
INFO: [2023-11-24 22:33:30] genewalk.deepwalk - Walks for 35000/43209 nodes complete in 150.22s
INFO: [2023-11-24 22:33:30] genewalk.deepwalk - Walks for 35100/43209 nodes complete in 150.36s
INFO: [2023-11-24 22:33:30] genewalk.deepwalk - Walks for 35200/43209 nodes complete in 150.50s
INFO: [2023-11-24 22:33:30] genewalk.deepwalk - Walks for 35300/43209 nodes complete in 150.77s
INFO: [2023-11-24 22:33:30] genewalk.deepwalk - Walks for 35400/43209 nodes complete in 150.95s
INFO: [2023-11-24 22:33:31] genewalk.deepwalk - Walks for 35500/43209 nodes complete in 151.12s
INFO: [2023-11-24 22:33:31] genewalk.deepwalk - Walks for 35600/43209 nodes complete in 151.36s
INFO: [2023-11-24 22:33:31] genewalk.deepwalk - Walks for 35700/43209 nodes complete in 151.63s
INFO: [2023-11-24 22:33:31] genewalk.deepwalk - Walks for 35800/43209 nodes complete in 151.83s
INFO: [2023-11-24 22:33:32] genewalk.deepwalk - Walks for 35900/43209 nodes complete in 152.05s
INFO: [2023-11-24 22:33:32] genewalk.deepwalk - Walks for 36000/43209 nodes complete in 152.24s
INFO: [2023-11-24 22:33:32] genewalk.deepwalk - Walks for 36100/43209 nodes complete in 152.46s
INFO: [2023-11-24 22:33:32] genewalk.deepwalk - Walks for 36200/43209 nodes complete in 152.66s
INFO: [2023-11-24 22:33:32] genewalk.deepwalk - Walks for 36300/43209 nodes complete in 152.83s
INFO: [2023-11-24 22:33:32] genewalk.deepwalk - Walks for 36400/43209 nodes complete in 153.01s
INFO: [2023-11-24 22:33:33] genewalk.deepwalk - Walks for 36500/43209 nodes complete in 153.21s
INFO: [2023-11-24 22:33:33] genewalk.deepwalk - Walks for 36600/43209 nodes complete in 153.43s
INFO: [2023-11-24 22:33:33] genewalk.deepwalk - Walks for 36700/43209 nodes complete in 153.58s
INFO: [2023-11-24 22:33:33] genewalk.deepwalk - Walks for 36800/43209 nodes complete in 153.76s
INFO: [2023-11-24 22:33:33] genewalk.deepwalk - Walks for 36900/43209 nodes complete in 153.98s
INFO: [2023-11-24 22:33:34] genewalk.deepwalk - Walks for 37000/43209 nodes complete in 154.13s
INFO: [2023-11-24 22:33:34] genewalk.deepwalk - Walks for 37100/43209 nodes complete in 154.47s
INFO: [2023-11-24 22:33:34] genewalk.deepwalk - Walks for 37200/43209 nodes complete in 154.77s
INFO: [2023-11-24 22:33:35] genewalk.deepwalk - Walks for 37300/43209 nodes complete in 155.15s
INFO: [2023-11-24 22:33:35] genewalk.deepwalk - Walks for 37400/43209 nodes complete in 155.53s
INFO: [2023-11-24 22:33:35] genewalk.deepwalk - Walks for 37500/43209 nodes complete in 156.00s
INFO: [2023-11-24 22:33:36] genewalk.deepwalk - Walks for 37600/43209 nodes complete in 156.39s
INFO: [2023-11-24 22:33:36] genewalk.deepwalk - Walks for 37700/43209 nodes complete in 156.82s
INFO: [2023-11-24 22:33:37] genewalk.deepwalk - Walks for 37800/43209 nodes complete in 157.24s
INFO: [2023-11-24 22:33:37] genewalk.deepwalk - Walks for 37900/43209 nodes complete in 157.58s
INFO: [2023-11-24 22:33:37] genewalk.deepwalk - Walks for 38000/43209 nodes complete in 157.90s
INFO: [2023-11-24 22:33:38] genewalk.deepwalk - Walks for 38100/43209 nodes complete in 158.23s
INFO: [2023-11-24 22:33:38] genewalk.deepwalk - Walks for 38200/43209 nodes complete in 158.55s
INFO: [2023-11-24 22:33:38] genewalk.deepwalk - Walks for 38300/43209 nodes complete in 158.85s
INFO: [2023-11-24 22:33:39] genewalk.deepwalk - Walks for 38400/43209 nodes complete in 159.24s
INFO: [2023-11-24 22:33:39] genewalk.deepwalk - Walks for 38500/43209 nodes complete in 159.57s
INFO: [2023-11-24 22:33:39] genewalk.deepwalk - Walks for 38600/43209 nodes complete in 159.92s
INFO: [2023-11-24 22:33:40] genewalk.deepwalk - Walks for 38700/43209 nodes complete in 160.32s
INFO: [2023-11-24 22:33:40] genewalk.deepwalk - Walks for 38800/43209 nodes complete in 160.60s
INFO: [2023-11-24 22:33:40] genewalk.deepwalk - Walks for 38900/43209 nodes complete in 160.89s
INFO: [2023-11-24 22:33:41] genewalk.deepwalk - Walks for 39000/43209 nodes complete in 161.16s
INFO: [2023-11-24 22:33:41] genewalk.deepwalk - Walks for 39100/43209 nodes complete in 161.40s
INFO: [2023-11-24 22:33:41] genewalk.deepwalk - Walks for 39200/43209 nodes complete in 161.66s
INFO: [2023-11-24 22:33:41] genewalk.deepwalk - Walks for 39300/43209 nodes complete in 161.96s
INFO: [2023-11-24 22:33:42] genewalk.deepwalk - Walks for 39400/43209 nodes complete in 162.24s
INFO: [2023-11-24 22:33:42] genewalk.deepwalk - Walks for 39500/43209 nodes complete in 162.51s
INFO: [2023-11-24 22:33:42] genewalk.deepwalk - Walks for 39600/43209 nodes complete in 162.80s
INFO: [2023-11-24 22:33:43] genewalk.deepwalk - Walks for 39700/43209 nodes complete in 163.13s
INFO: [2023-11-24 22:33:43] genewalk.deepwalk - Walks for 39800/43209 nodes complete in 163.39s
INFO: [2023-11-24 22:33:43] genewalk.deepwalk - Walks for 39900/43209 nodes complete in 163.66s
INFO: [2023-11-24 22:33:43] genewalk.deepwalk - Walks for 40000/43209 nodes complete in 163.94s
INFO: [2023-11-24 22:33:44] genewalk.deepwalk - Walks for 40100/43209 nodes complete in 164.21s
INFO: [2023-11-24 22:33:44] genewalk.deepwalk - Walks for 40200/43209 nodes complete in 164.47s
INFO: [2023-11-24 22:33:44] genewalk.deepwalk - Walks for 40300/43209 nodes complete in 164.77s
INFO: [2023-11-24 22:33:45] genewalk.deepwalk - Walks for 40400/43209 nodes complete in 165.06s
INFO: [2023-11-24 22:33:47] genewalk.deepwalk - Walks for 40500/43209 nodes complete in 167.64s
INFO: [2023-11-24 22:33:47] genewalk.deepwalk - Walks for 40600/43209 nodes complete in 167.91s
INFO: [2023-11-24 22:33:48] genewalk.deepwalk - Walks for 40700/43209 nodes complete in 168.15s
INFO: [2023-11-24 22:33:48] genewalk.deepwalk - Walks for 40800/43209 nodes complete in 168.39s
INFO: [2023-11-24 22:33:48] genewalk.deepwalk - Walks for 40900/43209 nodes complete in 168.66s
INFO: [2023-11-24 22:33:48] genewalk.deepwalk - Walks for 41000/43209 nodes complete in 168.93s
INFO: [2023-11-24 22:33:49] genewalk.deepwalk - Walks for 41100/43209 nodes complete in 169.20s
INFO: [2023-11-24 22:33:49] genewalk.deepwalk - Walks for 41200/43209 nodes complete in 169.46s
INFO: [2023-11-24 22:33:49] genewalk.deepwalk - Walks for 41300/43209 nodes complete in 169.70s
INFO: [2023-11-24 22:33:49] genewalk.deepwalk - Walks for 41400/43209 nodes complete in 169.97s
INFO: [2023-11-24 22:33:50] genewalk.deepwalk - Walks for 41500/43209 nodes complete in 170.23s
INFO: [2023-11-24 22:33:50] genewalk.deepwalk - Walks for 41600/43209 nodes complete in 170.49s
INFO: [2023-11-24 22:33:50] genewalk.deepwalk - Walks for 41700/43209 nodes complete in 170.65s
INFO: [2023-11-24 22:33:50] genewalk.deepwalk - Walks for 41800/43209 nodes complete in 170.81s
INFO: [2023-11-24 22:33:50] genewalk.deepwalk - Walks for 41900/43209 nodes complete in 170.97s
INFO: [2023-11-24 22:33:51] genewalk.deepwalk - Walks for 42000/43209 nodes complete in 171.13s
INFO: [2023-11-24 22:33:51] genewalk.deepwalk - Walks for 42100/43209 nodes complete in 171.28s
INFO: [2023-11-24 22:33:51] genewalk.deepwalk - Walks for 42200/43209 nodes complete in 171.44s
INFO: [2023-11-24 22:33:51] genewalk.deepwalk - Walks for 42300/43209 nodes complete in 171.59s
INFO: [2023-11-24 22:33:51] genewalk.deepwalk - Walks for 42400/43209 nodes complete in 171.89s
INFO: [2023-11-24 22:33:52] genewalk.deepwalk - Walks for 42500/43209 nodes complete in 172.19s
INFO: [2023-11-24 22:33:52] genewalk.deepwalk - Walks for 42600/43209 nodes complete in 172.49s
INFO: [2023-11-24 22:33:52] genewalk.deepwalk - Walks for 42700/43209 nodes complete in 172.76s
INFO: [2023-11-24 22:33:52] genewalk.deepwalk - Walks for 42800/43209 nodes complete in 173.03s
INFO: [2023-11-24 22:33:53] genewalk.deepwalk - Walks for 42900/43209 nodes complete in 173.33s
INFO: [2023-11-24 22:33:53] genewalk.deepwalk - Walks for 43000/43209 nodes complete in 173.68s
INFO: [2023-11-24 22:33:53] genewalk.deepwalk - Walks for 43100/43209 nodes complete in 173.90s
INFO: [2023-11-24 22:33:54] genewalk.deepwalk - Walks for 43200/43209 nodes complete in 174.23s
INFO: [2023-11-24 22:33:54] genewalk.deepwalk - Running random walks done in 174.27s
INFO: [2023-11-24 22:33:54] genewalk.deepwalk - Generating node vectors...
INFO: [2023-11-24 22:52:47] genewalk.deepwalk - Generating node vectors done in 1133.18s
INFO: [2023-11-24 22:52:47] genewalk.cli - Saving into /home/z3533223/genewalk/upf3b-all/deepwalk_node_vectors_1.pkl...
INFO: [2023-11-24 22:52:49] genewalk.cli - 2/3
INFO: [2023-11-24 22:52:49] genewalk.deepwalk - Running random walks...
INFO: [2023-11-24 22:52:51] genewalk.deepwalk - Walks for 100/43209 nodes complete in 1.91s
INFO: [2023-11-24 22:52:52] genewalk.deepwalk - Walks for 200/43209 nodes complete in 3.30s
INFO: [2023-11-24 22:52:54] genewalk.deepwalk - Walks for 300/43209 nodes complete in 5.04s
INFO: [2023-11-24 22:52:56] genewalk.deepwalk - Walks for 400/43209 nodes complete in 6.92s
INFO: [2023-11-24 22:52:59] genewalk.deepwalk - Walks for 500/43209 nodes complete in 10.54s
INFO: [2023-11-24 22:53:00] genewalk.deepwalk - Walks for 600/43209 nodes complete in 11.34s
INFO: [2023-11-24 22:53:01] genewalk.deepwalk - Walks for 700/43209 nodes complete in 12.28s
INFO: [2023-11-24 22:53:02] genewalk.deepwalk - Walks for 800/43209 nodes complete in 13.42s
INFO: [2023-11-24 22:53:03] genewalk.deepwalk - Walks for 900/43209 nodes complete in 14.67s
INFO: [2023-11-24 22:53:04] genewalk.deepwalk - Walks for 1000/43209 nodes complete in 15.52s
INFO: [2023-11-24 22:53:05] genewalk.deepwalk - Walks for 1100/43209 nodes complete in 16.26s
INFO: [2023-11-24 22:53:06] genewalk.deepwalk - Walks for 1200/43209 nodes complete in 17.12s
INFO: [2023-11-24 22:53:06] genewalk.deepwalk - Walks for 1300/43209 nodes complete in 17.84s
INFO: [2023-11-24 22:53:07] genewalk.deepwalk - Walks for 1400/43209 nodes complete in 18.57s
INFO: [2023-11-24 22:53:08] genewalk.deepwalk - Walks for 1500/43209 nodes complete in 19.64s
INFO: [2023-11-24 22:53:09] genewalk.deepwalk - Walks for 1600/43209 nodes complete in 20.25s
INFO: [2023-11-24 22:53:10] genewalk.deepwalk - Walks for 1700/43209 nodes complete in 21.05s
INFO: [2023-11-24 22:53:10] genewalk.deepwalk - Walks for 1800/43209 nodes complete in 21.74s
INFO: [2023-11-24 22:53:11] genewalk.deepwalk - Walks for 1900/43209 nodes complete in 22.39s
INFO: [2023-11-24 22:53:12] genewalk.deepwalk - Walks for 2000/43209 nodes complete in 22.95s
INFO: [2023-11-24 22:53:12] genewalk.deepwalk - Walks for 2100/43209 nodes complete in 23.55s
INFO: [2023-11-24 22:53:13] genewalk.deepwalk - Walks for 2200/43209 nodes complete in 24.11s
INFO: [2023-11-24 22:53:15] genewalk.deepwalk - Walks for 2300/43209 nodes complete in 26.50s
INFO: [2023-11-24 22:53:17] genewalk.deepwalk - Walks for 2400/43209 nodes complete in 28.03s
INFO: [2023-11-24 22:53:19] genewalk.deepwalk - Walks for 2500/43209 nodes complete in 30.35s
INFO: [2023-11-24 22:53:21] genewalk.deepwalk - Walks for 2600/43209 nodes complete in 32.78s
INFO: [2023-11-24 22:53:23] genewalk.deepwalk - Walks for 2700/43209 nodes complete in 33.99s
INFO: [2023-11-24 22:53:23] genewalk.deepwalk - Walks for 2800/43209 nodes complete in 34.38s
INFO: [2023-11-24 22:53:24] genewalk.deepwalk - Walks for 2900/43209 nodes complete in 35.21s
INFO: [2023-11-24 22:53:25] genewalk.deepwalk - Walks for 3000/43209 nodes complete in 36.27s
INFO: [2023-11-24 22:53:25] genewalk.deepwalk - Walks for 3100/43209 nodes complete in 36.73s
INFO: [2023-11-24 22:53:26] genewalk.deepwalk - Walks for 3200/43209 nodes complete in 37.33s
INFO: [2023-11-24 22:53:27] genewalk.deepwalk - Walks for 3300/43209 nodes complete in 38.69s
INFO: [2023-11-24 22:53:28] genewalk.deepwalk - Walks for 3400/43209 nodes complete in 39.44s
INFO: [2023-11-24 22:53:29] genewalk.deepwalk - Walks for 3500/43209 nodes complete in 40.18s
INFO: [2023-11-24 22:53:30] genewalk.deepwalk - Walks for 3600/43209 nodes complete in 41.18s
INFO: [2023-11-24 22:53:30] genewalk.deepwalk - Walks for 3700/43209 nodes complete in 41.83s
INFO: [2023-11-24 22:53:32] genewalk.deepwalk - Walks for 3800/43209 nodes complete in 43.59s
INFO: [2023-11-24 22:53:33] genewalk.deepwalk - Walks for 3900/43209 nodes complete in 44.13s
INFO: [2023-11-24 22:53:33] genewalk.deepwalk - Walks for 4000/43209 nodes complete in 44.61s
INFO: [2023-11-24 22:53:34] genewalk.deepwalk - Walks for 4100/43209 nodes complete in 45.25s
INFO: [2023-11-24 22:53:34] genewalk.deepwalk - Walks for 4200/43209 nodes complete in 45.76s
INFO: [2023-11-24 22:53:35] genewalk.deepwalk - Walks for 4300/43209 nodes complete in 46.04s
INFO: [2023-11-24 22:53:35] genewalk.deepwalk - Walks for 4400/43209 nodes complete in 46.33s
INFO: [2023-11-24 22:53:35] genewalk.deepwalk - Walks for 4500/43209 nodes complete in 46.62s
INFO: [2023-11-24 22:53:36] genewalk.deepwalk - Walks for 4600/43209 nodes complete in 47.45s
INFO: [2023-11-24 22:53:37] genewalk.deepwalk - Walks for 4700/43209 nodes complete in 48.20s
INFO: [2023-11-24 22:53:37] genewalk.deepwalk - Walks for 4800/43209 nodes complete in 48.89s
INFO: [2023-11-24 22:53:38] genewalk.deepwalk - Walks for 4900/43209 nodes complete in 49.46s
INFO: [2023-11-24 22:53:38] genewalk.deepwalk - Walks for 5000/43209 nodes complete in 49.70s
INFO: [2023-11-24 22:53:39] genewalk.deepwalk - Walks for 5100/43209 nodes complete in 49.99s
INFO: [2023-11-24 22:53:39] genewalk.deepwalk - Walks for 5200/43209 nodes complete in 50.33s
INFO: [2023-11-24 22:53:40] genewalk.deepwalk - Walks for 5300/43209 nodes complete in 50.90s
INFO: [2023-11-24 22:53:40] genewalk.deepwalk - Walks for 5400/43209 nodes complete in 51.27s
INFO: [2023-11-24 22:53:41] genewalk.deepwalk - Walks for 5500/43209 nodes complete in 52.26s
INFO: [2023-11-24 22:53:42] genewalk.deepwalk - Walks for 5600/43209 nodes complete in 53.70s
INFO: [2023-11-24 22:53:43] genewalk.deepwalk - Walks for 5700/43209 nodes complete in 54.10s
INFO: [2023-11-24 22:53:43] genewalk.deepwalk - Walks for 5800/43209 nodes complete in 54.73s
INFO: [2023-11-24 22:53:44] genewalk.deepwalk - Walks for 5900/43209 nodes complete in 55.44s
INFO: [2023-11-24 22:53:44] genewalk.deepwalk - Walks for 6000/43209 nodes complete in 55.82s
INFO: [2023-11-24 22:53:45] genewalk.deepwalk - Walks for 6100/43209 nodes complete in 56.79s
INFO: [2023-11-24 22:53:46] genewalk.deepwalk - Walks for 6200/43209 nodes complete in 57.04s
INFO: [2023-11-24 22:53:46] genewalk.deepwalk - Walks for 6300/43209 nodes complete in 57.28s
INFO: [2023-11-24 22:53:46] genewalk.deepwalk - Walks for 6400/43209 nodes complete in 57.60s
INFO: [2023-11-24 22:53:46] genewalk.deepwalk - Walks for 6500/43209 nodes complete in 57.89s
INFO: [2023-11-24 22:53:47] genewalk.deepwalk - Walks for 6600/43209 nodes complete in 58.20s
INFO: [2023-11-24 22:53:47] genewalk.deepwalk - Walks for 6700/43209 nodes complete in 58.81s
INFO: [2023-11-24 22:53:48] genewalk.deepwalk - Walks for 6800/43209 nodes complete in 59.26s
INFO: [2023-11-24 22:53:48] genewalk.deepwalk - Walks for 6900/43209 nodes complete in 59.55s
INFO: [2023-11-24 22:53:49] genewalk.deepwalk - Walks for 7000/43209 nodes complete in 59.93s
INFO: [2023-11-24 22:53:49] genewalk.deepwalk - Walks for 7100/43209 nodes complete in 60.48s
INFO: [2023-11-24 22:53:50] genewalk.deepwalk - Walks for 7200/43209 nodes complete in 61.29s
INFO: [2023-11-24 22:53:51] genewalk.deepwalk - Walks for 7300/43209 nodes complete in 62.13s
INFO: [2023-11-24 22:53:51] genewalk.deepwalk - Walks for 7400/43209 nodes complete in 62.64s
INFO: [2023-11-24 22:53:52] genewalk.deepwalk - Walks for 7500/43209 nodes complete in 63.04s
INFO: [2023-11-24 22:53:52] genewalk.deepwalk - Walks for 7600/43209 nodes complete in 63.46s
INFO: [2023-11-24 22:53:53] genewalk.deepwalk - Walks for 7700/43209 nodes complete in 64.22s
INFO: [2023-11-24 22:53:54] genewalk.deepwalk - Walks for 7800/43209 nodes complete in 65.07s
INFO: [2023-11-24 22:53:54] genewalk.deepwalk - Walks for 7900/43209 nodes complete in 65.64s
INFO: [2023-11-24 22:53:56] genewalk.deepwalk - Walks for 8000/43209 nodes complete in 67.53s
INFO: [2023-11-24 22:53:57] genewalk.deepwalk - Walks for 8100/43209 nodes complete in 68.31s
INFO: [2023-11-24 22:53:58] genewalk.deepwalk - Walks for 8200/43209 nodes complete in 68.96s
INFO: [2023-11-24 22:53:58] genewalk.deepwalk - Walks for 8300/43209 nodes complete in 69.42s
INFO: [2023-11-24 22:53:58] genewalk.deepwalk - Walks for 8400/43209 nodes complete in 69.75s
INFO: [2023-11-24 22:53:59] genewalk.deepwalk - Walks for 8500/43209 nodes complete in 70.22s
INFO: [2023-11-24 22:53:59] genewalk.deepwalk - Walks for 8600/43209 nodes complete in 70.51s
INFO: [2023-11-24 22:54:00] genewalk.deepwalk - Walks for 8700/43209 nodes complete in 70.91s
INFO: [2023-11-24 22:54:00] genewalk.deepwalk - Walks for 8800/43209 nodes complete in 71.37s
INFO: [2023-11-24 22:54:01] genewalk.deepwalk - Walks for 8900/43209 nodes complete in 71.92s
INFO: [2023-11-24 22:54:01] genewalk.deepwalk - Walks for 9000/43209 nodes complete in 72.35s
INFO: [2023-11-24 22:54:01] genewalk.deepwalk - Walks for 9100/43209 nodes complete in 72.67s
INFO: [2023-11-24 22:54:02] genewalk.deepwalk - Walks for 9200/43209 nodes complete in 73.12s
INFO: [2023-11-24 22:54:02] genewalk.deepwalk - Walks for 9300/43209 nodes complete in 73.47s
INFO: [2023-11-24 22:54:02] genewalk.deepwalk - Walks for 9400/43209 nodes complete in 73.66s
INFO: [2023-11-24 22:54:02] genewalk.deepwalk - Walks for 9500/43209 nodes complete in 73.87s
INFO: [2023-11-24 22:54:03] genewalk.deepwalk - Walks for 9600/43209 nodes complete in 74.17s
INFO: [2023-11-24 22:54:03] genewalk.deepwalk - Walks for 9700/43209 nodes complete in 74.69s
INFO: [2023-11-24 22:54:04] genewalk.deepwalk - Walks for 9800/43209 nodes complete in 75.14s
INFO: [2023-11-24 22:54:04] genewalk.deepwalk - Walks for 9900/43209 nodes complete in 75.57s
INFO: [2023-11-24 22:54:04] genewalk.deepwalk - Walks for 10000/43209 nodes complete in 75.88s
INFO: [2023-11-24 22:54:05] genewalk.deepwalk - Walks for 10100/43209 nodes complete in 76.29s
INFO: [2023-11-24 22:54:06] genewalk.deepwalk - Walks for 10200/43209 nodes complete in 77.05s
INFO: [2023-11-24 22:54:06] genewalk.deepwalk - Walks for 10300/43209 nodes complete in 77.37s
INFO: [2023-11-24 22:54:07] genewalk.deepwalk - Walks for 10400/43209 nodes complete in 78.12s
INFO: [2023-11-24 22:54:07] genewalk.deepwalk - Walks for 10500/43209 nodes complete in 78.50s
INFO: [2023-11-24 22:54:08] genewalk.deepwalk - Walks for 10600/43209 nodes complete in 79.19s
INFO: [2023-11-24 22:54:08] genewalk.deepwalk - Walks for 10700/43209 nodes complete in 79.61s
INFO: [2023-11-24 22:54:09] genewalk.deepwalk - Walks for 10800/43209 nodes complete in 79.96s
INFO: [2023-11-24 22:54:09] genewalk.deepwalk - Walks for 10900/43209 nodes complete in 80.65s
INFO: [2023-11-24 22:54:10] genewalk.deepwalk - Walks for 11000/43209 nodes complete in 81.06s
INFO: [2023-11-24 22:54:10] genewalk.deepwalk - Walks for 11100/43209 nodes complete in 81.74s
INFO: [2023-11-24 22:54:11] genewalk.deepwalk - Walks for 11200/43209 nodes complete in 82.32s
INFO: [2023-11-24 22:54:11] genewalk.deepwalk - Walks for 11300/43209 nodes complete in 82.78s
INFO: [2023-11-24 22:54:12] genewalk.deepwalk - Walks for 11400/43209 nodes complete in 83.22s
INFO: [2023-11-24 22:54:14] genewalk.deepwalk - Walks for 11500/43209 nodes complete in 85.12s
INFO: [2023-11-24 22:54:14] genewalk.deepwalk - Walks for 11600/43209 nodes complete in 85.51s
INFO: [2023-11-24 22:54:15] genewalk.deepwalk - Walks for 11700/43209 nodes complete in 85.93s
INFO: [2023-11-24 22:54:15] genewalk.deepwalk - Walks for 11800/43209 nodes complete in 86.20s
INFO: [2023-11-24 22:54:15] genewalk.deepwalk - Walks for 11900/43209 nodes complete in 86.44s
INFO: [2023-11-24 22:54:15] genewalk.deepwalk - Walks for 12000/43209 nodes complete in 86.74s
INFO: [2023-11-24 22:54:16] genewalk.deepwalk - Walks for 12100/43209 nodes complete in 87.04s
INFO: [2023-11-24 22:54:16] genewalk.deepwalk - Walks for 12200/43209 nodes complete in 87.29s
INFO: [2023-11-24 22:54:16] genewalk.deepwalk - Walks for 12300/43209 nodes complete in 87.64s
INFO: [2023-11-24 22:54:17] genewalk.deepwalk - Walks for 12400/43209 nodes complete in 88.05s
INFO: [2023-11-24 22:54:17] genewalk.deepwalk - Walks for 12500/43209 nodes complete in 88.47s
INFO: [2023-11-24 22:54:18] genewalk.deepwalk - Walks for 12600/43209 nodes complete in 88.94s
INFO: [2023-11-24 22:54:18] genewalk.deepwalk - Walks for 12700/43209 nodes complete in 89.24s
INFO: [2023-11-24 22:54:18] genewalk.deepwalk - Walks for 12800/43209 nodes complete in 89.51s
INFO: [2023-11-24 22:54:18] genewalk.deepwalk - Walks for 12900/43209 nodes complete in 89.84s
INFO: [2023-11-24 22:54:19] genewalk.deepwalk - Walks for 13000/43209 nodes complete in 90.15s
INFO: [2023-11-24 22:54:19] genewalk.deepwalk - Walks for 13100/43209 nodes complete in 90.51s
INFO: [2023-11-24 22:54:20] genewalk.deepwalk - Walks for 13200/43209 nodes complete in 90.98s
INFO: [2023-11-24 22:54:20] genewalk.deepwalk - Walks for 13300/43209 nodes complete in 91.27s
INFO: [2023-11-24 22:54:20] genewalk.deepwalk - Walks for 13400/43209 nodes complete in 91.55s
INFO: [2023-11-24 22:54:20] genewalk.deepwalk - Walks for 13500/43209 nodes complete in 91.68s
INFO: [2023-11-24 22:54:20] genewalk.deepwalk - Walks for 13600/43209 nodes complete in 91.85s
INFO: [2023-11-24 22:54:21] genewalk.deepwalk - Walks for 13700/43209 nodes complete in 91.99s
INFO: [2023-11-24 22:54:21] genewalk.deepwalk - Walks for 13800/43209 nodes complete in 92.18s
INFO: [2023-11-24 22:54:21] genewalk.deepwalk - Walks for 13900/43209 nodes complete in 92.57s
INFO: [2023-11-24 22:54:22] genewalk.deepwalk - Walks for 14000/43209 nodes complete in 92.95s
INFO: [2023-11-24 22:54:22] genewalk.deepwalk - Walks for 14100/43209 nodes complete in 93.17s
INFO: [2023-11-24 22:54:22] genewalk.deepwalk - Walks for 14200/43209 nodes complete in 93.58s
INFO: [2023-11-24 22:54:23] genewalk.deepwalk - Walks for 14300/43209 nodes complete in 93.93s
INFO: [2023-11-24 22:54:23] genewalk.deepwalk - Walks for 14400/43209 nodes complete in 94.28s
INFO: [2023-11-24 22:54:23] genewalk.deepwalk - Walks for 14500/43209 nodes complete in 94.64s
INFO: [2023-11-24 22:54:24] genewalk.deepwalk - Walks for 14600/43209 nodes complete in 94.97s
INFO: [2023-11-24 22:54:24] genewalk.deepwalk - Walks for 14700/43209 nodes complete in 95.27s
INFO: [2023-11-24 22:54:24] genewalk.deepwalk - Walks for 14800/43209 nodes complete in 95.57s
INFO: [2023-11-24 22:54:24] genewalk.deepwalk - Walks for 14900/43209 nodes complete in 95.78s
INFO: [2023-11-24 22:54:25] genewalk.deepwalk - Walks for 15000/43209 nodes complete in 95.94s
INFO: [2023-11-24 22:54:25] genewalk.deepwalk - Walks for 15100/43209 nodes complete in 96.14s
INFO: [2023-11-24 22:54:25] genewalk.deepwalk - Walks for 15200/43209 nodes complete in 96.35s
INFO: [2023-11-24 22:54:25] genewalk.deepwalk - Walks for 15300/43209 nodes complete in 96.51s
INFO: [2023-11-24 22:54:25] genewalk.deepwalk - Walks for 15400/43209 nodes complete in 96.78s
INFO: [2023-11-24 22:54:26] genewalk.deepwalk - Walks for 15500/43209 nodes complete in 97.09s
INFO: [2023-11-24 22:54:26] genewalk.deepwalk - Walks for 15600/43209 nodes complete in 97.39s
INFO: [2023-11-24 22:54:26] genewalk.deepwalk - Walks for 15700/43209 nodes complete in 97.69s
INFO: [2023-11-24 22:54:27] genewalk.deepwalk - Walks for 15800/43209 nodes complete in 98.11s
INFO: [2023-11-24 22:54:27] genewalk.deepwalk - Walks for 15900/43209 nodes complete in 98.50s
INFO: [2023-11-24 22:54:27] genewalk.deepwalk - Walks for 16000/43209 nodes complete in 98.82s
INFO: [2023-11-24 22:54:28] genewalk.deepwalk - Walks for 16100/43209 nodes complete in 99.08s
INFO: [2023-11-24 22:54:28] genewalk.deepwalk - Walks for 16200/43209 nodes complete in 99.37s
INFO: [2023-11-24 22:54:28] genewalk.deepwalk - Walks for 16300/43209 nodes complete in 99.71s
INFO: [2023-11-24 22:54:29] genewalk.deepwalk - Walks for 16400/43209 nodes complete in 100.30s
INFO: [2023-11-24 22:54:29] genewalk.deepwalk - Walks for 16500/43209 nodes complete in 100.53s
INFO: [2023-11-24 22:54:30] genewalk.deepwalk - Walks for 16600/43209 nodes complete in 100.91s
INFO: [2023-11-24 22:54:30] genewalk.deepwalk - Walks for 16700/43209 nodes complete in 101.25s
INFO: [2023-11-24 22:54:30] genewalk.deepwalk - Walks for 16800/43209 nodes complete in 101.43s
INFO: [2023-11-24 22:54:30] genewalk.deepwalk - Walks for 16900/43209 nodes complete in 101.66s
INFO: [2023-11-24 22:54:31] genewalk.deepwalk - Walks for 17000/43209 nodes complete in 102.01s
INFO: [2023-11-24 22:54:31] genewalk.deepwalk - Walks for 17100/43209 nodes complete in 102.35s
INFO: [2023-11-24 22:54:31] genewalk.deepwalk - Walks for 17200/43209 nodes complete in 102.77s
INFO: [2023-11-24 22:54:32] genewalk.deepwalk - Walks for 17300/43209 nodes complete in 103.29s
INFO: [2023-11-24 22:54:32] genewalk.deepwalk - Walks for 17400/43209 nodes complete in 103.66s
INFO: [2023-11-24 22:54:34] genewalk.deepwalk - Walks for 17500/43209 nodes complete in 105.57s
INFO: [2023-11-24 22:54:34] genewalk.deepwalk - Walks for 17600/43209 nodes complete in 105.85s
INFO: [2023-11-24 22:54:35] genewalk.deepwalk - Walks for 17700/43209 nodes complete in 106.18s
INFO: [2023-11-24 22:54:35] genewalk.deepwalk - Walks for 17800/43209 nodes complete in 106.61s
INFO: [2023-11-24 22:54:36] genewalk.deepwalk - Walks for 17900/43209 nodes complete in 106.99s
INFO: [2023-11-24 22:54:36] genewalk.deepwalk - Walks for 18000/43209 nodes complete in 107.35s
INFO: [2023-11-24 22:54:36] genewalk.deepwalk - Walks for 18100/43209 nodes complete in 107.65s
INFO: [2023-11-24 22:54:37] genewalk.deepwalk - Walks for 18200/43209 nodes complete in 107.95s
INFO: [2023-11-24 22:54:37] genewalk.deepwalk - Walks for 18300/43209 nodes complete in 108.11s
INFO: [2023-11-24 22:54:37] genewalk.deepwalk - Walks for 18400/43209 nodes complete in 108.35s
INFO: [2023-11-24 22:54:37] genewalk.deepwalk - Walks for 18500/43209 nodes complete in 108.64s
INFO: [2023-11-24 22:54:37] genewalk.deepwalk - Walks for 18600/43209 nodes complete in 108.81s
INFO: [2023-11-24 22:54:38] genewalk.deepwalk - Walks for 18700/43209 nodes complete in 108.95s
INFO: [2023-11-24 22:54:38] genewalk.deepwalk - Walks for 18800/43209 nodes complete in 109.09s
INFO: [2023-11-24 22:54:38] genewalk.deepwalk - Walks for 18900/43209 nodes complete in 109.42s
INFO: [2023-11-24 22:54:38] genewalk.deepwalk - Walks for 19000/43209 nodes complete in 109.72s
INFO: [2023-11-24 22:54:39] genewalk.deepwalk - Walks for 19100/43209 nodes complete in 110.02s
INFO: [2023-11-24 22:54:39] genewalk.deepwalk - Walks for 19200/43209 nodes complete in 110.26s
INFO: [2023-11-24 22:54:39] genewalk.deepwalk - Walks for 19300/43209 nodes complete in 110.42s
INFO: [2023-11-24 22:54:39] genewalk.deepwalk - Walks for 19400/43209 nodes complete in 110.77s
INFO: [2023-11-24 22:54:40] genewalk.deepwalk - Walks for 19500/43209 nodes complete in 110.98s
INFO: [2023-11-24 22:54:40] genewalk.deepwalk - Walks for 19600/43209 nodes complete in 111.10s
INFO: [2023-11-24 22:54:40] genewalk.deepwalk - Walks for 19700/43209 nodes complete in 111.30s
INFO: [2023-11-24 22:54:40] genewalk.deepwalk - Walks for 19800/43209 nodes complete in 111.57s
INFO: [2023-11-24 22:54:40] genewalk.deepwalk - Walks for 19900/43209 nodes complete in 111.80s
INFO: [2023-11-24 22:54:41] genewalk.deepwalk - Walks for 20000/43209 nodes complete in 112.06s
INFO: [2023-11-24 22:54:41] genewalk.deepwalk - Walks for 20100/43209 nodes complete in 112.33s
INFO: [2023-11-24 22:54:41] genewalk.deepwalk - Walks for 20200/43209 nodes complete in 112.57s
INFO: [2023-11-24 22:54:41] genewalk.deepwalk - Walks for 20300/43209 nodes complete in 112.81s
INFO: [2023-11-24 22:54:42] genewalk.deepwalk - Walks for 20400/43209 nodes complete in 113.09s
INFO: [2023-11-24 22:54:42] genewalk.deepwalk - Walks for 20500/43209 nodes complete in 113.39s
INFO: [2023-11-24 22:54:42] genewalk.deepwalk - Walks for 20600/43209 nodes complete in 113.79s
INFO: [2023-11-24 22:54:43] genewalk.deepwalk - Walks for 20700/43209 nodes complete in 114.05s
INFO: [2023-11-24 22:54:43] genewalk.deepwalk - Walks for 20800/43209 nodes complete in 114.32s
INFO: [2023-11-24 22:54:43] genewalk.deepwalk - Walks for 20900/43209 nodes complete in 114.57s
INFO: [2023-11-24 22:54:43] genewalk.deepwalk - Walks for 21000/43209 nodes complete in 114.78s
INFO: [2023-11-24 22:54:44] genewalk.deepwalk - Walks for 21100/43209 nodes complete in 115.00s
INFO: [2023-11-24 22:54:44] genewalk.deepwalk - Walks for 21200/43209 nodes complete in 115.18s
INFO: [2023-11-24 22:54:44] genewalk.deepwalk - Walks for 21300/43209 nodes complete in 115.46s
INFO: [2023-11-24 22:54:44] genewalk.deepwalk - Walks for 21400/43209 nodes complete in 115.64s
INFO: [2023-11-24 22:54:45] genewalk.deepwalk - Walks for 21500/43209 nodes complete in 115.93s
INFO: [2023-11-24 22:54:45] genewalk.deepwalk - Walks for 21600/43209 nodes complete in 116.20s
INFO: [2023-11-24 22:54:45] genewalk.deepwalk - Walks for 21700/43209 nodes complete in 116.56s
INFO: [2023-11-24 22:54:45] genewalk.deepwalk - Walks for 21800/43209 nodes complete in 116.83s
INFO: [2023-11-24 22:54:46] genewalk.deepwalk - Walks for 21900/43209 nodes complete in 117.05s
INFO: [2023-11-24 22:54:46] genewalk.deepwalk - Walks for 22000/43209 nodes complete in 117.34s
INFO: [2023-11-24 22:54:46] genewalk.deepwalk - Walks for 22100/43209 nodes complete in 117.60s
INFO: [2023-11-24 22:54:46] genewalk.deepwalk - Walks for 22200/43209 nodes complete in 117.84s
INFO: [2023-11-24 22:54:47] genewalk.deepwalk - Walks for 22300/43209 nodes complete in 118.18s
INFO: [2023-11-24 22:54:47] genewalk.deepwalk - Walks for 22400/43209 nodes complete in 118.51s
INFO: [2023-11-24 22:54:47] genewalk.deepwalk - Walks for 22500/43209 nodes complete in 118.75s
INFO: [2023-11-24 22:54:47] genewalk.deepwalk - Walks for 22600/43209 nodes complete in 118.88s
INFO: [2023-11-24 22:54:48] genewalk.deepwalk - Walks for 22700/43209 nodes complete in 119.10s
INFO: [2023-11-24 22:54:48] genewalk.deepwalk - Walks for 22800/43209 nodes complete in 119.34s
INFO: [2023-11-24 22:54:48] genewalk.deepwalk - Walks for 22900/43209 nodes complete in 119.53s
INFO: [2023-11-24 22:54:48] genewalk.deepwalk - Walks for 23000/43209 nodes complete in 119.74s
INFO: [2023-11-24 22:54:49] genewalk.deepwalk - Walks for 23100/43209 nodes complete in 119.95s
INFO: [2023-11-24 22:54:49] genewalk.deepwalk - Walks for 23200/43209 nodes complete in 120.14s
INFO: [2023-11-24 22:54:49] genewalk.deepwalk - Walks for 23300/43209 nodes complete in 120.35s
INFO: [2023-11-24 22:54:49] genewalk.deepwalk - Walks for 23400/43209 nodes complete in 120.65s
INFO: [2023-11-24 22:54:49] genewalk.deepwalk - Walks for 23500/43209 nodes complete in 120.87s
INFO: [2023-11-24 22:54:50] genewalk.deepwalk - Walks for 23600/43209 nodes complete in 121.08s
INFO: [2023-11-24 22:54:50] genewalk.deepwalk - Walks for 23700/43209 nodes complete in 121.42s
INFO: [2023-11-24 22:54:50] genewalk.deepwalk - Walks for 23800/43209 nodes complete in 121.82s
INFO: [2023-11-24 22:54:51] genewalk.deepwalk - Walks for 23900/43209 nodes complete in 122.26s
INFO: [2023-11-24 22:54:51] genewalk.deepwalk - Walks for 24000/43209 nodes complete in 122.58s
INFO: [2023-11-24 22:54:52] genewalk.deepwalk - Walks for 24100/43209 nodes complete in 122.94s
INFO: [2023-11-24 22:54:52] genewalk.deepwalk - Walks for 24200/43209 nodes complete in 123.16s
INFO: [2023-11-24 22:54:52] genewalk.deepwalk - Walks for 24300/43209 nodes complete in 123.52s
INFO: [2023-11-24 22:54:52] genewalk.deepwalk - Walks for 24400/43209 nodes complete in 123.72s
INFO: [2023-11-24 22:54:53] genewalk.deepwalk - Walks for 24500/43209 nodes complete in 123.95s
INFO: [2023-11-24 22:54:53] genewalk.deepwalk - Walks for 24600/43209 nodes complete in 124.08s
INFO: [2023-11-24 22:54:53] genewalk.deepwalk - Walks for 24700/43209 nodes complete in 124.23s
INFO: [2023-11-24 22:54:53] genewalk.deepwalk - Walks for 24800/43209 nodes complete in 124.36s
INFO: [2023-11-24 22:54:53] genewalk.deepwalk - Walks for 24900/43209 nodes complete in 124.49s
INFO: [2023-11-24 22:54:53] genewalk.deepwalk - Walks for 25000/43209 nodes complete in 124.62s
INFO: [2023-11-24 22:54:53] genewalk.deepwalk - Walks for 25100/43209 nodes complete in 124.77s
INFO: [2023-11-24 22:54:54] genewalk.deepwalk - Walks for 25200/43209 nodes complete in 124.91s
INFO: [2023-11-24 22:54:54] genewalk.deepwalk - Walks for 25300/43209 nodes complete in 125.04s
INFO: [2023-11-24 22:54:54] genewalk.deepwalk - Walks for 25400/43209 nodes complete in 125.19s
INFO: [2023-11-24 22:54:54] genewalk.deepwalk - Walks for 25500/43209 nodes complete in 125.48s
INFO: [2023-11-24 22:54:54] genewalk.deepwalk - Walks for 25600/43209 nodes complete in 125.69s
INFO: [2023-11-24 22:54:55] genewalk.deepwalk - Walks for 25700/43209 nodes complete in 125.91s
INFO: [2023-11-24 22:54:55] genewalk.deepwalk - Walks for 25800/43209 nodes complete in 126.15s
INFO: [2023-11-24 22:54:55] genewalk.deepwalk - Walks for 25900/43209 nodes complete in 126.47s
INFO: [2023-11-24 22:54:55] genewalk.deepwalk - Walks for 26000/43209 nodes complete in 126.69s
INFO: [2023-11-24 22:54:55] genewalk.deepwalk - Walks for 26100/43209 nodes complete in 126.87s
INFO: [2023-11-24 22:54:56] genewalk.deepwalk - Walks for 26200/43209 nodes complete in 127.01s
INFO: [2023-11-24 22:54:56] genewalk.deepwalk - Walks for 26300/43209 nodes complete in 127.15s
INFO: [2023-11-24 22:54:56] genewalk.deepwalk - Walks for 26400/43209 nodes complete in 127.30s
INFO: [2023-11-24 22:54:56] genewalk.deepwalk - Walks for 26500/43209 nodes complete in 127.43s
INFO: [2023-11-24 22:54:56] genewalk.deepwalk - Walks for 26600/43209 nodes complete in 127.57s
INFO: [2023-11-24 22:54:56] genewalk.deepwalk - Walks for 26700/43209 nodes complete in 127.71s
INFO: [2023-11-24 22:54:57] genewalk.deepwalk - Walks for 26800/43209 nodes complete in 128.01s
INFO: [2023-11-24 22:54:57] genewalk.deepwalk - Walks for 26900/43209 nodes complete in 128.24s
INFO: [2023-11-24 22:54:57] genewalk.deepwalk - Walks for 27000/43209 nodes complete in 128.50s
INFO: [2023-11-24 22:54:57] genewalk.deepwalk - Walks for 27100/43209 nodes complete in 128.77s
INFO: [2023-11-24 22:54:58] genewalk.deepwalk - Walks for 27200/43209 nodes complete in 129.05s
INFO: [2023-11-24 22:54:58] genewalk.deepwalk - Walks for 27300/43209 nodes complete in 129.30s
INFO: [2023-11-24 22:54:58] genewalk.deepwalk - Walks for 27400/43209 nodes complete in 129.60s
INFO: [2023-11-24 22:54:58] genewalk.deepwalk - Walks for 27500/43209 nodes complete in 129.88s
INFO: [2023-11-24 22:54:59] genewalk.deepwalk - Walks for 27600/43209 nodes complete in 130.06s
INFO: [2023-11-24 22:55:01] genewalk.deepwalk - Walks for 27700/43209 nodes complete in 132.11s
INFO: [2023-11-24 22:55:01] genewalk.deepwalk - Walks for 27800/43209 nodes complete in 132.26s
INFO: [2023-11-24 22:55:01] genewalk.deepwalk - Walks for 27900/43209 nodes complete in 132.46s
INFO: [2023-11-24 22:55:01] genewalk.deepwalk - Walks for 28000/43209 nodes complete in 132.66s
INFO: [2023-11-24 22:55:01] genewalk.deepwalk - Walks for 28100/43209 nodes complete in 132.88s
INFO: [2023-11-24 22:55:02] genewalk.deepwalk - Walks for 28200/43209 nodes complete in 133.19s
INFO: [2023-11-24 22:55:02] genewalk.deepwalk - Walks for 28300/43209 nodes complete in 133.43s
INFO: [2023-11-24 22:55:02] genewalk.deepwalk - Walks for 28400/43209 nodes complete in 133.73s
INFO: [2023-11-24 22:55:03] genewalk.deepwalk - Walks for 28500/43209 nodes complete in 133.95s
INFO: [2023-11-24 22:55:03] genewalk.deepwalk - Walks for 28600/43209 nodes complete in 134.22s
INFO: [2023-11-24 22:55:03] genewalk.deepwalk - Walks for 28700/43209 nodes complete in 134.43s
INFO: [2023-11-24 22:55:03] genewalk.deepwalk - Walks for 28800/43209 nodes complete in 134.62s
INFO: [2023-11-24 22:55:03] genewalk.deepwalk - Walks for 28900/43209 nodes complete in 134.89s
INFO: [2023-11-24 22:55:04] genewalk.deepwalk - Walks for 29000/43209 nodes complete in 135.15s
INFO: [2023-11-24 22:55:04] genewalk.deepwalk - Walks for 29100/43209 nodes complete in 135.43s
INFO: [2023-11-24 22:55:04] genewalk.deepwalk - Walks for 29200/43209 nodes complete in 135.64s
INFO: [2023-11-24 22:55:04] genewalk.deepwalk - Walks for 29300/43209 nodes complete in 135.84s
INFO: [2023-11-24 22:55:05] genewalk.deepwalk - Walks for 29400/43209 nodes complete in 136.04s
INFO: [2023-11-24 22:55:05] genewalk.deepwalk - Walks for 29500/43209 nodes complete in 136.22s
INFO: [2023-11-24 22:55:05] genewalk.deepwalk - Walks for 29600/43209 nodes complete in 136.43s
INFO: [2023-11-24 22:55:05] genewalk.deepwalk - Walks for 29700/43209 nodes complete in 136.65s
INFO: [2023-11-24 22:55:05] genewalk.deepwalk - Walks for 29800/43209 nodes complete in 136.89s
INFO: [2023-11-24 22:55:06] genewalk.deepwalk - Walks for 29900/43209 nodes complete in 137.10s
INFO: [2023-11-24 22:55:06] genewalk.deepwalk - Walks for 30000/43209 nodes complete in 137.30s
INFO: [2023-11-24 22:55:06] genewalk.deepwalk - Walks for 30100/43209 nodes complete in 137.52s
INFO: [2023-11-24 22:55:06] genewalk.deepwalk - Walks for 30200/43209 nodes complete in 137.72s
INFO: [2023-11-24 22:55:07] genewalk.deepwalk - Walks for 30300/43209 nodes complete in 137.92s
INFO: [2023-11-24 22:55:07] genewalk.deepwalk - Walks for 30400/43209 nodes complete in 138.14s
INFO: [2023-11-24 22:55:07] genewalk.deepwalk - Walks for 30500/43209 nodes complete in 138.35s
INFO: [2023-11-24 22:55:07] genewalk.deepwalk - Walks for 30600/43209 nodes complete in 138.63s
INFO: [2023-11-24 22:55:07] genewalk.deepwalk - Walks for 30700/43209 nodes complete in 138.88s
INFO: [2023-11-24 22:55:08] genewalk.deepwalk - Walks for 30800/43209 nodes complete in 139.07s
INFO: [2023-11-24 22:55:08] genewalk.deepwalk - Walks for 30900/43209 nodes complete in 139.36s
INFO: [2023-11-24 22:55:08] genewalk.deepwalk - Walks for 31000/43209 nodes complete in 139.73s
INFO: [2023-11-24 22:55:09] genewalk.deepwalk - Walks for 31100/43209 nodes complete in 140.03s
INFO: [2023-11-24 22:55:09] genewalk.deepwalk - Walks for 31200/43209 nodes complete in 140.27s
INFO: [2023-11-24 22:55:09] genewalk.deepwalk - Walks for 31300/43209 nodes complete in 140.50s
INFO: [2023-11-24 22:55:09] genewalk.deepwalk - Walks for 31400/43209 nodes complete in 140.72s
INFO: [2023-11-24 22:55:10] genewalk.deepwalk - Walks for 31500/43209 nodes complete in 140.93s
INFO: [2023-11-24 22:55:10] genewalk.deepwalk - Walks for 31600/43209 nodes complete in 141.19s
INFO: [2023-11-24 22:55:10] genewalk.deepwalk - Walks for 31700/43209 nodes complete in 141.39s
INFO: [2023-11-24 22:55:10] genewalk.deepwalk - Walks for 31800/43209 nodes complete in 141.59s
INFO: [2023-11-24 22:55:10] genewalk.deepwalk - Walks for 31900/43209 nodes complete in 141.82s
INFO: [2023-11-24 22:55:11] genewalk.deepwalk - Walks for 32000/43209 nodes complete in 142.11s
INFO: [2023-11-24 22:55:11] genewalk.deepwalk - Walks for 32100/43209 nodes complete in 142.35s
INFO: [2023-11-24 22:55:11] genewalk.deepwalk - Walks for 32200/43209 nodes complete in 142.50s
INFO: [2023-11-24 22:55:11] genewalk.deepwalk - Walks for 32300/43209 nodes complete in 142.69s
INFO: [2023-11-24 22:55:12] genewalk.deepwalk - Walks for 32400/43209 nodes complete in 142.90s
INFO: [2023-11-24 22:55:12] genewalk.deepwalk - Walks for 32500/43209 nodes complete in 143.18s
INFO: [2023-11-24 22:55:12] genewalk.deepwalk - Walks for 32600/43209 nodes complete in 143.45s
INFO: [2023-11-24 22:55:12] genewalk.deepwalk - Walks for 32700/43209 nodes complete in 143.75s
INFO: [2023-11-24 22:55:13] genewalk.deepwalk - Walks for 32800/43209 nodes complete in 143.93s
INFO: [2023-11-24 22:55:13] genewalk.deepwalk - Walks for 32900/43209 nodes complete in 144.11s
INFO: [2023-11-24 22:55:13] genewalk.deepwalk - Walks for 33000/43209 nodes complete in 144.28s
INFO: [2023-11-24 22:55:13] genewalk.deepwalk - Walks for 33100/43209 nodes complete in 144.47s
INFO: [2023-11-24 22:55:13] genewalk.deepwalk - Walks for 33200/43209 nodes complete in 144.67s
INFO: [2023-11-24 22:55:13] genewalk.deepwalk - Walks for 33300/43209 nodes complete in 144.86s
INFO: [2023-11-24 22:55:14] genewalk.deepwalk - Walks for 33400/43209 nodes complete in 145.04s
INFO: [2023-11-24 22:55:14] genewalk.deepwalk - Walks for 33500/43209 nodes complete in 145.20s
INFO: [2023-11-24 22:55:14] genewalk.deepwalk - Walks for 33600/43209 nodes complete in 145.36s
INFO: [2023-11-24 22:55:14] genewalk.deepwalk - Walks for 33700/43209 nodes complete in 145.52s
INFO: [2023-11-24 22:55:14] genewalk.deepwalk - Walks for 33800/43209 nodes complete in 145.75s
INFO: [2023-11-24 22:55:15] genewalk.deepwalk - Walks for 33900/43209 nodes complete in 145.95s
INFO: [2023-11-24 22:55:15] genewalk.deepwalk - Walks for 34000/43209 nodes complete in 146.20s
INFO: [2023-11-24 22:55:15] genewalk.deepwalk - Walks for 34100/43209 nodes complete in 146.39s
INFO: [2023-11-24 22:55:15] genewalk.deepwalk - Walks for 34200/43209 nodes complete in 146.62s
INFO: [2023-11-24 22:55:15] genewalk.deepwalk - Walks for 34300/43209 nodes complete in 146.79s
INFO: [2023-11-24 22:55:16] genewalk.deepwalk - Walks for 34400/43209 nodes complete in 146.93s
INFO: [2023-11-24 22:55:16] genewalk.deepwalk - Walks for 34500/43209 nodes complete in 147.07s
INFO: [2023-11-24 22:55:16] genewalk.deepwalk - Walks for 34600/43209 nodes complete in 147.22s
INFO: [2023-11-24 22:55:16] genewalk.deepwalk - Walks for 34700/43209 nodes complete in 147.37s
INFO: [2023-11-24 22:55:16] genewalk.deepwalk - Walks for 34800/43209 nodes complete in 147.51s
INFO: [2023-11-24 22:55:16] genewalk.deepwalk - Walks for 34900/43209 nodes complete in 147.65s
INFO: [2023-11-24 22:55:16] genewalk.deepwalk - Walks for 35000/43209 nodes complete in 147.78s
INFO: [2023-11-24 22:55:17] genewalk.deepwalk - Walks for 35100/43209 nodes complete in 147.92s
INFO: [2023-11-24 22:55:17] genewalk.deepwalk - Walks for 35200/43209 nodes complete in 148.06s
INFO: [2023-11-24 22:55:17] genewalk.deepwalk - Walks for 35300/43209 nodes complete in 148.33s
INFO: [2023-11-24 22:55:17] genewalk.deepwalk - Walks for 35400/43209 nodes complete in 148.51s
INFO: [2023-11-24 22:55:17] genewalk.deepwalk - Walks for 35500/43209 nodes complete in 148.68s
INFO: [2023-11-24 22:55:18] genewalk.deepwalk - Walks for 35600/43209 nodes complete in 148.91s
INFO: [2023-11-24 22:55:18] genewalk.deepwalk - Walks for 35700/43209 nodes complete in 149.18s
INFO: [2023-11-24 22:55:18] genewalk.deepwalk - Walks for 35800/43209 nodes complete in 149.38s
INFO: [2023-11-24 22:55:18] genewalk.deepwalk - Walks for 35900/43209 nodes complete in 149.59s
INFO: [2023-11-24 22:55:18] genewalk.deepwalk - Walks for 36000/43209 nodes complete in 149.79s
INFO: [2023-11-24 22:55:19] genewalk.deepwalk - Walks for 36100/43209 nodes complete in 150.00s
INFO: [2023-11-24 22:55:19] genewalk.deepwalk - Walks for 36200/43209 nodes complete in 150.21s
INFO: [2023-11-24 22:55:19] genewalk.deepwalk - Walks for 36300/43209 nodes complete in 150.38s
INFO: [2023-11-24 22:55:19] genewalk.deepwalk - Walks for 36400/43209 nodes complete in 150.55s
INFO: [2023-11-24 22:55:19] genewalk.deepwalk - Walks for 36500/43209 nodes complete in 150.75s
INFO: [2023-11-24 22:55:20] genewalk.deepwalk - Walks for 36600/43209 nodes complete in 150.96s
INFO: [2023-11-24 22:55:20] genewalk.deepwalk - Walks for 36700/43209 nodes complete in 151.11s
INFO: [2023-11-24 22:55:20] genewalk.deepwalk - Walks for 36800/43209 nodes complete in 151.29s
INFO: [2023-11-24 22:55:20] genewalk.deepwalk - Walks for 36900/43209 nodes complete in 151.51s
INFO: [2023-11-24 22:55:20] genewalk.deepwalk - Walks for 37000/43209 nodes complete in 151.66s
INFO: [2023-11-24 22:55:21] genewalk.deepwalk - Walks for 37100/43209 nodes complete in 152.00s
INFO: [2023-11-24 22:55:21] genewalk.deepwalk - Walks for 37200/43209 nodes complete in 152.30s
INFO: [2023-11-24 22:55:21] genewalk.deepwalk - Walks for 37300/43209 nodes complete in 152.67s
INFO: [2023-11-24 22:55:22] genewalk.deepwalk - Walks for 37400/43209 nodes complete in 153.04s
INFO: [2023-11-24 22:55:22] genewalk.deepwalk - Walks for 37500/43209 nodes complete in 153.50s
INFO: [2023-11-24 22:55:22] genewalk.deepwalk - Walks for 37600/43209 nodes complete in 153.89s
INFO: [2023-11-24 22:55:23] genewalk.deepwalk - Walks for 37700/43209 nodes complete in 154.32s
INFO: [2023-11-24 22:55:23] genewalk.deepwalk - Walks for 37800/43209 nodes complete in 154.73s
INFO: [2023-11-24 22:55:24] genewalk.deepwalk - Walks for 37900/43209 nodes complete in 155.07s
INFO: [2023-11-24 22:55:24] genewalk.deepwalk - Walks for 38000/43209 nodes complete in 155.40s
INFO: [2023-11-24 22:55:24] genewalk.deepwalk - Walks for 38100/43209 nodes complete in 155.72s
INFO: [2023-11-24 22:55:25] genewalk.deepwalk - Walks for 38200/43209 nodes complete in 156.04s
INFO: [2023-11-24 22:55:25] genewalk.deepwalk - Walks for 38300/43209 nodes complete in 156.34s
INFO: [2023-11-24 22:55:25] genewalk.deepwalk - Walks for 38400/43209 nodes complete in 156.73s
INFO: [2023-11-24 22:55:26] genewalk.deepwalk - Walks for 38500/43209 nodes complete in 157.05s
INFO: [2023-11-24 22:55:26] genewalk.deepwalk - Walks for 38600/43209 nodes complete in 157.40s
INFO: [2023-11-24 22:55:26] genewalk.deepwalk - Walks for 38700/43209 nodes complete in 157.80s
INFO: [2023-11-24 22:55:27] genewalk.deepwalk - Walks for 38800/43209 nodes complete in 158.08s
INFO: [2023-11-24 22:55:27] genewalk.deepwalk - Walks for 38900/43209 nodes complete in 158.36s
INFO: [2023-11-24 22:55:27] genewalk.deepwalk - Walks for 39000/43209 nodes complete in 158.62s
INFO: [2023-11-24 22:55:27] genewalk.deepwalk - Walks for 39100/43209 nodes complete in 158.86s
INFO: [2023-11-24 22:55:28] genewalk.deepwalk - Walks for 39200/43209 nodes complete in 159.12s
INFO: [2023-11-24 22:55:28] genewalk.deepwalk - Walks for 39300/43209 nodes complete in 159.41s
INFO: [2023-11-24 22:55:28] genewalk.deepwalk - Walks for 39400/43209 nodes complete in 159.70s
INFO: [2023-11-24 22:55:29] genewalk.deepwalk - Walks for 39500/43209 nodes complete in 159.96s
INFO: [2023-11-24 22:55:29] genewalk.deepwalk - Walks for 39600/43209 nodes complete in 160.26s
INFO: [2023-11-24 22:55:29] genewalk.deepwalk - Walks for 39700/43209 nodes complete in 160.58s
INFO: [2023-11-24 22:55:29] genewalk.deepwalk - Walks for 39800/43209 nodes complete in 160.84s
INFO: [2023-11-24 22:55:30] genewalk.deepwalk - Walks for 39900/43209 nodes complete in 161.11s
INFO: [2023-11-24 22:55:30] genewalk.deepwalk - Walks for 40000/43209 nodes complete in 161.39s
INFO: [2023-11-24 22:55:30] genewalk.deepwalk - Walks for 40100/43209 nodes complete in 161.66s
INFO: [2023-11-24 22:55:31] genewalk.deepwalk - Walks for 40200/43209 nodes complete in 161.91s
INFO: [2023-11-24 22:55:31] genewalk.deepwalk - Walks for 40300/43209 nodes complete in 162.20s
INFO: [2023-11-24 22:55:31] genewalk.deepwalk - Walks for 40400/43209 nodes complete in 162.49s
INFO: [2023-11-24 22:55:34] genewalk.deepwalk - Walks for 40500/43209 nodes complete in 165.07s
INFO: [2023-11-24 22:55:34] genewalk.deepwalk - Walks for 40600/43209 nodes complete in 165.35s
INFO: [2023-11-24 22:55:34] genewalk.deepwalk - Walks for 40700/43209 nodes complete in 165.60s
INFO: [2023-11-24 22:55:34] genewalk.deepwalk - Walks for 40800/43209 nodes complete in 165.83s
INFO: [2023-11-24 22:55:35] genewalk.deepwalk - Walks for 40900/43209 nodes complete in 166.11s
INFO: [2023-11-24 22:55:35] genewalk.deepwalk - Walks for 41000/43209 nodes complete in 166.38s
INFO: [2023-11-24 22:55:35] genewalk.deepwalk - Walks for 41100/43209 nodes complete in 166.65s
INFO: [2023-11-24 22:55:36] genewalk.deepwalk - Walks for 41200/43209 nodes complete in 166.93s
INFO: [2023-11-24 22:55:36] genewalk.deepwalk - Walks for 41300/43209 nodes complete in 167.18s
INFO: [2023-11-24 22:55:36] genewalk.deepwalk - Walks for 41400/43209 nodes complete in 167.44s
INFO: [2023-11-24 22:55:36] genewalk.deepwalk - Walks for 41500/43209 nodes complete in 167.71s
INFO: [2023-11-24 22:55:37] genewalk.deepwalk - Walks for 41600/43209 nodes complete in 167.97s
INFO: [2023-11-24 22:55:37] genewalk.deepwalk - Walks for 41700/43209 nodes complete in 168.13s
INFO: [2023-11-24 22:55:37] genewalk.deepwalk - Walks for 41800/43209 nodes complete in 168.29s
INFO: [2023-11-24 22:55:37] genewalk.deepwalk - Walks for 41900/43209 nodes complete in 168.44s
INFO: [2023-11-24 22:55:37] genewalk.deepwalk - Walks for 42000/43209 nodes complete in 168.60s
INFO: [2023-11-24 22:55:37] genewalk.deepwalk - Walks for 42100/43209 nodes complete in 168.75s
INFO: [2023-11-24 22:55:38] genewalk.deepwalk - Walks for 42200/43209 nodes complete in 168.91s
INFO: [2023-11-24 22:55:38] genewalk.deepwalk - Walks for 42300/43209 nodes complete in 169.06s
INFO: [2023-11-24 22:55:38] genewalk.deepwalk - Walks for 42400/43209 nodes complete in 169.36s
INFO: [2023-11-24 22:55:38] genewalk.deepwalk - Walks for 42500/43209 nodes complete in 169.67s
INFO: [2023-11-24 22:55:39] genewalk.deepwalk - Walks for 42600/43209 nodes complete in 169.97s
INFO: [2023-11-24 22:55:39] genewalk.deepwalk - Walks for 42700/43209 nodes complete in 170.24s
INFO: [2023-11-24 22:55:39] genewalk.deepwalk - Walks for 42800/43209 nodes complete in 170.51s
INFO: [2023-11-24 22:55:39] genewalk.deepwalk - Walks for 42900/43209 nodes complete in 170.81s
INFO: [2023-11-24 22:55:40] genewalk.deepwalk - Walks for 43000/43209 nodes complete in 171.17s
INFO: [2023-11-24 22:55:40] genewalk.deepwalk - Walks for 43100/43209 nodes complete in 171.39s
INFO: [2023-11-24 22:55:40] genewalk.deepwalk - Walks for 43200/43209 nodes complete in 171.72s
INFO: [2023-11-24 22:55:40] genewalk.deepwalk - Running random walks done in 171.77s
INFO: [2023-11-24 22:55:40] genewalk.deepwalk - Generating node vectors...
INFO: [2023-11-24 23:14:33] genewalk.deepwalk - Generating node vectors done in 1132.41s
INFO: [2023-11-24 23:14:33] genewalk.cli - Saving into /home/z3533223/genewalk/upf3b-all/deepwalk_node_vectors_2.pkl...
INFO: [2023-11-24 23:14:35] genewalk.cli - 3/3
INFO: [2023-11-24 23:14:35] genewalk.deepwalk - Running random walks...
INFO: [2023-11-24 23:14:36] genewalk.deepwalk - Walks for 100/43209 nodes complete in 1.91s
INFO: [2023-11-24 23:14:38] genewalk.deepwalk - Walks for 200/43209 nodes complete in 3.30s
INFO: [2023-11-24 23:14:40] genewalk.deepwalk - Walks for 300/43209 nodes complete in 5.04s
INFO: [2023-11-24 23:14:42] genewalk.deepwalk - Walks for 400/43209 nodes complete in 6.93s
INFO: [2023-11-24 23:14:45] genewalk.deepwalk - Walks for 500/43209 nodes complete in 10.56s
INFO: [2023-11-24 23:14:46] genewalk.deepwalk - Walks for 600/43209 nodes complete in 11.37s
INFO: [2023-11-24 23:14:47] genewalk.deepwalk - Walks for 700/43209 nodes complete in 12.31s
INFO: [2023-11-24 23:14:48] genewalk.deepwalk - Walks for 800/43209 nodes complete in 13.46s
INFO: [2023-11-24 23:14:49] genewalk.deepwalk - Walks for 900/43209 nodes complete in 14.71s
INFO: [2023-11-24 23:14:50] genewalk.deepwalk - Walks for 1000/43209 nodes complete in 15.57s
INFO: [2023-11-24 23:14:51] genewalk.deepwalk - Walks for 1100/43209 nodes complete in 16.31s
INFO: [2023-11-24 23:14:52] genewalk.deepwalk - Walks for 1200/43209 nodes complete in 17.17s
INFO: [2023-11-24 23:14:52] genewalk.deepwalk - Walks for 1300/43209 nodes complete in 17.91s
INFO: [2023-11-24 23:14:53] genewalk.deepwalk - Walks for 1400/43209 nodes complete in 18.64s
INFO: [2023-11-24 23:14:54] genewalk.deepwalk - Walks for 1500/43209 nodes complete in 19.71s
INFO: [2023-11-24 23:14:55] genewalk.deepwalk - Walks for 1600/43209 nodes complete in 20.32s
INFO: [2023-11-24 23:14:56] genewalk.deepwalk - Walks for 1700/43209 nodes complete in 21.13s
INFO: [2023-11-24 23:14:56] genewalk.deepwalk - Walks for 1800/43209 nodes complete in 21.83s
INFO: [2023-11-24 23:14:57] genewalk.deepwalk - Walks for 1900/43209 nodes complete in 22.48s
INFO: [2023-11-24 23:14:58] genewalk.deepwalk - Walks for 2000/43209 nodes complete in 23.05s
INFO: [2023-11-24 23:14:58] genewalk.deepwalk - Walks for 2100/43209 nodes complete in 23.65s
INFO: [2023-11-24 23:14:59] genewalk.deepwalk - Walks for 2200/43209 nodes complete in 24.22s
INFO: [2023-11-24 23:15:01] genewalk.deepwalk - Walks for 2300/43209 nodes complete in 26.63s
INFO: [2023-11-24 23:15:03] genewalk.deepwalk - Walks for 2400/43209 nodes complete in 28.16s
INFO: [2023-11-24 23:15:05] genewalk.deepwalk - Walks for 2500/43209 nodes complete in 30.51s
INFO: [2023-11-24 23:15:08] genewalk.deepwalk - Walks for 2600/43209 nodes complete in 32.95s
INFO: [2023-11-24 23:15:09] genewalk.deepwalk - Walks for 2700/43209 nodes complete in 34.18s
INFO: [2023-11-24 23:15:09] genewalk.deepwalk - Walks for 2800/43209 nodes complete in 34.57s
INFO: [2023-11-24 23:15:10] genewalk.deepwalk - Walks for 2900/43209 nodes complete in 35.41s
INFO: [2023-11-24 23:15:11] genewalk.deepwalk - Walks for 3000/43209 nodes complete in 36.49s
INFO: [2023-11-24 23:15:12] genewalk.deepwalk - Walks for 3100/43209 nodes complete in 36.95s
INFO: [2023-11-24 23:15:12] genewalk.deepwalk - Walks for 3200/43209 nodes complete in 37.56s
INFO: [2023-11-24 23:15:14] genewalk.deepwalk - Walks for 3300/43209 nodes complete in 38.93s
INFO: [2023-11-24 23:15:14] genewalk.deepwalk - Walks for 3400/43209 nodes complete in 39.69s
INFO: [2023-11-24 23:15:15] genewalk.deepwalk - Walks for 3500/43209 nodes complete in 40.43s
INFO: [2023-11-24 23:15:16] genewalk.deepwalk - Walks for 3600/43209 nodes complete in 41.44s
INFO: [2023-11-24 23:15:17] genewalk.deepwalk - Walks for 3700/43209 nodes complete in 42.10s
INFO: [2023-11-24 23:15:18] genewalk.deepwalk - Walks for 3800/43209 nodes complete in 43.87s
INFO: [2023-11-24 23:15:19] genewalk.deepwalk - Walks for 3900/43209 nodes complete in 44.42s
INFO: [2023-11-24 23:15:19] genewalk.deepwalk - Walks for 4000/43209 nodes complete in 44.90s
INFO: [2023-11-24 23:15:20] genewalk.deepwalk - Walks for 4100/43209 nodes complete in 45.55s
INFO: [2023-11-24 23:15:21] genewalk.deepwalk - Walks for 4200/43209 nodes complete in 46.06s
INFO: [2023-11-24 23:15:21] genewalk.deepwalk - Walks for 4300/43209 nodes complete in 46.34s
INFO: [2023-11-24 23:15:21] genewalk.deepwalk - Walks for 4400/43209 nodes complete in 46.64s
INFO: [2023-11-24 23:15:22] genewalk.deepwalk - Walks for 4500/43209 nodes complete in 46.93s
INFO: [2023-11-24 23:15:22] genewalk.deepwalk - Walks for 4600/43209 nodes complete in 47.75s
INFO: [2023-11-24 23:15:23] genewalk.deepwalk - Walks for 4700/43209 nodes complete in 48.50s
INFO: [2023-11-24 23:15:24] genewalk.deepwalk - Walks for 4800/43209 nodes complete in 49.19s
INFO: [2023-11-24 23:15:24] genewalk.deepwalk - Walks for 4900/43209 nodes complete in 49.77s
INFO: [2023-11-24 23:15:25] genewalk.deepwalk - Walks for 5000/43209 nodes complete in 50.00s
INFO: [2023-11-24 23:15:25] genewalk.deepwalk - Walks for 5100/43209 nodes complete in 50.30s
INFO: [2023-11-24 23:15:25] genewalk.deepwalk - Walks for 5200/43209 nodes complete in 50.64s
INFO: [2023-11-24 23:15:26] genewalk.deepwalk - Walks for 5300/43209 nodes complete in 51.21s
INFO: [2023-11-24 23:15:26] genewalk.deepwalk - Walks for 5400/43209 nodes complete in 51.58s
INFO: [2023-11-24 23:15:27] genewalk.deepwalk - Walks for 5500/43209 nodes complete in 52.58s
INFO: [2023-11-24 23:15:29] genewalk.deepwalk - Walks for 5600/43209 nodes complete in 54.02s
INFO: [2023-11-24 23:15:29] genewalk.deepwalk - Walks for 5700/43209 nodes complete in 54.43s
INFO: [2023-11-24 23:15:30] genewalk.deepwalk - Walks for 5800/43209 nodes complete in 55.07s
INFO: [2023-11-24 23:15:30] genewalk.deepwalk - Walks for 5900/43209 nodes complete in 55.79s
INFO: [2023-11-24 23:15:31] genewalk.deepwalk - Walks for 6000/43209 nodes complete in 56.17s
INFO: [2023-11-24 23:15:32] genewalk.deepwalk - Walks for 6100/43209 nodes complete in 57.16s
INFO: [2023-11-24 23:15:32] genewalk.deepwalk - Walks for 6200/43209 nodes complete in 57.40s
INFO: [2023-11-24 23:15:32] genewalk.deepwalk - Walks for 6300/43209 nodes complete in 57.65s
INFO: [2023-11-24 23:15:33] genewalk.deepwalk - Walks for 6400/43209 nodes complete in 57.97s
INFO: [2023-11-24 23:15:33] genewalk.deepwalk - Walks for 6500/43209 nodes complete in 58.26s
INFO: [2023-11-24 23:15:33] genewalk.deepwalk - Walks for 6600/43209 nodes complete in 58.57s
INFO: [2023-11-24 23:15:34] genewalk.deepwalk - Walks for 6700/43209 nodes complete in 59.19s
INFO: [2023-11-24 23:15:34] genewalk.deepwalk - Walks for 6800/43209 nodes complete in 59.65s
INFO: [2023-11-24 23:15:35] genewalk.deepwalk - Walks for 6900/43209 nodes complete in 59.94s
INFO: [2023-11-24 23:15:35] genewalk.deepwalk - Walks for 7000/43209 nodes complete in 60.32s
INFO: [2023-11-24 23:15:35] genewalk.deepwalk - Walks for 7100/43209 nodes complete in 60.88s
INFO: [2023-11-24 23:15:36] genewalk.deepwalk - Walks for 7200/43209 nodes complete in 61.69s
INFO: [2023-11-24 23:15:37] genewalk.deepwalk - Walks for 7300/43209 nodes complete in 62.54s
INFO: [2023-11-24 23:15:38] genewalk.deepwalk - Walks for 7400/43209 nodes complete in 63.06s
INFO: [2023-11-24 23:15:38] genewalk.deepwalk - Walks for 7500/43209 nodes complete in 63.46s
INFO: [2023-11-24 23:15:38] genewalk.deepwalk - Walks for 7600/43209 nodes complete in 63.89s
INFO: [2023-11-24 23:15:39] genewalk.deepwalk - Walks for 7700/43209 nodes complete in 64.66s
INFO: [2023-11-24 23:15:40] genewalk.deepwalk - Walks for 7800/43209 nodes complete in 65.52s
INFO: [2023-11-24 23:15:41] genewalk.deepwalk - Walks for 7900/43209 nodes complete in 66.09s
INFO: [2023-11-24 23:15:43] genewalk.deepwalk - Walks for 8000/43209 nodes complete in 67.99s
INFO: [2023-11-24 23:15:43] genewalk.deepwalk - Walks for 8100/43209 nodes complete in 68.77s
INFO: [2023-11-24 23:15:44] genewalk.deepwalk - Walks for 8200/43209 nodes complete in 69.43s
INFO: [2023-11-24 23:15:44] genewalk.deepwalk - Walks for 8300/43209 nodes complete in 69.89s
INFO: [2023-11-24 23:15:45] genewalk.deepwalk - Walks for 8400/43209 nodes complete in 70.23s
INFO: [2023-11-24 23:15:45] genewalk.deepwalk - Walks for 8500/43209 nodes complete in 70.70s
INFO: [2023-11-24 23:15:46] genewalk.deepwalk - Walks for 8600/43209 nodes complete in 70.99s
INFO: [2023-11-24 23:15:46] genewalk.deepwalk - Walks for 8700/43209 nodes complete in 71.39s
INFO: [2023-11-24 23:15:46] genewalk.deepwalk - Walks for 8800/43209 nodes complete in 71.85s
INFO: [2023-11-24 23:15:47] genewalk.deepwalk - Walks for 8900/43209 nodes complete in 72.41s
INFO: [2023-11-24 23:15:47] genewalk.deepwalk - Walks for 9000/43209 nodes complete in 72.84s
INFO: [2023-11-24 23:15:48] genewalk.deepwalk - Walks for 9100/43209 nodes complete in 73.17s
INFO: [2023-11-24 23:15:48] genewalk.deepwalk - Walks for 9200/43209 nodes complete in 73.62s
INFO: [2023-11-24 23:15:49] genewalk.deepwalk - Walks for 9300/43209 nodes complete in 73.98s
INFO: [2023-11-24 23:15:49] genewalk.deepwalk - Walks for 9400/43209 nodes complete in 74.17s
INFO: [2023-11-24 23:15:49] genewalk.deepwalk - Walks for 9500/43209 nodes complete in 74.38s
INFO: [2023-11-24 23:15:49] genewalk.deepwalk - Walks for 9600/43209 nodes complete in 74.67s
INFO: [2023-11-24 23:15:50] genewalk.deepwalk - Walks for 9700/43209 nodes complete in 75.20s
INFO: [2023-11-24 23:15:50] genewalk.deepwalk - Walks for 9800/43209 nodes complete in 75.66s
INFO: [2023-11-24 23:15:51] genewalk.deepwalk - Walks for 9900/43209 nodes complete in 76.10s
INFO: [2023-11-24 23:15:51] genewalk.deepwalk - Walks for 10000/43209 nodes complete in 76.41s
INFO: [2023-11-24 23:15:51] genewalk.deepwalk - Walks for 10100/43209 nodes complete in 76.83s
INFO: [2023-11-24 23:15:52] genewalk.deepwalk - Walks for 10200/43209 nodes complete in 77.58s
INFO: [2023-11-24 23:15:52] genewalk.deepwalk - Walks for 10300/43209 nodes complete in 77.90s
INFO: [2023-11-24 23:15:53] genewalk.deepwalk - Walks for 10400/43209 nodes complete in 78.67s
INFO: [2023-11-24 23:15:54] genewalk.deepwalk - Walks for 10500/43209 nodes complete in 79.05s
INFO: [2023-11-24 23:15:54] genewalk.deepwalk - Walks for 10600/43209 nodes complete in 79.74s
INFO: [2023-11-24 23:15:55] genewalk.deepwalk - Walks for 10700/43209 nodes complete in 80.16s
INFO: [2023-11-24 23:15:55] genewalk.deepwalk - Walks for 10800/43209 nodes complete in 80.51s
INFO: [2023-11-24 23:15:56] genewalk.deepwalk - Walks for 10900/43209 nodes complete in 81.20s
INFO: [2023-11-24 23:15:56] genewalk.deepwalk - Walks for 11000/43209 nodes complete in 81.62s
INFO: [2023-11-24 23:15:57] genewalk.deepwalk - Walks for 11100/43209 nodes complete in 82.30s
INFO: [2023-11-24 23:15:57] genewalk.deepwalk - Walks for 11200/43209 nodes complete in 82.89s
INFO: [2023-11-24 23:15:58] genewalk.deepwalk - Walks for 11300/43209 nodes complete in 83.35s
INFO: [2023-11-24 23:15:58] genewalk.deepwalk - Walks for 11400/43209 nodes complete in 83.80s
INFO: [2023-11-24 23:16:00] genewalk.deepwalk - Walks for 11500/43209 nodes complete in 85.70s
INFO: [2023-11-24 23:16:01] genewalk.deepwalk - Walks for 11600/43209 nodes complete in 86.09s
INFO: [2023-11-24 23:16:01] genewalk.deepwalk - Walks for 11700/43209 nodes complete in 86.51s
INFO: [2023-11-24 23:16:01] genewalk.deepwalk - Walks for 11800/43209 nodes complete in 86.79s
INFO: [2023-11-24 23:16:02] genewalk.deepwalk - Walks for 11900/43209 nodes complete in 87.02s
INFO: [2023-11-24 23:16:02] genewalk.deepwalk - Walks for 12000/43209 nodes complete in 87.33s
INFO: [2023-11-24 23:16:02] genewalk.deepwalk - Walks for 12100/43209 nodes complete in 87.63s
INFO: [2023-11-24 23:16:02] genewalk.deepwalk - Walks for 12200/43209 nodes complete in 87.88s
INFO: [2023-11-24 23:16:03] genewalk.deepwalk - Walks for 12300/43209 nodes complete in 88.23s
INFO: [2023-11-24 23:16:03] genewalk.deepwalk - Walks for 12400/43209 nodes complete in 88.64s
INFO: [2023-11-24 23:16:04] genewalk.deepwalk - Walks for 12500/43209 nodes complete in 89.07s
INFO: [2023-11-24 23:16:04] genewalk.deepwalk - Walks for 12600/43209 nodes complete in 89.55s
INFO: [2023-11-24 23:16:04] genewalk.deepwalk - Walks for 12700/43209 nodes complete in 89.84s
INFO: [2023-11-24 23:16:05] genewalk.deepwalk - Walks for 12800/43209 nodes complete in 90.12s
INFO: [2023-11-24 23:16:05] genewalk.deepwalk - Walks for 12900/43209 nodes complete in 90.45s
INFO: [2023-11-24 23:16:05] genewalk.deepwalk - Walks for 13000/43209 nodes complete in 90.76s
INFO: [2023-11-24 23:16:06] genewalk.deepwalk - Walks for 13100/43209 nodes complete in 91.12s
INFO: [2023-11-24 23:16:06] genewalk.deepwalk - Walks for 13200/43209 nodes complete in 91.60s
INFO: [2023-11-24 23:16:06] genewalk.deepwalk - Walks for 13300/43209 nodes complete in 91.88s
INFO: [2023-11-24 23:16:07] genewalk.deepwalk - Walks for 13400/43209 nodes complete in 92.17s
INFO: [2023-11-24 23:16:07] genewalk.deepwalk - Walks for 13500/43209 nodes complete in 92.30s
INFO: [2023-11-24 23:16:07] genewalk.deepwalk - Walks for 13600/43209 nodes complete in 92.47s
INFO: [2023-11-24 23:16:07] genewalk.deepwalk - Walks for 13700/43209 nodes complete in 92.61s
INFO: [2023-11-24 23:16:07] genewalk.deepwalk - Walks for 13800/43209 nodes complete in 92.80s
INFO: [2023-11-24 23:16:08] genewalk.deepwalk - Walks for 13900/43209 nodes complete in 93.19s
INFO: [2023-11-24 23:16:08] genewalk.deepwalk - Walks for 14000/43209 nodes complete in 93.58s
INFO: [2023-11-24 23:16:08] genewalk.deepwalk - Walks for 14100/43209 nodes complete in 93.80s
INFO: [2023-11-24 23:16:09] genewalk.deepwalk - Walks for 14200/43209 nodes complete in 94.21s
INFO: [2023-11-24 23:16:09] genewalk.deepwalk - Walks for 14300/43209 nodes complete in 94.56s
INFO: [2023-11-24 23:16:10] genewalk.deepwalk - Walks for 14400/43209 nodes complete in 94.91s
INFO: [2023-11-24 23:16:10] genewalk.deepwalk - Walks for 14500/43209 nodes complete in 95.28s
INFO: [2023-11-24 23:16:10] genewalk.deepwalk - Walks for 14600/43209 nodes complete in 95.61s
INFO: [2023-11-24 23:16:10] genewalk.deepwalk - Walks for 14700/43209 nodes complete in 95.91s
INFO: [2023-11-24 23:16:11] genewalk.deepwalk - Walks for 14800/43209 nodes complete in 96.21s
INFO: [2023-11-24 23:16:11] genewalk.deepwalk - Walks for 14900/43209 nodes complete in 96.43s
INFO: [2023-11-24 23:16:11] genewalk.deepwalk - Walks for 15000/43209 nodes complete in 96.59s
INFO: [2023-11-24 23:16:11] genewalk.deepwalk - Walks for 15100/43209 nodes complete in 96.80s
INFO: [2023-11-24 23:16:12] genewalk.deepwalk - Walks for 15200/43209 nodes complete in 97.00s
INFO: [2023-11-24 23:16:12] genewalk.deepwalk - Walks for 15300/43209 nodes complete in 97.17s
INFO: [2023-11-24 23:16:12] genewalk.deepwalk - Walks for 15400/43209 nodes complete in 97.43s
INFO: [2023-11-24 23:16:12] genewalk.deepwalk - Walks for 15500/43209 nodes complete in 97.75s
INFO: [2023-11-24 23:16:13] genewalk.deepwalk - Walks for 15600/43209 nodes complete in 98.05s
INFO: [2023-11-24 23:16:13] genewalk.deepwalk - Walks for 15700/43209 nodes complete in 98.35s
INFO: [2023-11-24 23:16:13] genewalk.deepwalk - Walks for 15800/43209 nodes complete in 98.77s
INFO: [2023-11-24 23:16:14] genewalk.deepwalk - Walks for 15900/43209 nodes complete in 99.17s
INFO: [2023-11-24 23:16:14] genewalk.deepwalk - Walks for 16000/43209 nodes complete in 99.49s
INFO: [2023-11-24 23:16:14] genewalk.deepwalk - Walks for 16100/43209 nodes complete in 99.75s
INFO: [2023-11-24 23:16:15] genewalk.deepwalk - Walks for 16200/43209 nodes complete in 100.04s
INFO: [2023-11-24 23:16:15] genewalk.deepwalk - Walks for 16300/43209 nodes complete in 100.39s
INFO: [2023-11-24 23:16:16] genewalk.deepwalk - Walks for 16400/43209 nodes complete in 100.98s
INFO: [2023-11-24 23:16:16] genewalk.deepwalk - Walks for 16500/43209 nodes complete in 101.22s
INFO: [2023-11-24 23:16:16] genewalk.deepwalk - Walks for 16600/43209 nodes complete in 101.60s
INFO: [2023-11-24 23:16:17] genewalk.deepwalk - Walks for 16700/43209 nodes complete in 101.94s
INFO: [2023-11-24 23:16:17] genewalk.deepwalk - Walks for 16800/43209 nodes complete in 102.11s
INFO: [2023-11-24 23:16:17] genewalk.deepwalk - Walks for 16900/43209 nodes complete in 102.34s
INFO: [2023-11-24 23:16:17] genewalk.deepwalk - Walks for 17000/43209 nodes complete in 102.69s
INFO: [2023-11-24 23:16:18] genewalk.deepwalk - Walks for 17100/43209 nodes complete in 103.03s
INFO: [2023-11-24 23:16:18] genewalk.deepwalk - Walks for 17200/43209 nodes complete in 103.46s
INFO: [2023-11-24 23:16:19] genewalk.deepwalk - Walks for 17300/43209 nodes complete in 103.97s
INFO: [2023-11-24 23:16:19] genewalk.deepwalk - Walks for 17400/43209 nodes complete in 104.35s
INFO: [2023-11-24 23:16:21] genewalk.deepwalk - Walks for 17500/43209 nodes complete in 106.26s
INFO: [2023-11-24 23:16:21] genewalk.deepwalk - Walks for 17600/43209 nodes complete in 106.54s
INFO: [2023-11-24 23:16:21] genewalk.deepwalk - Walks for 17700/43209 nodes complete in 106.87s
INFO: [2023-11-24 23:16:22] genewalk.deepwalk - Walks for 17800/43209 nodes complete in 107.30s
INFO: [2023-11-24 23:16:22] genewalk.deepwalk - Walks for 17900/43209 nodes complete in 107.67s
INFO: [2023-11-24 23:16:23] genewalk.deepwalk - Walks for 18000/43209 nodes complete in 108.03s
INFO: [2023-11-24 23:16:23] genewalk.deepwalk - Walks for 18100/43209 nodes complete in 108.34s
INFO: [2023-11-24 23:16:23] genewalk.deepwalk - Walks for 18200/43209 nodes complete in 108.64s
INFO: [2023-11-24 23:16:23] genewalk.deepwalk - Walks for 18300/43209 nodes complete in 108.80s
INFO: [2023-11-24 23:16:24] genewalk.deepwalk - Walks for 18400/43209 nodes complete in 109.04s
INFO: [2023-11-24 23:16:24] genewalk.deepwalk - Walks for 18500/43209 nodes complete in 109.33s
INFO: [2023-11-24 23:16:24] genewalk.deepwalk - Walks for 18600/43209 nodes complete in 109.50s
INFO: [2023-11-24 23:16:24] genewalk.deepwalk - Walks for 18700/43209 nodes complete in 109.65s
INFO: [2023-11-24 23:16:24] genewalk.deepwalk - Walks for 18800/43209 nodes complete in 109.78s
INFO: [2023-11-24 23:16:25] genewalk.deepwalk - Walks for 18900/43209 nodes complete in 110.11s
INFO: [2023-11-24 23:16:25] genewalk.deepwalk - Walks for 19000/43209 nodes complete in 110.41s
INFO: [2023-11-24 23:16:25] genewalk.deepwalk - Walks for 19100/43209 nodes complete in 110.71s
INFO: [2023-11-24 23:16:26] genewalk.deepwalk - Walks for 19200/43209 nodes complete in 110.95s
INFO: [2023-11-24 23:16:26] genewalk.deepwalk - Walks for 19300/43209 nodes complete in 111.11s
INFO: [2023-11-24 23:16:26] genewalk.deepwalk - Walks for 19400/43209 nodes complete in 111.46s
INFO: [2023-11-24 23:16:26] genewalk.deepwalk - Walks for 19500/43209 nodes complete in 111.67s
INFO: [2023-11-24 23:16:26] genewalk.deepwalk - Walks for 19600/43209 nodes complete in 111.79s
INFO: [2023-11-24 23:16:27] genewalk.deepwalk - Walks for 19700/43209 nodes complete in 111.99s
INFO: [2023-11-24 23:16:27] genewalk.deepwalk - Walks for 19800/43209 nodes complete in 112.26s
INFO: [2023-11-24 23:16:27] genewalk.deepwalk - Walks for 19900/43209 nodes complete in 112.50s
INFO: [2023-11-24 23:16:27] genewalk.deepwalk - Walks for 20000/43209 nodes complete in 112.75s
INFO: [2023-11-24 23:16:28] genewalk.deepwalk - Walks for 20100/43209 nodes complete in 113.03s
INFO: [2023-11-24 23:16:28] genewalk.deepwalk - Walks for 20200/43209 nodes complete in 113.26s
INFO: [2023-11-24 23:16:28] genewalk.deepwalk - Walks for 20300/43209 nodes complete in 113.50s
INFO: [2023-11-24 23:16:28] genewalk.deepwalk - Walks for 20400/43209 nodes complete in 113.79s
INFO: [2023-11-24 23:16:29] genewalk.deepwalk - Walks for 20500/43209 nodes complete in 114.09s
INFO: [2023-11-24 23:16:29] genewalk.deepwalk - Walks for 20600/43209 nodes complete in 114.49s
INFO: [2023-11-24 23:16:29] genewalk.deepwalk - Walks for 20700/43209 nodes complete in 114.75s
INFO: [2023-11-24 23:16:30] genewalk.deepwalk - Walks for 20800/43209 nodes complete in 115.01s
INFO: [2023-11-24 23:16:30] genewalk.deepwalk - Walks for 20900/43209 nodes complete in 115.26s
INFO: [2023-11-24 23:16:30] genewalk.deepwalk - Walks for 21000/43209 nodes complete in 115.47s
INFO: [2023-11-24 23:16:30] genewalk.deepwalk - Walks for 21100/43209 nodes complete in 115.70s
INFO: [2023-11-24 23:16:30] genewalk.deepwalk - Walks for 21200/43209 nodes complete in 115.88s
INFO: [2023-11-24 23:16:31] genewalk.deepwalk - Walks for 21300/43209 nodes complete in 116.17s
INFO: [2023-11-24 23:16:31] genewalk.deepwalk - Walks for 21400/43209 nodes complete in 116.34s
INFO: [2023-11-24 23:16:31] genewalk.deepwalk - Walks for 21500/43209 nodes complete in 116.63s
INFO: [2023-11-24 23:16:31] genewalk.deepwalk - Walks for 21600/43209 nodes complete in 116.91s
INFO: [2023-11-24 23:16:32] genewalk.deepwalk - Walks for 21700/43209 nodes complete in 117.26s
INFO: [2023-11-24 23:16:32] genewalk.deepwalk - Walks for 21800/43209 nodes complete in 117.53s
INFO: [2023-11-24 23:16:32] genewalk.deepwalk - Walks for 21900/43209 nodes complete in 117.76s
INFO: [2023-11-24 23:16:33] genewalk.deepwalk - Walks for 22000/43209 nodes complete in 118.03s
INFO: [2023-11-24 23:16:33] genewalk.deepwalk - Walks for 22100/43209 nodes complete in 118.30s
INFO: [2023-11-24 23:16:33] genewalk.deepwalk - Walks for 22200/43209 nodes complete in 118.54s
INFO: [2023-11-24 23:16:33] genewalk.deepwalk - Walks for 22300/43209 nodes complete in 118.88s
INFO: [2023-11-24 23:16:34] genewalk.deepwalk - Walks for 22400/43209 nodes complete in 119.21s
INFO: [2023-11-24 23:16:34] genewalk.deepwalk - Walks for 22500/43209 nodes complete in 119.44s
INFO: [2023-11-24 23:16:34] genewalk.deepwalk - Walks for 22600/43209 nodes complete in 119.58s
INFO: [2023-11-24 23:16:34] genewalk.deepwalk - Walks for 22700/43209 nodes complete in 119.80s
INFO: [2023-11-24 23:16:35] genewalk.deepwalk - Walks for 22800/43209 nodes complete in 120.04s
INFO: [2023-11-24 23:16:35] genewalk.deepwalk - Walks for 22900/43209 nodes complete in 120.22s
INFO: [2023-11-24 23:16:35] genewalk.deepwalk - Walks for 23000/43209 nodes complete in 120.43s
INFO: [2023-11-24 23:16:35] genewalk.deepwalk - Walks for 23100/43209 nodes complete in 120.64s
INFO: [2023-11-24 23:16:35] genewalk.deepwalk - Walks for 23200/43209 nodes complete in 120.85s
INFO: [2023-11-24 23:16:36] genewalk.deepwalk - Walks for 23300/43209 nodes complete in 121.06s
INFO: [2023-11-24 23:16:36] genewalk.deepwalk - Walks for 23400/43209 nodes complete in 121.36s
INFO: [2023-11-24 23:16:36] genewalk.deepwalk - Walks for 23500/43209 nodes complete in 121.58s
INFO: [2023-11-24 23:16:36] genewalk.deepwalk - Walks for 23600/43209 nodes complete in 121.79s
INFO: [2023-11-24 23:16:37] genewalk.deepwalk - Walks for 23700/43209 nodes complete in 122.13s
INFO: [2023-11-24 23:16:37] genewalk.deepwalk - Walks for 23800/43209 nodes complete in 122.53s
INFO: [2023-11-24 23:16:38] genewalk.deepwalk - Walks for 23900/43209 nodes complete in 122.95s
INFO: [2023-11-24 23:16:38] genewalk.deepwalk - Walks for 24000/43209 nodes complete in 123.27s
INFO: [2023-11-24 23:16:38] genewalk.deepwalk - Walks for 24100/43209 nodes complete in 123.62s
INFO: [2023-11-24 23:16:38] genewalk.deepwalk - Walks for 24200/43209 nodes complete in 123.84s
INFO: [2023-11-24 23:16:39] genewalk.deepwalk - Walks for 24300/43209 nodes complete in 124.20s
INFO: [2023-11-24 23:16:39] genewalk.deepwalk - Walks for 24400/43209 nodes complete in 124.41s
INFO: [2023-11-24 23:16:39] genewalk.deepwalk - Walks for 24500/43209 nodes complete in 124.63s
INFO: [2023-11-24 23:16:39] genewalk.deepwalk - Walks for 24600/43209 nodes complete in 124.77s
INFO: [2023-11-24 23:16:40] genewalk.deepwalk - Walks for 24700/43209 nodes complete in 124.91s
INFO: [2023-11-24 23:16:40] genewalk.deepwalk - Walks for 24800/43209 nodes complete in 125.04s
INFO: [2023-11-24 23:16:40] genewalk.deepwalk - Walks for 24900/43209 nodes complete in 125.18s
INFO: [2023-11-24 23:16:40] genewalk.deepwalk - Walks for 25000/43209 nodes complete in 125.31s
INFO: [2023-11-24 23:16:40] genewalk.deepwalk - Walks for 25100/43209 nodes complete in 125.46s
INFO: [2023-11-24 23:16:40] genewalk.deepwalk - Walks for 25200/43209 nodes complete in 125.60s
INFO: [2023-11-24 23:16:40] genewalk.deepwalk - Walks for 25300/43209 nodes complete in 125.73s
INFO: [2023-11-24 23:16:40] genewalk.deepwalk - Walks for 25400/43209 nodes complete in 125.88s
INFO: [2023-11-24 23:16:41] genewalk.deepwalk - Walks for 25500/43209 nodes complete in 126.18s
INFO: [2023-11-24 23:16:41] genewalk.deepwalk - Walks for 25600/43209 nodes complete in 126.39s
INFO: [2023-11-24 23:16:41] genewalk.deepwalk - Walks for 25700/43209 nodes complete in 126.61s
INFO: [2023-11-24 23:16:41] genewalk.deepwalk - Walks for 25800/43209 nodes complete in 126.86s
INFO: [2023-11-24 23:16:42] genewalk.deepwalk - Walks for 25900/43209 nodes complete in 127.17s
INFO: [2023-11-24 23:16:42] genewalk.deepwalk - Walks for 26000/43209 nodes complete in 127.40s
INFO: [2023-11-24 23:16:42] genewalk.deepwalk - Walks for 26100/43209 nodes complete in 127.58s
INFO: [2023-11-24 23:16:42] genewalk.deepwalk - Walks for 26200/43209 nodes complete in 127.71s
INFO: [2023-11-24 23:16:42] genewalk.deepwalk - Walks for 26300/43209 nodes complete in 127.86s
INFO: [2023-11-24 23:16:43] genewalk.deepwalk - Walks for 26400/43209 nodes complete in 128.00s
INFO: [2023-11-24 23:16:43] genewalk.deepwalk - Walks for 26500/43209 nodes complete in 128.14s
INFO: [2023-11-24 23:16:43] genewalk.deepwalk - Walks for 26600/43209 nodes complete in 128.28s
INFO: [2023-11-24 23:16:43] genewalk.deepwalk - Walks for 26700/43209 nodes complete in 128.42s
INFO: [2023-11-24 23:16:43] genewalk.deepwalk - Walks for 26800/43209 nodes complete in 128.72s
INFO: [2023-11-24 23:16:44] genewalk.deepwalk - Walks for 26900/43209 nodes complete in 128.94s
INFO: [2023-11-24 23:16:44] genewalk.deepwalk - Walks for 27000/43209 nodes complete in 129.20s
INFO: [2023-11-24 23:16:44] genewalk.deepwalk - Walks for 27100/43209 nodes complete in 129.48s
INFO: [2023-11-24 23:16:44] genewalk.deepwalk - Walks for 27200/43209 nodes complete in 129.76s
INFO: [2023-11-24 23:16:45] genewalk.deepwalk - Walks for 27300/43209 nodes complete in 130.00s
INFO: [2023-11-24 23:16:45] genewalk.deepwalk - Walks for 27400/43209 nodes complete in 130.30s
INFO: [2023-11-24 23:16:45] genewalk.deepwalk - Walks for 27500/43209 nodes complete in 130.59s
INFO: [2023-11-24 23:16:45] genewalk.deepwalk - Walks for 27600/43209 nodes complete in 130.77s
INFO: [2023-11-24 23:16:47] genewalk.deepwalk - Walks for 27700/43209 nodes complete in 132.82s
INFO: [2023-11-24 23:16:48] genewalk.deepwalk - Walks for 27800/43209 nodes complete in 132.98s
INFO: [2023-11-24 23:16:48] genewalk.deepwalk - Walks for 27900/43209 nodes complete in 133.18s
INFO: [2023-11-24 23:16:48] genewalk.deepwalk - Walks for 28000/43209 nodes complete in 133.38s
INFO: [2023-11-24 23:16:48] genewalk.deepwalk - Walks for 28100/43209 nodes complete in 133.61s
INFO: [2023-11-24 23:16:49] genewalk.deepwalk - Walks for 28200/43209 nodes complete in 133.92s
INFO: [2023-11-24 23:16:49] genewalk.deepwalk - Walks for 28300/43209 nodes complete in 134.17s
INFO: [2023-11-24 23:16:49] genewalk.deepwalk - Walks for 28400/43209 nodes complete in 134.47s
INFO: [2023-11-24 23:16:49] genewalk.deepwalk - Walks for 28500/43209 nodes complete in 134.70s
INFO: [2023-11-24 23:16:50] genewalk.deepwalk - Walks for 28600/43209 nodes complete in 134.97s
INFO: [2023-11-24 23:16:50] genewalk.deepwalk - Walks for 28700/43209 nodes complete in 135.18s
INFO: [2023-11-24 23:16:50] genewalk.deepwalk - Walks for 28800/43209 nodes complete in 135.37s
INFO: [2023-11-24 23:16:50] genewalk.deepwalk - Walks for 28900/43209 nodes complete in 135.64s
INFO: [2023-11-24 23:16:50] genewalk.deepwalk - Walks for 29000/43209 nodes complete in 135.91s
INFO: [2023-11-24 23:16:51] genewalk.deepwalk - Walks for 29100/43209 nodes complete in 136.20s
INFO: [2023-11-24 23:16:51] genewalk.deepwalk - Walks for 29200/43209 nodes complete in 136.41s
INFO: [2023-11-24 23:16:51] genewalk.deepwalk - Walks for 29300/43209 nodes complete in 136.62s
INFO: [2023-11-24 23:16:51] genewalk.deepwalk - Walks for 29400/43209 nodes complete in 136.82s
INFO: [2023-11-24 23:16:52] genewalk.deepwalk - Walks for 29500/43209 nodes complete in 137.00s
INFO: [2023-11-24 23:16:52] genewalk.deepwalk - Walks for 29600/43209 nodes complete in 137.22s
INFO: [2023-11-24 23:16:52] genewalk.deepwalk - Walks for 29700/43209 nodes complete in 137.44s
INFO: [2023-11-24 23:16:52] genewalk.deepwalk - Walks for 29800/43209 nodes complete in 137.68s
INFO: [2023-11-24 23:16:52] genewalk.deepwalk - Walks for 29900/43209 nodes complete in 137.90s
INFO: [2023-11-24 23:16:53] genewalk.deepwalk - Walks for 30000/43209 nodes complete in 138.10s
INFO: [2023-11-24 23:16:53] genewalk.deepwalk - Walks for 30100/43209 nodes complete in 138.33s
INFO: [2023-11-24 23:16:53] genewalk.deepwalk - Walks for 30200/43209 nodes complete in 138.54s
INFO: [2023-11-24 23:16:53] genewalk.deepwalk - Walks for 30300/43209 nodes complete in 138.74s
INFO: [2023-11-24 23:16:54] genewalk.deepwalk - Walks for 30400/43209 nodes complete in 138.96s
INFO: [2023-11-24 23:16:54] genewalk.deepwalk - Walks for 30500/43209 nodes complete in 139.17s
INFO: [2023-11-24 23:16:54] genewalk.deepwalk - Walks for 30600/43209 nodes complete in 139.48s
INFO: [2023-11-24 23:16:54] genewalk.deepwalk - Walks for 30700/43209 nodes complete in 139.73s
INFO: [2023-11-24 23:16:55] genewalk.deepwalk - Walks for 30800/43209 nodes complete in 139.92s
INFO: [2023-11-24 23:16:55] genewalk.deepwalk - Walks for 30900/43209 nodes complete in 140.22s
INFO: [2023-11-24 23:16:55] genewalk.deepwalk - Walks for 31000/43209 nodes complete in 140.60s
INFO: [2023-11-24 23:16:55] genewalk.deepwalk - Walks for 31100/43209 nodes complete in 140.91s
INFO: [2023-11-24 23:16:56] genewalk.deepwalk - Walks for 31200/43209 nodes complete in 141.14s
INFO: [2023-11-24 23:16:56] genewalk.deepwalk - Walks for 31300/43209 nodes complete in 141.37s
INFO: [2023-11-24 23:16:56] genewalk.deepwalk - Walks for 31400/43209 nodes complete in 141.59s
INFO: [2023-11-24 23:16:56] genewalk.deepwalk - Walks for 31500/43209 nodes complete in 141.81s
INFO: [2023-11-24 23:16:57] genewalk.deepwalk - Walks for 31600/43209 nodes complete in 142.06s
INFO: [2023-11-24 23:16:57] genewalk.deepwalk - Walks for 31700/43209 nodes complete in 142.27s
INFO: [2023-11-24 23:16:57] genewalk.deepwalk - Walks for 31800/43209 nodes complete in 142.47s
INFO: [2023-11-24 23:16:57] genewalk.deepwalk - Walks for 31900/43209 nodes complete in 142.71s
INFO: [2023-11-24 23:16:58] genewalk.deepwalk - Walks for 32000/43209 nodes complete in 143.00s
INFO: [2023-11-24 23:16:58] genewalk.deepwalk - Walks for 32100/43209 nodes complete in 143.25s
INFO: [2023-11-24 23:16:58] genewalk.deepwalk - Walks for 32200/43209 nodes complete in 143.40s
INFO: [2023-11-24 23:16:58] genewalk.deepwalk - Walks for 32300/43209 nodes complete in 143.59s
INFO: [2023-11-24 23:16:58] genewalk.deepwalk - Walks for 32400/43209 nodes complete in 143.81s
INFO: [2023-11-24 23:16:59] genewalk.deepwalk - Walks for 32500/43209 nodes complete in 144.09s
INFO: [2023-11-24 23:16:59] genewalk.deepwalk - Walks for 32600/43209 nodes complete in 144.36s
INFO: [2023-11-24 23:16:59] genewalk.deepwalk - Walks for 32700/43209 nodes complete in 144.67s
INFO: [2023-11-24 23:16:59] genewalk.deepwalk - Walks for 32800/43209 nodes complete in 144.85s
INFO: [2023-11-24 23:17:00] genewalk.deepwalk - Walks for 32900/43209 nodes complete in 145.04s
INFO: [2023-11-24 23:17:00] genewalk.deepwalk - Walks for 33000/43209 nodes complete in 145.21s
INFO: [2023-11-24 23:17:00] genewalk.deepwalk - Walks for 33100/43209 nodes complete in 145.41s
INFO: [2023-11-24 23:17:00] genewalk.deepwalk - Walks for 33200/43209 nodes complete in 145.61s
INFO: [2023-11-24 23:17:00] genewalk.deepwalk - Walks for 33300/43209 nodes complete in 145.81s
INFO: [2023-11-24 23:17:01] genewalk.deepwalk - Walks for 33400/43209 nodes complete in 145.98s
INFO: [2023-11-24 23:17:01] genewalk.deepwalk - Walks for 33500/43209 nodes complete in 146.15s
INFO: [2023-11-24 23:17:01] genewalk.deepwalk - Walks for 33600/43209 nodes complete in 146.32s
INFO: [2023-11-24 23:17:01] genewalk.deepwalk - Walks for 33700/43209 nodes complete in 146.49s
INFO: [2023-11-24 23:17:01] genewalk.deepwalk - Walks for 33800/43209 nodes complete in 146.71s
INFO: [2023-11-24 23:17:02] genewalk.deepwalk - Walks for 33900/43209 nodes complete in 146.93s
INFO: [2023-11-24 23:17:02] genewalk.deepwalk - Walks for 34000/43209 nodes complete in 147.18s
INFO: [2023-11-24 23:17:02] genewalk.deepwalk - Walks for 34100/43209 nodes complete in 147.37s
INFO: [2023-11-24 23:17:02] genewalk.deepwalk - Walks for 34200/43209 nodes complete in 147.60s
INFO: [2023-11-24 23:17:02] genewalk.deepwalk - Walks for 34300/43209 nodes complete in 147.78s
INFO: [2023-11-24 23:17:03] genewalk.deepwalk - Walks for 34400/43209 nodes complete in 147.92s
INFO: [2023-11-24 23:17:03] genewalk.deepwalk - Walks for 34500/43209 nodes complete in 148.06s
INFO: [2023-11-24 23:17:03] genewalk.deepwalk - Walks for 34600/43209 nodes complete in 148.21s
INFO: [2023-11-24 23:17:03] genewalk.deepwalk - Walks for 34700/43209 nodes complete in 148.36s
INFO: [2023-11-24 23:17:03] genewalk.deepwalk - Walks for 34800/43209 nodes complete in 148.51s
INFO: [2023-11-24 23:17:03] genewalk.deepwalk - Walks for 34900/43209 nodes complete in 148.65s
INFO: [2023-11-24 23:17:03] genewalk.deepwalk - Walks for 35000/43209 nodes complete in 148.78s
INFO: [2023-11-24 23:17:04] genewalk.deepwalk - Walks for 35100/43209 nodes complete in 148.93s
INFO: [2023-11-24 23:17:04] genewalk.deepwalk - Walks for 35200/43209 nodes complete in 149.06s
INFO: [2023-11-24 23:17:04] genewalk.deepwalk - Walks for 35300/43209 nodes complete in 149.34s
INFO: [2023-11-24 23:17:04] genewalk.deepwalk - Walks for 35400/43209 nodes complete in 149.52s
INFO: [2023-11-24 23:17:04] genewalk.deepwalk - Walks for 35500/43209 nodes complete in 149.70s
INFO: [2023-11-24 23:17:05] genewalk.deepwalk - Walks for 35600/43209 nodes complete in 149.93s
INFO: [2023-11-24 23:17:05] genewalk.deepwalk - Walks for 35700/43209 nodes complete in 150.20s
INFO: [2023-11-24 23:17:05] genewalk.deepwalk - Walks for 35800/43209 nodes complete in 150.41s
INFO: [2023-11-24 23:17:05] genewalk.deepwalk - Walks for 35900/43209 nodes complete in 150.63s
INFO: [2023-11-24 23:17:05] genewalk.deepwalk - Walks for 36000/43209 nodes complete in 150.83s
INFO: [2023-11-24 23:17:06] genewalk.deepwalk - Walks for 36100/43209 nodes complete in 151.04s
INFO: [2023-11-24 23:17:06] genewalk.deepwalk - Walks for 36200/43209 nodes complete in 151.25s
INFO: [2023-11-24 23:17:06] genewalk.deepwalk - Walks for 36300/43209 nodes complete in 151.42s
INFO: [2023-11-24 23:17:06] genewalk.deepwalk - Walks for 36400/43209 nodes complete in 151.61s
INFO: [2023-11-24 23:17:06] genewalk.deepwalk - Walks for 36500/43209 nodes complete in 151.80s
INFO: [2023-11-24 23:17:07] genewalk.deepwalk - Walks for 36600/43209 nodes complete in 152.02s
INFO: [2023-11-24 23:17:07] genewalk.deepwalk - Walks for 36700/43209 nodes complete in 152.17s
INFO: [2023-11-24 23:17:07] genewalk.deepwalk - Walks for 36800/43209 nodes complete in 152.36s
INFO: [2023-11-24 23:17:07] genewalk.deepwalk - Walks for 36900/43209 nodes complete in 152.58s
INFO: [2023-11-24 23:17:07] genewalk.deepwalk - Walks for 37000/43209 nodes complete in 152.73s
INFO: [2023-11-24 23:17:08] genewalk.deepwalk - Walks for 37100/43209 nodes complete in 153.07s
INFO: [2023-11-24 23:17:08] genewalk.deepwalk - Walks for 37200/43209 nodes complete in 153.38s
INFO: [2023-11-24 23:17:08] genewalk.deepwalk - Walks for 37300/43209 nodes complete in 153.76s
INFO: [2023-11-24 23:17:09] genewalk.deepwalk - Walks for 37400/43209 nodes complete in 154.13s
INFO: [2023-11-24 23:17:09] genewalk.deepwalk - Walks for 37500/43209 nodes complete in 154.60s
INFO: [2023-11-24 23:17:10] genewalk.deepwalk - Walks for 37600/43209 nodes complete in 154.99s
INFO: [2023-11-24 23:17:10] genewalk.deepwalk - Walks for 37700/43209 nodes complete in 155.43s
INFO: [2023-11-24 23:17:10] genewalk.deepwalk - Walks for 37800/43209 nodes complete in 155.84s
INFO: [2023-11-24 23:17:11] genewalk.deepwalk - Walks for 37900/43209 nodes complete in 156.20s
INFO: [2023-11-24 23:17:11] genewalk.deepwalk - Walks for 38000/43209 nodes complete in 156.52s
INFO: [2023-11-24 23:17:11] genewalk.deepwalk - Walks for 38100/43209 nodes complete in 156.85s
INFO: [2023-11-24 23:17:12] genewalk.deepwalk - Walks for 38200/43209 nodes complete in 157.18s
INFO: [2023-11-24 23:17:12] genewalk.deepwalk - Walks for 38300/43209 nodes complete in 157.48s
INFO: [2023-11-24 23:17:12] genewalk.deepwalk - Walks for 38400/43209 nodes complete in 157.87s
INFO: [2023-11-24 23:17:13] genewalk.deepwalk - Walks for 38500/43209 nodes complete in 158.20s
INFO: [2023-11-24 23:17:13] genewalk.deepwalk - Walks for 38600/43209 nodes complete in 158.56s
INFO: [2023-11-24 23:17:14] genewalk.deepwalk - Walks for 38700/43209 nodes complete in 158.96s
INFO: [2023-11-24 23:17:14] genewalk.deepwalk - Walks for 38800/43209 nodes complete in 159.24s
INFO: [2023-11-24 23:17:14] genewalk.deepwalk - Walks for 38900/43209 nodes complete in 159.52s
INFO: [2023-11-24 23:17:14] genewalk.deepwalk - Walks for 39000/43209 nodes complete in 159.79s
INFO: [2023-11-24 23:17:15] genewalk.deepwalk - Walks for 39100/43209 nodes complete in 160.03s
INFO: [2023-11-24 23:17:15] genewalk.deepwalk - Walks for 39200/43209 nodes complete in 160.30s
INFO: [2023-11-24 23:17:15] genewalk.deepwalk - Walks for 39300/43209 nodes complete in 160.60s
INFO: [2023-11-24 23:17:15] genewalk.deepwalk - Walks for 39400/43209 nodes complete in 160.88s
INFO: [2023-11-24 23:17:16] genewalk.deepwalk - Walks for 39500/43209 nodes complete in 161.15s
INFO: [2023-11-24 23:17:16] genewalk.deepwalk - Walks for 39600/43209 nodes complete in 161.45s
INFO: [2023-11-24 23:17:16] genewalk.deepwalk - Walks for 39700/43209 nodes complete in 161.79s
INFO: [2023-11-24 23:17:17] genewalk.deepwalk - Walks for 39800/43209 nodes complete in 162.06s
INFO: [2023-11-24 23:17:17] genewalk.deepwalk - Walks for 39900/43209 nodes complete in 162.33s
INFO: [2023-11-24 23:17:17] genewalk.deepwalk - Walks for 40000/43209 nodes complete in 162.62s
INFO: [2023-11-24 23:17:17] genewalk.deepwalk - Walks for 40100/43209 nodes complete in 162.89s
INFO: [2023-11-24 23:17:18] genewalk.deepwalk - Walks for 40200/43209 nodes complete in 163.15s
INFO: [2023-11-24 23:17:18] genewalk.deepwalk - Walks for 40300/43209 nodes complete in 163.45s
INFO: [2023-11-24 23:17:18] genewalk.deepwalk - Walks for 40400/43209 nodes complete in 163.74s
INFO: [2023-11-24 23:17:21] genewalk.deepwalk - Walks for 40500/43209 nodes complete in 166.33s
INFO: [2023-11-24 23:17:21] genewalk.deepwalk - Walks for 40600/43209 nodes complete in 166.60s
INFO: [2023-11-24 23:17:21] genewalk.deepwalk - Walks for 40700/43209 nodes complete in 166.85s
INFO: [2023-11-24 23:17:22] genewalk.deepwalk - Walks for 40800/43209 nodes complete in 167.10s
INFO: [2023-11-24 23:17:22] genewalk.deepwalk - Walks for 40900/43209 nodes complete in 167.37s
INFO: [2023-11-24 23:17:22] genewalk.deepwalk - Walks for 41000/43209 nodes complete in 167.65s
INFO: [2023-11-24 23:17:23] genewalk.deepwalk - Walks for 41100/43209 nodes complete in 167.91s
INFO: [2023-11-24 23:17:23] genewalk.deepwalk - Walks for 41200/43209 nodes complete in 168.18s
INFO: [2023-11-24 23:17:23] genewalk.deepwalk - Walks for 41300/43209 nodes complete in 168.43s
INFO: [2023-11-24 23:17:23] genewalk.deepwalk - Walks for 41400/43209 nodes complete in 168.70s
INFO: [2023-11-24 23:17:24] genewalk.deepwalk - Walks for 41500/43209 nodes complete in 168.96s
INFO: [2023-11-24 23:17:24] genewalk.deepwalk - Walks for 41600/43209 nodes complete in 169.23s
INFO: [2023-11-24 23:17:24] genewalk.deepwalk - Walks for 41700/43209 nodes complete in 169.39s
INFO: [2023-11-24 23:17:24] genewalk.deepwalk - Walks for 41800/43209 nodes complete in 169.55s
INFO: [2023-11-24 23:17:24] genewalk.deepwalk - Walks for 41900/43209 nodes complete in 169.70s
INFO: [2023-11-24 23:17:24] genewalk.deepwalk - Walks for 42000/43209 nodes complete in 169.87s
INFO: [2023-11-24 23:17:25] genewalk.deepwalk - Walks for 42100/43209 nodes complete in 170.02s
INFO: [2023-11-24 23:17:25] genewalk.deepwalk - Walks for 42200/43209 nodes complete in 170.18s
INFO: [2023-11-24 23:17:25] genewalk.deepwalk - Walks for 42300/43209 nodes complete in 170.34s
INFO: [2023-11-24 23:17:25] genewalk.deepwalk - Walks for 42400/43209 nodes complete in 170.64s
INFO: [2023-11-24 23:17:26] genewalk.deepwalk - Walks for 42500/43209 nodes complete in 170.95s
INFO: [2023-11-24 23:17:26] genewalk.deepwalk - Walks for 42600/43209 nodes complete in 171.25s
INFO: [2023-11-24 23:17:26] genewalk.deepwalk - Walks for 42700/43209 nodes complete in 171.53s
INFO: [2023-11-24 23:17:26] genewalk.deepwalk - Walks for 42800/43209 nodes complete in 171.80s
INFO: [2023-11-24 23:17:27] genewalk.deepwalk - Walks for 42900/43209 nodes complete in 172.10s
INFO: [2023-11-24 23:17:27] genewalk.deepwalk - Walks for 43000/43209 nodes complete in 172.46s
INFO: [2023-11-24 23:17:27] genewalk.deepwalk - Walks for 43100/43209 nodes complete in 172.69s
INFO: [2023-11-24 23:17:28] genewalk.deepwalk - Walks for 43200/43209 nodes complete in 173.01s
INFO: [2023-11-24 23:17:28] genewalk.deepwalk - Running random walks done in 173.06s
INFO: [2023-11-24 23:17:28] genewalk.deepwalk - Generating node vectors...
INFO: [2023-11-24 23:36:06] genewalk.deepwalk - Generating node vectors done in 1118.73s
INFO: [2023-11-24 23:36:06] genewalk.cli - Saving into /home/z3533223/genewalk/upf3b-all/deepwalk_node_vectors_3.pkl...
INFO: [2023-11-24 23:36:08] genewalk.cli - Loading /home/z3533223/genewalk/upf3b-all/multi_graph.pkl...
INFO: [2023-11-24 23:36:08] genewalk.cli - 1/3
INFO: [2023-11-24 23:36:10] genewalk.deepwalk - Running random walks...
INFO: [2023-11-24 23:36:26] genewalk.deepwalk - Walks for 100/43209 nodes complete in 16.38s
INFO: [2023-11-24 23:36:33] genewalk.deepwalk - Walks for 200/43209 nodes complete in 22.88s
INFO: [2023-11-24 23:36:38] genewalk.deepwalk - Walks for 300/43209 nodes complete in 28.00s
INFO: [2023-11-24 23:36:42] genewalk.deepwalk - Walks for 400/43209 nodes complete in 32.37s
INFO: [2023-11-24 23:36:45] genewalk.deepwalk - Walks for 500/43209 nodes complete in 35.54s
INFO: [2023-11-24 23:36:48] genewalk.deepwalk - Walks for 600/43209 nodes complete in 38.36s
INFO: [2023-11-24 23:36:52] genewalk.deepwalk - Walks for 700/43209 nodes complete in 41.64s
INFO: [2023-11-24 23:36:54] genewalk.deepwalk - Walks for 800/43209 nodes complete in 43.94s
INFO: [2023-11-24 23:36:56] genewalk.deepwalk - Walks for 900/43209 nodes complete in 46.04s
INFO: [2023-11-24 23:36:58] genewalk.deepwalk - Walks for 1000/43209 nodes complete in 47.99s
INFO: [2023-11-24 23:37:01] genewalk.deepwalk - Walks for 1100/43209 nodes complete in 50.71s
INFO: [2023-11-24 23:37:02] genewalk.deepwalk - Walks for 1200/43209 nodes complete in 52.39s
INFO: [2023-11-24 23:37:04] genewalk.deepwalk - Walks for 1300/43209 nodes complete in 53.98s
INFO: [2023-11-24 23:37:05] genewalk.deepwalk - Walks for 1400/43209 nodes complete in 55.48s
INFO: [2023-11-24 23:37:07] genewalk.deepwalk - Walks for 1500/43209 nodes complete in 56.93s
INFO: [2023-11-24 23:37:08] genewalk.deepwalk - Walks for 1600/43209 nodes complete in 58.28s
INFO: [2023-11-24 23:37:10] genewalk.deepwalk - Walks for 1700/43209 nodes complete in 59.65s
INFO: [2023-11-24 23:37:11] genewalk.deepwalk - Walks for 1800/43209 nodes complete in 60.88s
INFO: [2023-11-24 23:37:13] genewalk.deepwalk - Walks for 1900/43209 nodes complete in 63.21s
INFO: [2023-11-24 23:37:14] genewalk.deepwalk - Walks for 2000/43209 nodes complete in 64.40s
INFO: [2023-11-24 23:37:15] genewalk.deepwalk - Walks for 2100/43209 nodes complete in 65.51s
INFO: [2023-11-24 23:37:17] genewalk.deepwalk - Walks for 2200/43209 nodes complete in 66.62s
INFO: [2023-11-24 23:37:18] genewalk.deepwalk - Walks for 2300/43209 nodes complete in 67.72s
INFO: [2023-11-24 23:37:19] genewalk.deepwalk - Walks for 2400/43209 nodes complete in 68.72s
INFO: [2023-11-24 23:37:20] genewalk.deepwalk - Walks for 2500/43209 nodes complete in 69.72s
INFO: [2023-11-24 23:37:21] genewalk.deepwalk - Walks for 2600/43209 nodes complete in 70.72s
INFO: [2023-11-24 23:37:22] genewalk.deepwalk - Walks for 2700/43209 nodes complete in 71.71s
INFO: [2023-11-24 23:37:23] genewalk.deepwalk - Walks for 2800/43209 nodes complete in 72.66s
INFO: [2023-11-24 23:37:23] genewalk.deepwalk - Walks for 2900/43209 nodes complete in 73.55s
INFO: [2023-11-24 23:37:24] genewalk.deepwalk - Walks for 3000/43209 nodes complete in 74.45s
INFO: [2023-11-24 23:37:25] genewalk.deepwalk - Walks for 3100/43209 nodes complete in 75.35s
INFO: [2023-11-24 23:37:26] genewalk.deepwalk - Walks for 3200/43209 nodes complete in 76.24s
INFO: [2023-11-24 23:37:27] genewalk.deepwalk - Walks for 3300/43209 nodes complete in 77.12s
INFO: [2023-11-24 23:37:29] genewalk.deepwalk - Walks for 3400/43209 nodes complete in 79.33s
INFO: [2023-11-24 23:37:30] genewalk.deepwalk - Walks for 3500/43209 nodes complete in 80.11s
INFO: [2023-11-24 23:37:31] genewalk.deepwalk - Walks for 3600/43209 nodes complete in 80.89s
INFO: [2023-11-24 23:37:32] genewalk.deepwalk - Walks for 3700/43209 nodes complete in 81.66s
INFO: [2023-11-24 23:37:32] genewalk.deepwalk - Walks for 3800/43209 nodes complete in 82.44s
INFO: [2023-11-24 23:37:33] genewalk.deepwalk - Walks for 3900/43209 nodes complete in 83.22s
INFO: [2023-11-24 23:37:34] genewalk.deepwalk - Walks for 4000/43209 nodes complete in 83.99s
INFO: [2023-11-24 23:37:35] genewalk.deepwalk - Walks for 4100/43209 nodes complete in 84.78s
INFO: [2023-11-24 23:37:35] genewalk.deepwalk - Walks for 4200/43209 nodes complete in 85.55s
INFO: [2023-11-24 23:37:36] genewalk.deepwalk - Walks for 4300/43209 nodes complete in 86.23s
INFO: [2023-11-24 23:37:37] genewalk.deepwalk - Walks for 4400/43209 nodes complete in 86.89s
INFO: [2023-11-24 23:37:37] genewalk.deepwalk - Walks for 4500/43209 nodes complete in 87.56s
INFO: [2023-11-24 23:37:38] genewalk.deepwalk - Walks for 4600/43209 nodes complete in 88.22s
INFO: [2023-11-24 23:37:39] genewalk.deepwalk - Walks for 4700/43209 nodes complete in 88.88s
INFO: [2023-11-24 23:37:39] genewalk.deepwalk - Walks for 4800/43209 nodes complete in 89.55s
INFO: [2023-11-24 23:37:40] genewalk.deepwalk - Walks for 4900/43209 nodes complete in 90.21s
INFO: [2023-11-24 23:37:41] genewalk.deepwalk - Walks for 5000/43209 nodes complete in 90.88s
INFO: [2023-11-24 23:37:41] genewalk.deepwalk - Walks for 5100/43209 nodes complete in 91.54s
INFO: [2023-11-24 23:37:42] genewalk.deepwalk - Walks for 5200/43209 nodes complete in 92.20s
INFO: [2023-11-24 23:37:43] genewalk.deepwalk - Walks for 5300/43209 nodes complete in 92.87s
INFO: [2023-11-24 23:37:43] genewalk.deepwalk - Walks for 5400/43209 nodes complete in 93.54s
INFO: [2023-11-24 23:37:44] genewalk.deepwalk - Walks for 5500/43209 nodes complete in 94.20s
INFO: [2023-11-24 23:37:45] genewalk.deepwalk - Walks for 5600/43209 nodes complete in 94.87s
INFO: [2023-11-24 23:37:45] genewalk.deepwalk - Walks for 5700/43209 nodes complete in 95.48s
INFO: [2023-11-24 23:37:46] genewalk.deepwalk - Walks for 5800/43209 nodes complete in 96.03s
INFO: [2023-11-24 23:37:46] genewalk.deepwalk - Walks for 5900/43209 nodes complete in 96.58s
INFO: [2023-11-24 23:37:49] genewalk.deepwalk - Walks for 6000/43209 nodes complete in 98.78s
INFO: [2023-11-24 23:37:49] genewalk.deepwalk - Walks for 6100/43209 nodes complete in 99.34s
INFO: [2023-11-24 23:37:50] genewalk.deepwalk - Walks for 6200/43209 nodes complete in 99.89s
INFO: [2023-11-24 23:37:50] genewalk.deepwalk - Walks for 6300/43209 nodes complete in 100.44s
INFO: [2023-11-24 23:37:51] genewalk.deepwalk - Walks for 6400/43209 nodes complete in 100.99s
INFO: [2023-11-24 23:37:51] genewalk.deepwalk - Walks for 6500/43209 nodes complete in 101.54s
INFO: [2023-11-24 23:37:52] genewalk.deepwalk - Walks for 6600/43209 nodes complete in 102.10s
INFO: [2023-11-24 23:37:53] genewalk.deepwalk - Walks for 6700/43209 nodes complete in 102.65s
INFO: [2023-11-24 23:37:53] genewalk.deepwalk - Walks for 6800/43209 nodes complete in 103.20s
INFO: [2023-11-24 23:37:54] genewalk.deepwalk - Walks for 6900/43209 nodes complete in 103.77s
INFO: [2023-11-24 23:37:54] genewalk.deepwalk - Walks for 7000/43209 nodes complete in 104.31s
INFO: [2023-11-24 23:37:55] genewalk.deepwalk - Walks for 7100/43209 nodes complete in 104.86s
INFO: [2023-11-24 23:37:55] genewalk.deepwalk - Walks for 7200/43209 nodes complete in 105.41s
INFO: [2023-11-24 23:37:56] genewalk.deepwalk - Walks for 7300/43209 nodes complete in 105.96s
INFO: [2023-11-24 23:37:56] genewalk.deepwalk - Walks for 7400/43209 nodes complete in 106.51s
INFO: [2023-11-24 23:37:57] genewalk.deepwalk - Walks for 7500/43209 nodes complete in 107.06s
INFO: [2023-11-24 23:37:58] genewalk.deepwalk - Walks for 7600/43209 nodes complete in 107.60s
INFO: [2023-11-24 23:37:58] genewalk.deepwalk - Walks for 7700/43209 nodes complete in 108.15s
INFO: [2023-11-24 23:37:59] genewalk.deepwalk - Walks for 7800/43209 nodes complete in 108.70s
INFO: [2023-11-24 23:37:59] genewalk.deepwalk - Walks for 7900/43209 nodes complete in 109.18s
INFO: [2023-11-24 23:38:00] genewalk.deepwalk - Walks for 8000/43209 nodes complete in 109.62s
INFO: [2023-11-24 23:38:00] genewalk.deepwalk - Walks for 8100/43209 nodes complete in 110.06s
INFO: [2023-11-24 23:38:00] genewalk.deepwalk - Walks for 8200/43209 nodes complete in 110.49s
INFO: [2023-11-24 23:38:01] genewalk.deepwalk - Walks for 8300/43209 nodes complete in 110.94s
INFO: [2023-11-24 23:38:01] genewalk.deepwalk - Walks for 8400/43209 nodes complete in 111.38s
INFO: [2023-11-24 23:38:02] genewalk.deepwalk - Walks for 8500/43209 nodes complete in 111.82s
INFO: [2023-11-24 23:38:02] genewalk.deepwalk - Walks for 8600/43209 nodes complete in 112.25s
INFO: [2023-11-24 23:38:03] genewalk.deepwalk - Walks for 8700/43209 nodes complete in 112.69s
INFO: [2023-11-24 23:38:03] genewalk.deepwalk - Walks for 8800/43209 nodes complete in 113.13s
INFO: [2023-11-24 23:38:03] genewalk.deepwalk - Walks for 8900/43209 nodes complete in 113.57s
INFO: [2023-11-24 23:38:04] genewalk.deepwalk - Walks for 9000/43209 nodes complete in 114.00s
INFO: [2023-11-24 23:38:04] genewalk.deepwalk - Walks for 9100/43209 nodes complete in 114.44s
INFO: [2023-11-24 23:38:05] genewalk.deepwalk - Walks for 9200/43209 nodes complete in 114.87s
INFO: [2023-11-24 23:38:05] genewalk.deepwalk - Walks for 9300/43209 nodes complete in 115.31s
INFO: [2023-11-24 23:38:06] genewalk.deepwalk - Walks for 9400/43209 nodes complete in 115.75s
INFO: [2023-11-24 23:38:06] genewalk.deepwalk - Walks for 9500/43209 nodes complete in 116.19s
INFO: [2023-11-24 23:38:07] genewalk.deepwalk - Walks for 9600/43209 nodes complete in 116.63s
INFO: [2023-11-24 23:38:07] genewalk.deepwalk - Walks for 9700/43209 nodes complete in 117.07s
INFO: [2023-11-24 23:38:07] genewalk.deepwalk - Walks for 9800/43209 nodes complete in 117.51s
INFO: [2023-11-24 23:38:08] genewalk.deepwalk - Walks for 9900/43209 nodes complete in 117.95s
INFO: [2023-11-24 23:38:08] genewalk.deepwalk - Walks for 10000/43209 nodes complete in 118.39s
INFO: [2023-11-24 23:38:09] genewalk.deepwalk - Walks for 10100/43209 nodes complete in 118.84s
INFO: [2023-11-24 23:38:09] genewalk.deepwalk - Walks for 10200/43209 nodes complete in 119.27s
INFO: [2023-11-24 23:38:10] genewalk.deepwalk - Walks for 10300/43209 nodes complete in 119.71s
INFO: [2023-11-24 23:38:10] genewalk.deepwalk - Walks for 10400/43209 nodes complete in 120.15s
INFO: [2023-11-24 23:38:10] genewalk.deepwalk - Walks for 10500/43209 nodes complete in 120.59s
INFO: [2023-11-24 23:38:11] genewalk.deepwalk - Walks for 10600/43209 nodes complete in 121.03s
INFO: [2023-11-24 23:38:13] genewalk.deepwalk - Walks for 10700/43209 nodes complete in 123.50s
INFO: [2023-11-24 23:38:14] genewalk.deepwalk - Walks for 10800/43209 nodes complete in 123.94s
INFO: [2023-11-24 23:38:14] genewalk.deepwalk - Walks for 10900/43209 nodes complete in 124.38s
INFO: [2023-11-24 23:38:15] genewalk.deepwalk - Walks for 11000/43209 nodes complete in 124.82s
INFO: [2023-11-24 23:38:15] genewalk.deepwalk - Walks for 11100/43209 nodes complete in 125.26s
INFO: [2023-11-24 23:38:16] genewalk.deepwalk - Walks for 11200/43209 nodes complete in 125.70s
INFO: [2023-11-24 23:38:16] genewalk.deepwalk - Walks for 11300/43209 nodes complete in 126.16s
INFO: [2023-11-24 23:38:17] genewalk.deepwalk - Walks for 11400/43209 nodes complete in 126.61s
INFO: [2023-11-24 23:38:17] genewalk.deepwalk - Walks for 11500/43209 nodes complete in 127.05s
INFO: [2023-11-24 23:38:17] genewalk.deepwalk - Walks for 11600/43209 nodes complete in 127.49s
INFO: [2023-11-24 23:38:18] genewalk.deepwalk - Walks for 11700/43209 nodes complete in 127.93s
INFO: [2023-11-24 23:38:18] genewalk.deepwalk - Walks for 11800/43209 nodes complete in 128.37s
INFO: [2023-11-24 23:38:19] genewalk.deepwalk - Walks for 11900/43209 nodes complete in 128.81s
INFO: [2023-11-24 23:38:19] genewalk.deepwalk - Walks for 12000/43209 nodes complete in 129.16s
INFO: [2023-11-24 23:38:19] genewalk.deepwalk - Walks for 12100/43209 nodes complete in 129.49s
INFO: [2023-11-24 23:38:20] genewalk.deepwalk - Walks for 12200/43209 nodes complete in 129.82s
INFO: [2023-11-24 23:38:20] genewalk.deepwalk - Walks for 12300/43209 nodes complete in 130.15s
INFO: [2023-11-24 23:38:20] genewalk.deepwalk - Walks for 12400/43209 nodes complete in 130.47s
INFO: [2023-11-24 23:38:21] genewalk.deepwalk - Walks for 12500/43209 nodes complete in 130.80s
INFO: [2023-11-24 23:38:21] genewalk.deepwalk - Walks for 12600/43209 nodes complete in 131.13s
INFO: [2023-11-24 23:38:21] genewalk.deepwalk - Walks for 12700/43209 nodes complete in 131.46s
INFO: [2023-11-24 23:38:22] genewalk.deepwalk - Walks for 12800/43209 nodes complete in 131.79s
INFO: [2023-11-24 23:38:22] genewalk.deepwalk - Walks for 12900/43209 nodes complete in 132.11s
INFO: [2023-11-24 23:38:22] genewalk.deepwalk - Walks for 13000/43209 nodes complete in 132.44s
INFO: [2023-11-24 23:38:23] genewalk.deepwalk - Walks for 13100/43209 nodes complete in 132.77s
INFO: [2023-11-24 23:38:23] genewalk.deepwalk - Walks for 13200/43209 nodes complete in 133.09s
INFO: [2023-11-24 23:38:23] genewalk.deepwalk - Walks for 13300/43209 nodes complete in 133.42s
INFO: [2023-11-24 23:38:24] genewalk.deepwalk - Walks for 13400/43209 nodes complete in 133.75s
INFO: [2023-11-24 23:38:24] genewalk.deepwalk - Walks for 13500/43209 nodes complete in 134.07s
INFO: [2023-11-24 23:38:24] genewalk.deepwalk - Walks for 13600/43209 nodes complete in 134.40s
INFO: [2023-11-24 23:38:25] genewalk.deepwalk - Walks for 13700/43209 nodes complete in 134.72s
INFO: [2023-11-24 23:38:25] genewalk.deepwalk - Walks for 13800/43209 nodes complete in 135.05s
INFO: [2023-11-24 23:38:25] genewalk.deepwalk - Walks for 13900/43209 nodes complete in 135.38s
INFO: [2023-11-24 23:38:26] genewalk.deepwalk - Walks for 14000/43209 nodes complete in 135.70s
INFO: [2023-11-24 23:38:26] genewalk.deepwalk - Walks for 14100/43209 nodes complete in 136.03s
INFO: [2023-11-24 23:38:26] genewalk.deepwalk - Walks for 14200/43209 nodes complete in 136.36s
INFO: [2023-11-24 23:38:27] genewalk.deepwalk - Walks for 14300/43209 nodes complete in 136.69s
INFO: [2023-11-24 23:38:27] genewalk.deepwalk - Walks for 14400/43209 nodes complete in 137.02s
INFO: [2023-11-24 23:38:27] genewalk.deepwalk - Walks for 14500/43209 nodes complete in 137.34s
INFO: [2023-11-24 23:38:28] genewalk.deepwalk - Walks for 14600/43209 nodes complete in 137.67s
INFO: [2023-11-24 23:38:28] genewalk.deepwalk - Walks for 14700/43209 nodes complete in 138.00s
INFO: [2023-11-24 23:38:28] genewalk.deepwalk - Walks for 14800/43209 nodes complete in 138.32s
INFO: [2023-11-24 23:38:29] genewalk.deepwalk - Walks for 14900/43209 nodes complete in 138.65s
INFO: [2023-11-24 23:38:29] genewalk.deepwalk - Walks for 15000/43209 nodes complete in 138.98s
INFO: [2023-11-24 23:38:29] genewalk.deepwalk - Walks for 15100/43209 nodes complete in 139.31s
INFO: [2023-11-24 23:38:30] genewalk.deepwalk - Walks for 15200/43209 nodes complete in 139.63s
INFO: [2023-11-24 23:38:30] genewalk.deepwalk - Walks for 15300/43209 nodes complete in 139.96s
INFO: [2023-11-24 23:38:30] genewalk.deepwalk - Walks for 15400/43209 nodes complete in 140.29s
INFO: [2023-11-24 23:38:31] genewalk.deepwalk - Walks for 15500/43209 nodes complete in 140.62s
INFO: [2023-11-24 23:38:31] genewalk.deepwalk - Walks for 15600/43209 nodes complete in 140.94s
INFO: [2023-11-24 23:38:31] genewalk.deepwalk - Walks for 15700/43209 nodes complete in 141.27s
INFO: [2023-11-24 23:38:32] genewalk.deepwalk - Walks for 15800/43209 nodes complete in 141.60s
INFO: [2023-11-24 23:38:32] genewalk.deepwalk - Walks for 15900/43209 nodes complete in 141.93s
INFO: [2023-11-24 23:38:32] genewalk.deepwalk - Walks for 16000/43209 nodes complete in 142.25s
INFO: [2023-11-24 23:38:32] genewalk.deepwalk - Walks for 16100/43209 nodes complete in 142.58s
INFO: [2023-11-24 23:38:33] genewalk.deepwalk - Walks for 16200/43209 nodes complete in 142.91s
INFO: [2023-11-24 23:38:33] genewalk.deepwalk - Walks for 16300/43209 nodes complete in 143.23s
INFO: [2023-11-24 23:38:33] genewalk.deepwalk - Walks for 16400/43209 nodes complete in 143.56s
INFO: [2023-11-24 23:38:34] genewalk.deepwalk - Walks for 16500/43209 nodes complete in 143.89s
INFO: [2023-11-24 23:38:34] genewalk.deepwalk - Walks for 16600/43209 nodes complete in 144.21s
INFO: [2023-11-24 23:38:34] genewalk.deepwalk - Walks for 16700/43209 nodes complete in 144.54s
INFO: [2023-11-24 23:38:35] genewalk.deepwalk - Walks for 16800/43209 nodes complete in 144.86s
INFO: [2023-11-24 23:38:35] genewalk.deepwalk - Walks for 16900/43209 nodes complete in 145.19s
INFO: [2023-11-24 23:38:35] genewalk.deepwalk - Walks for 17000/43209 nodes complete in 145.54s
INFO: [2023-11-24 23:38:36] genewalk.deepwalk - Walks for 17100/43209 nodes complete in 145.86s
INFO: [2023-11-24 23:38:36] genewalk.deepwalk - Walks for 17200/43209 nodes complete in 146.19s
INFO: [2023-11-24 23:38:36] genewalk.deepwalk - Walks for 17300/43209 nodes complete in 146.51s
INFO: [2023-11-24 23:38:37] genewalk.deepwalk - Walks for 17400/43209 nodes complete in 146.84s
INFO: [2023-11-24 23:38:37] genewalk.deepwalk - Walks for 17500/43209 nodes complete in 147.16s
INFO: [2023-11-24 23:38:37] genewalk.deepwalk - Walks for 17600/43209 nodes complete in 147.49s
INFO: [2023-11-24 23:38:38] genewalk.deepwalk - Walks for 17700/43209 nodes complete in 147.81s
INFO: [2023-11-24 23:38:38] genewalk.deepwalk - Walks for 17800/43209 nodes complete in 148.14s
INFO: [2023-11-24 23:38:38] genewalk.deepwalk - Walks for 17900/43209 nodes complete in 148.46s
INFO: [2023-11-24 23:38:39] genewalk.deepwalk - Walks for 18000/43209 nodes complete in 148.79s
INFO: [2023-11-24 23:38:39] genewalk.deepwalk - Walks for 18100/43209 nodes complete in 149.12s
INFO: [2023-11-24 23:38:39] genewalk.deepwalk - Walks for 18200/43209 nodes complete in 149.44s
INFO: [2023-11-24 23:38:40] genewalk.deepwalk - Walks for 18300/43209 nodes complete in 149.77s
INFO: [2023-11-24 23:38:40] genewalk.deepwalk - Walks for 18400/43209 nodes complete in 150.06s
INFO: [2023-11-24 23:38:40] genewalk.deepwalk - Walks for 18500/43209 nodes complete in 150.28s
INFO: [2023-11-24 23:38:40] genewalk.deepwalk - Walks for 18600/43209 nodes complete in 150.50s
INFO: [2023-11-24 23:38:41] genewalk.deepwalk - Walks for 18700/43209 nodes complete in 150.71s
INFO: [2023-11-24 23:38:41] genewalk.deepwalk - Walks for 18800/43209 nodes complete in 150.94s
INFO: [2023-11-24 23:38:44] genewalk.deepwalk - Walks for 18900/43209 nodes complete in 153.66s
INFO: [2023-11-24 23:38:44] genewalk.deepwalk - Walks for 19000/43209 nodes complete in 153.88s
INFO: [2023-11-24 23:38:44] genewalk.deepwalk - Walks for 19100/43209 nodes complete in 154.09s
INFO: [2023-11-24 23:38:44] genewalk.deepwalk - Walks for 19200/43209 nodes complete in 154.31s
INFO: [2023-11-24 23:38:44] genewalk.deepwalk - Walks for 19300/43209 nodes complete in 154.53s
INFO: [2023-11-24 23:38:45] genewalk.deepwalk - Walks for 19400/43209 nodes complete in 154.75s
INFO: [2023-11-24 23:38:45] genewalk.deepwalk - Walks for 19500/43209 nodes complete in 154.96s
INFO: [2023-11-24 23:38:45] genewalk.deepwalk - Walks for 19600/43209 nodes complete in 155.18s
INFO: [2023-11-24 23:38:45] genewalk.deepwalk - Walks for 19700/43209 nodes complete in 155.40s
INFO: [2023-11-24 23:38:46] genewalk.deepwalk - Walks for 19800/43209 nodes complete in 155.62s
INFO: [2023-11-24 23:38:46] genewalk.deepwalk - Walks for 19900/43209 nodes complete in 155.84s
INFO: [2023-11-24 23:38:46] genewalk.deepwalk - Walks for 20000/43209 nodes complete in 156.06s
INFO: [2023-11-24 23:38:46] genewalk.deepwalk - Walks for 20100/43209 nodes complete in 156.27s
INFO: [2023-11-24 23:38:46] genewalk.deepwalk - Walks for 20200/43209 nodes complete in 156.49s
INFO: [2023-11-24 23:38:47] genewalk.deepwalk - Walks for 20300/43209 nodes complete in 156.71s
INFO: [2023-11-24 23:38:47] genewalk.deepwalk - Walks for 20400/43209 nodes complete in 156.93s
INFO: [2023-11-24 23:38:47] genewalk.deepwalk - Walks for 20500/43209 nodes complete in 157.14s
INFO: [2023-11-24 23:38:47] genewalk.deepwalk - Walks for 20600/43209 nodes complete in 157.36s
INFO: [2023-11-24 23:38:47] genewalk.deepwalk - Walks for 20700/43209 nodes complete in 157.58s
INFO: [2023-11-24 23:38:48] genewalk.deepwalk - Walks for 20800/43209 nodes complete in 157.80s
INFO: [2023-11-24 23:38:48] genewalk.deepwalk - Walks for 20900/43209 nodes complete in 158.02s
INFO: [2023-11-24 23:38:48] genewalk.deepwalk - Walks for 21000/43209 nodes complete in 158.24s
INFO: [2023-11-24 23:38:48] genewalk.deepwalk - Walks for 21100/43209 nodes complete in 158.45s
INFO: [2023-11-24 23:38:49] genewalk.deepwalk - Walks for 21200/43209 nodes complete in 158.67s
INFO: [2023-11-24 23:38:49] genewalk.deepwalk - Walks for 21300/43209 nodes complete in 158.89s
INFO: [2023-11-24 23:38:49] genewalk.deepwalk - Walks for 21400/43209 nodes complete in 159.10s
INFO: [2023-11-24 23:38:49] genewalk.deepwalk - Walks for 21500/43209 nodes complete in 159.32s
INFO: [2023-11-24 23:38:49] genewalk.deepwalk - Walks for 21600/43209 nodes complete in 159.54s
INFO: [2023-11-24 23:38:50] genewalk.deepwalk - Walks for 21700/43209 nodes complete in 159.75s
INFO: [2023-11-24 23:38:50] genewalk.deepwalk - Walks for 21800/43209 nodes complete in 159.97s
INFO: [2023-11-24 23:38:50] genewalk.deepwalk - Walks for 21900/43209 nodes complete in 160.19s
INFO: [2023-11-24 23:38:50] genewalk.deepwalk - Walks for 22000/43209 nodes complete in 160.41s
INFO: [2023-11-24 23:38:51] genewalk.deepwalk - Walks for 22100/43209 nodes complete in 160.62s
INFO: [2023-11-24 23:38:51] genewalk.deepwalk - Walks for 22200/43209 nodes complete in 160.83s
INFO: [2023-11-24 23:38:51] genewalk.deepwalk - Walks for 22300/43209 nodes complete in 161.05s
INFO: [2023-11-24 23:38:51] genewalk.deepwalk - Walks for 22400/43209 nodes complete in 161.27s
INFO: [2023-11-24 23:38:51] genewalk.deepwalk - Walks for 22500/43209 nodes complete in 161.49s
INFO: [2023-11-24 23:38:52] genewalk.deepwalk - Walks for 22600/43209 nodes complete in 161.71s
INFO: [2023-11-24 23:38:52] genewalk.deepwalk - Walks for 22700/43209 nodes complete in 161.93s
INFO: [2023-11-24 23:38:52] genewalk.deepwalk - Walks for 22800/43209 nodes complete in 162.15s
INFO: [2023-11-24 23:38:52] genewalk.deepwalk - Walks for 22900/43209 nodes complete in 162.36s
INFO: [2023-11-24 23:38:52] genewalk.deepwalk - Walks for 23000/43209 nodes complete in 162.58s
INFO: [2023-11-24 23:38:53] genewalk.deepwalk - Walks for 23100/43209 nodes complete in 162.80s
INFO: [2023-11-24 23:38:53] genewalk.deepwalk - Walks for 23200/43209 nodes complete in 163.02s
INFO: [2023-11-24 23:38:53] genewalk.deepwalk - Walks for 23300/43209 nodes complete in 163.24s
INFO: [2023-11-24 23:38:53] genewalk.deepwalk - Walks for 23400/43209 nodes complete in 163.46s
INFO: [2023-11-24 23:38:54] genewalk.deepwalk - Walks for 23500/43209 nodes complete in 163.68s
INFO: [2023-11-24 23:38:54] genewalk.deepwalk - Walks for 23600/43209 nodes complete in 163.90s
INFO: [2023-11-24 23:38:54] genewalk.deepwalk - Walks for 23700/43209 nodes complete in 164.12s
INFO: [2023-11-24 23:38:54] genewalk.deepwalk - Walks for 23800/43209 nodes complete in 164.33s
INFO: [2023-11-24 23:38:54] genewalk.deepwalk - Walks for 23900/43209 nodes complete in 164.55s
INFO: [2023-11-24 23:38:55] genewalk.deepwalk - Walks for 24000/43209 nodes complete in 164.77s
INFO: [2023-11-24 23:38:55] genewalk.deepwalk - Walks for 24100/43209 nodes complete in 164.99s
INFO: [2023-11-24 23:38:55] genewalk.deepwalk - Walks for 24200/43209 nodes complete in 165.21s
INFO: [2023-11-24 23:38:55] genewalk.deepwalk - Walks for 24300/43209 nodes complete in 165.43s
INFO: [2023-11-24 23:38:56] genewalk.deepwalk - Walks for 24400/43209 nodes complete in 165.65s
INFO: [2023-11-24 23:38:56] genewalk.deepwalk - Walks for 24500/43209 nodes complete in 165.86s
INFO: [2023-11-24 23:38:56] genewalk.deepwalk - Walks for 24600/43209 nodes complete in 166.08s
INFO: [2023-11-24 23:38:56] genewalk.deepwalk - Walks for 24700/43209 nodes complete in 166.30s
INFO: [2023-11-24 23:38:56] genewalk.deepwalk - Walks for 24800/43209 nodes complete in 166.52s
INFO: [2023-11-24 23:38:57] genewalk.deepwalk - Walks for 24900/43209 nodes complete in 166.74s
INFO: [2023-11-24 23:38:57] genewalk.deepwalk - Walks for 25000/43209 nodes complete in 166.96s
INFO: [2023-11-24 23:38:57] genewalk.deepwalk - Walks for 25100/43209 nodes complete in 167.17s
INFO: [2023-11-24 23:38:57] genewalk.deepwalk - Walks for 25200/43209 nodes complete in 167.39s
INFO: [2023-11-24 23:38:58] genewalk.deepwalk - Walks for 25300/43209 nodes complete in 167.61s
INFO: [2023-11-24 23:38:58] genewalk.deepwalk - Walks for 25400/43209 nodes complete in 167.84s
INFO: [2023-11-24 23:38:58] genewalk.deepwalk - Walks for 25500/43209 nodes complete in 168.06s
INFO: [2023-11-24 23:38:58] genewalk.deepwalk - Walks for 25600/43209 nodes complete in 168.28s
INFO: [2023-11-24 23:38:58] genewalk.deepwalk - Walks for 25700/43209 nodes complete in 168.49s
INFO: [2023-11-24 23:38:59] genewalk.deepwalk - Walks for 25800/43209 nodes complete in 168.71s
INFO: [2023-11-24 23:38:59] genewalk.deepwalk - Walks for 25900/43209 nodes complete in 168.93s
INFO: [2023-11-24 23:38:59] genewalk.deepwalk - Walks for 26000/43209 nodes complete in 169.14s
INFO: [2023-11-24 23:38:59] genewalk.deepwalk - Walks for 26100/43209 nodes complete in 169.36s
INFO: [2023-11-24 23:38:59] genewalk.deepwalk - Walks for 26200/43209 nodes complete in 169.58s
INFO: [2023-11-24 23:39:00] genewalk.deepwalk - Walks for 26300/43209 nodes complete in 169.79s
INFO: [2023-11-24 23:39:00] genewalk.deepwalk - Walks for 26400/43209 nodes complete in 170.01s
INFO: [2023-11-24 23:39:00] genewalk.deepwalk - Walks for 26500/43209 nodes complete in 170.23s
INFO: [2023-11-24 23:39:00] genewalk.deepwalk - Walks for 26600/43209 nodes complete in 170.45s
INFO: [2023-11-24 23:39:01] genewalk.deepwalk - Walks for 26700/43209 nodes complete in 170.66s
INFO: [2023-11-24 23:39:01] genewalk.deepwalk - Walks for 26800/43209 nodes complete in 170.88s
INFO: [2023-11-24 23:39:01] genewalk.deepwalk - Walks for 26900/43209 nodes complete in 171.10s
INFO: [2023-11-24 23:39:01] genewalk.deepwalk - Walks for 27000/43209 nodes complete in 171.31s
INFO: [2023-11-24 23:39:01] genewalk.deepwalk - Walks for 27100/43209 nodes complete in 171.53s
INFO: [2023-11-24 23:39:02] genewalk.deepwalk - Walks for 27200/43209 nodes complete in 171.75s
INFO: [2023-11-24 23:39:02] genewalk.deepwalk - Walks for 27300/43209 nodes complete in 171.97s
INFO: [2023-11-24 23:39:02] genewalk.deepwalk - Walks for 27400/43209 nodes complete in 172.18s
INFO: [2023-11-24 23:39:02] genewalk.deepwalk - Walks for 27500/43209 nodes complete in 172.40s
INFO: [2023-11-24 23:39:03] genewalk.deepwalk - Walks for 27600/43209 nodes complete in 172.61s
INFO: [2023-11-24 23:39:03] genewalk.deepwalk - Walks for 27700/43209 nodes complete in 172.72s
INFO: [2023-11-24 23:39:03] genewalk.deepwalk - Walks for 27800/43209 nodes complete in 172.83s
INFO: [2023-11-24 23:39:03] genewalk.deepwalk - Walks for 27900/43209 nodes complete in 172.93s
INFO: [2023-11-24 23:39:03] genewalk.deepwalk - Walks for 28000/43209 nodes complete in 173.04s
INFO: [2023-11-24 23:39:03] genewalk.deepwalk - Walks for 28100/43209 nodes complete in 173.14s
INFO: [2023-11-24 23:39:03] genewalk.deepwalk - Walks for 28200/43209 nodes complete in 173.25s
INFO: [2023-11-24 23:39:03] genewalk.deepwalk - Walks for 28300/43209 nodes complete in 173.36s
INFO: [2023-11-24 23:39:03] genewalk.deepwalk - Walks for 28400/43209 nodes complete in 173.47s
INFO: [2023-11-24 23:39:03] genewalk.deepwalk - Walks for 28500/43209 nodes complete in 173.58s
INFO: [2023-11-24 23:39:04] genewalk.deepwalk - Walks for 28600/43209 nodes complete in 173.68s
INFO: [2023-11-24 23:39:04] genewalk.deepwalk - Walks for 28700/43209 nodes complete in 173.79s
INFO: [2023-11-24 23:39:04] genewalk.deepwalk - Walks for 28800/43209 nodes complete in 173.90s
INFO: [2023-11-24 23:39:04] genewalk.deepwalk - Walks for 28900/43209 nodes complete in 174.00s
INFO: [2023-11-24 23:39:04] genewalk.deepwalk - Walks for 29000/43209 nodes complete in 174.11s
INFO: [2023-11-24 23:39:04] genewalk.deepwalk - Walks for 29100/43209 nodes complete in 174.21s
INFO: [2023-11-24 23:39:04] genewalk.deepwalk - Walks for 29200/43209 nodes complete in 174.32s
INFO: [2023-11-24 23:39:04] genewalk.deepwalk - Walks for 29300/43209 nodes complete in 174.43s
INFO: [2023-11-24 23:39:04] genewalk.deepwalk - Walks for 29400/43209 nodes complete in 174.53s
INFO: [2023-11-24 23:39:05] genewalk.deepwalk - Walks for 29500/43209 nodes complete in 174.64s
INFO: [2023-11-24 23:39:05] genewalk.deepwalk - Walks for 29600/43209 nodes complete in 174.75s
INFO: [2023-11-24 23:39:05] genewalk.deepwalk - Walks for 29700/43209 nodes complete in 174.86s
INFO: [2023-11-24 23:39:05] genewalk.deepwalk - Walks for 29800/43209 nodes complete in 174.96s
INFO: [2023-11-24 23:39:05] genewalk.deepwalk - Walks for 29900/43209 nodes complete in 175.07s
INFO: [2023-11-24 23:39:05] genewalk.deepwalk - Walks for 30000/43209 nodes complete in 175.18s
INFO: [2023-11-24 23:39:05] genewalk.deepwalk - Walks for 30100/43209 nodes complete in 175.28s
INFO: [2023-11-24 23:39:05] genewalk.deepwalk - Walks for 30200/43209 nodes complete in 175.39s
INFO: [2023-11-24 23:39:05] genewalk.deepwalk - Walks for 30300/43209 nodes complete in 175.50s
INFO: [2023-11-24 23:39:06] genewalk.deepwalk - Walks for 30400/43209 nodes complete in 175.60s
INFO: [2023-11-24 23:39:06] genewalk.deepwalk - Walks for 30500/43209 nodes complete in 175.71s
INFO: [2023-11-24 23:39:06] genewalk.deepwalk - Walks for 30600/43209 nodes complete in 175.82s
INFO: [2023-11-24 23:39:06] genewalk.deepwalk - Walks for 30700/43209 nodes complete in 175.93s
INFO: [2023-11-24 23:39:06] genewalk.deepwalk - Walks for 30800/43209 nodes complete in 176.03s
INFO: [2023-11-24 23:39:06] genewalk.deepwalk - Walks for 30900/43209 nodes complete in 176.14s
INFO: [2023-11-24 23:39:06] genewalk.deepwalk - Walks for 31000/43209 nodes complete in 176.25s
INFO: [2023-11-24 23:39:06] genewalk.deepwalk - Walks for 31100/43209 nodes complete in 176.35s
INFO: [2023-11-24 23:39:06] genewalk.deepwalk - Walks for 31200/43209 nodes complete in 176.46s
INFO: [2023-11-24 23:39:06] genewalk.deepwalk - Walks for 31300/43209 nodes complete in 176.57s
INFO: [2023-11-24 23:39:07] genewalk.deepwalk - Walks for 31400/43209 nodes complete in 176.67s
INFO: [2023-11-24 23:39:07] genewalk.deepwalk - Walks for 31500/43209 nodes complete in 176.78s
INFO: [2023-11-24 23:39:07] genewalk.deepwalk - Walks for 31600/43209 nodes complete in 176.89s
INFO: [2023-11-24 23:39:07] genewalk.deepwalk - Walks for 31700/43209 nodes complete in 176.99s
INFO: [2023-11-24 23:39:07] genewalk.deepwalk - Walks for 31800/43209 nodes complete in 177.10s
INFO: [2023-11-24 23:39:07] genewalk.deepwalk - Walks for 31900/43209 nodes complete in 177.21s
INFO: [2023-11-24 23:39:07] genewalk.deepwalk - Walks for 32000/43209 nodes complete in 177.31s
INFO: [2023-11-24 23:39:07] genewalk.deepwalk - Walks for 32100/43209 nodes complete in 177.42s
INFO: [2023-11-24 23:39:07] genewalk.deepwalk - Walks for 32200/43209 nodes complete in 177.53s
INFO: [2023-11-24 23:39:08] genewalk.deepwalk - Walks for 32300/43209 nodes complete in 177.64s
INFO: [2023-11-24 23:39:08] genewalk.deepwalk - Walks for 32400/43209 nodes complete in 177.74s
INFO: [2023-11-24 23:39:08] genewalk.deepwalk - Walks for 32500/43209 nodes complete in 177.85s
INFO: [2023-11-24 23:39:08] genewalk.deepwalk - Walks for 32600/43209 nodes complete in 177.96s
INFO: [2023-11-24 23:39:08] genewalk.deepwalk - Walks for 32700/43209 nodes complete in 178.06s
INFO: [2023-11-24 23:39:08] genewalk.deepwalk - Walks for 32800/43209 nodes complete in 178.17s
INFO: [2023-11-24 23:39:08] genewalk.deepwalk - Walks for 32900/43209 nodes complete in 178.28s
INFO: [2023-11-24 23:39:08] genewalk.deepwalk - Walks for 33000/43209 nodes complete in 178.39s
INFO: [2023-11-24 23:39:08] genewalk.deepwalk - Walks for 33100/43209 nodes complete in 178.49s
INFO: [2023-11-24 23:39:09] genewalk.deepwalk - Walks for 33200/43209 nodes complete in 178.60s
INFO: [2023-11-24 23:39:09] genewalk.deepwalk - Walks for 33300/43209 nodes complete in 178.71s
INFO: [2023-11-24 23:39:09] genewalk.deepwalk - Walks for 33400/43209 nodes complete in 178.82s
INFO: [2023-11-24 23:39:09] genewalk.deepwalk - Walks for 33500/43209 nodes complete in 178.92s
INFO: [2023-11-24 23:39:09] genewalk.deepwalk - Walks for 33600/43209 nodes complete in 179.03s
INFO: [2023-11-24 23:39:09] genewalk.deepwalk - Walks for 33700/43209 nodes complete in 179.14s
INFO: [2023-11-24 23:39:09] genewalk.deepwalk - Walks for 33800/43209 nodes complete in 179.24s
INFO: [2023-11-24 23:39:09] genewalk.deepwalk - Walks for 33900/43209 nodes complete in 179.35s
INFO: [2023-11-24 23:39:09] genewalk.deepwalk - Walks for 34000/43209 nodes complete in 179.46s
INFO: [2023-11-24 23:39:09] genewalk.deepwalk - Walks for 34100/43209 nodes complete in 179.56s
INFO: [2023-11-24 23:39:10] genewalk.deepwalk - Walks for 34200/43209 nodes complete in 179.67s
INFO: [2023-11-24 23:39:10] genewalk.deepwalk - Walks for 34300/43209 nodes complete in 179.78s
INFO: [2023-11-24 23:39:10] genewalk.deepwalk - Walks for 34400/43209 nodes complete in 179.88s
INFO: [2023-11-24 23:39:10] genewalk.deepwalk - Walks for 34500/43209 nodes complete in 179.99s
INFO: [2023-11-24 23:39:10] genewalk.deepwalk - Walks for 34600/43209 nodes complete in 180.10s
INFO: [2023-11-24 23:39:10] genewalk.deepwalk - Walks for 34700/43209 nodes complete in 180.21s
INFO: [2023-11-24 23:39:10] genewalk.deepwalk - Walks for 34800/43209 nodes complete in 180.31s
INFO: [2023-11-24 23:39:10] genewalk.deepwalk - Walks for 34900/43209 nodes complete in 180.42s
INFO: [2023-11-24 23:39:10] genewalk.deepwalk - Walks for 35000/43209 nodes complete in 180.53s
INFO: [2023-11-24 23:39:11] genewalk.deepwalk - Walks for 35100/43209 nodes complete in 180.63s
INFO: [2023-11-24 23:39:11] genewalk.deepwalk - Walks for 35200/43209 nodes complete in 180.74s
INFO: [2023-11-24 23:39:11] genewalk.deepwalk - Walks for 35300/43209 nodes complete in 180.85s
INFO: [2023-11-24 23:39:11] genewalk.deepwalk - Walks for 35400/43209 nodes complete in 180.96s
INFO: [2023-11-24 23:39:11] genewalk.deepwalk - Walks for 35500/43209 nodes complete in 181.07s
INFO: [2023-11-24 23:39:11] genewalk.deepwalk - Walks for 35600/43209 nodes complete in 181.17s
INFO: [2023-11-24 23:39:11] genewalk.deepwalk - Walks for 35700/43209 nodes complete in 181.28s
INFO: [2023-11-24 23:39:11] genewalk.deepwalk - Walks for 35800/43209 nodes complete in 181.39s
INFO: [2023-11-24 23:39:11] genewalk.deepwalk - Walks for 35900/43209 nodes complete in 181.49s
INFO: [2023-11-24 23:39:12] genewalk.deepwalk - Walks for 36000/43209 nodes complete in 181.60s
INFO: [2023-11-24 23:39:12] genewalk.deepwalk - Walks for 36100/43209 nodes complete in 181.71s
INFO: [2023-11-24 23:39:12] genewalk.deepwalk - Walks for 36200/43209 nodes complete in 181.81s
INFO: [2023-11-24 23:39:12] genewalk.deepwalk - Walks for 36300/43209 nodes complete in 181.92s
INFO: [2023-11-24 23:39:12] genewalk.deepwalk - Walks for 36400/43209 nodes complete in 182.03s
INFO: [2023-11-24 23:39:12] genewalk.deepwalk - Walks for 36500/43209 nodes complete in 182.14s
INFO: [2023-11-24 23:39:12] genewalk.deepwalk - Walks for 36600/43209 nodes complete in 182.24s
INFO: [2023-11-24 23:39:12] genewalk.deepwalk - Walks for 36700/43209 nodes complete in 182.35s
INFO: [2023-11-24 23:39:12] genewalk.deepwalk - Walks for 36800/43209 nodes complete in 182.46s
INFO: [2023-11-24 23:39:12] genewalk.deepwalk - Walks for 36900/43209 nodes complete in 182.57s
INFO: [2023-11-24 23:39:13] genewalk.deepwalk - Walks for 37000/43209 nodes complete in 182.67s
INFO: [2023-11-24 23:39:13] genewalk.deepwalk - Walks for 37100/43209 nodes complete in 182.78s
INFO: [2023-11-24 23:39:13] genewalk.deepwalk - Walks for 37200/43209 nodes complete in 182.89s
INFO: [2023-11-24 23:39:13] genewalk.deepwalk - Walks for 37300/43209 nodes complete in 183.00s
INFO: [2023-11-24 23:39:13] genewalk.deepwalk - Walks for 37400/43209 nodes complete in 183.10s
INFO: [2023-11-24 23:39:13] genewalk.deepwalk - Walks for 37500/43209 nodes complete in 183.21s
INFO: [2023-11-24 23:39:13] genewalk.deepwalk - Walks for 37600/43209 nodes complete in 183.32s
INFO: [2023-11-24 23:39:13] genewalk.deepwalk - Walks for 37700/43209 nodes complete in 183.42s
INFO: [2023-11-24 23:39:13] genewalk.deepwalk - Walks for 37800/43209 nodes complete in 183.53s
INFO: [2023-11-24 23:39:14] genewalk.deepwalk - Walks for 37900/43209 nodes complete in 183.64s
INFO: [2023-11-24 23:39:14] genewalk.deepwalk - Walks for 38000/43209 nodes complete in 183.74s
INFO: [2023-11-24 23:39:14] genewalk.deepwalk - Walks for 38100/43209 nodes complete in 183.85s
INFO: [2023-11-24 23:39:14] genewalk.deepwalk - Walks for 38200/43209 nodes complete in 183.96s
INFO: [2023-11-24 23:39:14] genewalk.deepwalk - Walks for 38300/43209 nodes complete in 184.06s
INFO: [2023-11-24 23:39:14] genewalk.deepwalk - Walks for 38400/43209 nodes complete in 184.17s
INFO: [2023-11-24 23:39:14] genewalk.deepwalk - Walks for 38500/43209 nodes complete in 184.28s
INFO: [2023-11-24 23:39:14] genewalk.deepwalk - Walks for 38600/43209 nodes complete in 184.38s
INFO: [2023-11-24 23:39:14] genewalk.deepwalk - Walks for 38700/43209 nodes complete in 184.49s
INFO: [2023-11-24 23:39:15] genewalk.deepwalk - Walks for 38800/43209 nodes complete in 184.60s
INFO: [2023-11-24 23:39:15] genewalk.deepwalk - Walks for 38900/43209 nodes complete in 184.70s
INFO: [2023-11-24 23:39:15] genewalk.deepwalk - Walks for 39000/43209 nodes complete in 184.81s
INFO: [2023-11-24 23:39:15] genewalk.deepwalk - Walks for 39100/43209 nodes complete in 184.92s
INFO: [2023-11-24 23:39:15] genewalk.deepwalk - Walks for 39200/43209 nodes complete in 185.03s
INFO: [2023-11-24 23:39:15] genewalk.deepwalk - Walks for 39300/43209 nodes complete in 185.14s
INFO: [2023-11-24 23:39:15] genewalk.deepwalk - Walks for 39400/43209 nodes complete in 185.24s
INFO: [2023-11-24 23:39:15] genewalk.deepwalk - Walks for 39500/43209 nodes complete in 185.35s
INFO: [2023-11-24 23:39:15] genewalk.deepwalk - Walks for 39600/43209 nodes complete in 185.46s
INFO: [2023-11-24 23:39:15] genewalk.deepwalk - Walks for 39700/43209 nodes complete in 185.57s
INFO: [2023-11-24 23:39:16] genewalk.deepwalk - Walks for 39800/43209 nodes complete in 185.67s
INFO: [2023-11-24 23:39:16] genewalk.deepwalk - Walks for 39900/43209 nodes complete in 185.78s
INFO: [2023-11-24 23:39:16] genewalk.deepwalk - Walks for 40000/43209 nodes complete in 185.89s
INFO: [2023-11-24 23:39:16] genewalk.deepwalk - Walks for 40100/43209 nodes complete in 186.00s
INFO: [2023-11-24 23:39:16] genewalk.deepwalk - Walks for 40200/43209 nodes complete in 186.10s
INFO: [2023-11-24 23:39:16] genewalk.deepwalk - Walks for 40300/43209 nodes complete in 186.21s
INFO: [2023-11-24 23:39:16] genewalk.deepwalk - Walks for 40400/43209 nodes complete in 186.32s
INFO: [2023-11-24 23:39:16] genewalk.deepwalk - Walks for 40500/43209 nodes complete in 186.43s
INFO: [2023-11-24 23:39:16] genewalk.deepwalk - Walks for 40600/43209 nodes complete in 186.54s
INFO: [2023-11-24 23:39:17] genewalk.deepwalk - Walks for 40700/43209 nodes complete in 186.64s
INFO: [2023-11-24 23:39:17] genewalk.deepwalk - Walks for 40800/43209 nodes complete in 186.75s
INFO: [2023-11-24 23:39:17] genewalk.deepwalk - Walks for 40900/43209 nodes complete in 186.86s
INFO: [2023-11-24 23:39:17] genewalk.deepwalk - Walks for 41000/43209 nodes complete in 186.97s
INFO: [2023-11-24 23:39:17] genewalk.deepwalk - Walks for 41100/43209 nodes complete in 187.07s
INFO: [2023-11-24 23:39:17] genewalk.deepwalk - Walks for 41200/43209 nodes complete in 187.18s
INFO: [2023-11-24 23:39:17] genewalk.deepwalk - Walks for 41300/43209 nodes complete in 187.28s
INFO: [2023-11-24 23:39:17] genewalk.deepwalk - Walks for 41400/43209 nodes complete in 187.39s
INFO: [2023-11-24 23:39:17] genewalk.deepwalk - Walks for 41500/43209 nodes complete in 187.50s
INFO: [2023-11-24 23:39:18] genewalk.deepwalk - Walks for 41600/43209 nodes complete in 187.61s
INFO: [2023-11-24 23:39:18] genewalk.deepwalk - Walks for 41700/43209 nodes complete in 187.71s
INFO: [2023-11-24 23:39:18] genewalk.deepwalk - Walks for 41800/43209 nodes complete in 187.84s
INFO: [2023-11-24 23:39:18] genewalk.deepwalk - Walks for 41900/43209 nodes complete in 187.94s
INFO: [2023-11-24 23:39:18] genewalk.deepwalk - Walks for 42000/43209 nodes complete in 188.05s
INFO: [2023-11-24 23:39:21] genewalk.deepwalk - Walks for 42100/43209 nodes complete in 191.24s
INFO: [2023-11-24 23:39:21] genewalk.deepwalk - Walks for 42200/43209 nodes complete in 191.35s
INFO: [2023-11-24 23:39:21] genewalk.deepwalk - Walks for 42300/43209 nodes complete in 191.46s
INFO: [2023-11-24 23:39:21] genewalk.deepwalk - Walks for 42400/43209 nodes complete in 191.57s
INFO: [2023-11-24 23:39:22] genewalk.deepwalk - Walks for 42500/43209 nodes complete in 191.67s
INFO: [2023-11-24 23:39:22] genewalk.deepwalk - Walks for 42600/43209 nodes complete in 191.78s
INFO: [2023-11-24 23:39:22] genewalk.deepwalk - Walks for 42700/43209 nodes complete in 191.88s
INFO: [2023-11-24 23:39:22] genewalk.deepwalk - Walks for 42800/43209 nodes complete in 191.99s
INFO: [2023-11-24 23:39:22] genewalk.deepwalk - Walks for 42900/43209 nodes complete in 192.10s
INFO: [2023-11-24 23:39:22] genewalk.deepwalk - Walks for 43000/43209 nodes complete in 192.20s
INFO: [2023-11-24 23:39:22] genewalk.deepwalk - Walks for 43100/43209 nodes complete in 192.31s
INFO: [2023-11-24 23:39:22] genewalk.deepwalk - Walks for 43200/43209 nodes complete in 192.41s
INFO: [2023-11-24 23:39:22] genewalk.deepwalk - Running random walks done in 192.41s
INFO: [2023-11-24 23:39:22] genewalk.deepwalk - Generating node vectors...
INFO: [2023-11-25 00:01:00] genewalk.deepwalk - Generating node vectors done in 1297.63s
INFO: [2023-11-25 00:01:00] genewalk.cli - Saving into /home/z3533223/genewalk/upf3b-all/deepwalk_node_vectors_rand_1.pkl...
INFO: [2023-11-25 00:01:04] genewalk.cli - 2/3
INFO: [2023-11-25 00:01:05] genewalk.deepwalk - Running random walks...
INFO: [2023-11-25 00:01:22] genewalk.deepwalk - Walks for 100/43209 nodes complete in 16.95s
INFO: [2023-11-25 00:01:29] genewalk.deepwalk - Walks for 200/43209 nodes complete in 23.70s
INFO: [2023-11-25 00:01:34] genewalk.deepwalk - Walks for 300/43209 nodes complete in 28.98s
INFO: [2023-11-25 00:01:38] genewalk.deepwalk - Walks for 400/43209 nodes complete in 32.82s
INFO: [2023-11-25 00:01:42] genewalk.deepwalk - Walks for 500/43209 nodes complete in 36.72s
INFO: [2023-11-25 00:01:45] genewalk.deepwalk - Walks for 600/43209 nodes complete in 39.58s
INFO: [2023-11-25 00:01:47] genewalk.deepwalk - Walks for 700/43209 nodes complete in 42.15s
INFO: [2023-11-25 00:01:50] genewalk.deepwalk - Walks for 800/43209 nodes complete in 45.27s
INFO: [2023-11-25 00:01:52] genewalk.deepwalk - Walks for 900/43209 nodes complete in 47.41s
INFO: [2023-11-25 00:01:54] genewalk.deepwalk - Walks for 1000/43209 nodes complete in 49.40s
INFO: [2023-11-25 00:01:56] genewalk.deepwalk - Walks for 1100/43209 nodes complete in 51.23s
INFO: [2023-11-25 00:01:58] genewalk.deepwalk - Walks for 1200/43209 nodes complete in 52.94s
INFO: [2023-11-25 00:02:01] genewalk.deepwalk - Walks for 1300/43209 nodes complete in 55.49s
INFO: [2023-11-25 00:02:02] genewalk.deepwalk - Walks for 1400/43209 nodes complete in 57.00s
INFO: [2023-11-25 00:02:03] genewalk.deepwalk - Walks for 1500/43209 nodes complete in 58.47s
INFO: [2023-11-25 00:02:05] genewalk.deepwalk - Walks for 1600/43209 nodes complete in 59.83s
INFO: [2023-11-25 00:02:06] genewalk.deepwalk - Walks for 1700/43209 nodes complete in 61.21s
INFO: [2023-11-25 00:02:07] genewalk.deepwalk - Walks for 1800/43209 nodes complete in 62.46s
INFO: [2023-11-25 00:02:09] genewalk.deepwalk - Walks for 1900/43209 nodes complete in 63.70s
INFO: [2023-11-25 00:02:10] genewalk.deepwalk - Walks for 2000/43209 nodes complete in 64.90s
INFO: [2023-11-25 00:02:11] genewalk.deepwalk - Walks for 2100/43209 nodes complete in 66.03s
INFO: [2023-11-25 00:02:13] genewalk.deepwalk - Walks for 2200/43209 nodes complete in 68.33s
INFO: [2023-11-25 00:02:14] genewalk.deepwalk - Walks for 2300/43209 nodes complete in 69.45s
INFO: [2023-11-25 00:02:15] genewalk.deepwalk - Walks for 2400/43209 nodes complete in 70.46s
INFO: [2023-11-25 00:02:16] genewalk.deepwalk - Walks for 2500/43209 nodes complete in 71.48s
INFO: [2023-11-25 00:02:18] genewalk.deepwalk - Walks for 2600/43209 nodes complete in 72.49s
INFO: [2023-11-25 00:02:19] genewalk.deepwalk - Walks for 2700/43209 nodes complete in 73.51s
INFO: [2023-11-25 00:02:19] genewalk.deepwalk - Walks for 2800/43209 nodes complete in 74.47s
INFO: [2023-11-25 00:02:20] genewalk.deepwalk - Walks for 2900/43209 nodes complete in 75.38s
INFO: [2023-11-25 00:02:21] genewalk.deepwalk - Walks for 3000/43209 nodes complete in 76.28s
INFO: [2023-11-25 00:02:22] genewalk.deepwalk - Walks for 3100/43209 nodes complete in 77.18s
INFO: [2023-11-25 00:02:23] genewalk.deepwalk - Walks for 3200/43209 nodes complete in 78.09s
INFO: [2023-11-25 00:02:24] genewalk.deepwalk - Walks for 3300/43209 nodes complete in 79.00s
INFO: [2023-11-25 00:02:25] genewalk.deepwalk - Walks for 3400/43209 nodes complete in 79.87s
INFO: [2023-11-25 00:02:26] genewalk.deepwalk - Walks for 3500/43209 nodes complete in 80.65s
INFO: [2023-11-25 00:02:26] genewalk.deepwalk - Walks for 3600/43209 nodes complete in 81.44s
INFO: [2023-11-25 00:02:27] genewalk.deepwalk - Walks for 3700/43209 nodes complete in 82.22s
INFO: [2023-11-25 00:02:28] genewalk.deepwalk - Walks for 3800/43209 nodes complete in 83.01s
INFO: [2023-11-25 00:02:30] genewalk.deepwalk - Walks for 3900/43209 nodes complete in 85.24s
INFO: [2023-11-25 00:02:31] genewalk.deepwalk - Walks for 4000/43209 nodes complete in 86.02s
INFO: [2023-11-25 00:02:32] genewalk.deepwalk - Walks for 4100/43209 nodes complete in 86.80s
INFO: [2023-11-25 00:02:33] genewalk.deepwalk - Walks for 4200/43209 nodes complete in 87.59s
INFO: [2023-11-25 00:02:33] genewalk.deepwalk - Walks for 4300/43209 nodes complete in 88.27s
INFO: [2023-11-25 00:02:34] genewalk.deepwalk - Walks for 4400/43209 nodes complete in 88.95s
INFO: [2023-11-25 00:02:35] genewalk.deepwalk - Walks for 4500/43209 nodes complete in 89.63s
INFO: [2023-11-25 00:02:35] genewalk.deepwalk - Walks for 4600/43209 nodes complete in 90.31s
INFO: [2023-11-25 00:02:36] genewalk.deepwalk - Walks for 4700/43209 nodes complete in 90.99s
INFO: [2023-11-25 00:02:37] genewalk.deepwalk - Walks for 4800/43209 nodes complete in 91.66s
INFO: [2023-11-25 00:02:37] genewalk.deepwalk - Walks for 4900/43209 nodes complete in 92.34s
INFO: [2023-11-25 00:02:38] genewalk.deepwalk - Walks for 5000/43209 nodes complete in 93.01s
INFO: [2023-11-25 00:02:39] genewalk.deepwalk - Walks for 5100/43209 nodes complete in 93.68s
INFO: [2023-11-25 00:02:39] genewalk.deepwalk - Walks for 5200/43209 nodes complete in 94.35s
INFO: [2023-11-25 00:02:40] genewalk.deepwalk - Walks for 5300/43209 nodes complete in 95.03s
INFO: [2023-11-25 00:02:41] genewalk.deepwalk - Walks for 5400/43209 nodes complete in 95.70s
INFO: [2023-11-25 00:02:41] genewalk.deepwalk - Walks for 5500/43209 nodes complete in 96.37s
INFO: [2023-11-25 00:02:42] genewalk.deepwalk - Walks for 5600/43209 nodes complete in 97.05s
INFO: [2023-11-25 00:02:43] genewalk.deepwalk - Walks for 5700/43209 nodes complete in 97.66s
INFO: [2023-11-25 00:02:43] genewalk.deepwalk - Walks for 5800/43209 nodes complete in 98.22s
INFO: [2023-11-25 00:02:44] genewalk.deepwalk - Walks for 5900/43209 nodes complete in 98.78s
INFO: [2023-11-25 00:02:44] genewalk.deepwalk - Walks for 6000/43209 nodes complete in 99.33s
INFO: [2023-11-25 00:02:45] genewalk.deepwalk - Walks for 6100/43209 nodes complete in 99.89s
INFO: [2023-11-25 00:02:45] genewalk.deepwalk - Walks for 6200/43209 nodes complete in 100.46s
INFO: [2023-11-25 00:02:46] genewalk.deepwalk - Walks for 6300/43209 nodes complete in 101.02s
INFO: [2023-11-25 00:02:47] genewalk.deepwalk - Walks for 6400/43209 nodes complete in 101.57s
INFO: [2023-11-25 00:02:47] genewalk.deepwalk - Walks for 6500/43209 nodes complete in 102.13s
INFO: [2023-11-25 00:02:48] genewalk.deepwalk - Walks for 6600/43209 nodes complete in 102.68s
INFO: [2023-11-25 00:02:48] genewalk.deepwalk - Walks for 6700/43209 nodes complete in 103.24s
INFO: [2023-11-25 00:02:49] genewalk.deepwalk - Walks for 6800/43209 nodes complete in 103.79s
INFO: [2023-11-25 00:02:49] genewalk.deepwalk - Walks for 6900/43209 nodes complete in 104.35s
INFO: [2023-11-25 00:02:52] genewalk.deepwalk - Walks for 7000/43209 nodes complete in 106.66s
INFO: [2023-11-25 00:02:52] genewalk.deepwalk - Walks for 7100/43209 nodes complete in 107.21s
INFO: [2023-11-25 00:02:53] genewalk.deepwalk - Walks for 7200/43209 nodes complete in 107.76s
INFO: [2023-11-25 00:02:53] genewalk.deepwalk - Walks for 7300/43209 nodes complete in 108.32s
INFO: [2023-11-25 00:02:54] genewalk.deepwalk - Walks for 7400/43209 nodes complete in 108.87s
INFO: [2023-11-25 00:02:54] genewalk.deepwalk - Walks for 7500/43209 nodes complete in 109.42s
INFO: [2023-11-25 00:02:55] genewalk.deepwalk - Walks for 7600/43209 nodes complete in 109.97s
INFO: [2023-11-25 00:02:56] genewalk.deepwalk - Walks for 7700/43209 nodes complete in 110.52s
INFO: [2023-11-25 00:02:56] genewalk.deepwalk - Walks for 7800/43209 nodes complete in 111.07s
INFO: [2023-11-25 00:02:57] genewalk.deepwalk - Walks for 7900/43209 nodes complete in 111.55s
INFO: [2023-11-25 00:02:57] genewalk.deepwalk - Walks for 8000/43209 nodes complete in 111.99s
INFO: [2023-11-25 00:02:57] genewalk.deepwalk - Walks for 8100/43209 nodes complete in 112.43s
INFO: [2023-11-25 00:02:58] genewalk.deepwalk - Walks for 8200/43209 nodes complete in 112.87s
INFO: [2023-11-25 00:02:58] genewalk.deepwalk - Walks for 8300/43209 nodes complete in 113.30s
INFO: [2023-11-25 00:02:59] genewalk.deepwalk - Walks for 8400/43209 nodes complete in 113.74s
INFO: [2023-11-25 00:02:59] genewalk.deepwalk - Walks for 8500/43209 nodes complete in 114.18s
INFO: [2023-11-25 00:03:00] genewalk.deepwalk - Walks for 8600/43209 nodes complete in 114.62s
INFO: [2023-11-25 00:03:00] genewalk.deepwalk - Walks for 8700/43209 nodes complete in 115.06s
INFO: [2023-11-25 00:03:01] genewalk.deepwalk - Walks for 8800/43209 nodes complete in 115.49s
INFO: [2023-11-25 00:03:01] genewalk.deepwalk - Walks for 8900/43209 nodes complete in 115.93s
INFO: [2023-11-25 00:03:01] genewalk.deepwalk - Walks for 9000/43209 nodes complete in 116.37s
INFO: [2023-11-25 00:03:02] genewalk.deepwalk - Walks for 9100/43209 nodes complete in 116.81s
INFO: [2023-11-25 00:03:02] genewalk.deepwalk - Walks for 9200/43209 nodes complete in 117.25s
INFO: [2023-11-25 00:03:03] genewalk.deepwalk - Walks for 9300/43209 nodes complete in 117.69s
INFO: [2023-11-25 00:03:03] genewalk.deepwalk - Walks for 9400/43209 nodes complete in 118.14s
INFO: [2023-11-25 00:03:04] genewalk.deepwalk - Walks for 9500/43209 nodes complete in 118.57s
INFO: [2023-11-25 00:03:04] genewalk.deepwalk - Walks for 9600/43209 nodes complete in 119.01s
INFO: [2023-11-25 00:03:04] genewalk.deepwalk - Walks for 9700/43209 nodes complete in 119.46s
INFO: [2023-11-25 00:03:05] genewalk.deepwalk - Walks for 9800/43209 nodes complete in 119.90s
INFO: [2023-11-25 00:03:05] genewalk.deepwalk - Walks for 9900/43209 nodes complete in 120.34s
INFO: [2023-11-25 00:03:06] genewalk.deepwalk - Walks for 10000/43209 nodes complete in 120.78s
INFO: [2023-11-25 00:03:06] genewalk.deepwalk - Walks for 10100/43209 nodes complete in 121.22s
INFO: [2023-11-25 00:03:07] genewalk.deepwalk - Walks for 10200/43209 nodes complete in 121.66s
INFO: [2023-11-25 00:03:07] genewalk.deepwalk - Walks for 10300/43209 nodes complete in 122.11s
INFO: [2023-11-25 00:03:08] genewalk.deepwalk - Walks for 10400/43209 nodes complete in 122.55s
INFO: [2023-11-25 00:03:08] genewalk.deepwalk - Walks for 10500/43209 nodes complete in 122.99s
INFO: [2023-11-25 00:03:08] genewalk.deepwalk - Walks for 10600/43209 nodes complete in 123.43s
INFO: [2023-11-25 00:03:09] genewalk.deepwalk - Walks for 10700/43209 nodes complete in 123.87s
INFO: [2023-11-25 00:03:09] genewalk.deepwalk - Walks for 10800/43209 nodes complete in 124.31s
INFO: [2023-11-25 00:03:10] genewalk.deepwalk - Walks for 10900/43209 nodes complete in 124.76s
INFO: [2023-11-25 00:03:10] genewalk.deepwalk - Walks for 11000/43209 nodes complete in 125.19s
INFO: [2023-11-25 00:03:11] genewalk.deepwalk - Walks for 11100/43209 nodes complete in 125.63s
INFO: [2023-11-25 00:03:11] genewalk.deepwalk - Walks for 11200/43209 nodes complete in 126.07s
INFO: [2023-11-25 00:03:12] genewalk.deepwalk - Walks for 11300/43209 nodes complete in 126.51s
INFO: [2023-11-25 00:03:12] genewalk.deepwalk - Walks for 11400/43209 nodes complete in 126.95s
INFO: [2023-11-25 00:03:12] genewalk.deepwalk - Walks for 11500/43209 nodes complete in 127.39s
INFO: [2023-11-25 00:03:13] genewalk.deepwalk - Walks for 11600/43209 nodes complete in 127.85s
INFO: [2023-11-25 00:03:13] genewalk.deepwalk - Walks for 11700/43209 nodes complete in 128.29s
INFO: [2023-11-25 00:03:14] genewalk.deepwalk - Walks for 11800/43209 nodes complete in 128.73s
INFO: [2023-11-25 00:03:14] genewalk.deepwalk - Walks for 11900/43209 nodes complete in 129.18s
INFO: [2023-11-25 00:03:15] genewalk.deepwalk - Walks for 12000/43209 nodes complete in 129.53s
INFO: [2023-11-25 00:03:15] genewalk.deepwalk - Walks for 12100/43209 nodes complete in 129.86s
INFO: [2023-11-25 00:03:17] genewalk.deepwalk - Walks for 12200/43209 nodes complete in 132.33s
INFO: [2023-11-25 00:03:18] genewalk.deepwalk - Walks for 12300/43209 nodes complete in 132.65s
INFO: [2023-11-25 00:03:18] genewalk.deepwalk - Walks for 12400/43209 nodes complete in 132.98s
INFO: [2023-11-25 00:03:18] genewalk.deepwalk - Walks for 12500/43209 nodes complete in 133.30s
INFO: [2023-11-25 00:03:19] genewalk.deepwalk - Walks for 12600/43209 nodes complete in 133.63s
INFO: [2023-11-25 00:03:19] genewalk.deepwalk - Walks for 12700/43209 nodes complete in 133.96s
INFO: [2023-11-25 00:03:19] genewalk.deepwalk - Walks for 12800/43209 nodes complete in 134.29s
INFO: [2023-11-25 00:03:20] genewalk.deepwalk - Walks for 12900/43209 nodes complete in 134.61s
INFO: [2023-11-25 00:03:20] genewalk.deepwalk - Walks for 13000/43209 nodes complete in 134.94s
INFO: [2023-11-25 00:03:20] genewalk.deepwalk - Walks for 13100/43209 nodes complete in 135.27s
INFO: [2023-11-25 00:03:21] genewalk.deepwalk - Walks for 13200/43209 nodes complete in 135.59s
INFO: [2023-11-25 00:03:21] genewalk.deepwalk - Walks for 13300/43209 nodes complete in 135.92s
INFO: [2023-11-25 00:03:21] genewalk.deepwalk - Walks for 13400/43209 nodes complete in 136.25s
INFO: [2023-11-25 00:03:22] genewalk.deepwalk - Walks for 13500/43209 nodes complete in 136.58s
INFO: [2023-11-25 00:03:22] genewalk.deepwalk - Walks for 13600/43209 nodes complete in 136.91s
INFO: [2023-11-25 00:03:22] genewalk.deepwalk - Walks for 13700/43209 nodes complete in 137.24s
INFO: [2023-11-25 00:03:23] genewalk.deepwalk - Walks for 13800/43209 nodes complete in 137.56s
INFO: [2023-11-25 00:03:23] genewalk.deepwalk - Walks for 13900/43209 nodes complete in 137.89s
INFO: [2023-11-25 00:03:23] genewalk.deepwalk - Walks for 14000/43209 nodes complete in 138.23s
INFO: [2023-11-25 00:03:24] genewalk.deepwalk - Walks for 14100/43209 nodes complete in 138.55s
INFO: [2023-11-25 00:03:24] genewalk.deepwalk - Walks for 14200/43209 nodes complete in 138.88s
INFO: [2023-11-25 00:03:24] genewalk.deepwalk - Walks for 14300/43209 nodes complete in 139.21s
INFO: [2023-11-25 00:03:25] genewalk.deepwalk - Walks for 14400/43209 nodes complete in 139.54s
INFO: [2023-11-25 00:03:25] genewalk.deepwalk - Walks for 14500/43209 nodes complete in 139.87s
INFO: [2023-11-25 00:03:25] genewalk.deepwalk - Walks for 14600/43209 nodes complete in 140.20s
INFO: [2023-11-25 00:03:26] genewalk.deepwalk - Walks for 14700/43209 nodes complete in 140.53s
INFO: [2023-11-25 00:03:26] genewalk.deepwalk - Walks for 14800/43209 nodes complete in 140.86s
INFO: [2023-11-25 00:03:26] genewalk.deepwalk - Walks for 14900/43209 nodes complete in 141.19s
INFO: [2023-11-25 00:03:27] genewalk.deepwalk - Walks for 15000/43209 nodes complete in 141.52s
INFO: [2023-11-25 00:03:27] genewalk.deepwalk - Walks for 15100/43209 nodes complete in 141.85s
INFO: [2023-11-25 00:03:27] genewalk.deepwalk - Walks for 15200/43209 nodes complete in 142.18s
INFO: [2023-11-25 00:03:28] genewalk.deepwalk - Walks for 15300/43209 nodes complete in 142.50s
INFO: [2023-11-25 00:03:28] genewalk.deepwalk - Walks for 15400/43209 nodes complete in 142.83s
INFO: [2023-11-25 00:03:28] genewalk.deepwalk - Walks for 15500/43209 nodes complete in 143.16s
INFO: [2023-11-25 00:03:29] genewalk.deepwalk - Walks for 15600/43209 nodes complete in 143.49s
INFO: [2023-11-25 00:03:29] genewalk.deepwalk - Walks for 15700/43209 nodes complete in 143.82s
INFO: [2023-11-25 00:03:29] genewalk.deepwalk - Walks for 15800/43209 nodes complete in 144.14s
INFO: [2023-11-25 00:03:29] genewalk.deepwalk - Walks for 15900/43209 nodes complete in 144.48s
INFO: [2023-11-25 00:03:30] genewalk.deepwalk - Walks for 16000/43209 nodes complete in 144.80s
INFO: [2023-11-25 00:03:30] genewalk.deepwalk - Walks for 16100/43209 nodes complete in 145.13s
INFO: [2023-11-25 00:03:30] genewalk.deepwalk - Walks for 16200/43209 nodes complete in 145.46s
INFO: [2023-11-25 00:03:31] genewalk.deepwalk - Walks for 16300/43209 nodes complete in 145.79s
INFO: [2023-11-25 00:03:31] genewalk.deepwalk - Walks for 16400/43209 nodes complete in 146.12s
INFO: [2023-11-25 00:03:31] genewalk.deepwalk - Walks for 16500/43209 nodes complete in 146.45s
INFO: [2023-11-25 00:03:32] genewalk.deepwalk - Walks for 16600/43209 nodes complete in 146.78s
INFO: [2023-11-25 00:03:32] genewalk.deepwalk - Walks for 16700/43209 nodes complete in 147.13s
INFO: [2023-11-25 00:03:32] genewalk.deepwalk - Walks for 16800/43209 nodes complete in 147.46s
INFO: [2023-11-25 00:03:33] genewalk.deepwalk - Walks for 16900/43209 nodes complete in 147.79s
INFO: [2023-11-25 00:03:33] genewalk.deepwalk - Walks for 17000/43209 nodes complete in 148.12s
INFO: [2023-11-25 00:03:33] genewalk.deepwalk - Walks for 17100/43209 nodes complete in 148.45s
INFO: [2023-11-25 00:03:34] genewalk.deepwalk - Walks for 17200/43209 nodes complete in 148.77s
INFO: [2023-11-25 00:03:34] genewalk.deepwalk - Walks for 17300/43209 nodes complete in 149.10s
INFO: [2023-11-25 00:03:34] genewalk.deepwalk - Walks for 17400/43209 nodes complete in 149.43s
INFO: [2023-11-25 00:03:35] genewalk.deepwalk - Walks for 17500/43209 nodes complete in 149.76s
INFO: [2023-11-25 00:03:35] genewalk.deepwalk - Walks for 17600/43209 nodes complete in 150.09s
INFO: [2023-11-25 00:03:35] genewalk.deepwalk - Walks for 17700/43209 nodes complete in 150.42s
INFO: [2023-11-25 00:03:36] genewalk.deepwalk - Walks for 17800/43209 nodes complete in 150.76s
INFO: [2023-11-25 00:03:36] genewalk.deepwalk - Walks for 17900/43209 nodes complete in 151.09s
INFO: [2023-11-25 00:03:36] genewalk.deepwalk - Walks for 18000/43209 nodes complete in 151.41s
INFO: [2023-11-25 00:03:37] genewalk.deepwalk - Walks for 18100/43209 nodes complete in 151.74s
INFO: [2023-11-25 00:03:37] genewalk.deepwalk - Walks for 18200/43209 nodes complete in 152.07s
INFO: [2023-11-25 00:03:37] genewalk.deepwalk - Walks for 18300/43209 nodes complete in 152.40s
INFO: [2023-11-25 00:03:38] genewalk.deepwalk - Walks for 18400/43209 nodes complete in 152.69s
INFO: [2023-11-25 00:03:38] genewalk.deepwalk - Walks for 18500/43209 nodes complete in 152.91s
INFO: [2023-11-25 00:03:38] genewalk.deepwalk - Walks for 18600/43209 nodes complete in 153.13s
INFO: [2023-11-25 00:03:38] genewalk.deepwalk - Walks for 18700/43209 nodes complete in 153.35s
INFO: [2023-11-25 00:03:39] genewalk.deepwalk - Walks for 18800/43209 nodes complete in 153.57s
INFO: [2023-11-25 00:03:39] genewalk.deepwalk - Walks for 18900/43209 nodes complete in 153.79s
INFO: [2023-11-25 00:03:39] genewalk.deepwalk - Walks for 19000/43209 nodes complete in 154.01s
INFO: [2023-11-25 00:03:39] genewalk.deepwalk - Walks for 19100/43209 nodes complete in 154.23s
INFO: [2023-11-25 00:03:39] genewalk.deepwalk - Walks for 19200/43209 nodes complete in 154.44s
INFO: [2023-11-25 00:03:40] genewalk.deepwalk - Walks for 19300/43209 nodes complete in 154.66s
INFO: [2023-11-25 00:03:40] genewalk.deepwalk - Walks for 19400/43209 nodes complete in 154.88s
INFO: [2023-11-25 00:03:40] genewalk.deepwalk - Walks for 19500/43209 nodes complete in 155.10s
INFO: [2023-11-25 00:03:40] genewalk.deepwalk - Walks for 19600/43209 nodes complete in 155.32s
INFO: [2023-11-25 00:03:41] genewalk.deepwalk - Walks for 19700/43209 nodes complete in 155.54s
INFO: [2023-11-25 00:03:41] genewalk.deepwalk - Walks for 19800/43209 nodes complete in 155.76s
INFO: [2023-11-25 00:03:41] genewalk.deepwalk - Walks for 19900/43209 nodes complete in 155.98s
INFO: [2023-11-25 00:03:41] genewalk.deepwalk - Walks for 20000/43209 nodes complete in 156.20s
INFO: [2023-11-25 00:03:41] genewalk.deepwalk - Walks for 20100/43209 nodes complete in 156.41s
INFO: [2023-11-25 00:03:42] genewalk.deepwalk - Walks for 20200/43209 nodes complete in 156.63s
INFO: [2023-11-25 00:03:42] genewalk.deepwalk - Walks for 20300/43209 nodes complete in 156.85s
INFO: [2023-11-25 00:03:42] genewalk.deepwalk - Walks for 20400/43209 nodes complete in 157.07s
INFO: [2023-11-25 00:03:42] genewalk.deepwalk - Walks for 20500/43209 nodes complete in 157.29s
INFO: [2023-11-25 00:03:43] genewalk.deepwalk - Walks for 20600/43209 nodes complete in 157.51s
INFO: [2023-11-25 00:03:43] genewalk.deepwalk - Walks for 20700/43209 nodes complete in 157.73s
INFO: [2023-11-25 00:03:43] genewalk.deepwalk - Walks for 20800/43209 nodes complete in 157.94s
INFO: [2023-11-25 00:03:43] genewalk.deepwalk - Walks for 20900/43209 nodes complete in 158.16s
INFO: [2023-11-25 00:03:43] genewalk.deepwalk - Walks for 21000/43209 nodes complete in 158.38s
INFO: [2023-11-25 00:03:44] genewalk.deepwalk - Walks for 21100/43209 nodes complete in 158.60s
INFO: [2023-11-25 00:03:44] genewalk.deepwalk - Walks for 21200/43209 nodes complete in 158.82s
INFO: [2023-11-25 00:03:44] genewalk.deepwalk - Walks for 21300/43209 nodes complete in 159.04s
INFO: [2023-11-25 00:03:44] genewalk.deepwalk - Walks for 21400/43209 nodes complete in 159.26s
INFO: [2023-11-25 00:03:44] genewalk.deepwalk - Walks for 21500/43209 nodes complete in 159.48s
INFO: [2023-11-25 00:03:45] genewalk.deepwalk - Walks for 21600/43209 nodes complete in 159.69s
INFO: [2023-11-25 00:03:45] genewalk.deepwalk - Walks for 21700/43209 nodes complete in 159.91s
INFO: [2023-11-25 00:03:45] genewalk.deepwalk - Walks for 21800/43209 nodes complete in 160.13s
INFO: [2023-11-25 00:03:45] genewalk.deepwalk - Walks for 21900/43209 nodes complete in 160.35s
INFO: [2023-11-25 00:03:46] genewalk.deepwalk - Walks for 22000/43209 nodes complete in 160.57s
INFO: [2023-11-25 00:03:46] genewalk.deepwalk - Walks for 22100/43209 nodes complete in 160.79s
INFO: [2023-11-25 00:03:46] genewalk.deepwalk - Walks for 22200/43209 nodes complete in 161.01s
INFO: [2023-11-25 00:03:46] genewalk.deepwalk - Walks for 22300/43209 nodes complete in 161.22s
INFO: [2023-11-25 00:03:46] genewalk.deepwalk - Walks for 22400/43209 nodes complete in 161.44s
INFO: [2023-11-25 00:03:47] genewalk.deepwalk - Walks for 22500/43209 nodes complete in 161.66s
INFO: [2023-11-25 00:03:50] genewalk.deepwalk - Walks for 22600/43209 nodes complete in 164.54s
INFO: [2023-11-25 00:03:50] genewalk.deepwalk - Walks for 22700/43209 nodes complete in 164.76s
INFO: [2023-11-25 00:03:50] genewalk.deepwalk - Walks for 22800/43209 nodes complete in 164.98s
INFO: [2023-11-25 00:03:50] genewalk.deepwalk - Walks for 22900/43209 nodes complete in 165.20s
INFO: [2023-11-25 00:03:50] genewalk.deepwalk - Walks for 23000/43209 nodes complete in 165.42s
INFO: [2023-11-25 00:03:51] genewalk.deepwalk - Walks for 23100/43209 nodes complete in 165.63s
INFO: [2023-11-25 00:03:51] genewalk.deepwalk - Walks for 23200/43209 nodes complete in 165.85s
INFO: [2023-11-25 00:03:51] genewalk.deepwalk - Walks for 23300/43209 nodes complete in 166.07s
INFO: [2023-11-25 00:03:51] genewalk.deepwalk - Walks for 23400/43209 nodes complete in 166.29s
INFO: [2023-11-25 00:03:52] genewalk.deepwalk - Walks for 23500/43209 nodes complete in 166.50s
INFO: [2023-11-25 00:03:52] genewalk.deepwalk - Walks for 23600/43209 nodes complete in 166.72s
INFO: [2023-11-25 00:03:52] genewalk.deepwalk - Walks for 23700/43209 nodes complete in 166.94s
INFO: [2023-11-25 00:03:52] genewalk.deepwalk - Walks for 23800/43209 nodes complete in 167.16s
INFO: [2023-11-25 00:03:52] genewalk.deepwalk - Walks for 23900/43209 nodes complete in 167.38s
INFO: [2023-11-25 00:03:53] genewalk.deepwalk - Walks for 24000/43209 nodes complete in 167.60s
INFO: [2023-11-25 00:03:53] genewalk.deepwalk - Walks for 24100/43209 nodes complete in 167.82s
INFO: [2023-11-25 00:03:53] genewalk.deepwalk - Walks for 24200/43209 nodes complete in 168.04s
INFO: [2023-11-25 00:03:53] genewalk.deepwalk - Walks for 24300/43209 nodes complete in 168.25s
INFO: [2023-11-25 00:03:53] genewalk.deepwalk - Walks for 24400/43209 nodes complete in 168.47s
INFO: [2023-11-25 00:03:54] genewalk.deepwalk - Walks for 24500/43209 nodes complete in 168.69s
INFO: [2023-11-25 00:03:54] genewalk.deepwalk - Walks for 24600/43209 nodes complete in 168.91s
INFO: [2023-11-25 00:03:54] genewalk.deepwalk - Walks for 24700/43209 nodes complete in 169.13s
INFO: [2023-11-25 00:03:54] genewalk.deepwalk - Walks for 24800/43209 nodes complete in 169.34s
INFO: [2023-11-25 00:03:55] genewalk.deepwalk - Walks for 24900/43209 nodes complete in 169.56s
INFO: [2023-11-25 00:03:55] genewalk.deepwalk - Walks for 25000/43209 nodes complete in 169.78s
INFO: [2023-11-25 00:03:55] genewalk.deepwalk - Walks for 25100/43209 nodes complete in 170.00s
INFO: [2023-11-25 00:03:55] genewalk.deepwalk - Walks for 25200/43209 nodes complete in 170.21s
INFO: [2023-11-25 00:03:55] genewalk.deepwalk - Walks for 25300/43209 nodes complete in 170.44s
INFO: [2023-11-25 00:03:56] genewalk.deepwalk - Walks for 25400/43209 nodes complete in 170.65s
INFO: [2023-11-25 00:03:56] genewalk.deepwalk - Walks for 25500/43209 nodes complete in 170.87s
INFO: [2023-11-25 00:03:56] genewalk.deepwalk - Walks for 25600/43209 nodes complete in 171.08s
INFO: [2023-11-25 00:03:56] genewalk.deepwalk - Walks for 25700/43209 nodes complete in 171.30s
INFO: [2023-11-25 00:03:57] genewalk.deepwalk - Walks for 25800/43209 nodes complete in 171.52s
INFO: [2023-11-25 00:03:57] genewalk.deepwalk - Walks for 25900/43209 nodes complete in 171.74s
INFO: [2023-11-25 00:03:57] genewalk.deepwalk - Walks for 26000/43209 nodes complete in 171.96s
INFO: [2023-11-25 00:03:57] genewalk.deepwalk - Walks for 26100/43209 nodes complete in 172.17s
INFO: [2023-11-25 00:03:57] genewalk.deepwalk - Walks for 26200/43209 nodes complete in 172.39s
INFO: [2023-11-25 00:03:58] genewalk.deepwalk - Walks for 26300/43209 nodes complete in 172.60s
INFO: [2023-11-25 00:03:58] genewalk.deepwalk - Walks for 26400/43209 nodes complete in 172.82s
INFO: [2023-11-25 00:03:58] genewalk.deepwalk - Walks for 26500/43209 nodes complete in 173.04s
INFO: [2023-11-25 00:03:58] genewalk.deepwalk - Walks for 26600/43209 nodes complete in 173.26s
INFO: [2023-11-25 00:03:58] genewalk.deepwalk - Walks for 26700/43209 nodes complete in 173.47s
INFO: [2023-11-25 00:03:59] genewalk.deepwalk - Walks for 26800/43209 nodes complete in 173.69s
INFO: [2023-11-25 00:03:59] genewalk.deepwalk - Walks for 26900/43209 nodes complete in 173.91s
INFO: [2023-11-25 00:03:59] genewalk.deepwalk - Walks for 27000/43209 nodes complete in 174.13s
INFO: [2023-11-25 00:03:59] genewalk.deepwalk - Walks for 27100/43209 nodes complete in 174.34s
INFO: [2023-11-25 00:04:00] genewalk.deepwalk - Walks for 27200/43209 nodes complete in 174.56s
INFO: [2023-11-25 00:04:00] genewalk.deepwalk - Walks for 27300/43209 nodes complete in 174.77s
INFO: [2023-11-25 00:04:00] genewalk.deepwalk - Walks for 27400/43209 nodes complete in 174.99s
INFO: [2023-11-25 00:04:00] genewalk.deepwalk - Walks for 27500/43209 nodes complete in 175.21s
INFO: [2023-11-25 00:04:00] genewalk.deepwalk - Walks for 27600/43209 nodes complete in 175.42s
INFO: [2023-11-25 00:04:01] genewalk.deepwalk - Walks for 27700/43209 nodes complete in 175.53s
INFO: [2023-11-25 00:04:01] genewalk.deepwalk - Walks for 27800/43209 nodes complete in 175.64s
INFO: [2023-11-25 00:04:01] genewalk.deepwalk - Walks for 27900/43209 nodes complete in 175.75s
INFO: [2023-11-25 00:04:01] genewalk.deepwalk - Walks for 28000/43209 nodes complete in 175.85s
INFO: [2023-11-25 00:04:01] genewalk.deepwalk - Walks for 28100/43209 nodes complete in 175.96s
INFO: [2023-11-25 00:04:01] genewalk.deepwalk - Walks for 28200/43209 nodes complete in 176.07s
INFO: [2023-11-25 00:04:01] genewalk.deepwalk - Walks for 28300/43209 nodes complete in 176.18s
INFO: [2023-11-25 00:04:01] genewalk.deepwalk - Walks for 28400/43209 nodes complete in 176.28s
INFO: [2023-11-25 00:04:01] genewalk.deepwalk - Walks for 28500/43209 nodes complete in 176.39s
INFO: [2023-11-25 00:04:02] genewalk.deepwalk - Walks for 28600/43209 nodes complete in 176.50s
INFO: [2023-11-25 00:04:02] genewalk.deepwalk - Walks for 28700/43209 nodes complete in 176.60s
INFO: [2023-11-25 00:04:02] genewalk.deepwalk - Walks for 28800/43209 nodes complete in 176.71s
INFO: [2023-11-25 00:04:02] genewalk.deepwalk - Walks for 28900/43209 nodes complete in 176.82s
INFO: [2023-11-25 00:04:02] genewalk.deepwalk - Walks for 29000/43209 nodes complete in 176.92s
INFO: [2023-11-25 00:04:02] genewalk.deepwalk - Walks for 29100/43209 nodes complete in 177.03s
INFO: [2023-11-25 00:04:02] genewalk.deepwalk - Walks for 29200/43209 nodes complete in 177.14s
INFO: [2023-11-25 00:04:02] genewalk.deepwalk - Walks for 29300/43209 nodes complete in 177.25s
INFO: [2023-11-25 00:04:02] genewalk.deepwalk - Walks for 29400/43209 nodes complete in 177.35s
INFO: [2023-11-25 00:04:02] genewalk.deepwalk - Walks for 29500/43209 nodes complete in 177.46s
INFO: [2023-11-25 00:04:03] genewalk.deepwalk - Walks for 29600/43209 nodes complete in 177.57s
INFO: [2023-11-25 00:04:03] genewalk.deepwalk - Walks for 29700/43209 nodes complete in 177.68s
INFO: [2023-11-25 00:04:03] genewalk.deepwalk - Walks for 29800/43209 nodes complete in 177.78s
INFO: [2023-11-25 00:04:03] genewalk.deepwalk - Walks for 29900/43209 nodes complete in 177.89s
INFO: [2023-11-25 00:04:03] genewalk.deepwalk - Walks for 30000/43209 nodes complete in 178.00s
INFO: [2023-11-25 00:04:03] genewalk.deepwalk - Walks for 30100/43209 nodes complete in 178.10s
INFO: [2023-11-25 00:04:03] genewalk.deepwalk - Walks for 30200/43209 nodes complete in 178.21s
INFO: [2023-11-25 00:04:03] genewalk.deepwalk - Walks for 30300/43209 nodes complete in 178.32s
INFO: [2023-11-25 00:04:03] genewalk.deepwalk - Walks for 30400/43209 nodes complete in 178.42s
INFO: [2023-11-25 00:04:04] genewalk.deepwalk - Walks for 30500/43209 nodes complete in 178.53s
INFO: [2023-11-25 00:04:04] genewalk.deepwalk - Walks for 30600/43209 nodes complete in 178.64s
INFO: [2023-11-25 00:04:04] genewalk.deepwalk - Walks for 30700/43209 nodes complete in 178.74s
INFO: [2023-11-25 00:04:04] genewalk.deepwalk - Walks for 30800/43209 nodes complete in 178.85s
INFO: [2023-11-25 00:04:04] genewalk.deepwalk - Walks for 30900/43209 nodes complete in 178.96s
INFO: [2023-11-25 00:04:04] genewalk.deepwalk - Walks for 31000/43209 nodes complete in 179.07s
INFO: [2023-11-25 00:04:04] genewalk.deepwalk - Walks for 31100/43209 nodes complete in 179.18s
INFO: [2023-11-25 00:04:04] genewalk.deepwalk - Walks for 31200/43209 nodes complete in 179.28s
INFO: [2023-11-25 00:04:04] genewalk.deepwalk - Walks for 31300/43209 nodes complete in 179.39s
INFO: [2023-11-25 00:04:05] genewalk.deepwalk - Walks for 31400/43209 nodes complete in 179.50s
INFO: [2023-11-25 00:04:05] genewalk.deepwalk - Walks for 31500/43209 nodes complete in 179.60s
INFO: [2023-11-25 00:04:05] genewalk.deepwalk - Walks for 31600/43209 nodes complete in 179.71s
INFO: [2023-11-25 00:04:05] genewalk.deepwalk - Walks for 31700/43209 nodes complete in 179.82s
INFO: [2023-11-25 00:04:05] genewalk.deepwalk - Walks for 31800/43209 nodes complete in 179.93s
INFO: [2023-11-25 00:04:05] genewalk.deepwalk - Walks for 31900/43209 nodes complete in 180.03s
INFO: [2023-11-25 00:04:05] genewalk.deepwalk - Walks for 32000/43209 nodes complete in 180.14s
INFO: [2023-11-25 00:04:05] genewalk.deepwalk - Walks for 32100/43209 nodes complete in 180.25s
INFO: [2023-11-25 00:04:05] genewalk.deepwalk - Walks for 32200/43209 nodes complete in 180.36s
INFO: [2023-11-25 00:04:05] genewalk.deepwalk - Walks for 32300/43209 nodes complete in 180.46s
INFO: [2023-11-25 00:04:06] genewalk.deepwalk - Walks for 32400/43209 nodes complete in 180.59s
INFO: [2023-11-25 00:04:06] genewalk.deepwalk - Walks for 32500/43209 nodes complete in 180.70s
INFO: [2023-11-25 00:04:06] genewalk.deepwalk - Walks for 32600/43209 nodes complete in 180.80s
INFO: [2023-11-25 00:04:06] genewalk.deepwalk - Walks for 32700/43209 nodes complete in 180.91s
INFO: [2023-11-25 00:04:06] genewalk.deepwalk - Walks for 32800/43209 nodes complete in 181.02s
INFO: [2023-11-25 00:04:06] genewalk.deepwalk - Walks for 32900/43209 nodes complete in 181.12s
INFO: [2023-11-25 00:04:06] genewalk.deepwalk - Walks for 33000/43209 nodes complete in 181.23s
INFO: [2023-11-25 00:04:06] genewalk.deepwalk - Walks for 33100/43209 nodes complete in 181.33s
INFO: [2023-11-25 00:04:06] genewalk.deepwalk - Walks for 33200/43209 nodes complete in 181.44s
INFO: [2023-11-25 00:04:07] genewalk.deepwalk - Walks for 33300/43209 nodes complete in 181.55s
INFO: [2023-11-25 00:04:07] genewalk.deepwalk - Walks for 33400/43209 nodes complete in 181.66s
INFO: [2023-11-25 00:04:07] genewalk.deepwalk - Walks for 33500/43209 nodes complete in 181.77s
INFO: [2023-11-25 00:04:07] genewalk.deepwalk - Walks for 33600/43209 nodes complete in 181.88s
INFO: [2023-11-25 00:04:07] genewalk.deepwalk - Walks for 33700/43209 nodes complete in 181.98s
INFO: [2023-11-25 00:04:07] genewalk.deepwalk - Walks for 33800/43209 nodes complete in 182.09s
INFO: [2023-11-25 00:04:07] genewalk.deepwalk - Walks for 33900/43209 nodes complete in 182.20s
INFO: [2023-11-25 00:04:07] genewalk.deepwalk - Walks for 34000/43209 nodes complete in 182.30s
INFO: [2023-11-25 00:04:07] genewalk.deepwalk - Walks for 34100/43209 nodes complete in 182.41s
INFO: [2023-11-25 00:04:08] genewalk.deepwalk - Walks for 34200/43209 nodes complete in 182.52s
INFO: [2023-11-25 00:04:08] genewalk.deepwalk - Walks for 34300/43209 nodes complete in 182.62s
INFO: [2023-11-25 00:04:08] genewalk.deepwalk - Walks for 34400/43209 nodes complete in 182.73s
INFO: [2023-11-25 00:04:08] genewalk.deepwalk - Walks for 34500/43209 nodes complete in 182.84s
INFO: [2023-11-25 00:04:08] genewalk.deepwalk - Walks for 34600/43209 nodes complete in 182.95s
INFO: [2023-11-25 00:04:08] genewalk.deepwalk - Walks for 34700/43209 nodes complete in 183.05s
INFO: [2023-11-25 00:04:08] genewalk.deepwalk - Walks for 34800/43209 nodes complete in 183.16s
INFO: [2023-11-25 00:04:08] genewalk.deepwalk - Walks for 34900/43209 nodes complete in 183.27s
INFO: [2023-11-25 00:04:08] genewalk.deepwalk - Walks for 35000/43209 nodes complete in 183.38s
INFO: [2023-11-25 00:04:08] genewalk.deepwalk - Walks for 35100/43209 nodes complete in 183.48s
INFO: [2023-11-25 00:04:09] genewalk.deepwalk - Walks for 35200/43209 nodes complete in 183.59s
INFO: [2023-11-25 00:04:09] genewalk.deepwalk - Walks for 35300/43209 nodes complete in 183.70s
INFO: [2023-11-25 00:04:09] genewalk.deepwalk - Walks for 35400/43209 nodes complete in 183.80s
INFO: [2023-11-25 00:04:09] genewalk.deepwalk - Walks for 35500/43209 nodes complete in 183.91s
INFO: [2023-11-25 00:04:09] genewalk.deepwalk - Walks for 35600/43209 nodes complete in 184.02s
INFO: [2023-11-25 00:04:09] genewalk.deepwalk - Walks for 35700/43209 nodes complete in 184.13s
INFO: [2023-11-25 00:04:09] genewalk.deepwalk - Walks for 35800/43209 nodes complete in 184.23s
INFO: [2023-11-25 00:04:09] genewalk.deepwalk - Walks for 35900/43209 nodes complete in 184.34s
INFO: [2023-11-25 00:04:09] genewalk.deepwalk - Walks for 36000/43209 nodes complete in 184.45s
INFO: [2023-11-25 00:04:10] genewalk.deepwalk - Walks for 36100/43209 nodes complete in 184.56s
INFO: [2023-11-25 00:04:10] genewalk.deepwalk - Walks for 36200/43209 nodes complete in 184.66s
INFO: [2023-11-25 00:04:10] genewalk.deepwalk - Walks for 36300/43209 nodes complete in 184.77s
INFO: [2023-11-25 00:04:10] genewalk.deepwalk - Walks for 36400/43209 nodes complete in 184.88s
INFO: [2023-11-25 00:04:10] genewalk.deepwalk - Walks for 36500/43209 nodes complete in 184.98s
INFO: [2023-11-25 00:04:10] genewalk.deepwalk - Walks for 36600/43209 nodes complete in 185.09s
INFO: [2023-11-25 00:04:10] genewalk.deepwalk - Walks for 36700/43209 nodes complete in 185.20s
INFO: [2023-11-25 00:04:10] genewalk.deepwalk - Walks for 36800/43209 nodes complete in 185.30s
INFO: [2023-11-25 00:04:10] genewalk.deepwalk - Walks for 36900/43209 nodes complete in 185.41s
INFO: [2023-11-25 00:04:11] genewalk.deepwalk - Walks for 37000/43209 nodes complete in 185.52s
INFO: [2023-11-25 00:04:11] genewalk.deepwalk - Walks for 37100/43209 nodes complete in 185.63s
INFO: [2023-11-25 00:04:11] genewalk.deepwalk - Walks for 37200/43209 nodes complete in 185.73s
INFO: [2023-11-25 00:04:11] genewalk.deepwalk - Walks for 37300/43209 nodes complete in 185.84s
INFO: [2023-11-25 00:04:11] genewalk.deepwalk - Walks for 37400/43209 nodes complete in 185.95s
INFO: [2023-11-25 00:04:11] genewalk.deepwalk - Walks for 37500/43209 nodes complete in 186.07s
INFO: [2023-11-25 00:04:11] genewalk.deepwalk - Walks for 37600/43209 nodes complete in 186.17s
INFO: [2023-11-25 00:04:11] genewalk.deepwalk - Walks for 37700/43209 nodes complete in 186.28s
INFO: [2023-11-25 00:04:11] genewalk.deepwalk - Walks for 37800/43209 nodes complete in 186.38s
INFO: [2023-11-25 00:04:12] genewalk.deepwalk - Walks for 37900/43209 nodes complete in 186.49s
INFO: [2023-11-25 00:04:12] genewalk.deepwalk - Walks for 38000/43209 nodes complete in 186.60s
INFO: [2023-11-25 00:04:12] genewalk.deepwalk - Walks for 38100/43209 nodes complete in 186.70s
INFO: [2023-11-25 00:04:12] genewalk.deepwalk - Walks for 38200/43209 nodes complete in 186.81s
INFO: [2023-11-25 00:04:12] genewalk.deepwalk - Walks for 38300/43209 nodes complete in 186.91s
INFO: [2023-11-25 00:04:12] genewalk.deepwalk - Walks for 38400/43209 nodes complete in 187.02s
INFO: [2023-11-25 00:04:12] genewalk.deepwalk - Walks for 38500/43209 nodes complete in 187.13s
INFO: [2023-11-25 00:04:12] genewalk.deepwalk - Walks for 38600/43209 nodes complete in 187.23s
INFO: [2023-11-25 00:04:12] genewalk.deepwalk - Walks for 38700/43209 nodes complete in 187.34s
INFO: [2023-11-25 00:04:12] genewalk.deepwalk - Walks for 38800/43209 nodes complete in 187.45s
INFO: [2023-11-25 00:04:13] genewalk.deepwalk - Walks for 38900/43209 nodes complete in 187.55s
INFO: [2023-11-25 00:04:13] genewalk.deepwalk - Walks for 39000/43209 nodes complete in 187.66s
INFO: [2023-11-25 00:04:13] genewalk.deepwalk - Walks for 39100/43209 nodes complete in 187.77s
INFO: [2023-11-25 00:04:13] genewalk.deepwalk - Walks for 39200/43209 nodes complete in 187.88s
INFO: [2023-11-25 00:04:13] genewalk.deepwalk - Walks for 39300/43209 nodes complete in 187.98s
INFO: [2023-11-25 00:04:13] genewalk.deepwalk - Walks for 39400/43209 nodes complete in 188.09s
INFO: [2023-11-25 00:04:13] genewalk.deepwalk - Walks for 39500/43209 nodes complete in 188.19s
INFO: [2023-11-25 00:04:13] genewalk.deepwalk - Walks for 39600/43209 nodes complete in 188.30s
INFO: [2023-11-25 00:04:13] genewalk.deepwalk - Walks for 39700/43209 nodes complete in 188.41s
INFO: [2023-11-25 00:04:14] genewalk.deepwalk - Walks for 39800/43209 nodes complete in 188.52s
INFO: [2023-11-25 00:04:14] genewalk.deepwalk - Walks for 39900/43209 nodes complete in 188.62s
INFO: [2023-11-25 00:04:14] genewalk.deepwalk - Walks for 40000/43209 nodes complete in 188.73s
INFO: [2023-11-25 00:04:14] genewalk.deepwalk - Walks for 40100/43209 nodes complete in 188.84s
INFO: [2023-11-25 00:04:14] genewalk.deepwalk - Walks for 40200/43209 nodes complete in 188.95s
INFO: [2023-11-25 00:04:14] genewalk.deepwalk - Walks for 40300/43209 nodes complete in 189.05s
INFO: [2023-11-25 00:04:14] genewalk.deepwalk - Walks for 40400/43209 nodes complete in 189.16s
INFO: [2023-11-25 00:04:14] genewalk.deepwalk - Walks for 40500/43209 nodes complete in 189.27s
INFO: [2023-11-25 00:04:14] genewalk.deepwalk - Walks for 40600/43209 nodes complete in 189.37s
INFO: [2023-11-25 00:04:14] genewalk.deepwalk - Walks for 40700/43209 nodes complete in 189.48s
INFO: [2023-11-25 00:04:15] genewalk.deepwalk - Walks for 40800/43209 nodes complete in 189.59s
INFO: [2023-11-25 00:04:15] genewalk.deepwalk - Walks for 40900/43209 nodes complete in 189.70s
INFO: [2023-11-25 00:04:15] genewalk.deepwalk - Walks for 41000/43209 nodes complete in 189.80s
INFO: [2023-11-25 00:04:15] genewalk.deepwalk - Walks for 41100/43209 nodes complete in 189.91s
INFO: [2023-11-25 00:04:15] genewalk.deepwalk - Walks for 41200/43209 nodes complete in 190.02s
INFO: [2023-11-25 00:04:15] genewalk.deepwalk - Walks for 41300/43209 nodes complete in 190.12s
INFO: [2023-11-25 00:04:15] genewalk.deepwalk - Walks for 41400/43209 nodes complete in 190.23s
INFO: [2023-11-25 00:04:15] genewalk.deepwalk - Walks for 41500/43209 nodes complete in 190.34s
INFO: [2023-11-25 00:04:15] genewalk.deepwalk - Walks for 41600/43209 nodes complete in 190.44s
INFO: [2023-11-25 00:04:16] genewalk.deepwalk - Walks for 41700/43209 nodes complete in 190.55s
INFO: [2023-11-25 00:04:16] genewalk.deepwalk - Walks for 41800/43209 nodes complete in 190.66s
INFO: [2023-11-25 00:04:16] genewalk.deepwalk - Walks for 41900/43209 nodes complete in 190.76s
INFO: [2023-11-25 00:04:16] genewalk.deepwalk - Walks for 42000/43209 nodes complete in 190.87s
INFO: [2023-11-25 00:04:16] genewalk.deepwalk - Walks for 42100/43209 nodes complete in 190.98s
INFO: [2023-11-25 00:04:16] genewalk.deepwalk - Walks for 42200/43209 nodes complete in 191.09s
INFO: [2023-11-25 00:04:16] genewalk.deepwalk - Walks for 42300/43209 nodes complete in 191.19s
INFO: [2023-11-25 00:04:16] genewalk.deepwalk - Walks for 42400/43209 nodes complete in 191.30s
INFO: [2023-11-25 00:04:16] genewalk.deepwalk - Walks for 42500/43209 nodes complete in 191.40s
INFO: [2023-11-25 00:04:17] genewalk.deepwalk - Walks for 42600/43209 nodes complete in 191.51s
INFO: [2023-11-25 00:04:17] genewalk.deepwalk - Walks for 42700/43209 nodes complete in 191.62s
INFO: [2023-11-25 00:04:17] genewalk.deepwalk - Walks for 42800/43209 nodes complete in 191.72s
INFO: [2023-11-25 00:04:17] genewalk.deepwalk - Walks for 42900/43209 nodes complete in 191.83s
INFO: [2023-11-25 00:04:17] genewalk.deepwalk - Walks for 43000/43209 nodes complete in 191.94s
INFO: [2023-11-25 00:04:17] genewalk.deepwalk - Walks for 43100/43209 nodes complete in 192.05s
INFO: [2023-11-25 00:04:17] genewalk.deepwalk - Walks for 43200/43209 nodes complete in 192.14s
INFO: [2023-11-25 00:04:17] genewalk.deepwalk - Running random walks done in 192.14s
INFO: [2023-11-25 00:04:17] genewalk.deepwalk - Generating node vectors...
INFO: [2023-11-25 00:25:48] genewalk.deepwalk - Generating node vectors done in 1291.22s
INFO: [2023-11-25 00:25:48] genewalk.cli - Saving into /home/z3533223/genewalk/upf3b-all/deepwalk_node_vectors_rand_2.pkl...
INFO: [2023-11-25 00:25:52] genewalk.cli - 3/3
INFO: [2023-11-25 00:25:53] genewalk.deepwalk - Running random walks...
INFO: [2023-11-25 00:26:10] genewalk.deepwalk - Walks for 100/43209 nodes complete in 16.65s
INFO: [2023-11-25 00:26:17] genewalk.deepwalk - Walks for 200/43209 nodes complete in 23.25s
INFO: [2023-11-25 00:26:22] genewalk.deepwalk - Walks for 300/43209 nodes complete in 28.48s
INFO: [2023-11-25 00:26:26] genewalk.deepwalk - Walks for 400/43209 nodes complete in 32.32s
INFO: [2023-11-25 00:26:30] genewalk.deepwalk - Walks for 500/43209 nodes complete in 36.18s
INFO: [2023-11-25 00:26:32] genewalk.deepwalk - Walks for 600/43209 nodes complete in 39.03s
INFO: [2023-11-25 00:26:35] genewalk.deepwalk - Walks for 700/43209 nodes complete in 41.58s
INFO: [2023-11-25 00:26:38] genewalk.deepwalk - Walks for 800/43209 nodes complete in 44.68s
INFO: [2023-11-25 00:26:40] genewalk.deepwalk - Walks for 900/43209 nodes complete in 46.79s
INFO: [2023-11-25 00:26:42] genewalk.deepwalk - Walks for 1000/43209 nodes complete in 48.76s
INFO: [2023-11-25 00:26:44] genewalk.deepwalk - Walks for 1100/43209 nodes complete in 50.60s
INFO: [2023-11-25 00:26:46] genewalk.deepwalk - Walks for 1200/43209 nodes complete in 52.30s
INFO: [2023-11-25 00:26:48] genewalk.deepwalk - Walks for 1300/43209 nodes complete in 54.87s
INFO: [2023-11-25 00:26:50] genewalk.deepwalk - Walks for 1400/43209 nodes complete in 56.40s
INFO: [2023-11-25 00:26:51] genewalk.deepwalk - Walks for 1500/43209 nodes complete in 57.88s
INFO: [2023-11-25 00:26:53] genewalk.deepwalk - Walks for 1600/43209 nodes complete in 59.25s
INFO: [2023-11-25 00:26:54] genewalk.deepwalk - Walks for 1700/43209 nodes complete in 60.63s
INFO: [2023-11-25 00:26:55] genewalk.deepwalk - Walks for 1800/43209 nodes complete in 61.89s
INFO: [2023-11-25 00:26:57] genewalk.deepwalk - Walks for 1900/43209 nodes complete in 63.14s
INFO: [2023-11-25 00:26:58] genewalk.deepwalk - Walks for 2000/43209 nodes complete in 64.34s
INFO: [2023-11-25 00:26:59] genewalk.deepwalk - Walks for 2100/43209 nodes complete in 65.48s
INFO: [2023-11-25 00:27:01] genewalk.deepwalk - Walks for 2200/43209 nodes complete in 67.78s
INFO: [2023-11-25 00:27:02] genewalk.deepwalk - Walks for 2300/43209 nodes complete in 68.89s
INFO: [2023-11-25 00:27:03] genewalk.deepwalk - Walks for 2400/43209 nodes complete in 69.91s
INFO: [2023-11-25 00:27:04] genewalk.deepwalk - Walks for 2500/43209 nodes complete in 70.92s
INFO: [2023-11-25 00:27:05] genewalk.deepwalk - Walks for 2600/43209 nodes complete in 71.93s
INFO: [2023-11-25 00:27:06] genewalk.deepwalk - Walks for 2700/43209 nodes complete in 72.95s
INFO: [2023-11-25 00:27:07] genewalk.deepwalk - Walks for 2800/43209 nodes complete in 73.91s
INFO: [2023-11-25 00:27:08] genewalk.deepwalk - Walks for 2900/43209 nodes complete in 74.81s
INFO: [2023-11-25 00:27:09] genewalk.deepwalk - Walks for 3000/43209 nodes complete in 75.70s
INFO: [2023-11-25 00:27:10] genewalk.deepwalk - Walks for 3100/43209 nodes complete in 76.60s
INFO: [2023-11-25 00:27:11] genewalk.deepwalk - Walks for 3200/43209 nodes complete in 77.50s
INFO: [2023-11-25 00:27:12] genewalk.deepwalk - Walks for 3300/43209 nodes complete in 78.39s
INFO: [2023-11-25 00:27:13] genewalk.deepwalk - Walks for 3400/43209 nodes complete in 79.25s
INFO: [2023-11-25 00:27:13] genewalk.deepwalk - Walks for 3500/43209 nodes complete in 80.03s
INFO: [2023-11-25 00:27:14] genewalk.deepwalk - Walks for 3600/43209 nodes complete in 80.81s
INFO: [2023-11-25 00:27:15] genewalk.deepwalk - Walks for 3700/43209 nodes complete in 81.58s
INFO: [2023-11-25 00:27:16] genewalk.deepwalk - Walks for 3800/43209 nodes complete in 82.35s
INFO: [2023-11-25 00:27:18] genewalk.deepwalk - Walks for 3900/43209 nodes complete in 84.57s
INFO: [2023-11-25 00:27:19] genewalk.deepwalk - Walks for 4000/43209 nodes complete in 85.35s
INFO: [2023-11-25 00:27:20] genewalk.deepwalk - Walks for 4100/43209 nodes complete in 86.13s
INFO: [2023-11-25 00:27:20] genewalk.deepwalk - Walks for 4200/43209 nodes complete in 86.92s
INFO: [2023-11-25 00:27:21] genewalk.deepwalk - Walks for 4300/43209 nodes complete in 87.60s
INFO: [2023-11-25 00:27:22] genewalk.deepwalk - Walks for 4400/43209 nodes complete in 88.27s
INFO: [2023-11-25 00:27:22] genewalk.deepwalk - Walks for 4500/43209 nodes complete in 88.94s
INFO: [2023-11-25 00:27:23] genewalk.deepwalk - Walks for 4600/43209 nodes complete in 89.62s
INFO: [2023-11-25 00:27:24] genewalk.deepwalk - Walks for 4700/43209 nodes complete in 90.29s
INFO: [2023-11-25 00:27:24] genewalk.deepwalk - Walks for 4800/43209 nodes complete in 90.95s
INFO: [2023-11-25 00:27:25] genewalk.deepwalk - Walks for 4900/43209 nodes complete in 91.62s
INFO: [2023-11-25 00:27:26] genewalk.deepwalk - Walks for 5000/43209 nodes complete in 92.30s
INFO: [2023-11-25 00:27:26] genewalk.deepwalk - Walks for 5100/43209 nodes complete in 92.97s
INFO: [2023-11-25 00:27:27] genewalk.deepwalk - Walks for 5200/43209 nodes complete in 93.64s
INFO: [2023-11-25 00:27:28] genewalk.deepwalk - Walks for 5300/43209 nodes complete in 94.31s
INFO: [2023-11-25 00:27:28] genewalk.deepwalk - Walks for 5400/43209 nodes complete in 94.98s
INFO: [2023-11-25 00:27:29] genewalk.deepwalk - Walks for 5500/43209 nodes complete in 95.65s
INFO: [2023-11-25 00:27:30] genewalk.deepwalk - Walks for 5600/43209 nodes complete in 96.31s
INFO: [2023-11-25 00:27:30] genewalk.deepwalk - Walks for 5700/43209 nodes complete in 96.93s
INFO: [2023-11-25 00:27:31] genewalk.deepwalk - Walks for 5800/43209 nodes complete in 97.49s
INFO: [2023-11-25 00:27:31] genewalk.deepwalk - Walks for 5900/43209 nodes complete in 98.04s
INFO: [2023-11-25 00:27:32] genewalk.deepwalk - Walks for 6000/43209 nodes complete in 98.60s
INFO: [2023-11-25 00:27:33] genewalk.deepwalk - Walks for 6100/43209 nodes complete in 99.16s
INFO: [2023-11-25 00:27:33] genewalk.deepwalk - Walks for 6200/43209 nodes complete in 99.72s
INFO: [2023-11-25 00:27:34] genewalk.deepwalk - Walks for 6300/43209 nodes complete in 100.27s
INFO: [2023-11-25 00:27:34] genewalk.deepwalk - Walks for 6400/43209 nodes complete in 100.83s
INFO: [2023-11-25 00:27:35] genewalk.deepwalk - Walks for 6500/43209 nodes complete in 101.39s
INFO: [2023-11-25 00:27:35] genewalk.deepwalk - Walks for 6600/43209 nodes complete in 101.95s
INFO: [2023-11-25 00:27:36] genewalk.deepwalk - Walks for 6700/43209 nodes complete in 102.50s
INFO: [2023-11-25 00:27:36] genewalk.deepwalk - Walks for 6800/43209 nodes complete in 103.06s
INFO: [2023-11-25 00:27:37] genewalk.deepwalk - Walks for 6900/43209 nodes complete in 103.61s
INFO: [2023-11-25 00:27:39] genewalk.deepwalk - Walks for 7000/43209 nodes complete in 105.92s
INFO: [2023-11-25 00:27:40] genewalk.deepwalk - Walks for 7100/43209 nodes complete in 106.48s
INFO: [2023-11-25 00:27:40] genewalk.deepwalk - Walks for 7200/43209 nodes complete in 107.06s
INFO: [2023-11-25 00:27:41] genewalk.deepwalk - Walks for 7300/43209 nodes complete in 107.62s
INFO: [2023-11-25 00:27:42] genewalk.deepwalk - Walks for 7400/43209 nodes complete in 108.18s
INFO: [2023-11-25 00:27:42] genewalk.deepwalk - Walks for 7500/43209 nodes complete in 108.76s
INFO: [2023-11-25 00:27:43] genewalk.deepwalk - Walks for 7600/43209 nodes complete in 109.32s
INFO: [2023-11-25 00:27:43] genewalk.deepwalk - Walks for 7700/43209 nodes complete in 109.88s
INFO: [2023-11-25 00:27:44] genewalk.deepwalk - Walks for 7800/43209 nodes complete in 110.44s
INFO: [2023-11-25 00:27:44] genewalk.deepwalk - Walks for 7900/43209 nodes complete in 110.92s
INFO: [2023-11-25 00:27:45] genewalk.deepwalk - Walks for 8000/43209 nodes complete in 111.37s
INFO: [2023-11-25 00:27:45] genewalk.deepwalk - Walks for 8100/43209 nodes complete in 111.81s
INFO: [2023-11-25 00:27:46] genewalk.deepwalk - Walks for 8200/43209 nodes complete in 112.26s
INFO: [2023-11-25 00:27:46] genewalk.deepwalk - Walks for 8300/43209 nodes complete in 112.70s
INFO: [2023-11-25 00:27:47] genewalk.deepwalk - Walks for 8400/43209 nodes complete in 113.15s
INFO: [2023-11-25 00:27:47] genewalk.deepwalk - Walks for 8500/43209 nodes complete in 113.59s
INFO: [2023-11-25 00:27:47] genewalk.deepwalk - Walks for 8600/43209 nodes complete in 114.04s
INFO: [2023-11-25 00:27:48] genewalk.deepwalk - Walks for 8700/43209 nodes complete in 114.48s
INFO: [2023-11-25 00:27:48] genewalk.deepwalk - Walks for 8800/43209 nodes complete in 114.93s
INFO: [2023-11-25 00:27:49] genewalk.deepwalk - Walks for 8900/43209 nodes complete in 115.37s
INFO: [2023-11-25 00:27:49] genewalk.deepwalk - Walks for 9000/43209 nodes complete in 115.82s
INFO: [2023-11-25 00:27:50] genewalk.deepwalk - Walks for 9100/43209 nodes complete in 116.26s
INFO: [2023-11-25 00:27:50] genewalk.deepwalk - Walks for 9200/43209 nodes complete in 116.71s
INFO: [2023-11-25 00:27:51] genewalk.deepwalk - Walks for 9300/43209 nodes complete in 117.16s
INFO: [2023-11-25 00:27:51] genewalk.deepwalk - Walks for 9400/43209 nodes complete in 117.60s
INFO: [2023-11-25 00:27:51] genewalk.deepwalk - Walks for 9500/43209 nodes complete in 118.05s
INFO: [2023-11-25 00:27:52] genewalk.deepwalk - Walks for 9600/43209 nodes complete in 118.49s
INFO: [2023-11-25 00:27:52] genewalk.deepwalk - Walks for 9700/43209 nodes complete in 118.94s
INFO: [2023-11-25 00:27:53] genewalk.deepwalk - Walks for 9800/43209 nodes complete in 119.39s
INFO: [2023-11-25 00:27:53] genewalk.deepwalk - Walks for 9900/43209 nodes complete in 119.83s
INFO: [2023-11-25 00:27:54] genewalk.deepwalk - Walks for 10000/43209 nodes complete in 120.28s
INFO: [2023-11-25 00:27:54] genewalk.deepwalk - Walks for 10100/43209 nodes complete in 120.72s
INFO: [2023-11-25 00:27:55] genewalk.deepwalk - Walks for 10200/43209 nodes complete in 121.17s
INFO: [2023-11-25 00:27:55] genewalk.deepwalk - Walks for 10300/43209 nodes complete in 121.62s
INFO: [2023-11-25 00:27:55] genewalk.deepwalk - Walks for 10400/43209 nodes complete in 122.06s
INFO: [2023-11-25 00:27:56] genewalk.deepwalk - Walks for 10500/43209 nodes complete in 122.51s
INFO: [2023-11-25 00:27:56] genewalk.deepwalk - Walks for 10600/43209 nodes complete in 122.95s
INFO: [2023-11-25 00:27:57] genewalk.deepwalk - Walks for 10700/43209 nodes complete in 123.40s
INFO: [2023-11-25 00:27:57] genewalk.deepwalk - Walks for 10800/43209 nodes complete in 123.84s
INFO: [2023-11-25 00:27:58] genewalk.deepwalk - Walks for 10900/43209 nodes complete in 124.28s
INFO: [2023-11-25 00:27:58] genewalk.deepwalk - Walks for 11000/43209 nodes complete in 124.73s
INFO: [2023-11-25 00:27:59] genewalk.deepwalk - Walks for 11100/43209 nodes complete in 125.17s
INFO: [2023-11-25 00:27:59] genewalk.deepwalk - Walks for 11200/43209 nodes complete in 125.62s
INFO: [2023-11-25 00:27:59] genewalk.deepwalk - Walks for 11300/43209 nodes complete in 126.06s
INFO: [2023-11-25 00:28:00] genewalk.deepwalk - Walks for 11400/43209 nodes complete in 126.51s
INFO: [2023-11-25 00:28:00] genewalk.deepwalk - Walks for 11500/43209 nodes complete in 126.95s
INFO: [2023-11-25 00:28:01] genewalk.deepwalk - Walks for 11600/43209 nodes complete in 127.40s
INFO: [2023-11-25 00:28:01] genewalk.deepwalk - Walks for 11700/43209 nodes complete in 127.84s
INFO: [2023-11-25 00:28:02] genewalk.deepwalk - Walks for 11800/43209 nodes complete in 128.29s
INFO: [2023-11-25 00:28:02] genewalk.deepwalk - Walks for 11900/43209 nodes complete in 128.74s
INFO: [2023-11-25 00:28:03] genewalk.deepwalk - Walks for 12000/43209 nodes complete in 129.09s
INFO: [2023-11-25 00:28:03] genewalk.deepwalk - Walks for 12100/43209 nodes complete in 129.42s
INFO: [2023-11-25 00:28:05] genewalk.deepwalk - Walks for 12200/43209 nodes complete in 131.92s
INFO: [2023-11-25 00:28:06] genewalk.deepwalk - Walks for 12300/43209 nodes complete in 132.25s
INFO: [2023-11-25 00:28:06] genewalk.deepwalk - Walks for 12400/43209 nodes complete in 132.57s
INFO: [2023-11-25 00:28:06] genewalk.deepwalk - Walks for 12500/43209 nodes complete in 132.90s
INFO: [2023-11-25 00:28:07] genewalk.deepwalk - Walks for 12600/43209 nodes complete in 133.23s
INFO: [2023-11-25 00:28:07] genewalk.deepwalk - Walks for 12700/43209 nodes complete in 133.56s
INFO: [2023-11-25 00:28:07] genewalk.deepwalk - Walks for 12800/43209 nodes complete in 133.88s
INFO: [2023-11-25 00:28:08] genewalk.deepwalk - Walks for 12900/43209 nodes complete in 134.21s
INFO: [2023-11-25 00:28:08] genewalk.deepwalk - Walks for 13000/43209 nodes complete in 134.54s
INFO: [2023-11-25 00:28:08] genewalk.deepwalk - Walks for 13100/43209 nodes complete in 134.86s
INFO: [2023-11-25 00:28:09] genewalk.deepwalk - Walks for 13200/43209 nodes complete in 135.19s
INFO: [2023-11-25 00:28:09] genewalk.deepwalk - Walks for 13300/43209 nodes complete in 135.52s
INFO: [2023-11-25 00:28:09] genewalk.deepwalk - Walks for 13400/43209 nodes complete in 135.85s
INFO: [2023-11-25 00:28:10] genewalk.deepwalk - Walks for 13500/43209 nodes complete in 136.17s
INFO: [2023-11-25 00:28:10] genewalk.deepwalk - Walks for 13600/43209 nodes complete in 136.49s
INFO: [2023-11-25 00:28:10] genewalk.deepwalk - Walks for 13700/43209 nodes complete in 136.82s
INFO: [2023-11-25 00:28:11] genewalk.deepwalk - Walks for 13800/43209 nodes complete in 137.15s
INFO: [2023-11-25 00:28:11] genewalk.deepwalk - Walks for 13900/43209 nodes complete in 137.48s
INFO: [2023-11-25 00:28:11] genewalk.deepwalk - Walks for 14000/43209 nodes complete in 137.81s
INFO: [2023-11-25 00:28:12] genewalk.deepwalk - Walks for 14100/43209 nodes complete in 138.14s
INFO: [2023-11-25 00:28:12] genewalk.deepwalk - Walks for 14200/43209 nodes complete in 138.47s
INFO: [2023-11-25 00:28:12] genewalk.deepwalk - Walks for 14300/43209 nodes complete in 138.80s
INFO: [2023-11-25 00:28:13] genewalk.deepwalk - Walks for 14400/43209 nodes complete in 139.13s
INFO: [2023-11-25 00:28:13] genewalk.deepwalk - Walks for 14500/43209 nodes complete in 139.46s
INFO: [2023-11-25 00:28:13] genewalk.deepwalk - Walks for 14600/43209 nodes complete in 139.79s
INFO: [2023-11-25 00:28:14] genewalk.deepwalk - Walks for 14700/43209 nodes complete in 140.12s
INFO: [2023-11-25 00:28:14] genewalk.deepwalk - Walks for 14800/43209 nodes complete in 140.45s
INFO: [2023-11-25 00:28:14] genewalk.deepwalk - Walks for 14900/43209 nodes complete in 140.78s
INFO: [2023-11-25 00:28:15] genewalk.deepwalk - Walks for 15000/43209 nodes complete in 141.10s
INFO: [2023-11-25 00:28:15] genewalk.deepwalk - Walks for 15100/43209 nodes complete in 141.43s
INFO: [2023-11-25 00:28:15] genewalk.deepwalk - Walks for 15200/43209 nodes complete in 141.76s
INFO: [2023-11-25 00:28:16] genewalk.deepwalk - Walks for 15300/43209 nodes complete in 142.09s
INFO: [2023-11-25 00:28:16] genewalk.deepwalk - Walks for 15400/43209 nodes complete in 142.43s
INFO: [2023-11-25 00:28:16] genewalk.deepwalk - Walks for 15500/43209 nodes complete in 142.75s
INFO: [2023-11-25 00:28:17] genewalk.deepwalk - Walks for 15600/43209 nodes complete in 143.08s
INFO: [2023-11-25 00:28:17] genewalk.deepwalk - Walks for 15700/43209 nodes complete in 143.41s
INFO: [2023-11-25 00:28:17] genewalk.deepwalk - Walks for 15800/43209 nodes complete in 143.74s
INFO: [2023-11-25 00:28:17] genewalk.deepwalk - Walks for 15900/43209 nodes complete in 144.07s
INFO: [2023-11-25 00:28:18] genewalk.deepwalk - Walks for 16000/43209 nodes complete in 144.40s
INFO: [2023-11-25 00:28:18] genewalk.deepwalk - Walks for 16100/43209 nodes complete in 144.73s
INFO: [2023-11-25 00:28:18] genewalk.deepwalk - Walks for 16200/43209 nodes complete in 145.06s
INFO: [2023-11-25 00:28:19] genewalk.deepwalk - Walks for 16300/43209 nodes complete in 145.39s
INFO: [2023-11-25 00:28:19] genewalk.deepwalk - Walks for 16400/43209 nodes complete in 145.71s
INFO: [2023-11-25 00:28:19] genewalk.deepwalk - Walks for 16500/43209 nodes complete in 146.04s
INFO: [2023-11-25 00:28:20] genewalk.deepwalk - Walks for 16600/43209 nodes complete in 146.37s
INFO: [2023-11-25 00:28:20] genewalk.deepwalk - Walks for 16700/43209 nodes complete in 146.69s
INFO: [2023-11-25 00:28:20] genewalk.deepwalk - Walks for 16800/43209 nodes complete in 147.02s
INFO: [2023-11-25 00:28:21] genewalk.deepwalk - Walks for 16900/43209 nodes complete in 147.35s
INFO: [2023-11-25 00:28:21] genewalk.deepwalk - Walks for 17000/43209 nodes complete in 147.67s
INFO: [2023-11-25 00:28:21] genewalk.deepwalk - Walks for 17100/43209 nodes complete in 148.00s
INFO: [2023-11-25 00:28:22] genewalk.deepwalk - Walks for 17200/43209 nodes complete in 148.33s
INFO: [2023-11-25 00:28:22] genewalk.deepwalk - Walks for 17300/43209 nodes complete in 148.66s
INFO: [2023-11-25 00:28:22] genewalk.deepwalk - Walks for 17400/43209 nodes complete in 149.00s
INFO: [2023-11-25 00:28:23] genewalk.deepwalk - Walks for 17500/43209 nodes complete in 149.33s
INFO: [2023-11-25 00:28:23] genewalk.deepwalk - Walks for 17600/43209 nodes complete in 149.66s
INFO: [2023-11-25 00:28:23] genewalk.deepwalk - Walks for 17700/43209 nodes complete in 149.99s
INFO: [2023-11-25 00:28:24] genewalk.deepwalk - Walks for 17800/43209 nodes complete in 150.31s
INFO: [2023-11-25 00:28:24] genewalk.deepwalk - Walks for 17900/43209 nodes complete in 150.64s
INFO: [2023-11-25 00:28:24] genewalk.deepwalk - Walks for 18000/43209 nodes complete in 150.97s
INFO: [2023-11-25 00:28:25] genewalk.deepwalk - Walks for 18100/43209 nodes complete in 151.31s
INFO: [2023-11-25 00:28:25] genewalk.deepwalk - Walks for 18200/43209 nodes complete in 151.64s
INFO: [2023-11-25 00:28:25] genewalk.deepwalk - Walks for 18300/43209 nodes complete in 151.97s
INFO: [2023-11-25 00:28:26] genewalk.deepwalk - Walks for 18400/43209 nodes complete in 152.26s
INFO: [2023-11-25 00:28:26] genewalk.deepwalk - Walks for 18500/43209 nodes complete in 152.48s
INFO: [2023-11-25 00:28:26] genewalk.deepwalk - Walks for 18600/43209 nodes complete in 152.70s
INFO: [2023-11-25 00:28:26] genewalk.deepwalk - Walks for 18700/43209 nodes complete in 152.92s
INFO: [2023-11-25 00:28:27] genewalk.deepwalk - Walks for 18800/43209 nodes complete in 153.14s
INFO: [2023-11-25 00:28:27] genewalk.deepwalk - Walks for 18900/43209 nodes complete in 153.36s
INFO: [2023-11-25 00:28:27] genewalk.deepwalk - Walks for 19000/43209 nodes complete in 153.58s
INFO: [2023-11-25 00:28:27] genewalk.deepwalk - Walks for 19100/43209 nodes complete in 153.79s
INFO: [2023-11-25 00:28:27] genewalk.deepwalk - Walks for 19200/43209 nodes complete in 154.01s
INFO: [2023-11-25 00:28:28] genewalk.deepwalk - Walks for 19300/43209 nodes complete in 154.23s
INFO: [2023-11-25 00:28:28] genewalk.deepwalk - Walks for 19400/43209 nodes complete in 154.45s
INFO: [2023-11-25 00:28:28] genewalk.deepwalk - Walks for 19500/43209 nodes complete in 154.67s
INFO: [2023-11-25 00:28:28] genewalk.deepwalk - Walks for 19600/43209 nodes complete in 154.89s
INFO: [2023-11-25 00:28:29] genewalk.deepwalk - Walks for 19700/43209 nodes complete in 155.11s
INFO: [2023-11-25 00:28:29] genewalk.deepwalk - Walks for 19800/43209 nodes complete in 155.33s
INFO: [2023-11-25 00:28:29] genewalk.deepwalk - Walks for 19900/43209 nodes complete in 155.55s
INFO: [2023-11-25 00:28:29] genewalk.deepwalk - Walks for 20000/43209 nodes complete in 155.77s
INFO: [2023-11-25 00:28:29] genewalk.deepwalk - Walks for 20100/43209 nodes complete in 155.99s
INFO: [2023-11-25 00:28:30] genewalk.deepwalk - Walks for 20200/43209 nodes complete in 156.21s
INFO: [2023-11-25 00:28:30] genewalk.deepwalk - Walks for 20300/43209 nodes complete in 156.43s
INFO: [2023-11-25 00:28:30] genewalk.deepwalk - Walks for 20400/43209 nodes complete in 156.65s
INFO: [2023-11-25 00:28:30] genewalk.deepwalk - Walks for 20500/43209 nodes complete in 156.87s
INFO: [2023-11-25 00:28:31] genewalk.deepwalk - Walks for 20600/43209 nodes complete in 157.08s
INFO: [2023-11-25 00:28:31] genewalk.deepwalk - Walks for 20700/43209 nodes complete in 157.30s
INFO: [2023-11-25 00:28:31] genewalk.deepwalk - Walks for 20800/43209 nodes complete in 157.52s
INFO: [2023-11-25 00:28:31] genewalk.deepwalk - Walks for 20900/43209 nodes complete in 157.74s
INFO: [2023-11-25 00:28:31] genewalk.deepwalk - Walks for 21000/43209 nodes complete in 157.96s
INFO: [2023-11-25 00:28:32] genewalk.deepwalk - Walks for 21100/43209 nodes complete in 158.17s
INFO: [2023-11-25 00:28:32] genewalk.deepwalk - Walks for 21200/43209 nodes complete in 158.39s
INFO: [2023-11-25 00:28:32] genewalk.deepwalk - Walks for 21300/43209 nodes complete in 158.61s
INFO: [2023-11-25 00:28:32] genewalk.deepwalk - Walks for 21400/43209 nodes complete in 158.83s
INFO: [2023-11-25 00:28:32] genewalk.deepwalk - Walks for 21500/43209 nodes complete in 159.04s
INFO: [2023-11-25 00:28:33] genewalk.deepwalk - Walks for 21600/43209 nodes complete in 159.26s
INFO: [2023-11-25 00:28:33] genewalk.deepwalk - Walks for 21700/43209 nodes complete in 159.48s
INFO: [2023-11-25 00:28:33] genewalk.deepwalk - Walks for 21800/43209 nodes complete in 159.69s
INFO: [2023-11-25 00:28:33] genewalk.deepwalk - Walks for 21900/43209 nodes complete in 159.91s
INFO: [2023-11-25 00:28:34] genewalk.deepwalk - Walks for 22000/43209 nodes complete in 160.13s
INFO: [2023-11-25 00:28:34] genewalk.deepwalk - Walks for 22100/43209 nodes complete in 160.35s
INFO: [2023-11-25 00:28:34] genewalk.deepwalk - Walks for 22200/43209 nodes complete in 160.57s
INFO: [2023-11-25 00:28:34] genewalk.deepwalk - Walks for 22300/43209 nodes complete in 160.80s
INFO: [2023-11-25 00:28:34] genewalk.deepwalk - Walks for 22400/43209 nodes complete in 161.01s
INFO: [2023-11-25 00:28:35] genewalk.deepwalk - Walks for 22500/43209 nodes complete in 161.24s
INFO: [2023-11-25 00:28:38] genewalk.deepwalk - Walks for 22600/43209 nodes complete in 164.10s
INFO: [2023-11-25 00:28:38] genewalk.deepwalk - Walks for 22700/43209 nodes complete in 164.33s
INFO: [2023-11-25 00:28:38] genewalk.deepwalk - Walks for 22800/43209 nodes complete in 164.55s
INFO: [2023-11-25 00:28:38] genewalk.deepwalk - Walks for 22900/43209 nodes complete in 164.77s
INFO: [2023-11-25 00:28:38] genewalk.deepwalk - Walks for 23000/43209 nodes complete in 164.99s
INFO: [2023-11-25 00:28:39] genewalk.deepwalk - Walks for 23100/43209 nodes complete in 165.21s
INFO: [2023-11-25 00:28:39] genewalk.deepwalk - Walks for 23200/43209 nodes complete in 165.43s
INFO: [2023-11-25 00:28:39] genewalk.deepwalk - Walks for 23300/43209 nodes complete in 165.66s
INFO: [2023-11-25 00:28:39] genewalk.deepwalk - Walks for 23400/43209 nodes complete in 165.88s
INFO: [2023-11-25 00:28:40] genewalk.deepwalk - Walks for 23500/43209 nodes complete in 166.10s
INFO: [2023-11-25 00:28:40] genewalk.deepwalk - Walks for 23600/43209 nodes complete in 166.32s
INFO: [2023-11-25 00:28:40] genewalk.deepwalk - Walks for 23700/43209 nodes complete in 166.54s
INFO: [2023-11-25 00:28:40] genewalk.deepwalk - Walks for 23800/43209 nodes complete in 166.76s
INFO: [2023-11-25 00:28:40] genewalk.deepwalk - Walks for 23900/43209 nodes complete in 166.98s
INFO: [2023-11-25 00:28:41] genewalk.deepwalk - Walks for 24000/43209 nodes complete in 167.21s
INFO: [2023-11-25 00:28:41] genewalk.deepwalk - Walks for 24100/43209 nodes complete in 167.43s
INFO: [2023-11-25 00:28:41] genewalk.deepwalk - Walks for 24200/43209 nodes complete in 167.65s
INFO: [2023-11-25 00:28:41] genewalk.deepwalk - Walks for 24300/43209 nodes complete in 167.87s
INFO: [2023-11-25 00:28:42] genewalk.deepwalk - Walks for 24400/43209 nodes complete in 168.09s
INFO: [2023-11-25 00:28:42] genewalk.deepwalk - Walks for 24500/43209 nodes complete in 168.31s
INFO: [2023-11-25 00:28:42] genewalk.deepwalk - Walks for 24600/43209 nodes complete in 168.53s
INFO: [2023-11-25 00:28:42] genewalk.deepwalk - Walks for 24700/43209 nodes complete in 168.75s
INFO: [2023-11-25 00:28:42] genewalk.deepwalk - Walks for 24800/43209 nodes complete in 168.97s
INFO: [2023-11-25 00:28:43] genewalk.deepwalk - Walks for 24900/43209 nodes complete in 169.20s
INFO: [2023-11-25 00:28:43] genewalk.deepwalk - Walks for 25000/43209 nodes complete in 169.42s
INFO: [2023-11-25 00:28:43] genewalk.deepwalk - Walks for 25100/43209 nodes complete in 169.64s
INFO: [2023-11-25 00:28:43] genewalk.deepwalk - Walks for 25200/43209 nodes complete in 169.86s
INFO: [2023-11-25 00:28:43] genewalk.deepwalk - Walks for 25300/43209 nodes complete in 170.08s
INFO: [2023-11-25 00:28:44] genewalk.deepwalk - Walks for 25400/43209 nodes complete in 170.31s
INFO: [2023-11-25 00:28:44] genewalk.deepwalk - Walks for 25500/43209 nodes complete in 170.53s
INFO: [2023-11-25 00:28:44] genewalk.deepwalk - Walks for 25600/43209 nodes complete in 170.75s
INFO: [2023-11-25 00:28:44] genewalk.deepwalk - Walks for 25700/43209 nodes complete in 170.98s
INFO: [2023-11-25 00:28:45] genewalk.deepwalk - Walks for 25800/43209 nodes complete in 171.19s
INFO: [2023-11-25 00:28:45] genewalk.deepwalk - Walks for 25900/43209 nodes complete in 171.42s
INFO: [2023-11-25 00:28:45] genewalk.deepwalk - Walks for 26000/43209 nodes complete in 171.65s
INFO: [2023-11-25 00:28:45] genewalk.deepwalk - Walks for 26100/43209 nodes complete in 171.87s
INFO: [2023-11-25 00:28:46] genewalk.deepwalk - Walks for 26200/43209 nodes complete in 172.09s
INFO: [2023-11-25 00:28:46] genewalk.deepwalk - Walks for 26300/43209 nodes complete in 172.31s
INFO: [2023-11-25 00:28:46] genewalk.deepwalk - Walks for 26400/43209 nodes complete in 172.53s
INFO: [2023-11-25 00:28:46] genewalk.deepwalk - Walks for 26500/43209 nodes complete in 172.76s
INFO: [2023-11-25 00:28:46] genewalk.deepwalk - Walks for 26600/43209 nodes complete in 172.98s
INFO: [2023-11-25 00:28:47] genewalk.deepwalk - Walks for 26700/43209 nodes complete in 173.20s
INFO: [2023-11-25 00:28:47] genewalk.deepwalk - Walks for 26800/43209 nodes complete in 173.42s
INFO: [2023-11-25 00:28:47] genewalk.deepwalk - Walks for 26900/43209 nodes complete in 173.64s
INFO: [2023-11-25 00:28:47] genewalk.deepwalk - Walks for 27000/43209 nodes complete in 173.86s
INFO: [2023-11-25 00:28:47] genewalk.deepwalk - Walks for 27100/43209 nodes complete in 174.08s
INFO: [2023-11-25 00:28:48] genewalk.deepwalk - Walks for 27200/43209 nodes complete in 174.30s
INFO: [2023-11-25 00:28:48] genewalk.deepwalk - Walks for 27300/43209 nodes complete in 174.52s
INFO: [2023-11-25 00:28:48] genewalk.deepwalk - Walks for 27400/43209 nodes complete in 174.74s
INFO: [2023-11-25 00:28:48] genewalk.deepwalk - Walks for 27500/43209 nodes complete in 174.96s
INFO: [2023-11-25 00:28:49] genewalk.deepwalk - Walks for 27600/43209 nodes complete in 175.18s
INFO: [2023-11-25 00:28:49] genewalk.deepwalk - Walks for 27700/43209 nodes complete in 175.29s
INFO: [2023-11-25 00:28:49] genewalk.deepwalk - Walks for 27800/43209 nodes complete in 175.40s
INFO: [2023-11-25 00:28:49] genewalk.deepwalk - Walks for 27900/43209 nodes complete in 175.51s
INFO: [2023-11-25 00:28:49] genewalk.deepwalk - Walks for 28000/43209 nodes complete in 175.62s
INFO: [2023-11-25 00:28:49] genewalk.deepwalk - Walks for 28100/43209 nodes complete in 175.72s
INFO: [2023-11-25 00:28:49] genewalk.deepwalk - Walks for 28200/43209 nodes complete in 175.83s
INFO: [2023-11-25 00:28:49] genewalk.deepwalk - Walks for 28300/43209 nodes complete in 175.94s
INFO: [2023-11-25 00:28:49] genewalk.deepwalk - Walks for 28400/43209 nodes complete in 176.05s
INFO: [2023-11-25 00:28:50] genewalk.deepwalk - Walks for 28500/43209 nodes complete in 176.16s
INFO: [2023-11-25 00:28:50] genewalk.deepwalk - Walks for 28600/43209 nodes complete in 176.27s
INFO: [2023-11-25 00:28:50] genewalk.deepwalk - Walks for 28700/43209 nodes complete in 176.38s
INFO: [2023-11-25 00:28:50] genewalk.deepwalk - Walks for 28800/43209 nodes complete in 176.49s
INFO: [2023-11-25 00:28:50] genewalk.deepwalk - Walks for 28900/43209 nodes complete in 176.60s
INFO: [2023-11-25 00:28:50] genewalk.deepwalk - Walks for 29000/43209 nodes complete in 176.70s
INFO: [2023-11-25 00:28:50] genewalk.deepwalk - Walks for 29100/43209 nodes complete in 176.82s
INFO: [2023-11-25 00:28:50] genewalk.deepwalk - Walks for 29200/43209 nodes complete in 176.93s
INFO: [2023-11-25 00:28:50] genewalk.deepwalk - Walks for 29300/43209 nodes complete in 177.04s
INFO: [2023-11-25 00:28:51] genewalk.deepwalk - Walks for 29400/43209 nodes complete in 177.15s
INFO: [2023-11-25 00:28:51] genewalk.deepwalk - Walks for 29500/43209 nodes complete in 177.26s
INFO: [2023-11-25 00:28:51] genewalk.deepwalk - Walks for 29600/43209 nodes complete in 177.37s
INFO: [2023-11-25 00:28:51] genewalk.deepwalk - Walks for 29700/43209 nodes complete in 177.47s
INFO: [2023-11-25 00:28:51] genewalk.deepwalk - Walks for 29800/43209 nodes complete in 177.58s
INFO: [2023-11-25 00:28:51] genewalk.deepwalk - Walks for 29900/43209 nodes complete in 177.69s
INFO: [2023-11-25 00:28:51] genewalk.deepwalk - Walks for 30000/43209 nodes complete in 177.80s
INFO: [2023-11-25 00:28:51] genewalk.deepwalk - Walks for 30100/43209 nodes complete in 177.91s
INFO: [2023-11-25 00:28:51] genewalk.deepwalk - Walks for 30200/43209 nodes complete in 178.02s
INFO: [2023-11-25 00:28:52] genewalk.deepwalk - Walks for 30300/43209 nodes complete in 178.12s
INFO: [2023-11-25 00:28:52] genewalk.deepwalk - Walks for 30400/43209 nodes complete in 178.23s
INFO: [2023-11-25 00:28:52] genewalk.deepwalk - Walks for 30500/43209 nodes complete in 178.34s
INFO: [2023-11-25 00:28:52] genewalk.deepwalk - Walks for 30600/43209 nodes complete in 178.45s
INFO: [2023-11-25 00:28:52] genewalk.deepwalk - Walks for 30700/43209 nodes complete in 178.56s
INFO: [2023-11-25 00:28:52] genewalk.deepwalk - Walks for 30800/43209 nodes complete in 178.67s
INFO: [2023-11-25 00:28:52] genewalk.deepwalk - Walks for 30900/43209 nodes complete in 178.78s
INFO: [2023-11-25 00:28:52] genewalk.deepwalk - Walks for 31000/43209 nodes complete in 178.88s
INFO: [2023-11-25 00:28:52] genewalk.deepwalk - Walks for 31100/43209 nodes complete in 178.99s
INFO: [2023-11-25 00:28:53] genewalk.deepwalk - Walks for 31200/43209 nodes complete in 179.10s
INFO: [2023-11-25 00:28:53] genewalk.deepwalk - Walks for 31300/43209 nodes complete in 179.21s
INFO: [2023-11-25 00:28:53] genewalk.deepwalk - Walks for 31400/43209 nodes complete in 179.32s
INFO: [2023-11-25 00:28:53] genewalk.deepwalk - Walks for 31500/43209 nodes complete in 179.42s
INFO: [2023-11-25 00:28:53] genewalk.deepwalk - Walks for 31600/43209 nodes complete in 179.53s
INFO: [2023-11-25 00:28:53] genewalk.deepwalk - Walks for 31700/43209 nodes complete in 179.64s
INFO: [2023-11-25 00:28:53] genewalk.deepwalk - Walks for 31800/43209 nodes complete in 179.75s
INFO: [2023-11-25 00:28:53] genewalk.deepwalk - Walks for 31900/43209 nodes complete in 179.86s
INFO: [2023-11-25 00:28:53] genewalk.deepwalk - Walks for 32000/43209 nodes complete in 179.97s
INFO: [2023-11-25 00:28:53] genewalk.deepwalk - Walks for 32100/43209 nodes complete in 180.08s
INFO: [2023-11-25 00:28:54] genewalk.deepwalk - Walks for 32200/43209 nodes complete in 180.19s
INFO: [2023-11-25 00:28:54] genewalk.deepwalk - Walks for 32300/43209 nodes complete in 180.29s
INFO: [2023-11-25 00:28:54] genewalk.deepwalk - Walks for 32400/43209 nodes complete in 180.40s
INFO: [2023-11-25 00:28:54] genewalk.deepwalk - Walks for 32500/43209 nodes complete in 180.51s
INFO: [2023-11-25 00:28:54] genewalk.deepwalk - Walks for 32600/43209 nodes complete in 180.62s
INFO: [2023-11-25 00:28:54] genewalk.deepwalk - Walks for 32700/43209 nodes complete in 180.73s
INFO: [2023-11-25 00:28:54] genewalk.deepwalk - Walks for 32800/43209 nodes complete in 180.83s
INFO: [2023-11-25 00:28:54] genewalk.deepwalk - Walks for 32900/43209 nodes complete in 180.94s
INFO: [2023-11-25 00:28:54] genewalk.deepwalk - Walks for 33000/43209 nodes complete in 181.05s
INFO: [2023-11-25 00:28:55] genewalk.deepwalk - Walks for 33100/43209 nodes complete in 181.16s
INFO: [2023-11-25 00:28:55] genewalk.deepwalk - Walks for 33200/43209 nodes complete in 181.27s
INFO: [2023-11-25 00:28:55] genewalk.deepwalk - Walks for 33300/43209 nodes complete in 181.38s
INFO: [2023-11-25 00:28:55] genewalk.deepwalk - Walks for 33400/43209 nodes complete in 181.49s
INFO: [2023-11-25 00:28:55] genewalk.deepwalk - Walks for 33500/43209 nodes complete in 181.60s
INFO: [2023-11-25 00:28:55] genewalk.deepwalk - Walks for 33600/43209 nodes complete in 181.70s
INFO: [2023-11-25 00:28:55] genewalk.deepwalk - Walks for 33700/43209 nodes complete in 181.81s
INFO: [2023-11-25 00:28:55] genewalk.deepwalk - Walks for 33800/43209 nodes complete in 181.92s
INFO: [2023-11-25 00:28:55] genewalk.deepwalk - Walks for 33900/43209 nodes complete in 182.03s
INFO: [2023-11-25 00:28:56] genewalk.deepwalk - Walks for 34000/43209 nodes complete in 182.14s
INFO: [2023-11-25 00:28:56] genewalk.deepwalk - Walks for 34100/43209 nodes complete in 182.25s
INFO: [2023-11-25 00:28:56] genewalk.deepwalk - Walks for 34200/43209 nodes complete in 182.36s
INFO: [2023-11-25 00:28:56] genewalk.deepwalk - Walks for 34300/43209 nodes complete in 182.47s
INFO: [2023-11-25 00:28:56] genewalk.deepwalk - Walks for 34400/43209 nodes complete in 182.57s
INFO: [2023-11-25 00:28:56] genewalk.deepwalk - Walks for 34500/43209 nodes complete in 182.68s
INFO: [2023-11-25 00:28:56] genewalk.deepwalk - Walks for 34600/43209 nodes complete in 182.79s
INFO: [2023-11-25 00:28:56] genewalk.deepwalk - Walks for 34700/43209 nodes complete in 182.90s
INFO: [2023-11-25 00:28:56] genewalk.deepwalk - Walks for 34800/43209 nodes complete in 183.01s
INFO: [2023-11-25 00:28:57] genewalk.deepwalk - Walks for 34900/43209 nodes complete in 183.11s
INFO: [2023-11-25 00:28:57] genewalk.deepwalk - Walks for 35000/43209 nodes complete in 183.22s
INFO: [2023-11-25 00:28:57] genewalk.deepwalk - Walks for 35100/43209 nodes complete in 183.33s
INFO: [2023-11-25 00:28:57] genewalk.deepwalk - Walks for 35200/43209 nodes complete in 183.44s
INFO: [2023-11-25 00:28:57] genewalk.deepwalk - Walks for 35300/43209 nodes complete in 183.55s
INFO: [2023-11-25 00:28:57] genewalk.deepwalk - Walks for 35400/43209 nodes complete in 183.66s
INFO: [2023-11-25 00:28:57] genewalk.deepwalk - Walks for 35500/43209 nodes complete in 183.77s
INFO: [2023-11-25 00:28:57] genewalk.deepwalk - Walks for 35600/43209 nodes complete in 183.88s
INFO: [2023-11-25 00:28:57] genewalk.deepwalk - Walks for 35700/43209 nodes complete in 183.99s
INFO: [2023-11-25 00:28:58] genewalk.deepwalk - Walks for 35800/43209 nodes complete in 184.10s
INFO: [2023-11-25 00:28:58] genewalk.deepwalk - Walks for 35900/43209 nodes complete in 184.20s
INFO: [2023-11-25 00:28:58] genewalk.deepwalk - Walks for 36000/43209 nodes complete in 184.31s
INFO: [2023-11-25 00:28:58] genewalk.deepwalk - Walks for 36100/43209 nodes complete in 184.42s
INFO: [2023-11-25 00:28:58] genewalk.deepwalk - Walks for 36200/43209 nodes complete in 184.53s
INFO: [2023-11-25 00:28:58] genewalk.deepwalk - Walks for 36300/43209 nodes complete in 184.64s
INFO: [2023-11-25 00:28:58] genewalk.deepwalk - Walks for 36400/43209 nodes complete in 184.75s
INFO: [2023-11-25 00:28:58] genewalk.deepwalk - Walks for 36500/43209 nodes complete in 184.86s
INFO: [2023-11-25 00:28:58] genewalk.deepwalk - Walks for 36600/43209 nodes complete in 184.97s
INFO: [2023-11-25 00:28:58] genewalk.deepwalk - Walks for 36700/43209 nodes complete in 185.08s
INFO: [2023-11-25 00:28:59] genewalk.deepwalk - Walks for 36800/43209 nodes complete in 185.18s
INFO: [2023-11-25 00:28:59] genewalk.deepwalk - Walks for 36900/43209 nodes complete in 185.29s
INFO: [2023-11-25 00:28:59] genewalk.deepwalk - Walks for 37000/43209 nodes complete in 185.40s
INFO: [2023-11-25 00:28:59] genewalk.deepwalk - Walks for 37100/43209 nodes complete in 185.51s
INFO: [2023-11-25 00:28:59] genewalk.deepwalk - Walks for 37200/43209 nodes complete in 185.62s
INFO: [2023-11-25 00:28:59] genewalk.deepwalk - Walks for 37300/43209 nodes complete in 185.73s
INFO: [2023-11-25 00:28:59] genewalk.deepwalk - Walks for 37400/43209 nodes complete in 185.83s
INFO: [2023-11-25 00:28:59] genewalk.deepwalk - Walks for 37500/43209 nodes complete in 185.94s
INFO: [2023-11-25 00:28:59] genewalk.deepwalk - Walks for 37600/43209 nodes complete in 186.05s
INFO: [2023-11-25 00:29:00] genewalk.deepwalk - Walks for 37700/43209 nodes complete in 186.16s
INFO: [2023-11-25 00:29:00] genewalk.deepwalk - Walks for 37800/43209 nodes complete in 186.26s
INFO: [2023-11-25 00:29:00] genewalk.deepwalk - Walks for 37900/43209 nodes complete in 186.37s
INFO: [2023-11-25 00:29:00] genewalk.deepwalk - Walks for 38000/43209 nodes complete in 186.48s
INFO: [2023-11-25 00:29:00] genewalk.deepwalk - Walks for 38100/43209 nodes complete in 186.59s
INFO: [2023-11-25 00:29:00] genewalk.deepwalk - Walks for 38200/43209 nodes complete in 186.70s
INFO: [2023-11-25 00:29:00] genewalk.deepwalk - Walks for 38300/43209 nodes complete in 186.81s
INFO: [2023-11-25 00:29:00] genewalk.deepwalk - Walks for 38400/43209 nodes complete in 186.92s
INFO: [2023-11-25 00:29:00] genewalk.deepwalk - Walks for 38500/43209 nodes complete in 187.02s
INFO: [2023-11-25 00:29:01] genewalk.deepwalk - Walks for 38600/43209 nodes complete in 187.13s
INFO: [2023-11-25 00:29:01] genewalk.deepwalk - Walks for 38700/43209 nodes complete in 187.24s
INFO: [2023-11-25 00:29:01] genewalk.deepwalk - Walks for 38800/43209 nodes complete in 187.35s
INFO: [2023-11-25 00:29:01] genewalk.deepwalk - Walks for 38900/43209 nodes complete in 187.46s
INFO: [2023-11-25 00:29:01] genewalk.deepwalk - Walks for 39000/43209 nodes complete in 187.56s
INFO: [2023-11-25 00:29:01] genewalk.deepwalk - Walks for 39100/43209 nodes complete in 187.67s
INFO: [2023-11-25 00:29:01] genewalk.deepwalk - Walks for 39200/43209 nodes complete in 187.78s
INFO: [2023-11-25 00:29:01] genewalk.deepwalk - Walks for 39300/43209 nodes complete in 187.89s
INFO: [2023-11-25 00:29:01] genewalk.deepwalk - Walks for 39400/43209 nodes complete in 188.00s
INFO: [2023-11-25 00:29:02] genewalk.deepwalk - Walks for 39500/43209 nodes complete in 188.11s
INFO: [2023-11-25 00:29:02] genewalk.deepwalk - Walks for 39600/43209 nodes complete in 188.21s
INFO: [2023-11-25 00:29:02] genewalk.deepwalk - Walks for 39700/43209 nodes complete in 188.32s
INFO: [2023-11-25 00:29:02] genewalk.deepwalk - Walks for 39800/43209 nodes complete in 188.43s
INFO: [2023-11-25 00:29:02] genewalk.deepwalk - Walks for 39900/43209 nodes complete in 188.54s
INFO: [2023-11-25 00:29:02] genewalk.deepwalk - Walks for 40000/43209 nodes complete in 188.65s
INFO: [2023-11-25 00:29:02] genewalk.deepwalk - Walks for 40100/43209 nodes complete in 188.76s
INFO: [2023-11-25 00:29:02] genewalk.deepwalk - Walks for 40200/43209 nodes complete in 188.87s
INFO: [2023-11-25 00:29:02] genewalk.deepwalk - Walks for 40300/43209 nodes complete in 188.97s
INFO: [2023-11-25 00:29:02] genewalk.deepwalk - Walks for 40400/43209 nodes complete in 189.08s
INFO: [2023-11-25 00:29:03] genewalk.deepwalk - Walks for 40500/43209 nodes complete in 189.19s
INFO: [2023-11-25 00:29:03] genewalk.deepwalk - Walks for 40600/43209 nodes complete in 189.30s
INFO: [2023-11-25 00:29:03] genewalk.deepwalk - Walks for 40700/43209 nodes complete in 189.41s
INFO: [2023-11-25 00:29:03] genewalk.deepwalk - Walks for 40800/43209 nodes complete in 189.52s
INFO: [2023-11-25 00:29:03] genewalk.deepwalk - Walks for 40900/43209 nodes complete in 189.63s
INFO: [2023-11-25 00:29:03] genewalk.deepwalk - Walks for 41000/43209 nodes complete in 189.73s
INFO: [2023-11-25 00:29:03] genewalk.deepwalk - Walks for 41100/43209 nodes complete in 189.84s
INFO: [2023-11-25 00:29:03] genewalk.deepwalk - Walks for 41200/43209 nodes complete in 189.95s
INFO: [2023-11-25 00:29:03] genewalk.deepwalk - Walks for 41300/43209 nodes complete in 190.06s
INFO: [2023-11-25 00:29:04] genewalk.deepwalk - Walks for 41400/43209 nodes complete in 190.17s
INFO: [2023-11-25 00:29:04] genewalk.deepwalk - Walks for 41500/43209 nodes complete in 190.28s
INFO: [2023-11-25 00:29:04] genewalk.deepwalk - Walks for 41600/43209 nodes complete in 190.39s
INFO: [2023-11-25 00:29:04] genewalk.deepwalk - Walks for 41700/43209 nodes complete in 190.49s
INFO: [2023-11-25 00:29:04] genewalk.deepwalk - Walks for 41800/43209 nodes complete in 190.60s
INFO: [2023-11-25 00:29:04] genewalk.deepwalk - Walks for 41900/43209 nodes complete in 190.71s
INFO: [2023-11-25 00:29:04] genewalk.deepwalk - Walks for 42000/43209 nodes complete in 190.82s
INFO: [2023-11-25 00:29:04] genewalk.deepwalk - Walks for 42100/43209 nodes complete in 190.93s
INFO: [2023-11-25 00:29:04] genewalk.deepwalk - Walks for 42200/43209 nodes complete in 191.04s
INFO: [2023-11-25 00:29:05] genewalk.deepwalk - Walks for 42300/43209 nodes complete in 191.14s
INFO: [2023-11-25 00:29:05] genewalk.deepwalk - Walks for 42400/43209 nodes complete in 191.25s
INFO: [2023-11-25 00:29:05] genewalk.deepwalk - Walks for 42500/43209 nodes complete in 191.37s
INFO: [2023-11-25 00:29:05] genewalk.deepwalk - Walks for 42600/43209 nodes complete in 191.49s
INFO: [2023-11-25 00:29:05] genewalk.deepwalk - Walks for 42700/43209 nodes complete in 191.60s
INFO: [2023-11-25 00:29:05] genewalk.deepwalk - Walks for 42800/43209 nodes complete in 191.71s
INFO: [2023-11-25 00:29:05] genewalk.deepwalk - Walks for 42900/43209 nodes complete in 191.81s
INFO: [2023-11-25 00:29:05] genewalk.deepwalk - Walks for 43000/43209 nodes complete in 191.92s
INFO: [2023-11-25 00:29:05] genewalk.deepwalk - Walks for 43100/43209 nodes complete in 192.03s
INFO: [2023-11-25 00:29:06] genewalk.deepwalk - Walks for 43200/43209 nodes complete in 192.13s
INFO: [2023-11-25 00:29:06] genewalk.deepwalk - Running random walks done in 192.13s
INFO: [2023-11-25 00:29:06] genewalk.deepwalk - Generating node vectors...
INFO: [2023-11-25 00:50:38] genewalk.deepwalk - Generating node vectors done in 1292.35s
INFO: [2023-11-25 00:50:38] genewalk.cli - Saving into /home/z3533223/genewalk/upf3b-all/deepwalk_node_vectors_rand_3.pkl...
INFO: [2023-11-25 00:50:42] genewalk.cli - Saving into /home/z3533223/genewalk/upf3b-all/genewalk_rand_simdists.pkl...
INFO: [2023-11-25 00:50:42] genewalk.cli - Loading /home/z3533223/genewalk/upf3b-all/multi_graph.pkl...
INFO: [2023-11-25 00:50:42] genewalk.cli - Loading /home/z3533223/genewalk/upf3b-all/genes.pkl...
INFO: [2023-11-25 00:50:42] genewalk.cli - Loading /home/z3533223/genewalk/upf3b-all/deepwalk_node_vectors_1.pkl...
INFO: [2023-11-25 00:50:42] genewalk.cli - Loading /home/z3533223/genewalk/upf3b-all/deepwalk_node_vectors_2.pkl...
INFO: [2023-11-25 00:50:42] genewalk.cli - Loading /home/z3533223/genewalk/upf3b-all/deepwalk_node_vectors_3.pkl...
INFO: [2023-11-25 00:50:42] genewalk.cli - Loading /home/z3533223/genewalk/upf3b-all/genewalk_rand_simdists.pkl...
INFO: [2023-11-25 00:50:48] genewalk.cli - Saving final results into /home/z3533223/genewalk/upf3b-all/genewalk_results.csv
INFO: [2023-11-25 00:50:48] genewalk.cli - Creating figures folder at /home/z3533223/genewalk/upf3b-all/figures
INFO: [2023-11-25 00:50:48] genewalk.cli - Creating barplots folder at /home/z3533223/genewalk/upf3b-all/figures/barplots
INFO: [2023-11-25 00:50:49] genewalk.plot - Scatter plot data output to genewalk_scatterplots.csv...
INFO: [2023-11-25 00:50:51] genewalk.plot - Regulator genes plotted in regulators_x_gene_con_y_frac_rel_go...
INFO: [2023-11-25 00:50:51] genewalk.plot - Regulator genes listed in genewalk_regulators.csv...
INFO: [2023-11-25 00:50:52] genewalk.plot - Moonlighting genes plotted in moonlighters_x_go_con_y_frac_rel_go...
INFO: [2023-11-25 00:50:52] genewalk.plot - Moonlighting genes listed in genewalk_moonlighters.csv...
INFO: [2023-11-25 00:50:53] genewalk.plot - Barplot generated for MGI:1339998 in barplot_EFEMP1_MGI:1339998_x_mlog10global_padj_y_GO....
INFO: [2023-11-25 00:50:53] genewalk.plot - Barplot generated for MGI:1934765 in barplot_GPNMB_MGI:1934765_x_mlog10global_padj_y_GO....
INFO: [2023-11-25 00:50:53] genewalk.plot - Barplot generated for MGI:1915384 in barplot_UPF3B_MGI:1915384_x_mlog10global_padj_y_GO....
INFO: [2023-11-25 00:50:54] genewalk.plot - Barplot generated for MGI:103077 in barplot_STX3_MGI:103077_x_mlog10global_padj_y_GO....
INFO: [2023-11-25 00:50:55] genewalk.plot - Barplot generated for MGI:1919769 in barplot_PIP4P2_MGI:1919769_x_mlog10global_padj_y_GO....
INFO: [2023-11-25 00:50:56] genewalk.plot - Barplot generated for MGI:99517 in barplot_HSPA1B_MGI:99517_x_mlog10global_padj_y_GO....
INFO: [2023-11-25 00:50:56] genewalk.plot - Barplot generated for MGI:1349450 in barplot_VAT1_MGI:1349450_x_mlog10global_padj_y_GO....
INFO: [2023-11-25 00:50:56] genewalk.plot - Barplot generated for MGI:1349429 in barplot_ARL2BP_MGI:1349429_x_mlog10global_padj_y_GO....
INFO: [2023-11-25 00:50:57] genewalk.plot - Barplot generated for MGI:88458 in barplot_COL5A2_MGI:88458_x_mlog10global_padj_y_GO....
INFO: [2023-11-25 00:50:57] genewalk.plot - Barplot generated for MGI:98973 in barplot_XDH_MGI:98973_x_mlog10global_padj_y_GO....
INFO: [2023-11-25 00:50:58] genewalk.plot - Barplot generated for MGI:1261864 in barplot_WIPI1_MGI:1261864_x_mlog10global_padj_y_GO....
INFO: [2023-11-25 00:50:58] genewalk.plot - Barplot generated for MGI:88459 in barplot_COL6A1_MGI:88459_x_mlog10global_padj_y_GO....
INFO: [2023-11-25 00:50:59] genewalk.plot - Barplot generated for MGI:88460 in barplot_COL6A2_MGI:88460_x_mlog10global_padj_y_GO....
INFO: [2023-11-25 00:50:59] genewalk.plot - Barplot generated for MGI:88453 in barplot_COL3A1_MGI:88453_x_mlog10global_padj_y_GO....
INFO: [2023-11-25 00:51:00] genewalk.plot - Barplot generated for MGI:1344392 in barplot_CAPN10_MGI:1344392_x_mlog10global_padj_y_GO....
INFO: [2023-11-25 00:51:00] genewalk.plot - Barplot generated for MGI:2180566 in barplot_PNMA5_MGI:2180566_x_mlog10global_padj_y_GO....
INFO: [2023-11-25 00:51:00] genewalk.plot - Barplot generated for MGI:1197008 in barplot_CCN4_MGI:1197008_x_mlog10global_padj_y_GO....
INFO: [2023-11-25 00:51:00] genewalk.plot - Barplot generated for MGI:1916801 in barplot_C1orf198_MGI:1916801_x_mlog10global_padj_y_GO....
INFO: [2023-11-25 00:51:00] genewalk.plot - Barplot generated for MGI:1916806 in barplot_BOD1L2_MGI:1916806_x_mlog10global_padj_y_GO....
INFO: [2023-11-25 00:51:01] genewalk.plot - Barplot generated for MGI:107700 in barplot_CASP5_MGI:107700_x_mlog10global_padj_y_GO....
INFO: [2023-11-25 00:51:01] genewalk.plot - Barplot generated for MGI:96616 in barplot_ITGB7_MGI:96616_x_mlog10global_padj_y_GO....
INFO: [2023-11-25 00:51:03] genewalk.plot - Barplot generated for MGI:98737 in barplot_THBS1_MGI:98737_x_mlog10global_padj_y_GO....
INFO: [2023-11-25 00:51:03] genewalk.plot - Barplot generated for MGI:1913310 in barplot_CYSTM1_MGI:1913310_x_mlog10global_padj_y_GO....
INFO: [2023-11-25 00:51:04] genewalk.plot - Barplot generated for MGI:96606 in barplot_ITGAL_MGI:96606_x_mlog10global_padj_y_GO....
INFO: [2023-11-25 00:51:04] genewalk.plot - Barplot generated for MGI:1312922 in barplot_CASP12_MGI:1312922_x_mlog10global_padj_y_GO....
INFO: [2023-11-25 00:51:05] genewalk.plot - Barplot generated for MGI:2137679 in barplot_SFXN3_MGI:2137679_x_mlog10global_padj_y_GO....
INFO: [2023-11-25 00:51:05] genewalk.plot - Barplot generated for MGI:1333798 in barplot_AVIL_MGI:1333798_x_mlog10global_padj_y_GO....
WARNING: [2023-11-25 00:51:05] genewalk.plot - No results for gene id MGI:3782245:                             could not produce barplot
INFO: [2023-11-25 00:51:05] genewalk.plot - Barplot generated for MGI:97305 in barplot_NEU1_MGI:97305_x_mlog10global_padj_y_GO....
INFO: [2023-11-25 00:51:06] genewalk.plot - Barplot generated for MGI:88491 in barplot_CRABP2_MGI:88491_x_mlog10global_padj_y_GO....
INFO: [2023-11-25 00:51:06] genewalk.plot - Barplot generated for MGI:1858227 in barplot_CDKL2_MGI:1858227_x_mlog10global_padj_y_GO....
INFO: [2023-11-25 00:51:07] genewalk.plot - Barplot generated for MGI:96244 in barplot_HSPA1B_MGI:96244_x_mlog10global_padj_y_GO....
INFO: [2023-11-25 00:51:08] genewalk.plot - Barplot generated for MGI:2444773 in barplot_MAVS_MGI:2444773_x_mlog10global_padj_y_GO....
INFO: [2023-11-25 00:51:08] genewalk.plot - Barplot generated for MGI:1914877 in barplot_OLFML3_MGI:1914877_x_mlog10global_padj_y_GO....
INFO: [2023-11-25 00:51:09] genewalk.plot - Barplot generated for MGI:1346016 in barplot_ARHGEF28_MGI:1346016_x_mlog10global_padj_y_GO....
INFO: [2023-11-25 00:51:09] genewalk.plot - Barplot generated for MGI:94917 in barplot_DPEP1_MGI:94917_x_mlog10global_padj_y_GO....
INFO: [2023-11-25 00:51:09] genewalk.plot - Barplot generated for MGI:1928392 in barplot_DPT_MGI:1928392_x_mlog10global_padj_y_GO....
INFO: [2023-11-25 00:51:10] genewalk.plot - Barplot generated for MGI:2152214 in barplot_PIP4K2C_MGI:2152214_x_mlog10global_padj_y_GO....
INFO: [2023-11-25 00:51:10] genewalk.plot - Barplot generated for MGI:2386052 in barplot_CERK_MGI:2386052_x_mlog10global_padj_y_GO....
INFO: [2023-11-25 00:51:10] genewalk.plot - Barplot generated for MGI:97302 in barplot_NEDD9_MGI:97302_x_mlog10global_padj_y_GO....
INFO: [2023-11-25 00:51:11] genewalk.plot - Barplot generated for MGI:96396 in barplot_ID1_MGI:96396_x_mlog10global_padj_y_GO....
INFO: [2023-11-25 00:51:11] genewalk.plot - Barplot generated for MGI:1859646 in barplot_GOLGA4_MGI:1859646_x_mlog10global_padj_y_GO....
INFO: [2023-11-25 00:51:12] genewalk.plot - Barplot generated for MGI:95574 in barplot_FOS_MGI:95574_x_mlog10global_padj_y_GO....
INFO: [2023-11-25 00:51:12] genewalk.plot - Barplot generated for MGI:2153044 in barplot_ELMO1_MGI:2153044_x_mlog10global_padj_y_GO....
WARNING: [2023-11-25 00:51:12] genewalk.plot - No results for gene id MGI:1926005:                             could not produce barplot
WARNING: [2023-11-25 00:51:12] genewalk.plot - No results for gene id MGI:1913772:                             could not produce barplot
INFO: [2023-11-25 00:51:12] genewalk.plot - Barplot generated for MGI:1353586 in barplot_LMO7_MGI:1353586_x_mlog10global_padj_y_GO....
WARNING: [2023-11-25 00:51:12] genewalk.plot - No results for gene id MGI:2156774:                             could not produce barplot
INFO: [2023-11-25 00:51:13] genewalk.plot - Barplot generated for MGI:1277103 in barplot_NUDCD2_MGI:1277103_x_mlog10global_padj_y_GO....
INFO: [2023-11-25 00:51:13] genewalk.plot - Barplot generated for MGI:109568 in barplot_WBP4_MGI:109568_x_mlog10global_padj_y_GO....
INFO: [2023-11-25 00:51:13] genewalk.plot - Barplot generated for MGI:2444826 in barplot_VASH2_MGI:2444826_x_mlog10global_padj_y_GO....
INFO: [2023-11-25 00:51:14] genewalk.plot - Barplot generated for MGI:88457 in barplot_COL5A1_MGI:88457_x_mlog10global_padj_y_GO....
INFO: [2023-11-25 00:51:14] genewalk.plot - Barplot generated for MGI:98389 in barplot_SPP1_MGI:98389_x_mlog10global_padj_y_GO....
INFO: [2023-11-25 00:51:15] genewalk.plot - Barplot generated for MGI:88067 in barplot_ARC_MGI:88067_x_mlog10global_padj_y_GO....
INFO: [2023-11-25 00:51:15] genewalk.plot - Barplot generated for MGI:2135760 in barplot_SGPP1_MGI:2135760_x_mlog10global_padj_y_GO....
INFO: [2023-11-25 00:51:15] genewalk.plot - Barplot generated for MGI:2138935 in barplot_EEIG1_MGI:2138935_x_mlog10global_padj_y_GO....
INFO: [2023-11-25 00:51:16] genewalk.plot - Barplot generated for MGI:1913819 in barplot_GDPD1_MGI:1913819_x_mlog10global_padj_y_GO....
INFO: [2023-11-25 00:51:16] genewalk.plot - Barplot generated for MGI:96544 in barplot_CASP1_MGI:96544_x_mlog10global_padj_y_GO....
INFO: [2023-11-25 00:51:17] genewalk.plot - Barplot generated for MGI:87902 in barplot_ACTA1_MGI:87902_x_mlog10global_padj_y_GO....
INFO: [2023-11-25 00:51:17] genewalk.plot - Barplot generated for MGI:1915464 in barplot_GSTO2_MGI:1915464_x_mlog10global_padj_y_GO....
INFO: [2023-11-25 00:51:18] genewalk.plot - Barplot generated for MGI:2180781 in barplot_SLC8B1_MGI:2180781_x_mlog10global_padj_y_GO....
INFO: [2023-11-25 00:51:18] genewalk.plot - Barplot generated for MGI:88315 in barplot_CCND3_MGI:88315_x_mlog10global_padj_y_GO....
INFO: [2023-11-25 00:51:18] genewalk.plot - Barplot generated for MGI:2443318 in barplot_UAP1L1_MGI:2443318_x_mlog10global_padj_y_GO....
INFO: [2023-11-25 00:51:19] genewalk.plot - Barplot generated for MGI:893575 in barplot_PLSCR1_MGI:893575_x_mlog10global_padj_y_GO....
INFO: [2023-11-25 00:51:19] genewalk.plot - Barplot generated for MGI:105940 in barplot_RENBP_MGI:105940_x_mlog10global_padj_y_GO....
INFO: [2023-11-25 00:51:20] genewalk.plot - Barplot generated for MGI:1914939 in barplot_ALDH3B1_MGI:1914939_x_mlog10global_padj_y_GO....
INFO: [2023-11-25 00:51:20] genewalk.plot - Barplot generated for MGI:1915678 in barplot_STEAP3_MGI:1915678_x_mlog10global_padj_y_GO....
INFO: [2023-11-25 00:51:21] genewalk.plot - Barplot generated for MGI:99512 in barplot_CCL7_MGI:99512_x_mlog10global_padj_y_GO....
INFO: [2023-11-25 00:51:21] genewalk.plot - Barplot generated for MGI:103181 in barplot_SOD3_MGI:103181_x_mlog10global_padj_y_GO....
INFO: [2023-11-25 00:51:21] genewalk.plot - Barplot generated for MGI:1919154 in barplot_PAQR7_MGI:1919154_x_mlog10global_padj_y_GO....
INFO: [2023-11-25 00:51:22] genewalk.plot - Barplot generated for MGI:1100500 in barplot_FLOT1_MGI:1100500_x_mlog10global_padj_y_GO....
INFO: [2023-11-25 00:51:23] genewalk.plot - Barplot generated for MGI:87920 in barplot_PLIN2_MGI:87920_x_mlog10global_padj_y_GO....
INFO: [2023-11-25 00:51:23] genewalk.plot - Barplot generated for MGI:107285 in barplot_CTSH_MGI:107285_x_mlog10global_padj_y_GO....
INFO: [2023-11-25 00:51:24] genewalk.plot - Barplot generated for MGI:1335088 in barplot_PSTPIP2_MGI:1335088_x_mlog10global_padj_y_GO....
INFO: [2023-11-25 00:51:25] genewalk.plot - Barplot generated for MGI:95933 in barplot_HLA-E_MGI:95933_x_mlog10global_padj_y_GO....
WARNING: [2023-11-25 00:51:25] genewalk.plot - No results for gene id MGI:5141924:                             could not produce barplot
INFO: [2023-11-25 00:51:25] genewalk.plot - Barplot generated for MGI:2154244 in barplot_PLXND1_MGI:2154244_x_mlog10global_padj_y_GO....
INFO: [2023-11-25 00:51:25] genewalk.plot - Barplot generated for MGI:98289 in barplot_SCG5_MGI:98289_x_mlog10global_padj_y_GO....
INFO: [2023-11-25 00:51:26] genewalk.plot - Barplot generated for MGI:95802 in barplot_GPT_MGI:95802_x_mlog10global_padj_y_GO....
INFO: [2023-11-25 00:51:26] genewalk.plot - Barplot generated for MGI:1914323 in barplot_PI4K2B_MGI:1914323_x_mlog10global_padj_y_GO....
INFO: [2023-11-25 00:51:26] genewalk.plot - Barplot generated for MGI:1338779 in barplot_PURB_MGI:1338779_x_mlog10global_padj_y_GO....
INFO: [2023-11-25 00:51:27] genewalk.plot - Barplot generated for MGI:104533 in barplot_CCL23_MGI:104533_x_mlog10global_padj_y_GO....
INFO: [2023-11-25 00:51:27] genewalk.plot - Barplot generated for MGI:1916318 in barplot_TCIM_MGI:1916318_x_mlog10global_padj_y_GO....
INFO: [2023-11-25 00:51:27] genewalk.plot - Barplot generated for MGI:2385067 in barplot_LIMS2_MGI:2385067_x_mlog10global_padj_y_GO....
INFO: [2023-11-25 00:51:28] genewalk.plot - Barplot generated for MGI:1913340 in barplot_YPEL3_MGI:1913340_x_mlog10global_padj_y_GO....
INFO: [2023-11-25 00:51:28] genewalk.plot - Barplot generated for MGI:1918128 in barplot_CCDC136_MGI:1918128_x_mlog10global_padj_y_GO....
INFO: [2023-11-25 00:51:29] genewalk.plot - Barplot generated for MGI:98731 in barplot_TGM2_MGI:98731_x_mlog10global_padj_y_GO....
INFO: [2023-11-25 00:51:29] genewalk.plot - Barplot generated for MGI:1354721 in barplot_SLC25A13_MGI:1354721_x_mlog10global_padj_y_GO....
INFO: [2023-11-25 00:51:29] genewalk.plot - Barplot generated for MGI:1932288 in barplot_EGLN3_MGI:1932288_x_mlog10global_padj_y_GO....
INFO: [2023-11-25 00:51:30] genewalk.plot - Barplot generated for MGI:2443738 in barplot_CLBA1_MGI:2443738_x_mlog10global_padj_y_GO....
INFO: [2023-11-25 00:51:30] genewalk.plot - Barplot generated for MGI:101863 in barplot_ALDOC_MGI:101863_x_mlog10global_padj_y_GO....
INFO: [2023-11-25 00:51:30] genewalk.plot - Barplot generated for MGI:1921660 in barplot_TTLL11_MGI:1921660_x_mlog10global_padj_y_GO....
INFO: [2023-11-25 00:51:31] genewalk.plot - Barplot generated for MGI:1914291 in barplot_OXCT1_MGI:1914291_x_mlog10global_padj_y_GO....
INFO: [2023-11-25 00:51:31] genewalk.plot - Barplot generated for MGI:88038 in barplot_FABP4_MGI:88038_x_mlog10global_padj_y_GO....
INFO: [2023-11-25 00:51:31] genewalk.plot - Barplot generated for MGI:1341799 in barplot_NDRG1_MGI:1341799_x_mlog10global_padj_y_GO....
INFO: [2023-11-25 00:51:32] genewalk.plot - Barplot generated for MGI:2441854 in barplot_ATOSB_MGI:2441854_x_mlog10global_padj_y_GO....
INFO: [2023-11-25 00:51:32] genewalk.plot - Barplot generated for MGI:2138302 in barplot_IFI16_MGI:2138302_x_mlog10global_padj_y_GO....
INFO: [2023-11-25 00:51:33] genewalk.plot - Barplot generated for MGI:1919254 in barplot_C1QTNF1_MGI:1919254_x_mlog10global_padj_y_GO....
INFO: [2023-11-25 00:51:33] genewalk.plot - Barplot generated for MGI:2148252 in barplot_ZNF616_MGI:2148252_x_mlog10global_padj_y_GO....
WARNING: [2023-11-25 00:51:33] genewalk.plot - No results for gene id MGI:1914954:                             could not produce barplot
INFO: [2023-11-25 00:51:34] genewalk.plot - Barplot generated for MGI:1316649 in barplot_SPHK1_MGI:1316649_x_mlog10global_padj_y_GO....
INFO: [2023-11-25 00:51:35] genewalk.plot - Barplot generated for MGI:99607 in barplot_ABCA1_MGI:99607_x_mlog10global_padj_y_GO....
INFO: [2023-11-25 00:51:35] genewalk.plot - Barplot generated for MGI:1914930 in barplot_SDHB_MGI:1914930_x_mlog10global_padj_y_GO....
INFO: [2023-11-25 00:51:36] genewalk.plot - Barplot generated for MGI:1930704 in barplot_BHLHE41_MGI:1930704_x_mlog10global_padj_y_GO....
INFO: [2023-11-25 00:51:36] genewalk.plot - Barplot generated for MGI:1914500 in barplot_UBE2L6_MGI:1914500_x_mlog10global_padj_y_GO....
INFO: [2023-11-25 00:51:36] genewalk.plot - Barplot generated for MGI:2138828 in barplot_EPS8L2_MGI:2138828_x_mlog10global_padj_y_GO....
INFO: [2023-11-25 00:51:37] genewalk.plot - Barplot generated for MGI:894659 in barplot_HBP1_MGI:894659_x_mlog10global_padj_y_GO....
INFO: [2023-11-25 00:51:37] genewalk.plot - Barplot generated for MGI:2444797 in barplot_XYLT2_MGI:2444797_x_mlog10global_padj_y_GO....
INFO: [2023-11-25 00:51:37] genewalk.plot - Barplot generated for MGI:1261422 in barplot_NAGA_MGI:1261422_x_mlog10global_padj_y_GO....
INFO: [2023-11-25 00:51:38] genewalk.plot - Barplot generated for MGI:700011 in barplot_SH3GL3_MGI:700011_x_mlog10global_padj_y_GO....
INFO: [2023-11-25 00:51:38] genewalk.plot - Barplot generated for MGI:2441884 in barplot_MRGPRE_MGI:2441884_x_mlog10global_padj_y_GO....
INFO: [2023-11-25 00:51:38] genewalk.plot - Barplot generated for MGI:2447188 in barplot_CA9_MGI:2447188_x_mlog10global_padj_y_GO....
INFO: [2023-11-25 00:51:39] genewalk.plot - Barplot generated for MGI:98259 in barplot_CCL13_MGI:98259_x_mlog10global_padj_y_GO....
INFO: [2023-11-25 00:51:39] genewalk.plot - Barplot generated for MGI:894668 in barplot_SERPINB9_MGI:894668_x_mlog10global_padj_y_GO....
INFO: [2023-11-25 00:51:39] genewalk.plot - Barplot generated for MGI:2136886 in barplot_RTN4R_MGI:2136886_x_mlog10global_padj_y_GO....
INFO: [2023-11-25 00:51:40] genewalk.plot - Barplot generated for MGI:2652817 in barplot_MTMR11_MGI:2652817_x_mlog10global_padj_y_GO....
INFO: [2023-11-25 00:51:41] genewalk.plot - Barplot generated for MGI:96534 in barplot_CD74_MGI:96534_x_mlog10global_padj_y_GO....
INFO: [2023-11-25 00:51:41] genewalk.plot - Barplot generated for MGI:1916803 in barplot_RIPOR3_MGI:1916803_x_mlog10global_padj_y_GO....
INFO: [2023-11-25 00:51:41] genewalk.plot - Barplot generated for MGI:1196217 in barplot_TCAIM_MGI:1196217_x_mlog10global_padj_y_GO....
INFO: [2023-11-25 00:51:41] genewalk.plot - Barplot generated for MGI:1921518 in barplot_AVEN_MGI:1921518_x_mlog10global_padj_y_GO....
INFO: [2023-11-25 00:51:41] genewalk.plot - Barplot generated for MGI:2446129 in barplot_CRACR2B_MGI:2446129_x_mlog10global_padj_y_GO....
INFO: [2023-11-25 00:51:42] genewalk.plot - Barplot generated for MGI:1914084 in barplot_ACOT13_MGI:1914084_x_mlog10global_padj_y_GO....
INFO: [2023-11-25 00:51:42] genewalk.plot - Barplot generated for MGI:104960 in barplot_TNFAIP2_MGI:104960_x_mlog10global_padj_y_GO....
INFO: [2023-11-25 00:51:42] genewalk.plot - Barplot generated for MGI:2385244 in barplot_TMEM150A_MGI:2385244_x_mlog10global_padj_y_GO....
INFO: [2023-11-25 00:51:42] genewalk.plot - Barplot generated for MGI:2448481 in barplot_MGST2_MGI:2448481_x_mlog10global_padj_y_GO....
INFO: [2023-11-25 00:51:43] genewalk.plot - Barplot generated for MGI:3606001 in barplot_APOL2_MGI:3606001_x_mlog10global_padj_y_GO....
INFO: [2023-11-25 00:51:43] genewalk.plot - Barplot generated for MGI:1194898 in barplot_PPL_MGI:1194898_x_mlog10global_padj_y_GO....
INFO: [2023-11-25 00:51:43] genewalk.plot - Barplot generated for MGI:2140651 in barplot_NHSL3_MGI:2140651_x_mlog10global_padj_y_GO....
INFO: [2023-11-25 00:51:43] genewalk.plot - Barplot generated for MGI:1916575 in barplot_C11orf97_MGI:1916575_x_mlog10global_padj_y_GO....
INFO: [2023-11-25 00:51:43] genewalk.plot - Barplot generated for MGI:88077 in barplot_ARSA_MGI:88077_x_mlog10global_padj_y_GO....
INFO: [2023-11-25 00:51:44] genewalk.plot - Barplot generated for MGI:1917188 in barplot_SCRN1_MGI:1917188_x_mlog10global_padj_y_GO....
INFO: [2023-11-25 00:51:44] genewalk.plot - Barplot generated for MGI:102726 in barplot_DCK_MGI:102726_x_mlog10global_padj_y_GO....
INFO: [2023-11-25 00:51:44] genewalk.plot - Barplot generated for MGI:104719 in barplot_NDST1_MGI:104719_x_mlog10global_padj_y_GO....
INFO: [2023-11-25 00:51:45] genewalk.plot - Barplot generated for MGI:1923035 in barplot_KLHL24_MGI:1923035_x_mlog10global_padj_y_GO....
INFO: [2023-11-25 00:51:45] genewalk.plot - Barplot generated for MGI:3051372 in barplot_USP17L30_MGI:3051372_x_mlog10global_padj_y_GO....
INFO: [2023-11-25 00:51:45] genewalk.plot - Barplot generated for MGI:99449 in barplot_IFIT2_MGI:99449_x_mlog10global_padj_y_GO....
INFO: [2023-11-25 00:51:45] genewalk.plot - Barplot generated for MGI:1341836 in barplot_TRPV2_MGI:1341836_x_mlog10global_padj_y_GO....
INFO: [2023-11-25 00:51:46] genewalk.plot - Barplot generated for MGI:1341909 in barplot_LY96_MGI:1341909_x_mlog10global_padj_y_GO....
INFO: [2023-11-25 00:51:46] genewalk.plot - Barplot generated for MGI:2444588 in barplot_TTC12_MGI:2444588_x_mlog10global_padj_y_GO....
INFO: [2023-11-25 00:51:47] genewalk.plot - Barplot generated for MGI:106603 in barplot_SERPINB9_MGI:106603_x_mlog10global_padj_y_GO....
INFO: [2023-11-25 00:51:47] genewalk.plot - Barplot generated for MGI:1924456 in barplot_ATP13A4_MGI:1924456_x_mlog10global_padj_y_GO....
INFO: [2023-11-25 00:51:47] genewalk.plot - Barplot generated for MGI:2447813 in barplot_SERAC1_MGI:2447813_x_mlog10global_padj_y_GO....
INFO: [2023-11-25 00:51:47] genewalk.plot - Barplot generated for MGI:109338 in barplot_RAP1GAP_MGI:109338_x_mlog10global_padj_y_GO....
INFO: [2023-11-25 00:51:48] genewalk.plot - Barplot generated for MGI:107461 in barplot_CSN3_MGI:107461_x_mlog10global_padj_y_GO....
INFO: [2023-11-25 00:51:49] genewalk.plot - Barplot generated for MGI:97531 in barplot_PDGFRB_MGI:97531_x_mlog10global_padj_y_GO....
INFO: [2023-11-25 00:51:49] genewalk.plot - Barplot generated for MGI:1333786 in barplot_CA6_MGI:1333786_x_mlog10global_padj_y_GO....
INFO: [2023-11-25 00:51:50] genewalk.plot - Barplot generated for MGI:3045246 in barplot_ARHGEF15_MGI:3045246_x_mlog10global_padj_y_GO....
INFO: [2023-11-25 00:51:50] genewalk.plot - Barplot generated for MGI:2673000 in barplot_TRIM46_MGI:2673000_x_mlog10global_padj_y_GO....
INFO: [2023-11-25 00:51:50] genewalk.plot - Barplot generated for MGI:2443672 in barplot_SLC12A8_MGI:2443672_x_mlog10global_padj_y_GO....
INFO: [2023-11-25 00:51:50] genewalk.plot - Barplot generated for MGI:103007 in barplot_EPB41L4A_MGI:103007_x_mlog10global_padj_y_GO....
INFO: [2023-11-25 00:51:50] genewalk.plot - Barplot generated for MGI:104678 in barplot_TM4SF1_MGI:104678_x_mlog10global_padj_y_GO....
INFO: [2023-11-25 00:51:51] genewalk.plot - Barplot generated for MGI:2147595 in barplot_CARNS1_MGI:2147595_x_mlog10global_padj_y_GO....
INFO: [2023-11-25 00:51:51] genewalk.plot - Barplot generated for MGI:2442558 in barplot_MROH1_MGI:2442558_x_mlog10global_padj_y_GO....
WARNING: [2023-11-25 00:51:51] genewalk.plot - No results for gene id MGI:1921728:                             could not produce barplot
INFO: [2023-11-25 00:51:51] genewalk.plot - Barplot generated for MGI:2176380 in barplot_MLPH_MGI:2176380_x_mlog10global_padj_y_GO....
INFO: [2023-11-25 00:51:52] genewalk.plot - Barplot generated for MGI:96602 in barplot_ITGA3_MGI:96602_x_mlog10global_padj_y_GO....
INFO: [2023-11-25 00:51:52] genewalk.plot - Barplot generated for MGI:2443977 in barplot_GCHFR_MGI:2443977_x_mlog10global_padj_y_GO....
INFO: [2023-11-25 00:51:52] genewalk.plot - Barplot generated for MGI:88158 in barplot_BGN_MGI:88158_x_mlog10global_padj_y_GO....
INFO: [2023-11-25 00:51:53] genewalk.plot - Barplot generated for MGI:94866 in barplot_DBP_MGI:94866_x_mlog10global_padj_y_GO....
INFO: [2023-11-25 00:51:53] genewalk.plot - Barplot generated for MGI:1919260 in barplot_SERPINB9_MGI:1919260_x_mlog10global_padj_y_GO....
INFO: [2023-11-25 00:51:53] genewalk.plot - Barplot generated for MGI:1336879 in barplot_FKBP7_MGI:1336879_x_mlog10global_padj_y_GO....
INFO: [2023-11-25 00:51:54] genewalk.plot - Barplot generated for MGI:87890 in barplot_CHRNB1_MGI:87890_x_mlog10global_padj_y_GO....
INFO: [2023-11-25 00:51:54] genewalk.plot - Barplot generated for MGI:1913451 in barplot_VTA1_MGI:1913451_x_mlog10global_padj_y_GO....
INFO: [2023-11-25 00:51:54] genewalk.plot - Barplot generated for MGI:104596 in barplot_PROCR_MGI:104596_x_mlog10global_padj_y_GO....
INFO: [2023-11-25 00:51:55] genewalk.plot - Barplot generated for MGI:107825 in barplot_ADAM8_MGI:107825_x_mlog10global_padj_y_GO....
INFO: [2023-11-25 00:51:55] genewalk.plot - Barplot generated for MGI:1915274 in barplot_H2BC10_MGI:1915274_x_mlog10global_padj_y_GO....
INFO: [2023-11-25 00:51:56] genewalk.plot - Barplot generated for MGI:1100537 in barplot_MID1_MGI:1100537_x_mlog10global_padj_y_GO....
INFO: [2023-11-25 00:51:56] genewalk.plot - Barplot generated for MGI:1930943 in barplot_RRAD_MGI:1930943_x_mlog10global_padj_y_GO....
INFO: [2023-11-25 00:51:56] genewalk.plot - Barplot generated for MGI:1338755 in barplot_RND2_MGI:1338755_x_mlog10global_padj_y_GO....
INFO: [2023-11-25 00:51:57] genewalk.plot - Barplot generated for MGI:893580 in barplot_PRTN3_MGI:893580_x_mlog10global_padj_y_GO....
INFO: [2023-11-25 00:51:57] genewalk.plot - Barplot generated for MGI:2388637 in barplot_WWC1_MGI:2388637_x_mlog10global_padj_y_GO....
INFO: [2023-11-25 00:51:57] genewalk.plot - Barplot generated for MGI:3040696 in barplot_PREX1_MGI:3040696_x_mlog10global_padj_y_GO....
INFO: [2023-11-25 00:51:58] genewalk.plot - Barplot generated for MGI:95636 in barplot_GALC_MGI:95636_x_mlog10global_padj_y_GO....
INFO: [2023-11-25 00:51:58] genewalk.plot - Barplot generated for MGI:3034182 in barplot_C15orf48_MGI:3034182_x_mlog10global_padj_y_GO....
INFO: [2023-11-25 00:51:59] genewalk.plot - Barplot generated for MGI:96298 in barplot_HYAL1_MGI:96298_x_mlog10global_padj_y_GO....
INFO: [2023-11-25 00:51:59] genewalk.plot - Barplot generated for MGI:2180849 in barplot_OASL_MGI:2180849_x_mlog10global_padj_y_GO....
INFO: [2023-11-25 00:51:59] genewalk.plot - Barplot generated for MGI:1925584 in barplot_CDK19_MGI:1925584_x_mlog10global_padj_y_GO....
INFO: [2023-11-25 00:52:00] genewalk.plot - Barplot generated for MGI:88467 in barplot_COL1A1_MGI:88467_x_mlog10global_padj_y_GO....
INFO: [2023-11-25 00:52:00] genewalk.plot - Barplot generated for MGI:109278 in barplot_OGN_MGI:109278_x_mlog10global_padj_y_GO....
INFO: [2023-11-25 00:52:00] genewalk.plot - Barplot generated for MGI:2145269 in barplot_LRRC14B_MGI:2145269_x_mlog10global_padj_y_GO....
INFO: [2023-11-25 00:52:01] genewalk.plot - Barplot generated for MGI:3028579 in barplot_RASGRP3_MGI:3028579_x_mlog10global_padj_y_GO....
INFO: [2023-11-25 00:52:01] genewalk.plot - Barplot generated for MGI:107537 in barplot_CLN3_MGI:107537_x_mlog10global_padj_y_GO....
INFO: [2023-11-25 00:52:02] genewalk.plot - Barplot generated for MGI:107946 in barplot_ZFP36L1_MGI:107946_x_mlog10global_padj_y_GO....
INFO: [2023-11-25 00:52:02] genewalk.plot - Barplot generated for MGI:1340046 in barplot_ADAM22_MGI:1340046_x_mlog10global_padj_y_GO....
INFO: [2023-11-25 00:52:03] genewalk.plot - Barplot generated for MGI:2663253 in barplot_MOGAT2_MGI:2663253_x_mlog10global_padj_y_GO....
INFO: [2023-11-25 00:52:03] genewalk.plot - Barplot generated for MGI:88456 in barplot_COL4A5_MGI:88456_x_mlog10global_padj_y_GO....
INFO: [2023-11-25 00:52:03] genewalk.plot - Barplot generated for MGI:2442446 in barplot_NT5DC1_MGI:2442446_x_mlog10global_padj_y_GO....
INFO: [2023-11-25 00:52:03] genewalk.plot - Barplot generated for MGI:1889506 in barplot_CRLF2_MGI:1889506_x_mlog10global_padj_y_GO....
INFO: [2023-11-25 00:52:04] genewalk.plot - Barplot generated for MGI:2685420 in barplot_ATG9B_MGI:2685420_x_mlog10global_padj_y_GO....
INFO: [2023-11-25 00:52:04] genewalk.plot - Barplot generated for MGI:1349645 in barplot_ISLR_MGI:1349645_x_mlog10global_padj_y_GO....
INFO: [2023-11-25 00:52:04] genewalk.plot - Barplot generated for MGI:2153093 in barplot_CSPG4_MGI:2153093_x_mlog10global_padj_y_GO....
INFO: [2023-11-25 00:52:05] genewalk.plot - Barplot generated for MGI:1347054 in barplot_GNPDA1_MGI:1347054_x_mlog10global_padj_y_GO....
INFO: [2023-11-25 00:52:05] genewalk.plot - Barplot generated for MGI:2444070 in barplot_NLRC3_MGI:2444070_x_mlog10global_padj_y_GO....
INFO: [2023-11-25 00:52:06] genewalk.plot - Barplot generated for MGI:1914103 in barplot_PNPLA2_MGI:1914103_x_mlog10global_padj_y_GO....
INFO: [2023-11-25 00:52:06] genewalk.plot - Barplot generated for MGI:1933966 in barplot_MCAM_MGI:1933966_x_mlog10global_padj_y_GO....
INFO: [2023-11-25 00:52:06] genewalk.plot - Barplot generated for MGI:2685466 in barplot_FYB2_MGI:2685466_x_mlog10global_padj_y_GO....
INFO: [2023-11-25 00:52:06] genewalk.plot - Barplot generated for MGI:105307 in barplot_PTPN3_MGI:105307_x_mlog10global_padj_y_GO....
INFO: [2023-11-25 00:52:07] genewalk.plot - Barplot generated for MGI:2387863 in barplot_ZMYND10_MGI:2387863_x_mlog10global_padj_y_GO....
INFO: [2023-11-25 00:52:07] genewalk.plot - Barplot generated for MGI:96055 in barplot_PTPN6_MGI:96055_x_mlog10global_padj_y_GO....
INFO: [2023-11-25 00:52:09] genewalk.plot - Barplot generated for MGI:1346060 in barplot_TLR2_MGI:1346060_x_mlog10global_padj_y_GO....
INFO: [2023-11-25 00:52:09] genewalk.plot - Barplot generated for MGI:1915978 in barplot_TP53INP2_MGI:1915978_x_mlog10global_padj_y_GO....
INFO: [2023-11-25 00:52:09] genewalk.plot - Barplot generated for MGI:2137353 in barplot_TRIM7_MGI:2137353_x_mlog10global_padj_y_GO....
INFO: [2023-11-25 00:52:09] genewalk.plot - Barplot generated for MGI:1918988 in barplot_MAMDC2_MGI:1918988_x_mlog10global_padj_y_GO....
INFO: [2023-11-25 00:52:09] genewalk.plot - Barplot generated for MGI:2441702 in barplot_CYTH4_MGI:2441702_x_mlog10global_padj_y_GO....
INFO: [2023-11-25 00:52:10] genewalk.plot - Barplot generated for MGI:1926375 in barplot_RASSF5_MGI:1926375_x_mlog10global_padj_y_GO....
INFO: [2023-11-25 00:52:10] genewalk.plot - Barplot generated for MGI:1859016 in barplot_DDAH2_MGI:1859016_x_mlog10global_padj_y_GO....
INFO: [2023-11-25 00:52:11] genewalk.plot - Barplot generated for MGI:102935 in barplot_POU6F1_MGI:102935_x_mlog10global_padj_y_GO....
INFO: [2023-11-25 00:52:11] genewalk.plot - Barplot generated for MGI:94906 in barplot_DMPK_MGI:94906_x_mlog10global_padj_y_GO....
INFO: [2023-11-25 00:52:11] genewalk.plot - Barplot generated for MGI:2661430 in barplot_KBTBD8_MGI:2661430_x_mlog10global_padj_y_GO....
INFO: [2023-11-25 00:52:11] genewalk.plot - Barplot generated for MGI:2384860 in barplot_SLC44A3_MGI:2384860_x_mlog10global_padj_y_GO....
INFO: [2023-11-25 00:52:12] genewalk.plot - Barplot generated for MGI:2140371 in barplot_RUSC2_MGI:2140371_x_mlog10global_padj_y_GO....
INFO: [2023-11-25 00:52:12] genewalk.plot - Barplot generated for MGI:109562 in barplot_ACKR3_MGI:109562_x_mlog10global_padj_y_GO....
INFO: [2023-11-25 00:52:13] genewalk.plot - Barplot generated for MGI:2448425 in barplot_H4C11_MGI:2448425_x_mlog10global_padj_y_GO....
INFO: [2023-11-25 00:52:13] genewalk.plot - Barplot generated for MGI:1920717 in barplot_C2orf69_MGI:1920717_x_mlog10global_padj_y_GO....
INFO: [2023-11-25 00:52:14] genewalk.plot - Barplot generated for MGI:1347244 in barplot_AXL_MGI:1347244_x_mlog10global_padj_y_GO....
INFO: [2023-11-25 00:52:14] genewalk.plot - Barplot generated for MGI:96439 in barplot_IGFBP4_MGI:96439_x_mlog10global_padj_y_GO....
INFO: [2023-11-25 00:52:14] genewalk.plot - Barplot generated for MGI:105062 in barplot_AMHR2_MGI:105062_x_mlog10global_padj_y_GO....
INFO: [2023-11-25 00:52:15] genewalk.plot - Barplot generated for MGI:1928745 in barplot_SLC4A8_MGI:1928745_x_mlog10global_padj_y_GO....
INFO: [2023-11-25 00:52:15] genewalk.plot - Barplot generated for MGI:3027157 in barplot_KNG1_MGI:3027157_x_mlog10global_padj_y_GO....
INFO: [2023-11-25 00:52:15] genewalk.plot - Barplot generated for MGI:1921241 in barplot_ATL1_MGI:1921241_x_mlog10global_padj_y_GO....
INFO: [2023-11-25 00:52:16] genewalk.plot - Barplot generated for MGI:1917631 in barplot_TECPR1_MGI:1917631_x_mlog10global_padj_y_GO....
INFO: [2023-11-25 00:52:16] genewalk.plot - Barplot generated for MGI:2449973 in barplot_TBC1D17_MGI:2449973_x_mlog10global_padj_y_GO....
INFO: [2023-11-25 00:52:16] genewalk.plot - Barplot generated for MGI:1914470 in barplot_PLEKHO1_MGI:1914470_x_mlog10global_padj_y_GO....
WARNING: [2023-11-25 00:52:16] genewalk.plot - No results for gene id MGI:3651543:                             could not produce barplot
WARNING: [2023-11-25 00:52:16] genewalk.plot - No results for gene id MGI:1919347:                             could not produce barplot
INFO: [2023-11-25 00:52:17] genewalk.plot - Barplot generated for MGI:1914515 in barplot_SLC39A10_MGI:1914515_x_mlog10global_padj_y_GO....
INFO: [2023-11-25 00:52:17] genewalk.plot - Barplot generated for MGI:1921591 in barplot_TMEM102_MGI:1921591_x_mlog10global_padj_y_GO....
INFO: [2023-11-25 00:52:17] genewalk.plot - Barplot generated for MGI:2179523 in barplot_FCGR3B_MGI:2179523_x_mlog10global_padj_y_GO....
INFO: [2023-11-25 00:52:17] genewalk.plot - Barplot generated for MGI:88342 in barplot_CD68_MGI:88342_x_mlog10global_padj_y_GO....
INFO: [2023-11-25 00:52:18] genewalk.plot - Barplot generated for MGI:1915485 in barplot_MTURN_MGI:1915485_x_mlog10global_padj_y_GO....
INFO: [2023-11-25 00:52:18] genewalk.plot - Barplot generated for MGI:1919148 in barplot_APOL2_MGI:1919148_x_mlog10global_padj_y_GO....
INFO: [2023-11-25 00:52:18] genewalk.plot - Barplot generated for MGI:2444572 in barplot_BEND6_MGI:2444572_x_mlog10global_padj_y_GO....
INFO: [2023-11-25 00:52:18] genewalk.plot - Barplot generated for MGI:2683546 in barplot_SSH3_MGI:2683546_x_mlog10global_padj_y_GO....
INFO: [2023-11-25 00:52:19] genewalk.plot - Barplot generated for MGI:2686058 in barplot_NEIL2_MGI:2686058_x_mlog10global_padj_y_GO....
INFO: [2023-11-25 00:52:19] genewalk.plot - Barplot generated for MGI:2444054 in barplot_ARL11_MGI:2444054_x_mlog10global_padj_y_GO....
INFO: [2023-11-25 00:52:19] genewalk.plot - Barplot generated for MGI:88348 in barplot_CD9_MGI:88348_x_mlog10global_padj_y_GO....
INFO: [2023-11-25 00:52:20] genewalk.plot - Barplot generated for MGI:96551 in barplot_IL2RG_MGI:96551_x_mlog10global_padj_y_GO....
INFO: [2023-11-25 00:52:20] genewalk.plot - Barplot generated for MGI:2385204 in barplot_TESK2_MGI:2385204_x_mlog10global_padj_y_GO....
INFO: [2023-11-25 00:52:20] genewalk.plot - Barplot generated for MGI:88155 in barplot_BGLAP_MGI:88155_x_mlog10global_padj_y_GO....
INFO: [2023-11-25 00:52:20] genewalk.plot - Barplot generated for MGI:2445094 in barplot_PLEKHA7_MGI:2445094_x_mlog10global_padj_y_GO....
WARNING: [2023-11-25 00:52:20] genewalk.plot - No results for gene id MGI:1919248:                             could not produce barplot
INFO: [2023-11-25 00:52:21] genewalk.plot - Barplot generated for MGI:2145458 in barplot_AKR1C4_MGI:2145458_x_mlog10global_padj_y_GO....
INFO: [2023-11-25 00:52:21] genewalk.plot - Barplot generated for MGI:1915737 in barplot_TMEM140_MGI:1915737_x_mlog10global_padj_y_GO....
INFO: [2023-11-25 00:52:22] genewalk.plot - Barplot generated for MGI:95558 in barplot_FLT1_MGI:95558_x_mlog10global_padj_y_GO....
INFO: [2023-11-25 00:52:22] genewalk.plot - Barplot generated for MGI:1916948 in barplot_SLC52A3_MGI:1916948_x_mlog10global_padj_y_GO....
INFO: [2023-11-25 00:52:22] genewalk.plot - Barplot generated for MGI:109297 in barplot_SLPI_MGI:109297_x_mlog10global_padj_y_GO....
INFO: [2023-11-25 00:52:23] genewalk.plot - Barplot generated for MGI:1925114 in barplot_YPEL2_MGI:1925114_x_mlog10global_padj_y_GO....
INFO: [2023-11-25 00:52:23] genewalk.plot - Barplot generated for MGI:1354963 in barplot_DKKL1_MGI:1354963_x_mlog10global_padj_y_GO....
INFO: [2023-11-25 00:52:23] genewalk.plot - Barplot generated for MGI:2135679 in barplot_HES7_MGI:2135679_x_mlog10global_padj_y_GO....
INFO: [2023-11-25 00:52:23] genewalk.plot - Barplot generated for MGI:2385305 in barplot_KLHL36_MGI:2385305_x_mlog10global_padj_y_GO....
INFO: [2023-11-25 00:52:23] genewalk.plot - Barplot generated for MGI:1933213 in barplot_DPP7_MGI:1933213_x_mlog10global_padj_y_GO....
INFO: [2023-11-25 00:52:24] genewalk.plot - Barplot generated for MGI:2444223 in barplot_SERINC5_MGI:2444223_x_mlog10global_padj_y_GO....
INFO: [2023-11-25 00:52:24] genewalk.plot - Barplot generated for MGI:1918730 in barplot_DEPP1_MGI:1918730_x_mlog10global_padj_y_GO....
INFO: [2023-11-25 00:52:24] genewalk.plot - Barplot generated for MGI:2145236 in barplot_LHFPL2_MGI:2145236_x_mlog10global_padj_y_GO....
INFO: [2023-11-25 00:52:24] genewalk.plot - Barplot generated for MGI:1351318 in barplot_SGK2_MGI:1351318_x_mlog10global_padj_y_GO....
INFO: [2023-11-25 00:52:25] genewalk.plot - Barplot generated for MGI:3645933 in barplot_TM4SF19_MGI:3645933_x_mlog10global_padj_y_GO....
INFO: [2023-11-25 00:52:25] genewalk.plot - Barplot generated for MGI:1933155 in barplot_ARL4D_MGI:1933155_x_mlog10global_padj_y_GO....
INFO: [2023-11-25 00:52:25] genewalk.plot - Barplot generated for MGI:1933146 in barplot_METTL27_MGI:1933146_x_mlog10global_padj_y_GO....
INFO: [2023-11-25 00:52:25] genewalk.plot - Barplot generated for MGI:1922541 in barplot_ZBTB3_MGI:1922541_x_mlog10global_padj_y_GO....
INFO: [2023-11-25 00:52:25] genewalk.plot - Barplot generated for MGI:1351655 in barplot_SHROOM3_MGI:1351655_x_mlog10global_padj_y_GO....
INFO: [2023-11-25 00:52:26] genewalk.plot - Barplot generated for MGI:2442798 in barplot_DHRS9_MGI:2442798_x_mlog10global_padj_y_GO....
INFO: [2023-11-25 00:52:26] genewalk.plot - Barplot generated for MGI:1916846 in barplot_AP5S1_MGI:1916846_x_mlog10global_padj_y_GO....
INFO: [2023-11-25 00:52:26] genewalk.plot - Barplot generated for MGI:1919091 in barplot_TCP11X2_MGI:1919091_x_mlog10global_padj_y_GO....
INFO: [2023-11-25 00:52:26] genewalk.plot - Barplot generated for MGI:2146009 in barplot_DENND3_MGI:2146009_x_mlog10global_padj_y_GO....
INFO: [2023-11-25 00:52:27] genewalk.plot - Barplot generated for MGI:2144766 in barplot_SLC25A47_MGI:2144766_x_mlog10global_padj_y_GO....
INFO: [2023-11-25 00:52:27] genewalk.plot - Barplot generated for MGI:109628 in barplot_DNASE1L1_MGI:109628_x_mlog10global_padj_y_GO....
INFO: [2023-11-25 00:52:27] genewalk.plot - Barplot generated for MGI:2679732 in barplot_SLC9A9_MGI:2679732_x_mlog10global_padj_y_GO....
INFO: [2023-11-25 00:52:27] genewalk.plot - Barplot generated for MGI:2443880 in barplot_NYAP1_MGI:2443880_x_mlog10global_padj_y_GO....
INFO: [2023-11-25 00:52:27] genewalk.plot - Barplot generated for MGI:1201782 in barplot_OIT3_MGI:1201782_x_mlog10global_padj_y_GO....
INFO: [2023-11-25 00:52:28] genewalk.plot - Barplot generated for MGI:894672 in barplot_SERPINB9_MGI:894672_x_mlog10global_padj_y_GO....
INFO: [2023-11-25 00:52:29] genewalk.plot - Barplot generated for MGI:1933754 in barplot_NEDD4L_MGI:1933754_x_mlog10global_padj_y_GO....
INFO: [2023-11-25 00:52:29] genewalk.plot - Barplot generated for MGI:1098272 in barplot_RNASEL_MGI:1098272_x_mlog10global_padj_y_GO....
INFO: [2023-11-25 00:52:29] genewalk.plot - Barplot generated for MGI:1891703 in barplot_GPA33_MGI:1891703_x_mlog10global_padj_y_GO....
INFO: [2023-11-25 00:52:29] genewalk.plot - Barplot generated for MGI:101918 in barplot_AKR1B15_MGI:101918_x_mlog10global_padj_y_GO....
INFO: [2023-11-25 00:52:30] genewalk.plot - Barplot generated for MGI:1928330 in barplot_CDH24_MGI:1928330_x_mlog10global_padj_y_GO....
INFO: [2023-11-25 00:52:30] genewalk.plot - Barplot generated for MGI:109277 in barplot_PIK3R3_MGI:109277_x_mlog10global_padj_y_GO....
INFO: [2023-11-25 00:52:30] genewalk.plot - Barplot generated for MGI:1923437 in barplot_ADHFE1_MGI:1923437_x_mlog10global_padj_y_GO....
INFO: [2023-11-25 00:52:31] genewalk.plot - Barplot generated for MGI:1351469 in barplot_PLEKHB1_MGI:1351469_x_mlog10global_padj_y_GO....
INFO: [2023-11-25 00:52:31] genewalk.plot - Barplot generated for MGI:1341839 in barplot_NOD1_MGI:1341839_x_mlog10global_padj_y_GO....
INFO: [2023-11-25 00:52:32] genewalk.plot - Barplot generated for MGI:1338888 in barplot_IL18RAP_MGI:1338888_x_mlog10global_padj_y_GO....
INFO: [2023-11-25 00:52:32] genewalk.plot - Barplot generated for MGI:96650 in barplot_JUP_MGI:96650_x_mlog10global_padj_y_GO....
INFO: [2023-11-25 00:52:33] genewalk.plot - Barplot generated for MGI:96756 in barplot_LCK_MGI:96756_x_mlog10global_padj_y_GO....
INFO: [2023-11-25 00:52:34] genewalk.plot - Barplot generated for MGI:1920431 in barplot_NFATC4_MGI:1920431_x_mlog10global_padj_y_GO....
INFO: [2023-11-25 00:52:34] genewalk.plot - Barplot generated for MGI:1913461 in barplot_RPL3L_MGI:1913461_x_mlog10global_padj_y_GO....
INFO: [2023-11-25 00:52:34] genewalk.plot - Barplot generated for MGI:1913650 in barplot_ALKBH7_MGI:1913650_x_mlog10global_padj_y_GO....
INFO: [2023-11-25 00:52:35] genewalk.plot - Barplot generated for MGI:1919147 in barplot_LYPD6B_MGI:1919147_x_mlog10global_padj_y_GO....
INFO: [2023-11-25 00:52:35] genewalk.plot - Barplot generated for MGI:1338033 in barplot_SPINT1_MGI:1338033_x_mlog10global_padj_y_GO....
INFO: [2023-11-25 00:52:36] genewalk.plot - Barplot generated for MGI:88111 in barplot_ATP2B4_MGI:88111_x_mlog10global_padj_y_GO....
INFO: [2023-11-25 00:52:36] genewalk.plot - Barplot generated for MGI:1201606 in barplot_HS3ST1_MGI:1201606_x_mlog10global_padj_y_GO....
INFO: [2023-11-25 00:52:36] genewalk.plot - Barplot generated for MGI:3652325 in barplot_ZNF716_MGI:3652325_x_mlog10global_padj_y_GO....
INFO: [2023-11-25 00:52:37] genewalk.plot - Barplot generated for MGI:1930153 in barplot_POPDC3_MGI:1930153_x_mlog10global_padj_y_GO....
INFO: [2023-11-25 00:52:38] genewalk.plot - Barplot generated for MGI:95832 in barplot_GRN_MGI:95832_x_mlog10global_padj_y_GO....
INFO: [2023-11-25 00:52:38] genewalk.plot - Barplot generated for MGI:1859631 in barplot_PDGFC_MGI:1859631_x_mlog10global_padj_y_GO....
INFO: [2023-11-25 00:52:39] genewalk.plot - Barplot generated for MGI:3646642 in barplot_SIGLEC15_MGI:3646642_x_mlog10global_padj_y_GO....
INFO: [2023-11-25 00:52:39] genewalk.plot - Barplot generated for MGI:2144423 in barplot_ARHGAP44_MGI:2144423_x_mlog10global_padj_y_GO....
WARNING: [2023-11-25 00:52:39] genewalk.plot - No results for gene id MGI:2146908:                             could not produce barplot
INFO: [2023-11-25 00:52:39] genewalk.plot - Barplot generated for MGI:95568 in barplot_FOLR1_MGI:95568_x_mlog10global_padj_y_GO....
INFO: [2023-11-25 00:52:40] genewalk.plot - Barplot generated for MGI:2685619 in barplot_SYCP3_MGI:2685619_x_mlog10global_padj_y_GO....
INFO: [2023-11-25 00:52:40] genewalk.plot - Barplot generated for MGI:1201781 in barplot_VILL_MGI:1201781_x_mlog10global_padj_y_GO....
INFO: [2023-11-25 00:52:40] genewalk.plot - Barplot generated for MGI:1100869 in barplot_AP3B2_MGI:1100869_x_mlog10global_padj_y_GO....
INFO: [2023-11-25 00:52:40] genewalk.plot - Barplot generated for MGI:2442042 in barplot_DPEP2_MGI:2442042_x_mlog10global_padj_y_GO....
INFO: [2023-11-25 00:52:41] genewalk.plot - Barplot generated for MGI:87885 in barplot_CHRNA1_MGI:87885_x_mlog10global_padj_y_GO....
INFO: [2023-11-25 00:52:41] genewalk.plot - Barplot generated for MGI:1353450 in barplot_ALDH1A1_MGI:1353450_x_mlog10global_padj_y_GO....
INFO: [2023-11-25 00:52:41] genewalk.plot - Barplot generated for MGI:1924183 in barplot_IFI27L2_MGI:1924183_x_mlog10global_padj_y_GO....
INFO: [2023-11-25 00:52:42] genewalk.plot - Barplot generated for MGI:1321396 in barplot_PSTPIP1_MGI:1321396_x_mlog10global_padj_y_GO....
INFO: [2023-11-25 00:52:42] genewalk.plot - Barplot generated for MGI:96108 in barplot_HLF_MGI:96108_x_mlog10global_padj_y_GO....
INFO: [2023-11-25 00:52:42] genewalk.plot - Barplot generated for MGI:103100 in barplot_CA7_MGI:103100_x_mlog10global_padj_y_GO....
INFO: [2023-11-25 00:52:43] genewalk.plot - Barplot generated for MGI:1917084 in barplot_RAB43_MGI:1917084_x_mlog10global_padj_y_GO....
INFO: [2023-11-25 00:52:43] genewalk.plot - Barplot generated for MGI:1917120 in barplot_POLR3GL_MGI:1917120_x_mlog10global_padj_y_GO....
INFO: [2023-11-25 00:52:43] genewalk.plot - Barplot generated for MGI:109424 in barplot_ABCA4_MGI:109424_x_mlog10global_padj_y_GO....
INFO: [2023-11-25 00:52:44] genewalk.plot - Barplot generated for MGI:2136890 in barplot_SETD4_MGI:2136890_x_mlog10global_padj_y_GO....
INFO: [2023-11-25 00:52:44] genewalk.plot - Barplot generated for MGI:1346052 in barplot_APC2_MGI:1346052_x_mlog10global_padj_y_GO....
WARNING: [2023-11-25 00:52:44] genewalk.plot - No results for gene id MGI:2444579:                             could not produce barplot
INFO: [2023-11-25 00:52:44] genewalk.plot - Barplot generated for MGI:1927899 in barplot_MMP19_MGI:1927899_x_mlog10global_padj_y_GO....
INFO: [2023-11-25 00:52:45] genewalk.plot - Barplot generated for MGI:1929693 in barplot_SLC37A2_MGI:1929693_x_mlog10global_padj_y_GO....
INFO: [2023-11-25 00:52:45] genewalk.plot - Barplot generated for MGI:1309468 in barplot_CASQ1_MGI:1309468_x_mlog10global_padj_y_GO....
WARNING: [2023-11-25 00:52:45] genewalk.plot - No results for gene id MGI:1917074:                             could not produce barplot
INFO: [2023-11-25 00:52:46] genewalk.plot - Barplot generated for MGI:2448419 in barplot_H4C15_MGI:2448419_x_mlog10global_padj_y_GO....
INFO: [2023-11-25 00:52:46] genewalk.plot - Barplot generated for MGI:1914674 in barplot_MYO1H_MGI:1914674_x_mlog10global_padj_y_GO....
INFO: [2023-11-25 00:52:46] genewalk.plot - Barplot generated for MGI:1916202 in barplot_TLCD3B_MGI:1916202_x_mlog10global_padj_y_GO....
INFO: [2023-11-25 00:52:46] genewalk.plot - Barplot generated for MGI:2146001 in barplot_CCDC65_MGI:2146001_x_mlog10global_padj_y_GO....
INFO: [2023-11-25 00:52:47] genewalk.plot - Barplot generated for MGI:1915161 in barplot_ZNF169_MGI:1915161_x_mlog10global_padj_y_GO....
INFO: [2023-11-25 00:52:47] genewalk.plot - Barplot generated for MGI:3608325 in barplot_PDZD7_MGI:3608325_x_mlog10global_padj_y_GO....
INFO: [2023-11-25 00:52:47] genewalk.plot - Barplot generated for MGI:2670958 in barplot_CNKSR1_MGI:2670958_x_mlog10global_padj_y_GO....
INFO: [2023-11-25 00:52:47] genewalk.plot - Barplot generated for MGI:1891708 in barplot_NPFF_MGI:1891708_x_mlog10global_padj_y_GO....
INFO: [2023-11-25 00:52:48] genewalk.plot - Barplot generated for MGI:2444467 in barplot_ZBTB37_MGI:2444467_x_mlog10global_padj_y_GO....
INFO: [2023-11-25 00:52:48] genewalk.plot - Barplot generated for MGI:2448355 in barplot_H3C15_MGI:2448355_x_mlog10global_padj_y_GO....
INFO: [2023-11-25 00:52:48] genewalk.plot - Barplot generated for MGI:1921298 in barplot_VSIR_MGI:1921298_x_mlog10global_padj_y_GO....
INFO: [2023-11-25 00:52:49] genewalk.plot - Barplot generated for MGI:3043305 in barplot_NEURL2_MGI:3043305_x_mlog10global_padj_y_GO....
INFO: [2023-11-25 00:52:49] genewalk.plot - Barplot generated for MGI:88476 in barplot_CP_MGI:88476_x_mlog10global_padj_y_GO....
INFO: [2023-11-25 00:52:49] genewalk.plot - Barplot generated for MGI:1916579 in barplot_CFAP206_MGI:1916579_x_mlog10global_padj_y_GO....
INFO: [2023-11-25 00:52:50] genewalk.plot - Barplot generated for MGI:95487 in barplot_FBLN1_MGI:95487_x_mlog10global_padj_y_GO....
INFO: [2023-11-25 00:52:50] genewalk.plot - Barplot generated for MGI:1926022 in barplot_HHIPL2_MGI:1926022_x_mlog10global_padj_y_GO....
INFO: [2023-11-25 00:52:50] genewalk.plot - Barplot generated for MGI:1922014 in barplot_KLC4_MGI:1922014_x_mlog10global_padj_y_GO....
INFO: [2023-11-25 00:52:50] genewalk.plot - Barplot generated for MGI:2444031 in barplot_ALG6_MGI:2444031_x_mlog10global_padj_y_GO....
INFO: [2023-11-25 00:52:51] genewalk.plot - Barplot generated for MGI:3652174 in barplot_CDK2AP1_MGI:3652174_x_mlog10global_padj_y_GO....
INFO: [2023-11-25 00:52:51] genewalk.plot - Barplot generated for MGI:105933 in barplot_RAB3IP_MGI:105933_x_mlog10global_padj_y_GO....
INFO: [2023-11-25 00:52:51] genewalk.plot - Barplot generated for MGI:2687194 in barplot_S100A7L2_MGI:2687194_x_mlog10global_padj_y_GO....
INFO: [2023-11-25 00:52:51] genewalk.plot - Barplot generated for MGI:2673874 in barplot_P2RY6_MGI:2673874_x_mlog10global_padj_y_GO....
INFO: [2023-11-25 00:52:52] genewalk.plot - Barplot generated for MGI:1917016 in barplot_PIK3IP1_MGI:1917016_x_mlog10global_padj_y_GO....
INFO: [2023-11-25 00:52:52] genewalk.plot - Barplot generated for MGI:2145349 in barplot_CDK20_MGI:2145349_x_mlog10global_padj_y_GO....
INFO: [2023-11-25 00:52:52] genewalk.plot - Barplot generated for MGI:109271 in barplot_ZHX1_MGI:109271_x_mlog10global_padj_y_GO....
WARNING: [2023-11-25 00:52:52] genewalk.plot - No results for gene id MGI:1924116:                             could not produce barplot
INFO: [2023-11-25 00:52:53] genewalk.plot - Barplot generated for MGI:1353451 in barplot_ALDH3A1_MGI:1353451_x_mlog10global_padj_y_GO....
INFO: [2023-11-25 00:52:53] genewalk.plot - Barplot generated for MGI:1347344 in barplot_GLA_MGI:1347344_x_mlog10global_padj_y_GO....
INFO: [2023-11-25 00:52:53] genewalk.plot - Barplot generated for MGI:103253 in barplot_CYB561_MGI:103253_x_mlog10global_padj_y_GO....
INFO: [2023-11-25 00:52:54] genewalk.plot - Barplot generated for MGI:2139434 in barplot_MYLK2_MGI:2139434_x_mlog10global_padj_y_GO....
INFO: [2023-11-25 00:52:54] genewalk.plot - Barplot generated for MGI:97362 in barplot_NOS3_MGI:97362_x_mlog10global_padj_y_GO....
INFO: [2023-11-25 00:52:55] genewalk.plot - Barplot generated for MGI:1914682 in barplot_HOGA1_MGI:1914682_x_mlog10global_padj_y_GO....
INFO: [2023-11-25 00:52:55] genewalk.plot - Barplot generated for MGI:1351872 in barplot_SLCO2B1_MGI:1351872_x_mlog10global_padj_y_GO....
INFO: [2023-11-25 00:52:55] genewalk.plot - Barplot generated for MGI:2685055 in barplot_STYXL2_MGI:2685055_x_mlog10global_padj_y_GO....
INFO: [2023-11-25 00:52:56] genewalk.plot - Barplot generated for MGI:95484 in barplot_FAS_MGI:95484_x_mlog10global_padj_y_GO....
INFO: [2023-11-25 00:52:57] genewalk.plot - Barplot generated for MGI:104808 in barplot_LCP1_MGI:104808_x_mlog10global_padj_y_GO....
INFO: [2023-11-25 00:52:57] genewalk.plot - Barplot generated for MGI:1195266 in barplot_TNFAIP6_MGI:1195266_x_mlog10global_padj_y_GO....
INFO: [2023-11-25 00:52:57] genewalk.plot - Barplot generated for MGI:2136388 in barplot_DQX1_MGI:2136388_x_mlog10global_padj_y_GO....
INFO: [2023-11-25 00:52:58] genewalk.plot - Barplot generated for MGI:96011 in barplot_HAO1_MGI:96011_x_mlog10global_padj_y_GO....
INFO: [2023-11-25 00:52:58] genewalk.plot - Barplot generated for MGI:1917022 in barplot_BDH2_MGI:1917022_x_mlog10global_padj_y_GO....
WARNING: [2023-11-25 00:52:58] genewalk.plot - No results for gene id MGI:1921257:                             could not produce barplot
INFO: [2023-11-25 00:52:58] genewalk.plot - Barplot generated for MGI:1914418 in barplot_LPAR6_MGI:1914418_x_mlog10global_padj_y_GO....
INFO: [2023-11-25 00:52:58] genewalk.plot - Barplot generated for MGI:2443320 in barplot_ACAD10_MGI:2443320_x_mlog10global_padj_y_GO....
INFO: [2023-11-25 00:52:59] genewalk.plot - Barplot generated for MGI:96398 in barplot_ID3_MGI:96398_x_mlog10global_padj_y_GO....
INFO: [2023-11-25 00:52:59] genewalk.plot - Barplot generated for MGI:1095408 in barplot_TUBA3E_MGI:1095408_x_mlog10global_padj_y_GO....
INFO: [2023-11-25 00:52:59] genewalk.plot - Barplot generated for MGI:88450 in barplot_COL17A1_MGI:88450_x_mlog10global_padj_y_GO....
INFO: [2023-11-25 00:52:59] genewalk.plot - Barplot generated for MGI:1915909 in barplot_GASK1B_MGI:1915909_x_mlog10global_padj_y_GO....
INFO: [2023-11-25 00:52:59] genewalk.plot - Barplot generated for MGI:1921915 in barplot_DRC3_MGI:1921915_x_mlog10global_padj_y_GO....
INFO: [2023-11-25 00:53:00] genewalk.plot - Barplot generated for MGI:107783 in barplot_ZNF471_MGI:107783_x_mlog10global_padj_y_GO....
INFO: [2023-11-25 00:53:00] genewalk.plot - Barplot generated for MGI:2135951 in barplot_MPV17L_MGI:2135951_x_mlog10global_padj_y_GO....
INFO: [2023-11-25 00:53:00] genewalk.plot - Barplot generated for MGI:1922396 in barplot_MFSD13A_MGI:1922396_x_mlog10global_padj_y_GO....
INFO: [2023-11-25 00:53:00] genewalk.plot - Barplot generated for MGI:1918586 in barplot_RBKS_MGI:1918586_x_mlog10global_padj_y_GO....
INFO: [2023-11-25 00:53:01] genewalk.plot - Barplot generated for MGI:1342772 in barplot_KLF2_MGI:1342772_x_mlog10global_padj_y_GO....
WARNING: [2023-11-25 00:53:01] genewalk.plot - No results for gene id MGI:1913425:                             could not produce barplot
INFO: [2023-11-25 00:53:01] genewalk.plot - Barplot generated for MGI:1915646 in barplot_NAT8B_MGI:1915646_x_mlog10global_padj_y_GO....
INFO: [2023-11-25 00:53:01] genewalk.plot - Barplot generated for MGI:2685339 in barplot_USP35_MGI:2685339_x_mlog10global_padj_y_GO....
INFO: [2023-11-25 00:53:02] genewalk.plot - Barplot generated for MGI:3655979 in barplot_IGFLR1_MGI:3655979_x_mlog10global_padj_y_GO....
INFO: [2023-11-25 00:53:02] genewalk.plot - Barplot generated for MGI:1917184 in barplot_TRMT10B_MGI:1917184_x_mlog10global_padj_y_GO....
INFO: [2023-11-25 00:53:02] genewalk.plot - Barplot generated for MGI:2145541 in barplot_H3C12_MGI:2145541_x_mlog10global_padj_y_GO....
INFO: [2023-11-25 00:53:03] genewalk.plot - Barplot generated for MGI:2448380 in barplot_H2BC8_MGI:2448380_x_mlog10global_padj_y_GO....
INFO: [2023-11-25 00:53:03] genewalk.plot - Barplot generated for MGI:2446630 in barplot_AGO1_MGI:2446630_x_mlog10global_padj_y_GO....
INFO: [2023-11-25 00:53:03] genewalk.plot - Barplot generated for MGI:1890682 in barplot_EVI2B_MGI:1890682_x_mlog10global_padj_y_GO....
INFO: [2023-11-25 00:53:04] genewalk.plot - Barplot generated for MGI:2447794 in barplot_SFMBT2_MGI:2447794_x_mlog10global_padj_y_GO....
INFO: [2023-11-25 00:53:04] genewalk.plot - Barplot generated for MGI:96623 in barplot_ITPR1_MGI:96623_x_mlog10global_padj_y_GO....
INFO: [2023-11-25 00:53:04] genewalk.plot - Barplot generated for MGI:1919011 in barplot_AMDHD1_MGI:1919011_x_mlog10global_padj_y_GO....
INFO: [2023-11-25 00:53:05] genewalk.plot - Barplot generated for MGI:1915643 in barplot_MOGAT1_MGI:1915643_x_mlog10global_padj_y_GO....
INFO: [2023-11-25 00:53:05] genewalk.plot - Barplot generated for MGI:1924923 in barplot_DEFB110_MGI:1924923_x_mlog10global_padj_y_GO....
WARNING: [2023-11-25 00:53:05] genewalk.plot - No results for gene id MGI:107611:                             could not produce barplot
WARNING: [2023-11-25 00:53:05] genewalk.plot - No results for gene id MGI:1916102:                             could not produce barplot
INFO: [2023-11-25 00:53:05] genewalk.plot - Barplot generated for MGI:98733 in barplot_TG_MGI:98733_x_mlog10global_padj_y_GO....
INFO: [2023-11-25 00:53:05] genewalk.plot - Barplot generated for MGI:99450 in barplot_IFIT1B_MGI:99450_x_mlog10global_padj_y_GO....
INFO: [2023-11-25 00:53:05] genewalk.plot - Barplot generated for MGI:2442435 in barplot_TMEM241_MGI:2442435_x_mlog10global_padj_y_GO....
INFO: [2023-11-25 00:53:06] genewalk.plot - Barplot generated for MGI:1923918 in barplot_MDH1B_MGI:1923918_x_mlog10global_padj_y_GO....
INFO: [2023-11-25 00:53:06] genewalk.plot - Barplot generated for MGI:106598 in barplot_MYO5B_MGI:106598_x_mlog10global_padj_y_GO....
INFO: [2023-11-25 00:53:06] genewalk.plot - Barplot generated for MGI:1097680 in barplot_C3AR1_MGI:1097680_x_mlog10global_padj_y_GO....
INFO: [2023-11-25 00:53:07] genewalk.plot - Barplot generated for MGI:1922908 in barplot_PABPC1L_MGI:1922908_x_mlog10global_padj_y_GO....
INFO: [2023-11-25 00:53:07] genewalk.plot - Barplot generated for MGI:1918274 in barplot_PROCA1_MGI:1918274_x_mlog10global_padj_y_GO....
INFO: [2023-11-25 00:53:07] genewalk.plot - Barplot generated for MGI:2448554 in barplot_NBEAL2_MGI:2448554_x_mlog10global_padj_y_GO....
INFO: [2023-11-25 00:53:07] genewalk.plot - Barplot generated for MGI:2180098 in barplot_CSAD_MGI:2180098_x_mlog10global_padj_y_GO....
INFO: [2023-11-25 00:53:08] genewalk.plot - Barplot generated for MGI:1346831 in barplot_ESRRA_MGI:1346831_x_mlog10global_padj_y_GO....
INFO: [2023-11-25 00:53:08] genewalk.plot - Barplot generated for MGI:1098533 in barplot_INTS9_MGI:1098533_x_mlog10global_padj_y_GO....
INFO: [2023-11-25 00:53:08] genewalk.plot - Barplot generated for MGI:1917902 in barplot_TMEM144_MGI:1917902_x_mlog10global_padj_y_GO....
INFO: [2023-11-25 00:53:09] genewalk.plot - Barplot generated for MGI:95779 in barplot_GNAT2_MGI:95779_x_mlog10global_padj_y_GO....
INFO: [2023-11-25 00:53:10] genewalk.plot - Barplot generated for MGI:96394 in barplot_ICAM2_MGI:96394_x_mlog10global_padj_y_GO....
INFO: [2023-11-25 00:53:10] genewalk.plot - Barplot generated for MGI:1916604 in barplot_SLC38A4_MGI:1916604_x_mlog10global_padj_y_GO....
WARNING: [2023-11-25 00:53:10] genewalk.plot - No results for gene id MGI:1351595:                             could not produce barplot
INFO: [2023-11-25 00:53:10] genewalk.plot - Barplot generated for MGI:1859271 in barplot_HTATIP2_MGI:1859271_x_mlog10global_padj_y_GO....
INFO: [2023-11-25 00:53:10] genewalk.plot - index.html file generated with interactive visualizations of all GeneWalk results...
